{"summary":{"timestamp":1373597557,"hash":"07183ea6e719e18f5d6b09afbe519c9f940c4705","max_memory":1586593792,"cpu_time":396.59,"pull_request":7677},"memory_data":[[0.010672,4096],[0.031348,45056],[0.046016,8220672],[0.161658,18354176],[0.223503,20836352],[0.270955,26046464],[0.339114,28487680],[0.353999,31817728],[0.391717,31854592],[0.452734,35430400],[0.546164,46178304],[0.610961,46637056],[0.632725,49942528],[0.682358,50384896],[0.761693,54743040],[0.822011,63520768],[0.875819,63569920],[0.961846,67952640],[1.084891,80986112],[1.118501,83128320],[1.196527,83976192],[1.207798,89501696],[1.306863,99086336],[1.432393,98959360],[1.469015,100147200],[1.505441,104644608],[1.574041,108097536],[1.614267,115261440],[1.747714,115646464],[1.814977,121253888],[1.852626,121294848],[1.904798,124055552],[1.970177,130043904],[2.022178,133144576],[2.055404,133160960],[2.165611,140795904],[2.210011,141918208],[2.229089,145215488],[2.307286,148307968],[2.327717,151891968],[2.376162,151908352],[2.509889,161918976],[2.579861,163672064],[2.652101,169119744],[2.696937,170446848],[2.750702,174329856],[2.800907,180899840],[2.840104,181108736],[2.911028,184688640],[2.945871,188506112],[3.029064,192778240],[3.067342,200269824],[3.115982,202780672],[3.398436,282615808],[3.480977,307441664],[3.753198,386789376],[3.867769,418623488],[3.980211,434540544],[4.053462,446603264],[4.133585,461434880],[4.155964,462585856],[4.248311,477429760],[4.287393,485482496],[4.434567,509800448],[4.512766,514035712],[4.596245,524775424],[4.756315,549113856],[4.832126,563265536],[4.93264,577560576],[5.02689,592142336],[5.039891,592228352],[5.08535,600809472],[5.180094,614854656],[5.363118,644354048],[5.440007,657674240],[5.469298,660443136],[5.617247,685772800],[5.646945,692850688],[5.917064,766672896],[6.133441,828407808],[6.458241,920084480],[6.881266,1035137024],[7.413579,1186066432],[7.565895,1227083776],[8.288431,1227087872],[8.362741,1227878400],[8.473583,1232355328],[8.617932,1240735744],[8.776997,1253449728],[9.019962,1253453824],[9.065839,1258606592],[9.104026,1258778624],[9.118501,1267068928],[9.198875,1267101696],[9.221457,1270943744],[9.331813,1270996992],[9.382644,1273098240],[9.437063,1342304256],[9.613415,1342308352],[9.710743,1343242240],[9.737584,1357127680],[9.773624,1357217792],[9.785195,1360928768],[9.827651,1360932864],[9.838922,1366007808],[10.088599,1366011904],[10.274803,1368780800],[10.41682,1370292224],[10.47643,1372753920],[10.558687,1374109696],[10.778888,1374801920],[10.780892,1376235520],[10.990693,1376382976],[10.995852,1378164736],[11.508992,1378537472],[11.517414,1383301120],[11.870667,1383579648],[12.797774,1383596032],[12.810664,1385156608],[13.589118,1385172992],[13.591148,1385955328],[14.419415,1386270720],[14.523864,1388339200],[14.619663,1388445696],[14.626194,1389613056],[14.906023,1389961216],[15.33683,1393655808],[15.410376,1396113408],[15.637062,1396133888],[15.885059,1396944896],[16.016006,1398108160],[16.1383,1398165504],[16.141568,1400213504],[16.87877,1400524800],[17.236306,1401495552],[17.295429,1402101760],[17.500587,1402126336],[17.503466,1403379712],[18.135027,1403531264],[18.167533,1403793408],[18.637235,1403797504],[18.848348,1404137472],[19.24332,1404153856],[19.584693,1405153280],[19.733359,1406410752],[20.355023,1407025152],[20.662647,1408475136],[20.669792,1413107712],[20.844441,1413689344],[21.200686,1414057984],[22.254804,1414119424],[22.255799,1414590464],[22.679692,1415041024],[22.794043,1415872512],[23.0781,1416732672],[23.418638,1417256960],[23.477369,1417785344],[23.725835,1417830400],[24.082149,1418956800],[24.08444,1420255232],[24.539807,1420361728],[25.032474,1421123584],[25.431479,1422385152],[25.840315,1423937536],[25.929081,1424756736],[26.066529,1424793600],[26.483876,1426251776],[26.493244,1427800064],[26.697095,1428234240],[26.734665,1428840448],[26.926452,1428951040],[27.143946,1429700608],[27.90982,1429864448],[28.210492,1430528000],[28.407447,1431302144],[28.593028,1431482368],[28.623227,1432117248],[28.789346,1432252416],[28.972593,1433305088],[29.134554,1435844608],[29.577576,1436082176],[29.759393,1437450240],[30.000828,1437974528],[30.003381,1439522816],[30.236001,1439526912],[30.449151,1440452608],[30.694178,1440694272],[30.754348,1442594816],[31.068048,1442684928],[31.417781,1443368960],[31.443858,1443749888],[31.863648,1443803136],[32.001517,1444896768],[32.005224,1446715392],[34.845568,1446817792],[34.846697,1447186432],[35.396376,1447215104],[35.471309,1447903232],[39.286735,1447927808],[39.577971,1448460288],[39.754198,1450631168],[39.918545,1451909120],[40.538944,1451925504],[40.717146,1453961216],[40.894073,1455382528],[40.898781,1457889280],[41.008755,1458798592],[41.170081,1458806784],[41.36558,1461776384],[41.650027,1465548800],[41.879826,1470230528],[42.109076,1471741952],[42.378504,1475235840],[42.667467,1476481024],[42.916117,1478975488],[43.025342,1479450624],[43.101411,1480769536],[43.587998,1486880768],[43.661805,1487278080],[43.793874,1489825792],[43.940029,1490853888],[44.128327,1493499904],[44.57266,1495736320],[44.599187,1496715264],[44.762758,1498828800],[45.203293,1500098560],[45.746007,1501229056],[46.312665,1502187520],[46.980812,1504010240],[47.349717,1504866304],[47.715302,1505296384],[48.065081,1506336768],[48.262294,1506615296],[48.558892,1507557376],[49.342876,1508945920],[49.363843,1511374848],[50.090867,1511383040],[51.047862,1513512960],[52.146827,1516568576],[52.175804,1517514752],[52.282537,1517518848],[52.810978,1518960640],[53.077759,1519243264],[53.699039,1520410624],[54.019436,1522524160],[54.019721,1524621312],[54.083488,1524957184],[54.634521,1525776384],[55.099351,1527488512],[55.577633,1528631296],[56.340585,1530802176],[56.967034,1531838464],[56.985855,1532944384],[57.516607,1533161472],[57.837668,1534222336],[58.558081,1535614976],[58.834534,1536565248],[59.553645,1537769472],[60.43953,1538539520],[60.99374,1538818048],[62.096487,1467510784],[66.8767,1467518976],[66.998751,1469620224],[67.003743,1467527168],[77.000667,1469624320],[77.017539,1467543552],[83.556635,1467555840],[87.017426,1469652992],[87.029467,1467568128],[94.448965,1467572224],[97.037409,1469669376],[97.052014,1467604992],[99.529201,1467613184],[107.053998,1469710336],[107.070892,1467625472],[112.565872,1467629568],[117.070649,1469739008],[117.090188,1467645952],[127.087363,1469743104],[127.101825,1467650048],[136.309201,1467654144],[137.103988,1469751296],[137.123539,1469497344],[147.120728,1471594496],[147.140015,1471098880],[157.137365,1473196032],[157.156953,1472720896],[167.154063,1474818048],[167.174261,1473835008],[177.174049,1475932160],[177.189046,1474244608],[187.19403,1476341760],[187.214315,1474244608],[187.392562,1474248704],[197.213966,1476345856],[197.234105,1474273280],[207.130206,1474285568],[207.236374,1476386816],[207.243783,1474289664],[208.73462,1474293760],[217.250649,1476390912],[217.270652,1474322432],[222.327734,1474326528],[227.270807,1476378624],[227.29042,1474347008],[236.769643,1474359296],[237.28732,1476456448],[237.297198,1474359296],[245.476313,1474383872],[247.304091,1476481024],[247.321368,1474383872],[248.255662,1474412544],[257.324079,1476509696],[257.343367,1474412544],[259.647802,1474449408],[259.648082,1474539520],[262.916022,1474576384],[267.340731,1476673536],[267.358136,1474576384],[276.027794,1474584576],[277.359642,1476685824],[277.374501,1474588672],[286.645425,1474600960],[287.374015,1476698112],[287.389044,1474625536],[293.313045,1474641920],[296.916948,1474699264],[297.39408,1476796416],[297.411245,1474699264],[301.641604,1474740224],[305.151799,1474748416],[307.410688,1476845568],[307.417827,1474748416],[308.094044,1474793472],[317.097932,1474871296],[317.427357,1476993024],[317.444673,1474895872],[325.350134,1474908160],[327.444079,1477005312],[327.464142,1474908160],[337.463995,1477005312],[337.483915,1476333568],[347.484049,1478430720],[347.503052,1478213632],[357.500691,1480310784],[357.519914,1480372224],[367.517298,1482469376],[367.536621,1482047488],