{"summary":{"timestamp":1373384612,"hash":"0a1fc4561ca37163b6bb29aaa1715b2264df40b7","max_memory":1672949760,"cpu_time":399.16,"pull_request":7665},"memory_data":[[0.011029,4096],[0.025036,32768],[0.039439,8151040],[0.076395,12369920],[0.156966,18276352],[0.220141,20742144],[0.268092,25960448],[0.327683,27287552],[0.352072,31723520],[0.391063,31756288],[0.453413,35340288],[0.547591,46084096],[0.613933,46559232],[0.635728,49844224],[0.68613,50266112],[0.785501,56463360],[0.828009,63406080],[0.883072,63463424],[0.970548,67780608],[1.115422,83046400],[1.209532,83841024],[1.220719,89382912],[1.320347,98947072],[1.452199,98816000],[1.48935,99999744],[1.568314,107577344],[1.592001,107663360],[1.63222,114872320],[1.767979,115240960],[1.836763,120934400],[1.875428,120963072],[1.929063,123764736],[1.993867,129642496],[2.026727,129687552],[2.046704,132784128],[2.080751,132796416],[2.192601,140431360],[2.237915,141590528],[2.257037,144850944],[2.336208,147857408],[2.356585,151523328],[2.405831,151539712],[2.463767,154988544],[2.541338,161546240],[2.582568,161902592],[2.650545,166735872],[2.696356,168058880],[2.752072,172019712],[2.801433,178487296],[2.913376,182267904],[2.947267,186073088],[2.974903,186183680],[3.063382,193552384],[3.072333,197820416],[3.120854,200323072],[3.236362,234016768],[3.397401,280072192],[3.482287,305856512],[3.696922,369512448],[3.860142,416309248],[3.90105,422068224],[3.906971,426758144],[3.998832,439181312],[4.060242,449204224],[4.150358,465543168],[4.173557,466710528],[4.268929,481738752],[4.308529,489914368],[4.459662,514416640],[4.541736,518660096],[4.628122,529432576],[4.772658,550510592],[4.870769,568066048],[4.965726,580816896],[5.071912,597319680],[5.085559,597405696],[5.130872,605913088],[5.231212,620367872],[5.368029,643014656],[5.486627,661352448],[5.517387,664182784],[5.669287,689651712],[5.699104,696795136],[5.969881,770633728],[6.414932,895758336],[6.514327,923930624],[6.666912,964886528],[6.974223,1049546752],[7.207771,1115054080],[7.477268,1191436288],[7.629086,1232093184],[8.383479,1232097280],[8.503685,1233838080],[8.62983,1239605248],[8.814972,1250590720],[8.876594,1255514112],[8.910836,1260134400],[9.169279,1260138496],[9.213009,1264017408],[9.220205,1267912704],[9.25958,1268056064],[9.274731,1276100608],[9.358394,1276514304],[9.381388,1279746048],[9.547766,1280528384],[9.611958,1351835648],[9.795283,1352622080],[9.809397,1356210176],[9.8941,1356214272],[9.955684,1360097280],[10.00213,1360105472],[10.013881,1365401600],[10.275592,1365409792],[10.452644,1367326720],[10.63529,1368637440],[10.699091,1370787840],[10.849489,1372393472],[10.969257,1372524544],[10.971136,1373446144],[11.190862,1373585408],[11.194976,1375653888],[11.725218,1375842304],[11.733597,1379725312],[12.192415,1379971072],[12.193511,1380741120],[12.577764,1380749312],[13.060137,1381289984],[13.063195,1383268352],[13.390353,1383628800],[13.914454,1385697280],[14.143441,1385345024],[14.152574,1385963520],[14.744719,1386082304],[14.810946,1387073536],[15.10967,1387094016],[15.332027,1388752896],[15.447331,1389154304],[15.715486,1391767552],[15.748888,1393238016],[16.08317,1393291264],[16.400434,1393655808],[16.498573,1394900992],[16.756172,1395109888],[17.714686,1395130368],[17.787566,1395257344],[17.965191,1397583872],[18.717456,1397821440],[18.895073,1398722560],[19.210308,1399263232],[19.413479,1401745408],[19.869231,1402175488],[20.048052,1402785792],[21.010947,1402834944],[21.333339,1403633664],[21.340333,1407483904],[21.536907,1408081920],[21.935804,1408540672],[22.301486,1409392640],[22.502611,1409462272],[22.644482,1410129920],[22.702839,1411153920],[23.005295,1411579904],[23.931068,1413677056],[23.946386,1414840320],[24.216693,1414893568],[24.311951,1416056832],[24.619923,1416122368],[24.7263,1416892416],[24.954964,1417379840],[24.956974,1418534912],[25.379897,1419141120],[26.193641,1419223040],[26.474195,1420455936],[26.590693,1420558336],[26.834113,1422172160],[26.972808,1422192640],[27.40961,1423200256],[27.419711,1424584704],[27.650458,1425326080],[28.008839,1425539072],[28.067609,1427939328],[28.407049,1427963904],[28.42844,1428480000],[28.831087,1428918272],[28.876574,1429381120],[29.380663,1429663744],[29.566773,1430593536],[29.940092,1430839296],[30.05223,1431769088],[31.534981,1431797760],[31.606286,1433489408],[31.992945,1433571328],[32.246344,1434103808],[32.296031,1434869760],[32.760547,1435095040],[32.79851,1437134848],[32.871931,1437188096],[32.875819,1439715328],[33.329818,1439776768],[33.949946,1441882112],[33.968053,1439879168],[35.810156,1439883264],[35.81162,1440677888],[35.945883,1440919552],[36.4415,1441046528],[40.456662,1441050624],[40.681588,1441087488],[41.251206,1448796160],[41.372927,1450242048],[41.672932,1450811392],[42.033328,1455251456],[42.718793,1455255552],[42.923203,1457614848],[42.966207,1458622464],[43.282623,1460252672],[43.395665,1462468608],[43.60454,1463017472],[44.312936,1468637184],[44.620301,1470382080],[44.702991,1471385600],[45.037668,1473753088],[45.421692,1473777664],[45.427001,1477509120],[45.847574,1477513216],[45.936942,1478230016],[46.00788,1480175616],[46.286279,1482235904],[46.751766,1490735104],[46.982989,1492996096],[47.170383,1494032384],[47.467747,1497567232],[48.189455,1499070464],[48.34576,1499885568],[48.796809,1501478912],[49.261134,1502199808],[49.855643,1503805440],[50.846197,1505554432],[50.847489,1505890304],[51.22277,1506500608],[51.525079,1507524608],[52.23923,1508483072],[52.827077,1509658624],[53.110951,1510715392],[53.268677,1510801408],[53.567781,1511665664],[53.601926,1512648704],[54.260711,1513959424],[54.263163,1514512384],[54.916464,1515487232],[55.491454,1516883968],[55.668118,1518100480],[55.689673,1521393664],[55.84837,1521549312],[55.889381,1522249728],[56.160118,1522929664],[56.704562,1522933760],[57.13286,1524473856],[57.571595,1525338112],[58.192253,1526956032],[58.634362,1527652352],[59.138026,1528700928],[59.140313,1529229312],[59.874241,1530396672],[60.682642,1531453440],[61.285768,1533087744],[61.563214,1533444096],[62.999552,1534484480],[64.007798,1536581632],[64.027487,1534808064],[64.064031,1463500800],[66.423567,1463508992],[66.426902,1464721408],[70.315485,1464737792],[74.024408,1466834944],[74.044515,1464926208],[84.044414,1467023360],[84.063917,1464942592],[88.636225,1464950784],[94.061089,1467047936],[94.081488,1464991744],[100.574261,1465028608],[104.088112,1467129856],[104.10042,1465352192],[114.09769,1467449344],[114.117471,1465413632],[124.114406,1467510784],[124.133896,1465589760],[134.131069,1467686912],[134.143537,1465589760],[144.151053,1467686912],[144.170692,1465675776],[154.16772,1467772928],[154.187942,1465704448],[164.187705,1467801600],[164.208036,1465729024],[174.207726,1467826176],[174.222664,1465729024],[184.237707,1467830272],[184.245255,1465733120],[194.247773,1467830272],[194.267428,1465753600],[204.26435,1467850752],[204.284857,1465753600],[214.284377,1467850752],[214.304314,1465753600],[224.301083,1467850752],[224.320637,1465962496],[234.31775,1468059648],[234.332749,1466097664],[238.580256,1466101760],[244.337785,1468198912],[244.34548,1466101760],[250.681547,1466109952],[254.357809,1468207104],[254.381085,1466109952],[263.776441,1466126336],[264.381018,1468223488],[264.393665,1466126336],[274.401079,1468223488],[274.421619,1466494976],[275.589051,1466503168],[284.430602,1468600320],[284.440795,1466503168],[285.577038,1466519552],[293.704514,1466548224],[294.437668,1468645376],[294.444944,1466548224],[295.791248,1466597376],[300.313923,1466605568],[304.457741,1468702720],[304.477342,1466667008],[311.462635,1466683392],[314.474326,1468780544],[314.4866,1466683392],[321.410708,1466716160],[324.491015,1468813312],[324.511636,1466716160],[326.093224,1466757120],[334.510942,1468854272],[334.518804,1466757120],[336.563742,1466781696],[336.570387,1468825600],[341.188782,1468854272],[341.198427,1470304256],[341.726473,1470337024],[344.530964,1472434176],[344.551376,1470337024],[344.753747,1470529536],[346.142828,1470533632],