{"summary":{"timestamp":1373221019,"hash":"52abd1cc32f6d08d58dc2b1087ca8c4e129d762e","max_memory":1572106240,"cpu_time":374.02,"pull_request":7636},"memory_data":[[0.015067,4096],[0.035012,0],[0.05021,8163328],[0.165882,18141184],[0.227754,20680704],[0.274685,25796608],[0.331306,26931200],[0.358508,31608832],[0.39714,31621120],[0.458823,35217408],[0.553987,46149632],[0.617486,46485504],[0.639354,49684480],[0.686333,49897472],[0.765463,54226944],[0.825539,62980096],[0.879763,63025152],[0.966862,67424256],[1.110902,82657280],[1.195017,82833408],[1.216332,89014272],[1.316028,98582528],[1.44187,98394112],[1.478914,99549184],[1.557621,107155456],[1.581268,107233280],[1.621518,114450432],[1.75696,114864128],[1.825703,120512512],[1.864009,120532992],[1.916388,123310080],[1.982407,129310720],[2.015425,129347584],[2.035323,132472832],[2.069043,132485120],[2.179023,139952128],[2.223251,141094912],[2.242538,144433152],[2.321085,147427328],[2.341456,151080960],[2.390382,151089152],[2.448131,154570752],[2.525166,161116160],[2.584992,162066432],[2.632866,166211584],[2.67804,167526400],[2.732193,171397120],[2.782499,177963008],[2.893163,181735424],[2.953064,185581568],[3.039145,193024000],[3.048143,197283840],[3.095981,199790592],[3.367538,280145920],[3.465984,310816768],[3.70277,382828544],[3.802795,411680768],[3.836597,417906688],[3.928146,431673344],[3.98728,441778176],[4.074764,458493952],[4.096924,459669504],[4.180339,473571328],[4.228033,483540992],[4.295261,493498368],[4.364691,506761216],[4.443732,511033344],[4.526322,521805824],[4.682693,546144256],[4.757023,560406528],[4.847361,573235200],[4.948531,589750272],[4.961531,589840384],[5.004564,598368256],[5.098815,612569088],[5.208635,630611968],[5.31309,649035776],[5.372196,656314368],[5.513995,681123840],[5.545547,688975872],[5.810751,764985344],[5.95707,808570880],[6.31927,915456000],[6.725097,1030881280],[6.755509,1040343040],[6.977849,1105743872],[7.236034,1182302208],[7.380599,1222799360],[8.110508,1222803456],[8.19976,1224224768],[8.265455,1226878976],[8.369329,1232863232],[8.477546,1240244224],[8.566871,1247399936],[8.58152,1250156544],[8.827067,1250164736],[8.855001,1254928384],[8.878218,1255059456],[8.885767,1260040192],[8.944425,1261502464],[8.960347,1270984704],[9.060211,1271418880],[9.082462,1274585088],[9.28233,1275355136],[9.294571,1294233600],[9.336643,1346662400],[9.512859,1346666496],[9.607858,1347444736],[9.635902,1355116544],[9.699393,1356517376],[9.726498,1370877952],[9.769421,1373646848],[9.816054,1373663232],[9.82639,1378054144],[10.072881,1378062336],[10.243968,1380167680],[10.387539,1380536320],[10.454481,1383055360],[10.605867,1383989248],[10.938386,1384325120],[10.942867,1385447424],[11.45782,1385791488],[11.467146,1391427584],[12.05343,1392087040],[12.756528,1392103424],[12.773332,1399508992],[13.328441,1400020992],[13.329989,1401069568],[13.817684,1401143296],[13.819381,1402478592],[14.694824,1402781696],[15.021955,1404604416],[15.037156,1405403136],[15.192724,1406496768],[15.292806,1409708032],[15.554953,1409720320],[15.910657,1411170304],[15.912221,1412145152],[16.227655,1412440064],[16.307044,1412890624],[16.750893,1413246976],[17.014289,1415045120],[17.333226,1415495680],[17.400423,1416323072],[18.124923,1416351744],[18.508267,1417093120],[18.850278,1417265152],[18.941258,1418678272],[19.166839,1418760192],[19.320442,1420288000],[19.683034,1420865536],[19.688257,1421692928],[19.834658,1421967360],[20.329872,1422172160],[20.557054,1422741504],[21.070617,1423159296],[21.29259,1424064512],[21.911445,1424076800],[21.913151,1424486400],[22.18638,1424564224],[22.202268,1425408000],[22.609804,1425793024],[23.095816,1427484672],[23.237619,1427644416],[23.317488,1428860928],[23.665122,1428951040],[23.759039,1429757952],[23.997496,1430093824],[23.99962,1431224320],[24.692554,1431261184],[24.901468,1431887872],[25.61097,1433001984],[25.779165,1434402816],[25.903697,1434447872],[26.11437,1435820032],[26.37817,1436397568],[26.392472,1444560896],[26.890796,1444847616],[26.98954,1446219776],[26.991223,1447428096],[27.721342,1447759872],[28.030991,1448189952],[28.259646,1448865792],[28.447806,1450307584],[28.653484,1450373120],[28.925991,1451360256],[28.998135,1453592576],[29.390727,1453678592],[29.428832,1454002176],[29.836672,1454743552],[29.838505,1455308800],[30.249567,1455480832],[30.357099,1456029696],[30.407529,1457483776],[30.80011,1457586176],[31.064167,1458298880],[31.513704,1458372608],[31.552762,1460113408],[38.115229,1460117504],[38.95507,1462206464],[39.200531,1462026240],[39.879576,1468547072],[40.06257,1469153280],[40.345531,1471987712],[40.477127,1474551808],[40.573815,1474949120],[40.655293,1476632576],[40.807756,1477705728],[41.043865,1481256960],[41.248942,1484800000],[41.399857,1486135296],[41.617839,1489117184],[41.813059,1490518016],[42.093677,1494175744],[42.164775,1494294528],[43.628535,1494298624],[43.936686,1495146496],[44.350335,1495953408],[44.644134,1496203264],[45.57985,1498202112],[46.118605,1500266496],[47.104597,1502552064],[48.825948,1502593024],[48.978864,1504866304],[48.989019,1502769152],[49.749972,1502785536],[50.304925,1503838208],[50.511783,1504743424],[50.705111,1504919552],[51.026036,1505828864],[51.056896,1506349056],[51.529983,1507581952],[51.920645,1508900864],[52.677882,1510277120],[52.883081,1511804928],[53.005417,1512026112],[53.005695,1514131456],[53.609863,1516081152],[53.631233,1519091712],[54.157273,1519099904],[54.354707,1519972352],[55.141183,1521250304],[56.114917,1523335168],[56.117336,1523732480],[56.459358,1524137984],[57.023793,1526341632],[57.610989,1527468032],[57.950376,1528647680],[58.933653,1529655296],[58.988389,1531752448],[59.000448,1529655296],[59.905836,1529876480],[60.94127,1458569216],[65.393316,1458601984],[69.005066,1460699136],[69.019492,1458601984],[79.021615,1460699136],[79.040921,1458606080],[89.038381,1460703232],[89.055131,1458606080],[92.065513,1458622464],[99.055,1460719616],[99.064632,1458651136],[99.550728,1458642944],[109.071603,1460740096],[109.091741,1459089408],[119.091714,1461186560],[119.111395,1460596736],[129.108351,1462693888],[129.128185,1461567488],[138.366045,1461571584],[139.125013,1463668736],[139.144916,1463320576],[149.141752,1465384960],[149.160853,1465466880],[159.158293,1467564032],[159.17536,1466462208],[169.174912,1468559360],[169.187366,1466462208],[179.194974,1468559360],[179.214667,1466486784],[180.091555,1466490880],[189.211568,1468588032],[189.229329,1466499072],[199.228336,1468596224],[199.248127,1466503168],[209.245023,1468600320],[209.257217,1466503168],[219.261584,1468600320],[219.279137,1466503168],[229.281647,1468600320],[229.301311,1466503168],[239.298415,1468588032],[239.318209,1467244544],[246.983167,1467248640],[247.99244,1467281408],[249.315035,1469378560],[249.3353,1468542976],[255.862743,1468567552],[259.334915,1470668800],[259.354471,1469898752],[266.894645,1469906944],[269.35168,1472008192],[269.371181,1471086592],[275.06437,1471123456],[279.368317,1473220608],[279.38284,1471664128],[288.862388,1471705088],[289.384919,1473802240],[289.401892,1471705088],[296.761911,1471733760],[299.40172,1473810432],[299.408676,1471737856],[299.745624,1471750144],[308.673051,1471762432],[309.418341,1473859584],[309.430481,1471762432],[312.639606,1471787008],[315.299235,1471848448],[319.365224,1471852544],[319.449879,1474011136],[319.455249,1471979520],[320.585536,1471995904],[329.455062,1474093056],[329.475118,1472040960],[339.474943,1474138112],[339.495263,1472176128],[349.495002,1474273280],[349.515723,1472311296],[359.515056,1474408448],[359.527198,1472315392],[368.171489,1472319488],[368.177518,1473110016],[368.401298,1473122304],[368.617865,1475649536],[368.85712,1475674112],[369.531669,1477771264],[369.541717,1475674112],[369.599215,1477685248],[369.929403,1477689344],[370.005103,1480310784],[370.084249,1480474624],[370.112669,1482919936],[370.254271,1483100160],[370.261182,1485021184],[370.398109,1485025280],[370.593887,1489424384],[370.641079,1492480000],[370.749176,