{"summary":{"timestamp":1373118616,"hash":"e9897cd08a069342c1aae67faa04b119968b44eb","max_memory":1254948864,"cpu_time":383.28,"pull_request":7598},"memory_data":[[0.011579,4096],[0.033594,8163328],[0.12759,13242368],[0.216137,16941056],[0.263066,17412096],[0.283289,19795968],[0.366383,21417984],[0.441217,26910720],[0.497733,27009024],[0.614364,30355456],[0.65968,34811904],[0.734763,35078144],[0.777783,36700160],[0.899698,44564480],[0.968006,44572672],[0.983422,48046080],[1.045581,52092928],[1.200358,52793344],[1.27946,56508416],[1.308237,59875328],[1.434298,59883520],[1.477799,62287872],[1.554651,63471616],[1.649497,67829760],[1.680993,67866624],[1.82043,73576448],[1.948961,76873728],[2.052561,81448960],[2.104521,81764352],[2.226277,86355968],[2.264888,89620480],[2.301311,89702400],[2.407617,92987392],[2.525002,101130240],[2.69046,135467008],[2.805056,160628736],[2.938285,188260352],[2.996126,197054464],[3.186379,214216704],[3.281206,224247808],[3.281346,226361344],[3.389303,236384256],[3.450336,237973504],[3.632605,252788736],[3.687351,258850816],[3.832499,270942208],[3.844121,270950400],[4.12905,297279488],[4.152781,298532864],[4.278352,311767040],[4.488817,351768576],[4.737038,400150528],[5.049417,459284480],[5.339795,515952640],[5.433656,533446656],[6.293941,533450752],[6.571478,534736896],[6.881211,534773760],[6.92375,538198016],[7.076515,538529792],[7.101587,546705408],[7.29366,548806656],[7.347928,618012672],[7.690231,618029056],[7.710681,623992832],[8.135828,624103424],[8.16431,624635904],[10.680618,624705536],[10.696486,630697984],[11.155781,630743040],[11.426115,631816192],[11.700564,631820288],[11.784164,633577472],[11.78982,635637760],[12.933072,635658240],[13.028524,636620800],[14.618476,636628992],[15.059094,637181952],[15.747127,637186048],[16.014743,637378560],[18.082671,637407232],[18.086494,637579264],[21.151365,637771776],[21.160172,637906944],[23.556644,637968384],[23.564769,638197760],[26.692104,638328832],[26.807743,638435328],[28.434666,638468096],[28.697704,638611456],[35.595416,638615552],[36.110783,638640128],[36.741302,638935040],[37.414797,638984192],[37.539819,639176704],[37.542661,638124032],[37.700647,638185472],[37.884009,644435968],[38.418743,657743872],[38.600923,661872640],[38.632715,663457792],[38.951102,671842304],[39.123924,675856384],[39.413243,683503616],[39.645707,689229824],[39.789324,693399552],[39.966042,697573376],[40.450179,710316032],[40.733409,716644352],[41.107013,726618112],[41.220101,728993792],[41.928631,745299968],[42.114348,750473216],[42.467122,758292480],[42.588426,761450496],[42.592094,766439424],[42.699394,766443520],[43.323538,781246464],[43.495094,785739776],[43.588043,789127168],[44.115817,802930688],[44.657762,816205824],[44.859978,821813248],[44.877176,823873536],[45.264195,833011712],[45.70646,844320768],[45.70874,846422016],[45.757156,846450688],[45.913511,849895424],[46.350798,861659136],[46.6651,868909056],[47.114832,879661056],[47.139623,880709632],[47.443896,887988224],[47.563009,890404864],[47.880886,898633728],[48.059018,903622656],[48.432827,912142336],[48.768733,920219648],[49.101177,928698368],[49.105321,932896768],[49.184614,932913152],[49.492049,940662784],[49.967796,951185408],[50.513246,964927488],[50.582334,967364608],[50.809698,972967936],[50.813542,977166336],[50.883643,977170432],[51.333044,986656768],[51.558738,992841728],[51.569912,993615872],[51.597336,1027174400],[52.258951,1027203072],[52.566409,1034575872],[52.712274,1037635584],[53.216753,1049600000],[53.326551,1052680192],[53.504033,1056579584],[54.156216,1072627712],[54.1673,1074704384],[54.616646,1084874752],[54.795816,1089728512],[55.425703,1105182720],[55.852338,1116442624],[56.308798,1126531072],[56.531647,1127870464],[56.824968,1130561536],[56.825674,1131249664],[57.210605,1134194688],[57.218385,1134518272],[57.747597,1135857664],[57.763345,1125777408],[57.803913,1125400576],[57.804054,1121579008],[57.844234,1121103872],[57.844375,1116594176],[58.431576,1118691328],[58.45407,1116594176],[58.471797,1083035648],[58.540789,1083015168],[58.540929,1078837248],[58.791386,1074638848],[58.791537,1007529984],[61.268214,1007534080],[61.917648,1009635328],[61.937889,1041092608],[62.073617,1043197952],[62.090775,1066262528],[63.733186,1041965056],[63.74727,1036894208],[63.747411,1007534080],[63.959016,1007542272],[68.451587,1009639424],[68.466385,1007542272],[78.468265,1009639424],[78.477863,1007542272],[88.484926,1009639424],[88.496807,1007542272],[98.501579,1009639424],[98.508592,1007542272],[108.518295,1009639424],[108.530298,1007542272],[118.534928,1009639424],[118.554212,1007554560],[128.551591,1009651712],[128.568768,1007554560],[137.157852,1007558656],[138.568249,1009655808],[138.575389,1007558656],[148.584939,1009655808],[148.604773,1007558656],[158.601659,1009655808],[158.606505,1007558656],[160.212567,1007058944],[160.212861,1004412928],[168.618286,1006510080],[168.63845,1004412928],[178.63824,1006510080],[178.647832,1004412928],[188.655001,1006510080],[188.662203,1004412928],[198.671655,1006510080],[198.691165,1004412928],[198.792004,1006514176],[198.812358,1037971456],[208.698146,1040068608],[208.708611,1037975552],[218.708277,1040072704],[218.720995,1037975552],[228.728224,1040072704],[228.738316,1037975552],[228.922854,1037987840],[238.748197,1040084992],[238.766223,1037987840],[248.768286,1040084992],[248.778155,1037987840],[251.843698,1037996032],[258.788251,1040093184],[258.795425,1037996032],[267.674974,1038024704],[268.804931,1040121856],[268.82183,1038024704],[269.167973,1038065664],[278.821549,1040162816],[278.836549,1038065664],[288.841619,1040162816],[288.855253,1038065664],[298.868243,1040162816],[298.88876,1038065664],[307.795997,1038069760],[308.890768,1040166912],[308.901052,1038069760],[313.474474,1038073856],[313.484933,1050521600],[318.908267,1052618752],[318.922906,1050521600],[320.519402,1050529792],[320.526378,1050722304],[321.181883,1051230208],[324.18068,1054031872],[325.624976,1055113216],[325.632673,1066643456],[325.642253,1067692032],[326.033527,1067835392],[328.924929,1069932544],[328.929646,1067835392],[330.976028,1067933696],[330.987375,1084612608],[334.965272,1084616704],[334.973553,1093001216],[338.949849,1095102464],[338.965451,1093005312],[343.83683,1093033984],[343.94023,1093124096],[344.032747,1094868992],[345.120599,1095794688],[345.239393,1097609216],[346.067764,1098211328],[346.525432,1098731520],[346.549869,1099169792],[347.023161,1099497472],[347.343002,1100034048],[347.36401,1100435456],[347.623399,1100574720],[349.133118,1102811136],[349.505699,1103613952],[349.986607,1105170432],[350.057045,1106296832],[350.2801,1106477056],[350.373611,1108037632],[351.204736,1108799488],[351.240823,1109368832],[351.714149,1109889024],[352.495673,1111891968],[352.973865,1113366528],[353.806324,1115602944],[354.023915,1115738112],[354.259144,1116995584],[354.597646,1117245440],[355.395063,1119043584],[355.500956,1120624640],[355.87253,1120923648],[356.08913,1124245504],[357.544453,1125490688],[357.602453,1126330368],[358.169778,1126723584],[358.221339,1127563264],[358.464431,1127903232],[358.551647,1129283584],[358.782389,1129410560],[358.862949,1130352640],[360.062348,1131229184],[360.124541,1132105728],[360.463315,1132838912],[360.530513,1133977600],[360.82018,1134198784],[360.910008,1135575040],[361.858964,1136312320],[362.03052,1139150848],[362.390168,1139417088],[362.555873,1142177792],[362.558589,1143177216],[362.782271,1145155584],[364.278034,1146703872],[364.371374,1146908672],[366.33129,1148678144],[366.526779,1150881792],[366.537452,1151889408],[366.675386,1153105920],[367.316248,1153622016],[368.575522,1154830336],[368.866533,1155735552],[368.933051,1156694016],[369.528756,1157455872],[369.94508,1158307840],[370.057065,1159364608],[370.207548,1159499776],[370.347801,1161650176],[370.889495,1162014720],[371.070595,1164111872],[371.492009,1164439552],[371.493996,1167474688],[371.70465,1167687680],[372.795468,1167691776],[372.970896,1167945728],[373.115041,1170014208],