{"summary":{"timestamp":1362599517,"hash":"02623871ed4e7d5b4d74bf21c0a710ee648a149b","max_memory":1255960576,"cpu_time":92.52,"pull_request":5246},"memory_data":[[0.003146,8192],[0.014246,3137536],[0.194609,8839168],[0.499958,19570688],[0.806966,30834688],[1.080991,40259584],[1.394613,51843072],[2.133655,77312000],[2.318092,83005440],[2.506507,130547712],[2.687484,174804992],[2.906416,226541568],[3.041172,234631168],[3.110081,242966528],[3.197838,248180736],[3.247973,255197184],[3.309115,259481600],[3.361085,260026368],[3.453766,263413760],[3.620223,271908864],[3.660457,275705856],[3.794693,281448448],[3.943866,289722368],[3.966407,292052992],[4.232071,309248000],[4.283809,314503168],[4.316307,314519552],[4.366239,326430720],[4.379944,327479296],[4.425323,338558976],[4.428158,342761472],[4.45661,340660224],[4.548402,362831872],[4.551782,371224576],[4.593924,370458624],[4.611511,367026176],[4.696327,368685056],[4.71454,378527744],[4.751943,379969536],[4.765936,388714496],[4.797425,389898240],[4.810523,405225472],[4.89958,406396928],[5.025861,405950464],[5.294093,406274048],[5.347128,410333184],[5.896331,415252480],[5.901671,417337344],[6.108669,417341440],[6.643863,420614144],[6.655673,424808448],[7.246309,424898560],[7.249038,425857024],[7.432404,425861120],[7.854811,428474368],[8.265074,431575040],[8.288177,439967744],[8.504728,440037376],[8.531494,445210624],[8.569873,445956096],[8.591642,454348800],[8.656273,454356992],[8.672949,455925760],[8.678072,464310272],[8.717143,464400384],[8.719597,472698880],[8.825788,474333184],[8.917393,474464256],[9.010609,477835264],[9.10522,478547968],[9.123097,479780864],[9.433259,481071104],[9.603998,483409920],[9.606584,484384768],[9.709406,484397056],[9.882857,486580224],[10.2097,488865792],[10.220889,491356160],[10.4228,491372544],[10.725411,492961792],[10.820037,494374912],[11.115595,496267264],[11.415319,500834304],[11.427818,505020416],[11.842024,505131008],[12.011154,505548800],[12.157507,506593280],[12.253784,509063168],[12.397537,509980672],[12.711387,512974848],[12.921488,513122304],[13.125092,514940928],[13.531284,516497408],[13.640727,517214208],[13.744218,521252864],[14.073711,521744384],[14.292046,522792960],[14.317108,531046400],[15.476347,531136512],[15.758836,532647936],[15.843032,533745664],[16.157921,534962176],[16.24886,536137728],[16.51028,537214976],[16.554206,538177536],[16.903831,539901952],[16.960967,541372416],[17.10386,541532160],[17.106668,542449664],[17.247313,542535680],[17.369542,543444992],[17.420591,544849920],[17.503352,544870400],[17.618101,546213888],[17.73718,546242560],[18.172635,548904960],[18.202363,549634048],[18.766383,551714816],[18.790452,552599552],[18.915049,552706048],[19.051794,554098688],[19.079213,555139072],[19.366308,556617728],[19.604056,557170688],[19.653176,557748224],[19.911264,558637056],[19.95456,560275456],[20.30784,560664576],[20.325178,561270784],[20.559379,561745920],[21.181076,564072448],[21.349732,566300672],[21.527878,566607872],[21.854888,569569280],[21.858712,577908736],[21.901951,578109440],[21.903504,586297344],[21.969566,586362880],[23.591429,586379264],[23.716234,586788864],[23.761784,587808768],[23.813297,592146432],[23.824317,596344832],[23.891765,597938176],[23.915478,606330880],[24.614264,606384128],[24.855768,608546816],[24.856316,609599488],[24.986392,610050048],[25.037167,611692544],[25.175369,611250176],[25.203329,612188160],[25.406706,612794368],[25.79443,617332736],[26.339542,617476096],[26.508493,619782144],[26.510039,628682752],[26.544267,631304192],[26.696067,631476224],[26.753198,635670528],[26.917952,635682816],[26.980319,637882368],[26.985402,657395712],[27.373452,659492864],[27.46866,663687168],[27.550278,663691264],[27.702763,670564352],[27.712688,672145408],[27.888669,679464960],[27.89177,683704320],[28.111324,688975872],[28.294402,690114560],[28.35273,691855360],[28.418449,692047872],[28.487449,694677504],[28.758014,699723776],[28.758586,701820928],[29.029261,705732608],[29.368103,716120064],[29.466885,718295040],[29.541045,718790656],[29.676945,722223104],[29.679291,725856256],[29.738497,726736896],[29.861719,730714112],[29.889908,733741056],[29.899626,740270080],[29.982142,742940672],[30.20182,747094016],[30.401271,753721344],[30.493727,755769344],[30.53518,761266176],[30.710542,767418368],[30.932131,771641344],[31.094556,777138176],[31.395041,784424960],[31.50782,787824640],[31.837676,795467776],[32.132932,804876288],[32.150919,809639936],[32.243201,810545152],[32.341332,813826048],[32.653784,815300608],[32.69299,817364992],[32.828058,821444608],[32.828629,823541760],[33.047997,831414272],[33.114605,832610304],[33.253434,836759552],[33.332485,837455872],[33.500344,841928704],[33.563059,842039296],[33.678641,844902400],[33.832422,849686528],[33.832919,851783680],[33.882404,853319680],[33.883249,855416832],[34.07456,861437952],[34.185084,862195712],[34.364148,868933632],[34.428466,869109760],[34.483357,871055360],[34.629502,871972864],[34.659457,873164800],[34.841528,875315200],[34.916126,877948928],[34.977487,878030848],[35.075436,881160192],[35.109367,883339264],[35.47322,894902272],[35.617821,897609728],[35.741182,901185536],[35.92492,903200768],[36.006528,905646080],[36.09517,906510336],[36.282977,910725120],[36.289605,912822272],[36.394871,912830464],[36.500024,916328448],[36.646307,918056960],[36.657145,926445568],[36.803562,927920128],[36.86161,929783808],[36.92338,929865728],[37.062698,934551552],[37.347205,936087552],[37.405458,937062400],[37.68181,945946624],[37.780561,947146752],[37.909322,950382592],[38.047662,955199488],[38.275966,959938560],[38.421476,964538368],[38.532346,967262208],[38.610811,967806976],[38.694482,971231232],[38.724784,971235328],[38.870979,976105472],[39.063365,977489920],[39.270809,983826432],[39.361788,987156480],[39.539454,990121984],[39.65339,994234368],[39.854174,996773888],[39.979703,1000017920],[40.121268,1002799104],[40.206623,1003622400],[40.337474,1007788032],[40.339264,1010253824],[40.397964,1011699712],[40.424437,1018757120],[40.532915,1022304256],[40.717878,1027063808],[40.741071,1029185536],[40.852358,1031897088],[41.0664,1038454784],[41.186796,1040297984],[41.294554,1043615744],[41.415743,1045745664],[41.4612,1047580672],[41.484473,1056620544],[41.679426,1062236160],[41.679605,1064333312],[42.061902,1075171328],[42.104056,1076940800],[42.283676,1080819712],[42.491436,1086783488],[42.675341,1091256320],[42.681923,1093328896],[42.750545,1093337088],[42.874633,1096216576],[43.009241,1100398592],[43.03903,1100402688],[43.161649,1104080896],[43.162802,1108275200],[43.196997,1108406272],[43.297836,1111846912],[43.452132,1113985024],[43.667727,1121099776],[43.923025,1128869888],[43.978163,1129529344],[44.11231,1133551616],[44.229664,1138196480],[44.262259,1138262016],[44.276084,1142456320],[44.431302,1142480896],[44.670005,1147346944],[44.983786,1157697536],[45.02808,1160302592],[45.133021,1163694080],[45.133471,1165791232],[45.181714,1167396864],[45.19244,1172029440],[45.320724,1174548480],[45.391851,1180639232],[45.610673,1182900224],[45.612287,1184301056],[45.978447,1186926592],[46.188877,1187868672],[46.195844,1181609984],[46.497238,1179131904],[46.498049,1087234048],[46.614326,1087365120],[46.709704,1090752512],[48.734137,1090883584],[49.139229,1090973696],[49.160531,1091338240],[50.033637,1091411968],[50.037886,1107984384],[50.162219,1110081536],[50.162571,1112182784],[50.257485,1114284032],[50.264121,1179295744],[50.29627,1179361280],[50.302267,1174413312],[50.793601,1174192128],[50.801449,1092620288],[51.223619,1092898816],[52.07596,1092968448],[55.258603,1093074944],[55.263055,1108332544],[55.431693,1108455424],[65.336106,1108463616],[66.488433,1108475904],[82.122875,1108484096],[84.958636,1108553728],[84.959584,1111126016],[85.160221,1110065152],[85.160366,1108635648],[116.837265,1108836352],[116.840987,1142194176],[116.852204,1140981760],[116.852775,1125416960],[162.887896,1125421056],[163.366989,1125777408],[163.387494,1132126208],[163.40053,1125695488],[163.467732,