{"summary":{"timestamp":1396082502,"hash":"02d186ad9ba699f7824969fb60a19042613d5d60","max_memory":1487933440,"cpu_time":155.09,"pull_request":13185},"memory_data":[[0.001784,8192],[0.04641,376832],[0.064833,8884224],[0.108203,9424896],[0.139685,13434880],[0.199912,14217216],[0.220241,16818176],[0.325356,20025344],[0.332424,21737472],[0.395782,22642688],[0.42507,28205056],[0.553678,31461376],[0.590796,34131968],[0.763618,37662720],[0.783752,40992768],[0.829189,41275392],[0.896871,49422336],[0.915236,53182464],[0.955665,55926784],[1.007947,62181376],[1.050329,70262784],[1.156744,81047552],[1.199414,84127744],[1.27943,93380608],[1.344632,99438592],[1.485113,115142656],[1.532569,121733120],[1.629255,122462208],[1.785531,175783936],[1.925736,177983488],[1.959461,201060352],[1.993066,219828224],[2.053688,222507008],[2.654484,222646272],[2.919586,223002624],[3.113338,223653888],[3.138706,226426880],[3.169934,234414080],[3.235923,234459136],[3.429771,247570432],[3.53003,255672320],[3.649291,264069120],[3.753012,270360576],[3.805269,271990784],[3.807552,233426944],[3.949035,233439232],[4.104486,288743424],[5.011386,288858112],[5.168652,293613568],[5.168833,295710720],[5.243804,295718912],[5.301854,297410560],[5.416989,297496576],[5.440082,312664064],[5.483158,335253504],[5.557351,336347136],[5.568317,343724032],[5.594813,345436160],[5.672844,346451968],[5.715039,376111104],[5.731467,377208832],[5.739469,384135168],[5.801697,386351104],[6.162722,387489792],[6.163657,388878336],[6.254094,388882432],[6.258968,392417280],[6.486554,392429568],[6.495772,400547840],[6.529514,401596416],[6.918671,401838080],[6.923194,415821824],[6.937773,416808960],[7.189462,416813056],[7.195686,419954688],[7.49287,419958784],[7.494669,421527552],[7.680867,420126720],[7.888897,422227968],[7.889893,426422272],[8.024857,427376640],[8.598039,427753472],[8.60083,430858240],[8.759862,431022080],[8.760301,434003968],[9.158011,434008064],[9.274464,434270208],[9.280553,438464512],[9.3415,438722560],[9.342645,444456960],[9.426533,444461056],[9.437706,438902784],[9.548083,439238656],[10.584912,439246848],[10.597801,447627264],[11.492646,447746048],[11.493788,453402624],[11.669179,452075520],[11.669257,447766528],[12.96494,447827968],[13.080946,448765952],[13.088174,471769088],[13.102863,473845760],[14.125635,473964544],[14.157778,475971584],[14.260573,476528640],[14.267288,481521664],[14.573939,481591296],[14.656063,483770368],[14.833166,483848192],[14.995539,486318080],[15.127468,487485440],[15.43969,491589632],[15.490158,493506560],[15.62101,493617152],[15.755128,496410624],[15.800824,496021504],[15.862557,498229248],[15.925254,497496064],[16.006587,500023296],[16.108475,500105216],[16.410212,504094720],[16.521447,507650048],[16.587763,507236352],[16.589084,509001728],[16.764052,510119936],[16.813593,511488000],[16.910803,511504384],[17.018717,513929216],[17.079252,513933312],[17.133994,515592192],[17.266094,516501504],[17.435329,518909952],[17.553738,519192576],[17.632921,520916992],[17.901981,523149312],[17.96351,525058048],[18.091137,525225984],[18.21759,527892480],[18.373455,529342464],[18.422352,531939328],[18.522345,532324352],[18.538206,531333120],[18.729371,532951040],[18.77712,536449024],[18.801178,535470080],[18.897632,535855104],[18.973885,537841664],[19.164939,539275264],[19.222808,541442048],[19.369046,541859840],[19.64206,544784384],[19.644554,569827328],[19.669804,591851520],[19.685315,594956288],[19.685866,569778176],[19.989149,573034496],[20.000535,585347072],[20.497833,585355264],[20.601112,586334208],[20.687748,588169216],[20.838551,589922304],[20.981197,590901248],[21.117568,592846848],[21.326252,594030592],[21.481224,596627456],[21.574354,600530944],[21.587024,599334912],[21.791644,599789568],[22.031009,602365952],[22.122398,603807744],[22.286723,604454912],[22.342964,606019584],[22.433633,606072832],[22.517657,607518720],[22.662829,608055296],[22.867406,609972224],[22.922464,611487744],[23.111299,611954688],[23.412499,614760448],[23.462243,616280064],[23.579937,616517632],[23.686473,618123264],[23.837975,618676224],[24.027883,620404736],[24.129243,622764032],[24.131783,627208192],[24.411495,628355072],[24.517381,632238080],[24.518167,635809792],[24.59245,635838464],[24.59374,632369152],[24.708644,632414208],[24.8853,633675776],[24.885579,635777024],[24.950259,635047936],[25.066237,635822080],[25.08358,636952576],[25.19986,636776448],[25.475926,639582208],[25.520018,641544192],[25.691463,643055616],[25.815775,645287936],[26.253602,650510336],[26.404517,650981376],[26.641666,654221312],[26.76737,660144128],[26.767728,662716416],[26.859318,663339008],[26.868743,660430848],[27.028231,660930560],[27.028321,663040000],[27.214854,663080960],[27.380121,664211456],[27.430302,665657344],[27.527019,665956352],[27.602766,668942336],[27.628649,667926528],[27.751481,668471296],[27.797617,670097408],[28.09588,672026624],[28.131103,674070528],[28.270982,674148352],[28.435534,676241408],[28.550997,676294656],[28.601214,678477824],[28.605939,682496000],[28.685925,682725376],[28.694911,690905088],[28.741698,690421760],[28.742159,677330944],[29.450792,674181120],[29.450868,665792512],[40.280161,665796608],[41.596656,666705920],[41.730952,666906624],[41.732797,668471296],[41.957696,668475392],[42.455817,669634560],[42.480191,670187520],[42.676622,670408704],[42.949408,671932416],[43.478152,672104448],[44.937441,672206848],[45.094633,672329728],[45.097912,675270656],[45.51424,675405824],[46.90378,675524608],[46.994357,676880384],[47.171288,677056512],[47.232013,678285312],[47.23211,680386560],[47.500445,687226880],[47.654418,690454528],[47.865112,696786944],[47.872225,698884096],[48.008784,702341120],[48.099399,707043328],[48.219387,710103040],[48.408282,713973760],[48.658161,719679488],[48.71194,721395712],[48.999084,728219648],[49.522753,739840000],[49.746929,742719488],[49.884029,746692608],[50.019418,749133824],[50.129665,752156672],[50.494173,759906304],[50.537587,761483264],[50.802839,767746048],[50.825686,770203648],[50.902904,771072000],[51.448051,782229504],[51.486811,783798272],[51.79894,790933504],[51.902266,793763840],[51.994879,795197440],[52.212753,799813632],[52.37679,803926016],[52.931714,814907392],[53.104678,819064832],[53.106177,820637696],[53.39157,823025664],[53.411861,823820288],[53.689454,829566976],[53.692379,832565248],[53.764324,832577536],[54.369733,844623872],[54.372758,847769600],[54.45073,847785984],[54.589696,850759680],[54.835155,854953984],[54.905391,857272320],[55.226428,864567296],[55.339529,868569088],[55.524911,873283584],[55.527258,874033152],[55.734742,878280704],[55.950178,884510720],[55.953928,887656448],[56.016741,887664640],[56.229554,892903424],[56.337352,894443520],[56.565794,899424256],[57.036574,910843904],[57.25128,917258240],[57.405104,920924160],[57.773311,928317440],[58.428226,943173632],[58.670805,949678080],[58.910595,957833216],[59.016617,960000000],[59.136697,964837376],[59.280695,967897088],[59.429348,971907072],[59.490914,974729216],[59.589894,977489920],[59.678055,981676032],[59.832751,984784896],[60.021204,990392320],[60.200388,993992704],[60.446055,999567360],[60.831894,1008893952],[60.832444,1012047872],[60.913152,1012056064],[61.148849,1017069568],[61.342599,1020731392],[61.533991,1025363968],[61.540179,1031647232],[61.679659,1031651328],[61.816785,1035505664],[62.238733,1042591744],[62.412335,1046937600],[62.422026,1050329088],[62.490713,1050341376],[62.662051,1055248384],[62.922233,1060569088],[63.301357,1070075904],[63.311468,1077944320],[63.483475,1077960704],[63.594309,1080123392],[63.827589,1086148608],[63.97204,1090555904],[64.2116,1095495680],[64.443082,1100816384],[64.687924,1107451904],[64.904793,1111883776],[65.02931,1113923584],[65.198581,1118265344],[65.296836,1120161792],[65.556191,1128370176],[65.557709,1143058432],[65.567651,1153540096],[65.944443,1153605632],[65.945695,1166151680],[65.955691,1174540288],[65.96552,1166147584],[66.111062,1166151680],[66.382858,1171365888],[67.051053,1192087552],[67.194138,