{"summary":{"timestamp":1372629725,"hash":"040ac2a93270b4420c59621521d554a078e2d451","max_memory":1272520704,"cpu_time":null,"pull_request":7495},"memory_data":[[0.001514,4096],[0.078804,757760],[0.11392,5828608],[0.283046,7647232],[0.349886,10338304],[0.505622,11505664],[0.579275,16031744],[0.694212,18624512],[0.874264,21606400],[0.930584,25018368],[0.931907,27402240],[1.100619,30416896],[1.217008,43622400],[1.239619,49049600],[1.293337,52527104],[1.306995,56958976],[1.343623,58826752],[1.381287,66744320],[1.402246,66555904],[1.429116,74506240],[1.472407,74989568],[1.506368,82223104],[1.544649,82231296],[1.614711,89325568],[1.730144,102973440],[1.784409,107872256],[1.796085,111140864],[1.865919,116207616],[1.884302,122597376],[2.002501,122929152],[2.029911,132374528],[2.127214,195481600],[2.166409,201814016],[2.259743,231297024],[2.27662,232632320],[2.420516,270704640],[2.511228,297037824],[2.523273,303955968],[2.666878,398708736],[2.816673,499269632],[2.965839,499478528],[3.346344,501579776],[3.35661,570785792],[3.511285,572252160],[3.561812,575447040],[3.68442,578752512],[3.798848,579784704],[3.952377,580100096],[4.994271,580190208],[5.213342,580415488],[5.287952,581505024],[5.59034,582082560],[9.620238,582094848],[10.591301,582328320],[10.717932,582770688],[10.719896,593141760],[12.846289,593223680],[12.997853,595177472],[13.240916,595570688],[13.311622,603303936],[13.33668,603729920],[13.589175,622333952],[13.69579,628060160],[13.810135,636612608],[13.859754,642932736],[13.956676,652734464],[14.186623,669196288],[14.197358,670781440],[14.503166,693665792],[14.583943,700039168],[14.853029,719863808],[14.918496,723714048],[14.988617,729415680],[15.293738,750329856],[15.356264,755486720],[15.476783,763281408],[15.756754,783069184],[15.841489,790339584],[16.065608,807727104],[16.128954,811659264],[16.318294,826089472],[16.319851,827592704],[16.428774,834818048],[16.594465,846880768],[16.745629,859123712],[17.241991,893521920],[17.320441,900698112],[17.478923,911179776],[17.695253,926531584],[17.813672,935550976],[17.816048,937648128],[18.02355,950980608],[18.120542,958251008],[18.124883,963764224],[18.162899,964063232],[18.183925,967393280],[18.329666,978161664],[18.479916,987619328],[18.480852,991817728],[18.51282,991969280],[18.560304,997113856],[18.780855,1012199424],[18.846805,1017585664],[19.245434,1045434368],[19.373697,1054892032],[19.489418,1062486016],[19.491661,1064587264],[19.795808,1086087168],[19.928167,1096556544],[20.047109,1103986688],[20.084893,1107283968],[20.155186,1108815872],[20.156085,1111060480],[20.278647,1114259456],[20.279243,1112952832],[20.404728,1116295168],[20.631812,1117618176],[20.637809,1107722240],[20.659719,1098539008],[20.850115,1088589824],[20.856126,1083850752],[20.913467,1012543488],[20.961556,1012879360],[21.029886,1015910400],[22.025947,1015914496],[22.028708,1049468928],[22.070552,1049538560],[22.073285,1074638848],[22.136294,1074647040],[22.142128,1085394944],[22.599494,1084059648],[22.599654,1049468928],[22.603727,1015910400],[22.767106,1015943168],[22.8619,1017032704],[26.127217,1017049088],[26.158496,1017167872],[52.635261,1017171968],[52.635464,1014022144],[79.09331,1014181888],[79.200004,1017769984],[94.03236,1017835520],[94.034081,1026027520],[97.645713,1026035712],[98.008723,1027084288],[99.115002,1029828608],[99.438291,1030877184],[99.438992,1034973184],[99.61124,1035464704],[100.343709,1035558912],[100.405529,1036607488],[100.631048,1037561856],[100.845733,1037709312],[100.846032,1039134720],[101.185549,1039142912],[102.393636,1042821120],[102.681738,1043542016],[102.69043,1056239616],[103.33187,1058541568],[103.334045,1062727680],[106.29323,1062731776],[106.528127,1063280640],[106.52903,1075867648],[106.744092,1076363264],[108.206541,1076404224],[108.20806,1093140480],[108.941334,1093308416],[108.942345,1101529088],[110.557049,1101561856],[110.720682,1102225408],[110.768931,1104384000],[110.992862,1104973824],[111.152637,1106276352],[111.17995,1107775488],[111.40546,1108582400],[111.428902,1109716992],[111.731985,1110597632],[111.836855,1113493504],[112.172399,1114329088],[112.217054,1116176384],[112.574246,1117188096],[113.21729,1121366016],[113.480202,1123803136],[113.579425,1125171200],[113.60937,1126629376],[113.862656,1127374848],[114.019585,1128509440],[114.651599,1134223360],[114.770549,1135624192],[114.870075,1135902720],[115.094769,1137668096],[115.132877,1139208192],[115.244358,1139494912],[115.314056,1142501376],[115.7651,1143750656],[115.793411,1144885248],[115.965093,1145323520],[116.068641,1146552320],[116.096853,1147891712],[116.20532,1148977152],[116.563046,1149775872],[116.590743,1150824448],[116.705251,1151533056],[116.728758,1152684032],[116.830001,1152917504],[116.8609,1154355200],[117.147881,1154994176],[117.203828,1157619712],[117.328355,1157881856],[117.390046,1161592832],[117.456967,1163612160],[117.665336,1164267520],[117.997665,1164353536],[118.250254,1164963840],[118.266441,1165811712],[118.565468,1166569472],[118.684036,1171099648],[119.299152,1172770816],[119.424969,1174470656],[119.6289,1175355392],[119.869676,1177473024],[119.922492,1179574272],[120.112686,1179910144],[120.179082,1182138368],[120.69256,1183494144],[120.805651,1186226176],[120.855408,1186279424],[120.908005,1188372480],[121.006368,1188638720],[121.00678,1191657472],[121.215961,1192161280],[121.303146,1226764288],[121.382137,1226776576],[121.487674,1229377536],[121.922987,1229402112],[121.93561,1231425536],[122.080945,1231429632],[122.156638,1236672512],[122.157445,1240842240],[122.23422,1241915392],[122.235127,1249230848],[122.438655,1249484800],[122.441448,1252843520],[122.483099,1254895616],[122.557344,1262055424],[122.579969,1271865344],[122.644235,1269424128],[122.644284,1266356224],[123.707331,1265807360],[123.711723,1247252480],[123.716582,1135923200],[123.72825,1138061312],[123.734311,1149710336],[123.74281,1140273152],[123.761421,1151934464],[123.872518,1152405504],[123.914199,1156403200],[123.959681,1156476928],[123.995318,1161347072],[124.005781,1172254720],[124.030417,1187872768],[124.061595,1189228544],[124.062232,1156730880],[124.075717,1156055040],[124.076756,1139081216],[124.305967,1134592000],[124.309941,1049030656],[124.3106,993275904],[124.313816,951775232],[124.32512,715284480],[124.328814,674906112],[124.329611,602279936],[124.336156,521371648],[124.337079,483110912],[124.34378,403595264],[124.344971,363941888],[124.35186,283488256],[124.358394,163233792],[124.359978,163008512],[124.363983,83787776],[124.36752,62275584]],"pass_timing":[["parsing",0.8],["configuration 1",0.243],["expansion",0.389],["configuration 2",0.152],["maybe building test harness",0.148],["extra injection",0.195],["ast indexing",0.21],["external crate/lib resolution",0.304],["language item collection",0.064],["resolution",1.257],["looking for entry point",0],["freevar finding",0.078],["region resolution",0.096],["region parameterization inference",0.034],["type collecting",0.139],["coherence checking",0.137],["type checking",5.058],["const marking",0.22],["const checking",0.027],["privacy checking",0.144],["effect checking",0.041],["loop checking",0.021],["compute moves",0.503],["match checking",0.077],["liveness checking",0.171],["borrow checking",0.765],["kind checking",0.088],["reachability checking",0.04],["lint checking",0.158],["translation",7.812],["LLVM passes",102.803],["linking",0.36]]}