{"summary":{"timestamp":1374940713,"hash":"0522955d10f76ac2ca3182de9ff5b774982243cb","max_memory":1522442240,"cpu_time":148.81,"pull_request":8070},"memory_data":[[0.003049,8192],[0.012954,8364032],[0.083182,27631616],[0.137791,37429248],[0.178093,51699712],[0.228187,57262080],[0.242451,62455808],[0.283775,70197248],[0.337372,88858624],[0.360662,89587712],[0.388309,99004416],[0.406949,99475456],[0.482596,119926784],[0.508361,119988224],[0.529707,125726720],[0.576719,133484544],[0.713687,164814848],[0.731598,166551552],[0.792746,180092928],[0.812809,187273216],[0.840202,190418944],[0.853718,195727360],[0.901863,204476416],[1.155626,346783744],[1.206549,374575104],[1.258384,389808128],[1.315887,411451392],[1.362051,425099264],[1.436095,452374528],[1.457653,455589888],[1.567427,487460864],[1.597518,499351552],[1.639637,510689280],[1.702035,531800064],[1.744481,544296960],[1.834923,575881216],[1.903419,596529152],[1.935316,609521664],[2.01799,656900096],[2.024695,656957440],[2.090536,694226944],[2.286015,807092224],[2.49359,925360128],[2.68255,1036423168],[2.739853,1069010944],[3.250845,1069015040],[3.261298,1140318208],[3.520671,1140338688],[12.024084,1142435840],[12.029748,1140338688],[16.737093,1139286016],[18.361538,1139290112],[18.437349,1143533568],[18.793998,1161302016],[19.003226,1172115456],[19.114729,1179545600],[19.416257,1194393600],[19.673047,1208492032],[19.674734,1212690432],[19.710755,1212694528],[19.762366,1216323584],[19.897734,1222836224],[20.051722,1231691776],[20.319389,1244729344],[20.474592,1253289984],[20.534297,1255931904],[20.712033,1266388992],[20.822,1271324672],[20.823822,1275523072],[20.867043,1275539456],[21.107624,1287348224],[21.287327,1296683008],[21.485964,1306292224],[21.495456,1307410432],[21.715589,1318088704],[21.781731,1323515904],[21.850775,1332281344],[21.949132,1338241024],[21.999066,1344954368],[22.051178,1346490368],[22.139851,1351467008],[22.199627,1356070912],[22.214195,1359065088],[22.312312,1364529152],[22.3401,1368911872],[22.523024,1377513472],[22.526832,1379119104],[22.704223,1387245568],[22.772233,1391075328],[23.347993,1419706368],[23.601143,1431588864],[23.85135,1444564992],[23.963883,1452011520],[24.105408,1458061312],[24.161121,1463599104],[24.233523,1465163776],[24.241354,1467592704],[24.366914,1470787584],[24.367655,1469657088],[24.552471,1474236416],[24.761503,1475444736],[24.76959,1476558848],[24.77266,1464016896],[24.78842,1459818496],[25.111606,1459208192],[25.124839,1453518848],[25.246625,1382211584],[32.036077,1384308736],[32.042583,1382211584],[42.042101,1384308736],[42.045309,1382211584],[52.048062,1384308736],[52.052105,1382211584],[62.054163,1384308736],[62.060631,1382211584],[72.060105,1384308736],[72.065774,1382211584],[82.066084,1384308736],[82.074491,1382211584],[144.501726,1382215680],[144.842057,1382899712],[144.873941,1384321024],[145.010929,1384542208],[145.081196,1387630592],[145.655343,1388826624],[145.700891,1391083520],[146.18732,1392238592],[146.22981,1393983488],[146.377773,1394630656],[146.653536,1395093504],[146.870446,1396269056],[146.952809,1400102912],[147.108335,1400401920],[147.255364,1406443520],[147.409761,1406758912],[147.823225,1406799872],[148.592947,1408679936],[148.67941,1411866624],[149.317409,1413435392],[149.525072,1415319552],[149.553955,1416392704],[149.731484,1416880128],[149.749988,1441935360],[150.062332,1442643968],[151.342684,1442701312],[151.512568,1443049472],[151.514127,1446064128],[151.997496,1447219200],[152.024727,1450250240],[152.110024,1475866624],[152.135601,1481945088],[152.227354,1481957376],[152.339259,1484673024],[152.789479,1484709888],[152.802483,1486626816],[152.951736,1486630912],[152.992733,1490567168],[153.033563,1491869696],[153.034321,1494835200],[153.115515,1497231360],[153.118661,1492127744],[153.175123,1492602880],[153.255979,1496805376],[153.256655,1499770880],[153.317771,1499828224],[153.343962,1505218560],[153.439485,1512611840],[153.47296,1522204672],[153.538943,1519824896],[153.539025,1516818432],[154.553755,1516212224],[154.554424,1491652608],[154.559768,1476820992],[154.563396,1399074816],[154.577003,1394991104],[154.581889,1418735616],[154.58899,1419145216],[154.598625,1442258944],[154.598971,1400422400],[154.607708,1394864128],[154.624321,1401651200],[154.627467,1409769472],[154.690626,1421512704],[154.692895,1428873216],[154.73193,1444597760],[154.765258,1445322752],[154.766079,1413390336],[154.771663,1396076544],[155.036239,1396051968],[155.098509,1389858816],[155.117834,1383890944],[155.130525,1227128832],[155.131578,1188065280],[155.140546,1108070400],[155.152483,945541120],[155.162926,865234944],[155.164203,826372096],[155.171939,746926080],[155.178453,706846720],[155.180173,564920320],[155.182767,564629504],[155.184308,510545920],[155.190812,470315008],[155.196449,391524352],[155.199003,390840320],[155.204778,311930880],[155.219594,192327680],[155.221217,150945792],[155.23343,31932416],[155.239706,14045184]],"pass_timing":[["parsing",0.884],["std macros injection",0.002],["configuration 1",0.307],["expansion",0.728],["configuration 2",0.409],["maybe building test harness",0.396],["std injection",0.145],["ast indexing",0.202],["external crate/lib resolution",0.112],["language item collection",0.042],["resolution",1.366],["looking for entry point",0],["freevar finding",0.081],["region resolution",0.131],["region parameterization inference",0.044],["type collecting",0.117],["coherence checking",0.183],["type checking",7.342],["const marking",0.744],["const checking",0.038],["privacy checking",0.164],["effect checking",0.051],["loop checking",0.031],["compute moves",0.638],["match checking",0.119],["liveness checking",0.18],["borrow checking",0.825],["kind checking",0.113],["reachability checking",0.052],["lint checking",0.229],["translation",8.872],["LLVM passes",129.319],["linking",0.206]]}