{"summary":{"timestamp":1395462702,"hash":"069cede3057ca517ffec2042d7f97dbb93e71a54","max_memory":1379635200,"cpu_time":140.12,"pull_request":13036},"memory_data":[[0.0016,4096],[0.049047,753664],[0.068239,8871936],[0.098787,9416704],[0.12155,13295616],[0.174628,13778944],[0.290532,21745664],[0.319966,26255360],[0.511708,30777344],[0.580166,34664448],[0.698806,36618240],[0.817406,49655808],[0.841176,53694464],[0.890442,56709120],[0.93476,63062016],[0.953364,63270912],[1.007469,71786496],[1.030456,71868416],[1.155015,86110208],[1.188375,86466560],[1.288056,96362496],[1.366518,102731776],[1.535983,119230464],[1.592873,126074880],[1.673086,127217664],[1.716962,138391552],[1.833012,177344512],[1.95277,178184192],[2.024571,182145024],[2.088514,221306880],[2.140107,224235520],[2.678153,224927744],[2.792821,225599488],[3.08929,225796096],[3.317481,226623488],[3.348509,234569728],[3.416146,234614784],[3.636897,247947264],[3.682842,252145664],[3.799936,259244032],[3.869683,264466432],[3.985826,270794752],[4.046966,272363520],[4.048322,233996288],[4.185828,234024960],[4.237606,249229312],[4.349838,288276480],[5.110744,288296960],[5.115159,289492992],[5.292092,289636352],[5.473152,294617088],[5.473332,296714240],[5.548129,296722432],[5.600304,298213376],[5.713418,298110976],[5.786697,334913536],[5.856921,336228352],[5.868984,344977408],[5.895125,346845184],[5.968368,348033024],[6.008962,375230464],[6.032857,376311808],[6.053518,381595648],[6.215921,382779392],[6.548524,383148032],[6.553316,388124672],[6.667953,388128768],[6.787385,390230016],[6.797152,393240576],[7.243438,393252864],[7.253747,410968064],[7.262851,408322048],[7.490413,408383488],[7.496477,412516352],[7.933809,411787264],[7.936349,406982656],[8.191084,407285760],[8.195483,410181632],[8.257455,410320896],[8.267269,418570240],[8.380007,419475456],[9.204931,420093952],[9.207709,423034880],[9.37733,425132032],[9.669153,426303488],[9.674665,430489600],[9.7887,430854144],[11.206121,430923776],[11.217874,443441152],[11.589786,443453440],[11.613303,443863040],[14.130275,443961344],[14.148294,450191360],[14.227758,450363392],[14.232192,472268800],[14.24813,475361280],[15.040658,475373568],[15.624953,475516928],[15.697929,477704192],[15.905461,478707712],[16.067159,481001472],[16.170645,483864576],[16.238015,483176448],[16.288921,484859904],[16.290313,486883328],[16.515572,487149568],[16.588812,489078784],[16.728591,490110976],[16.880836,492826624],[17.092907,493649920],[17.161435,495226880],[17.412266,497049600],[17.472999,498454528],[17.651309,499724288],[17.686659,502239232],[17.872086,503083008],[17.906271,504610816],[18.019446,504512512],[18.194498,505585664],[18.240569,508891136],[18.267498,508182528],[18.405112,508346368],[18.432316,509788160],[18.608048,511336448],[18.660058,513515520],[18.802206,513802240],[19.139611,517115904],[19.288725,518094848],[19.340821,519151616],[19.353091,531374080],[19.93759,531546112],[20.23755,534937600],[20.432737,536526848],[20.595954,537325568],[20.791271,539922432],[20.899897,543621120],[20.906833,542425088],[21.123916,542597120],[21.401264,545296384],[21.439901,546131968],[21.624679,546689024],[21.784719,548487168],[21.788361,579964928],[21.806342,596742144],[21.824448,598827008],[21.824992,573648896],[21.881483,574406656],[22.098645,575315968],[22.210932,576499712],[22.249156,578105344],[22.480134,578588672],[22.730676,580751360],[22.751262,581947392],[22.894576,582377472],[22.927086,583639040],[23.073565,583897088],[23.276626,585408512],[23.383931,586850304],[23.456448,589541376],[23.469089,592752640],[23.635297,592814080],[23.7162,595156992],[23.76379,597843968],[24.199299,597868544],[24.408236,599109632],[24.425331,600342528],[24.579217,600993792],[24.621652,602693632],[24.824482,604106752],[24.913933,606265344],[25.285311,609968128],[25.487558,610836480],[25.697502,613576704],[25.824169,619212800],[25.825137,622288896],[25.906946,622620672],[25.917626,618827776],[26.046521,618901504],[26.230035,620548096],[26.230524,622645248],[26.455048,622931968],[26.565026,625315840],[26.706612,625643520],[26.894184,628150272],[27.046631,628957184],[27.077741,630616064],[27.286081,631091200],[27.323247,632209408],[27.487716,633118720],[27.536259,635084800],[27.541458,639148032],[27.623024,639283200],[27.632412,647557120],[27.659439,647622656],[27.674911,643645440],[27.675295,633073664],[28.39266,633061376],[28.392734,621543424],[39.030438,621559808],[39.227977,622235648],[40.105153,622821376],[40.669605,623362048],[40.672695,624934912],[40.975769,624939008],[41.474676,626180096],[41.687095,626917376],[41.969198,628441088],[42.309574,628482048],[42.352416,630378496],[42.476103,630161408],[42.871519,630280192],[43.892284,630325248],[43.894735,633298944],[44.278639,633430016],[45.435156,633491456],[45.523415,635056128],[45.681954,635187200],[45.730406,638169088],[45.817844,639356928],[46.15104,647106560],[46.346559,653299712],[46.466792,656531456],[46.548643,661217280],[46.728312,665960448],[46.837535,668094464],[47.129852,675180544],[47.416648,682704896],[47.565748,685731840],[47.894881,693571584],[48.051127,695549952],[48.231646,699994112],[48.257895,701218816],[48.414123,704106496],[48.455023,705536000],[48.869922,714715136],[48.871603,716288000],[48.939354,716972032],[48.939443,719073280],[49.173116,724594688],[49.184942,726560768],[49.246102,727351296],[49.855976,740012032],[49.891198,741593088],[50.598343,757547008],[50.647466,759111680],[51.208907,770543616],[51.426745,775479296],[51.603527,777048064],[51.63612,778629120],[52.050346,787783680],[52.053336,790904832],[52.132043,790908928],[52.671285,802041856],[52.674533,805187584],[52.768577,805351424],[52.971725,809345024],[53.061161,812183552],[53.211074,815185920],[53.461838,821714944],[53.462531,823287808],[53.529103,824582144],[53.743036,830246912],[53.84598,832192512],[54.082384,838836224],[54.302616,844546048],[54.306162,847691776],[54.400359,847704064],[54.650638,853176320],[55.107932,864616448],[55.318546,871010304],[55.534215,876355584],[55.91738,884428800],[56.151605,890183680],[56.441153,896864256],[56.646684,902369280],[56.911489,911405056],[57.013557,913567744],[57.130119,918339584],[57.384773,924274688],[57.562463,930070528],[57.631868,933531648],[57.777183,936554496],[58.095172,945618944],[58.257072,949174272],[58.73493,961261568],[58.936769,965464064],[58.937606,968491008],[59.000315,968495104],[59.198066,972226560],[59.312031,975368192],[59.490491,979120128],[59.6739,984268800],[60.058407,990863360],[60.0765,997396480],[60.192929,997408768],[60.389229,1002373120],[60.448527,1004392448],[60.682537,1009221632],[60.685883,1012359168],[60.746313,1012371456],[60.998222,1019035648],[61.301969,1025384448],[61.309055,1031684096],[61.415053,1031888896],[61.689935,1039888384],[62.118016,1049194496],[62.393874,1056727040],[62.517362,1058787328],[62.606183,1061089280],[62.952963,1068679168],[63.121153,1075138560],[63.29062,1080295424],[63.294305,1101869056],[63.314142,1105358848],[63.827673,1105383424],[63.909504,1107980288],[64.104537,1112576000],[64.105673,1123028992],[64.12659,1135591424],[64.126775,1127198720],[64.241171,1127206912],[64.67833,1136246784],[64.688032,1138868224],[64.822883,1140805632],[64.97502,1144991744],[64.980719,1151287296],[65.072101,1151414272],[65.07846,1157582848],[65.184942,1157586944],[65.401569,1162645504],[65.732808,1171869696],[65.926498,1176576000],[66.35322,1188589568],[67.013987,1202774016],[67.135059,1206181888],[67.343675,1211211776],[67.674245,1218101248],[67.810347,1222922240],[68.025362,1228013568],[68.333485,1234722816],[68.402712,1236860928],[68.857808,1246773248],[69.193677,1253658624],[69.371812,1259794432],[69.443608,1260847104],[69.620379,1266962432],[69.698094,1268121600],[70.035294,1276149760],[70.119399,1278652416],[70.514164,1286746112],[70.771555,1293352960],[70.858887,1293365248],[70.927594,1296326656],[71.25641,1302638592],[71.259954,1310240768],[71.469736,1314295808],[71.473626,1307938816],[71.731269,1314283520],[71.738326,1315909632],[71.984059,