{"summary":{"timestamp":1405536978,"hash":"06c7ee9c56f7c768be94c89f699527b44be664ab","max_memory":1622806528,"cpu_time":175.85,"pull_request":15667},"memory_data":[[0.003661,8192],[0.02523,18407424],[0.067657,20639744],[0.086074,25894912],[0.172921,34291712],[0.217955,44556288],[0.289284,55889920],[0.32457,64659456],[0.38051,69505024],[0.446755,81592320],[0.505988,89227264],[0.572833,101625856],[0.599288,101629952],[0.64835,131211264],[0.696465,156655616],[0.704468,156381184],[0.724698,137224192],[0.95307,139284480],[0.953432,141381632],[1.158288,143175680],[1.160565,145518592],[1.428865,148893696],[1.602649,160878592],[1.6027,162975744],[1.933068,188047360],[1.972408,194756608],[2.163609,208564224],[2.228415,214237184],[2.22857,216334336],[2.315923,222662656],[2.347081,223641600],[2.365167,214609920],[2.446477,220454912],[2.501193,248369152],[2.54068,273395712],[2.560728,282148864],[2.718563,282202112],[2.751638,286429184],[2.806638,316768256],[2.837293,316755968],[2.870778,303976448],[2.941962,308023296],[3.025134,316788736],[3.107851,316755968],[3.15759,321368064],[3.199771,321449984],[3.278016,329383936],[3.330819,329179136],[3.358918,318369792],[3.464667,318373888],[3.490194,323928064],[3.532783,345153536],[3.569495,353722368],[3.61926,355868672],[3.633495,360062976],[3.672843,360079360],[3.679309,368467968],[3.782574,368504832],[3.810448,376897536],[3.813172,389480448],[4.077533,389660672],[4.083706,408535040],[4.087796,402243584],[4.113315,402259968],[4.119628,406454272],[4.535338,406773760],[4.537836,392069120],[4.646553,392294400],[4.711805,400683008],[4.841867,400707584],[4.949464,402391040],[4.951551,404226048],[5.086313,404701184],[5.116017,408829952],[5.143763,419336192],[5.183645,419389440],[5.203631,434114560],[5.258328,434184192],[5.286291,429989888],[5.332487,434184192],[5.446959,438378496],[5.52941,442572800],[5.736452,448864256],[5.754565,457252864],[5.908445,459350016],[6.025477,463544320],[6.270917,467738624],[6.306057,469835776],[6.516183,474030080],[6.585244,476127232],[6.666597,482418688],[6.763877,486612992],[6.771465,490807296],[6.95561,501293056],[6.999818,507584512],[7.003812,530653184],[7.013871,518070272],[7.063534,524361728],[7.070255,515973120],[7.332357,518070272],[7.332462,520167424],[7.548983,522264576],[7.675583,526458880],[7.888472,530653184],[7.913774,532750336],[7.977093,532750336],[7.999498,536944640],[8.260962,539041792],[8.525305,547430400],[8.543912,549527552],[8.776836,551624704],[8.951562,555819008],[9.068304,560013312],[9.069182,564207616],[9.206988,566304768],[9.208658,572596224],[9.236895,574693376],[9.641658,576790528],[9.786437,578887680],[9.814881,583081984],[10.132525,585179136],[10.366183,587276288],[10.62168,591470592],[10.661869,593567744],[10.853082,595664896],[10.890927,597762048],[10.895743,629219328],[10.908039,645996544],[10.918098,620830720],[11.014649,622927872],[11.189911,625025024],[11.209661,627122176],[11.339284,629219328],[11.388312,631316480],[11.548182,633413632],[11.589033,635510784],[11.96841,641802240],[12.06584,643899392],[12.066254,645996544],[12.155828,648093696],[12.313611,648097792],[12.314265,650190848],[12.51444,652288000],[12.577024,654385152],[12.659122,654385152],[12.659174,656482304],[12.808682,658579456],[13.026111,660676608],[13.060298,662773760],[13.275002,664870912],[13.34384,666968064],[13.531269,669065216],[13.568749,671162368],[13.711767,673259520],[13.796862,675360768],[13.814023,683745280],[13.906351,685842432],[13.91051,690036736],[14.054947,692133888],[14.107345,694231040],[14.305353,698425344],[14.32951,700522496],[14.603387,702619648],[15.085486,708911104],[15.380935,713105408],[15.381041,715202560],[15.551435,717299712],[15.58341,719396864],[15.584134,723591168],[15.889096,725688320],[16.090744,727785472],[16.388037,731979776],[16.636113,738271232],[16.805348,740368384],[17.022077,740372480],[17.022376,742465536],[17.395294,746659840],[17.613723,748756992],[17.65501,750854144],[17.884425,752951296],[17.908607,755048448],[18.278142,757145600],[18.385158,759242752],[18.547874,761339904],[18.624948,765534208],[18.766818,767631360],[18.949749,771829760],[18.949815,773922816],[19.188308,776019968],[19.190239,778641408],[19.585937,780738560],[19.811167,780763136],[19.828497,781983744],[19.928712,782778368],[19.929129,784875520],[20.063495,787030016],[20.266825,789127168],[20.369204,791224320],[20.535695,793321472],[20.573051,795418624],[20.823342,799612928],[20.88219,801710080],[20.888111,818487296],[20.891226,845750272],[20.902719,856236032],[20.931489,900276224],[20.9365,849944576],[21.217855,854138880],[21.277628,856236032],[21.368789,862527488],[21.374746,864624640],[21.434077,866721792],[21.981984,868818944],[22.287886,873013248],[22.531796,877207552],[22.554249,879304704],[22.846886,881401856],[22.939967,883499008],[22.947756,906567680],[22.948173,893984768],[23.108561,898179072],[23.116038,921247744],[23.120607,908664832],[23.197044,910761984],[23.215832,912859136],[23.569458,914956288],[23.569829,919150592],[23.621734,923344896],[23.666253,912859136],[24.049116,898179072],[24.566185,900276224],[24.711464,902373376],[24.762417,904470528],[24.762733,906567680],[24.836469,908664832],[24.836781,910761984],[28.75189,912859136],[29.019921,914956288],[29.2323,917053440],[29.339922,919150592],[29.347285,940122112],[29.352603,927539200],[29.60386,929636352],[29.945173,931733504],[30.195572,933830656],[30.520016,935927808],[31.135309,938024960],[31.417607,940122112],[31.534021,944316416],[31.715015,946413568],[31.717033,961093632],[31.72359,952705024],[31.834451,952713216],[32.055009,958033920],[32.05506,960131072],[32.295049,965820416],[32.318682,971587584],[32.692863,980336640],[32.69318,984530944],[32.92819,990998528],[33.083464,992542720],[33.30239,998420480],[33.519253,1003298816],[33.909872,1012727808],[33.909936,1014824960],[34.145095,1020596224],[34.388925,1027309568],[34.571883,1032912896],[34.607723,1037086720],[34.720742,1039667200],[34.721005,1043861504],[34.856501,1048420352],[35.04373,1053876224],[35.110426,1055092736],[35.483578,1065316352],[35.484224,1067413504],[35.822896,1077846016],[35.894225,1079705600],[35.900398,1085997056],[36.134334,1092222976],[36.136369,1093787648],[36.684346,1109012480],[36.810406,1113604096],[36.816657,1119899648],[36.878224,1122021376],[37.128927,1128693760],[37.321021,1134981120],[37.492314,1139220480],[37.746709,1146896384],[37.749966,1153089536],[38.169686,1165262848],[38.409799,1172987904],[38.516752,1175154688],[38.88973,1185095680],[39.149128,1193345024],[39.450277,1201893376],[39.67119,1207111680],[40.063389,1218269184],[40.357866,1226956800],[40.561428,1232613376],[40.69344,1237372928],[40.88326,1246941184],[41.074011,1254350848],[41.183258,1258029056],[41.481474,1266130944],[41.594975,1270910976],[41.600799,1276153856],[41.628901,1277612032],[41.629685,1283903488],[41.855193,1293283328],[41.970605,1298558976],[42.320237,1311903744],[42.323408,1318195200],[42.433205,1321062400],[42.578947,1326387200],[42.746206,1331306496],[42.900157,1337499648],[43.051546,1342324736],[43.057858,1345458176],[43.309436,1353408512],[43.579791,1361215488],[43.725708,1364717568],[43.759596,1366257664],[43.900075,1369272320],[44.164994,1377644544],[44.351297,1382481920],[44.491998,1387294720],[44.727967,1393520640],[44.819868,1396674560],[45.115896,1404878848],[45.434256,1414451200],[45.611801,1418960896],[45.613466,1423155200],[45.835818,1428140032],[45.945487,1431756800],[45.994862,1434615808],[46.120408,1439727616],[46.128536,1446019072],[46.246803,1449418752],[46.412702,1455316992],[46.588419,1460109312],[47.058607,1472094208],[47.36678,1482711040],[47.635069,1491070976],[47.643135,1497399296],[47.944936,1507139584],[48.093303,1510064128],[48.133166,1516097536],[48.25964,1523527680],[48.422359,1531953152],[48.632353,1544871936],[48.724933,1549897728],[48.733588,1583312896],[48.734432,1549897728],[48.770561,1554350080],[49.055508,1570095104],[49.108982,1622056960],[49.111268,1571852288],[49.852891,1576210432],[49.863015,