{"summary":{"timestamp":1373384612,"hash":"0a1fc4561ca37163b6bb29aaa1715b2264df40b7","max_memory":1643307008,"cpu_time":173.26,"pull_request":7665},"memory_data":[[0.003007,4096],[0.047298,450560],[0.05115,3375104],[0.226472,10031104],[0.334093,10350592],[0.468632,12349440],[0.55179,16650240],[0.847209,22474752],[0.976608,23703552],[1.019205,28684288],[1.233528,31559680],[1.250693,35184640],[1.35791,35192832],[1.405827,41820160],[1.439159,44302336],[1.46619,49508352],[1.50257,51937280],[1.563787,58875904],[1.617681,69627904],[1.650653,70070272],[1.732031,78168064],[1.766845,86945792],[1.793426,86986752],[1.839878,91353088],[1.927147,107159552],[1.963509,106725376],[1.977591,112947200],[2.031147,122478592],[2.093023,122355712],[2.167343,131198976],[2.191647,138407936],[2.247659,138780672],[2.273604,144465920],[2.304734,147214336],[2.329704,153219072],[2.359963,156332032],[2.424567,168390656],[2.47612,175079424],[2.525438,185081856],[2.553359,187334656],[2.599858,195457024],[2.620011,202039296],[2.658479,205828096],[2.712631,217059328],[2.726565,223711232],[2.776865,224456704],[2.909891,281792512],[3.191042,407687168],[3.272015,442548224],[3.337323,457814016],[3.426735,484524032],[3.438519,485683200],[3.493907,500781056],[3.521752,510279680],[3.606331,533913600],[3.642135,537075712],[3.694976,548507648],[3.78988,572854272],[3.83638,587100160],[3.890122,599838720],[4.04295,639410176],[4.172084,675872768],[4.206784,683159552],[4.29568,708603904],[4.489665,790822912],[4.835364,941117440],[4.933285,981999616],[5.132407,1067057152],[5.423196,1193709568],[5.558395,1251254272],[5.856885,1251495936],[5.881837,1252544512],[5.947305,1259720704],[6.012076,1269370880],[6.055385,1279438848],[6.147608,1279549440],[6.188538,1287147520],[6.199215,1298649088],[6.236496,1299107840],[6.242865,1302286336],[6.315719,1303080960],[6.322909,1345073152],[6.345198,1374388224],[6.534767,1376161792],[6.571671,1390297088],[6.596076,1393668096],[6.712756,1395781632],[6.716448,1399521280],[6.774449,1401360384],[6.778187,1404563456],[6.920197,1404887040],[7.126252,1409097728],[7.159103,1412108288],[7.279163,1412919296],[7.43829,1413017600],[7.440326,1414918144],[7.726161,1414950912],[7.730389,1419005952],[7.980051,1419259904],[8.449593,1419317248],[8.45106,1420845056],[8.872902,1421307904],[8.875531,1422786560],[9.246644,1423073280],[9.274029,1424252928],[9.403074,1424257024],[9.413914,1425252352],[9.657249,1427271680],[9.77659,1429270528],[9.836558,1431994368],[10.095748,1432170496],[10.171434,1433989120],[10.366472,1434624000],[10.654359,1434787840],[10.858034,1435852800],[11.011556,1438687232],[11.013516,1440493568],[11.236674,1440673792],[11.576384,1442861056],[11.763421,1445277696],[11.999005,1445523456],[12.083767,1447329792],[12.249698,1448194048],[12.626179,1448378368],[12.891443,1449148416],[13.118671,1450364928],[13.524261,1453133824],[13.525544,1453907968],[13.702412,1454944256],[13.799248,1456476160],[14.613258,1456525312],[14.704502,1457082368],[14.729914,1458458624],[15.385508,1458511872],[15.594763,1459458048],[15.729094,1461362688],[16.166693,1463279616],[16.390348,1463390208],[16.399572,1464553472],[16.593592,1464557568],[16.61039,1465081856],[17.000343,1465561088],[17.059257,1466142720],[17.452254,1466245120],[17.535888,1467658240],[17.762483,1467785216],[17.783656,1468669952],[17.954051,1469132800],[18.018017,1470353408],[18.256498,1470361600],[18.335907,1470836736],[18.68232,1471176704],[18.709637,1471942656],[18.956532,1472364544],[19.014422,1474068480],[19.017108,1476902912],[20.620846,1476988928],[20.621619,1477677056],[20.906958,1477865472],[20.97833,1478451200],[21.204176,1478524928],[22.763507,1478590464],[23.019469,1478696960],[23.079929,1480048640],[23.335289,1480753152],[23.340193,1481592832],[23.490363,1482678272],[23.741939,1482743808],[23.916188,1485955072],[23.970864,1488584704],[24.160674,1493196800],[24.260272,1494843392],[24.369592,1498718208],[24.432073,1499938816],[24.553889,1503961088],[24.632803,1505579008],[24.709154,1508601856],[24.967075,1514901504],[25.009857,1516945408],[25.165581,1518829568],[25.256173,1520721920],[25.259744,1524686848],[25.381431,1525723136],[25.764492,1534992384],[26.353437,1538002944],[26.591003,1540403200],[26.772653,1541144576],[27.021404,1542787072],[27.393114,1544425472],[27.657979,1546326016],[27.944387,1547350016],[28.160106,1548484608],[28.44456,1550491648],[28.458529,1551491072],[28.709881,1552707584],[28.710738,1553240064],[29.122011,1555058688],[29.251041,1556840448],[29.257793,1560129536],[29.431064,1561661440],[29.637831,1561665536],[29.803967,1563385856],[29.970823,1564016640],[30.2136,1565663232],[30.508463,1566896128],[30.723896,1569124352],[31.1516,1571553280],[31.272697,1572573184],[31.515581,1573777408],[32.023136,1574236160],[32.335284,1565843456],[32.336177,1502928896],[32.429817,1504534528],[32.548624,1508438016],[33.711495,1508446208],[33.712449,1509081088],[34.685995,1509158912],[34.91378,1510297600],[38.109739,1510477824],[39.546784,1510526976],[39.562769,1510658048],[48.982473,1510674432],[81.281618,1510682624],[95.266507,1510690816],[104.014975,1510707200],[106.541335,1510768640],[106.686982,1514270720],[110.549907,1514283008],[112.556177,1514364928],[118.882378,1514377216],[122.051432,1514430464],[122.191625,1514516480],[127.451116,1514590208],[132.305508,1514688512],[134.271285,1514807296],[136.421876,1514852352],[140.120814,1514864640],[140.122084,1515900928],[141.901317,1515905024],[141.913715,1516908544],[143.828558,1516998656],[143.914741,1517285376],[144.332069,1517395968],[144.858278,1517928448],[145.294147,1518022656],[145.37096,1518419968],[146.293053,1519046656],[146.99883,1519140864],[147.856174,1519910912],[148.145693,1520832512],[148.909166,1521225728],[149.079188,1521750016],[149.854364,1521868800],[151.594859,1522761728],[151.95214,1522814976],[152.98957,1523482624],[153.877723,1523748864],[153.967273,1523937280],[154.598265,1523994624],[155.120582,1524723712],[155.792262,1524797440],[156.508267,1525149696],[156.853416,1525813248],[157.850151,1525891072],[157.850601,1526145024],[158.975298,1526390784],[159.241794,1527689216],[159.273848,1528762368],[159.676844,1530355712],[159.784025,1531568128],[159.85764,1534128128],[160.113842,1534521344],[160.168011,1536290816],[160.53813,1537056768],[160.548316,1553760256],[160.955687,1554681856],[161.173548,1554735104],[161.186852,1579876352],[161.545266,1579892736],[161.61414,1600565248],[161.705764,1600577536],[161.816736,1603239936],[162.279684,1603272704],[162.293641,1605296128],[162.445323,1605300224],[162.629507,1611694080],[162.675412,1611698176],[162.754705,1616109568],[162.785261,1621733376],[162.826365,1621819392],[162.852549,1625210880],[162.950095,1632825344],[162.970111,1635618816],[162.985769,1642917888],[163.053432,1641115648],[163.053514,1639305216],[163.181742,1639309312],[164.126814,1636945920],[164.129949,1595670528],[164.1334,1593778176],[164.135586,1560870912],[164.152268,1560887296],[164.161716,1571987456],[164.176114,1560952832],[164.188316,1561755648],[164.215918,1572954112],[164.262441,1573249024],[164.273832,1576275968],[164.335992,1578045440],[164.390584,1584865280],[164.395366,1592479744],[164.412792,1592520704],[164.423029,1600090112],[164.459132,1608794112],[164.511007,1609994240],[164.512444,1576591360],[164.52155,1558355968],[164.712604,1558335488],[164.962412,1557422080],[164.968899,1476878336],[164.971532,1475936256],[164.973121,1437188096],[164.975761,1436377088],[164.977354,1397575680],[164.984105,1356431360],[164.98568,1317400576],[164.988408,1316196352],[164.990008,1277677568],[164.992675,1276391424],[165.002631,1158664192],[165.005229,1158283264],[165.00685,1119457280],[165.00965,1118191616],[165.011269,1079250944],[165.01394,1078784000],[165.015621,1039339520],[165.018342,1037545472],[165.01997,999616512],[165.026694,959606784],[165.02835,920170496],[165.031142,919912448],[165.032828,880447488],[165.035424,879902720],[165.041259,801030144],[165.043844,799678464],[165.049594,721555456],[165.056333,