{"summary":{"timestamp":1403323285,"hash":"0ae4b97c09a5b5c230f5dee9bdcef85951b6e00d","max_memory":2025537536,"cpu_time":182.81,"pull_request":15029},"memory_data":[[0.003124,4096],[0.07226,839680],[0.097854,11104256],[0.18543,14430208],[0.248524,15212544],[0.268793,17698816],[0.386008,20852736],[0.458458,24739840],[0.501142,29065216],[0.502052,31506432],[0.608947,34172928],[0.680402,37543936],[0.713446,40718336],[0.718341,45191168],[0.846485,46407680],[0.950454,49401856],[0.978063,54579200],[1.027729,57425920],[1.054611,62693376],[1.125079,66899968],[1.146808,71426048],[1.219328,77365248],[1.231002,80543744],[1.337779,88682496],[1.383982,96243712],[1.494253,101416960],[1.494431,103514112],[1.561718,106795008],[1.608614,113303552],[1.670999,116342784],[1.717283,122789888],[1.822618,130322432],[1.826834,132427776],[1.888521,137220096],[1.971315,139132928],[2.012303,149766144],[2.05404,158117888],[2.083306,168185856],[2.123387,175742976],[2.190326,192954368],[2.208715,192462848],[2.255512,172113920],[2.333144,172027904],[2.333973,168873984],[2.643932,173109248],[2.819999,176898048],[3.068726,183754752],[3.132006,184655872],[3.280762,189579264],[3.302144,192258048],[3.470345,206196736],[3.535753,213102592],[3.586457,216465408],[3.586555,218562560],[3.667743,223854592],[3.668508,225951744],[3.725102,229302272],[3.725197,231403520],[3.782773,235356160],[3.782865,237461504],[3.848869,241553408],[3.873984,245391360],[3.895788,253673472],[3.959173,255918080],[4.022845,260096000],[4.023037,262193152],[4.082704,265936896],[4.082802,268046336],[4.142612,271855616],[4.146871,274587648],[4.228535,279523328],[4.267791,286445568],[4.327762,290037760],[4.327949,292134912],[4.390938,296742912],[4.391036,298852352],[4.448426,302645248],[4.448524,304742400],[4.50721,308707328],[4.544925,315330560],[4.623329,320053248],[4.623429,322154496],[4.677625,326000640],[4.699703,330104832],[4.945967,330113024],[5.008724,342265856],[5.043537,353173504],[5.083843,361259008],[5.124239,373727232],[5.203846,391999488],[5.785061,394096640],[5.898572,393990144],[5.907159,389427200],[5.947246,384262144],[6.07305,385794048],[6.299834,394104832],[6.498386,394178560],[6.599425,398372864],[6.601091,402567168],[6.697786,404664320],[6.768,404668416],[6.793835,406786048],[6.886812,408883200],[7.04249,408846336],[7.095075,400146432],[7.287705,402743296],[7.438858,403079168],[7.538283,407326720],[7.830611,411193344],[7.915083,414224384],[7.977605,415223808],[8.034569,418689024],[8.065151,430739456],[8.235269,433971200],[8.293014,436584448],[8.460593,439132160],[8.48771,440868864],[8.621368,444555264],[8.686275,448757760],[8.715583,452521984],[8.788568,465879040],[8.885951,467230720],[8.917519,470360064],[8.978832,471097344],[8.993491,474279936],[9.042185,474566656],[9.073194,477749248],[9.154639,479076352],[9.155312,481173504],[9.23798,482025472],[9.252625,484122624],[9.3346,487190528],[9.39953,487247872],[9.425693,489447424],[9.427197,495738880],[9.543111,496107520],[9.605691,498204672],[9.636478,502411264],[9.639891,514994176],[9.797083,515133440],[10.047731,517279744],[10.054722,534056960],[10.061853,527765504],[10.271886,529952768],[10.272199,534147072],[10.391813,535040000],[10.695747,535371776],[10.749357,537427968],[10.837646,531136512],[11.024226,531480576],[11.07097,537792512],[11.129031,541986816],[11.357157,542101504],[11.504323,544866304],[11.774295,545452032],[11.87364,546115584],[11.875128,552411136],[11.95251,554061824],[11.998984,560353280],[12.085471,562003968],[12.096538,566206464],[12.169527,570494976],[12.210297,571080704],[12.263424,577433600],[12.279213,590024704],[12.313277,592777216],[12.436747,593768448],[12.437302,595869696],[12.56014,596418560],[12.705978,599109632],[12.732683,602091520],[12.81861,604368896],[12.818953,598077440],[12.850588,598155264],[12.916614,601501696],[12.983758,601706496],[13.03302,607997952],[13.115462,608047104],[13.134457,610144256],[13.196584,610508800],[13.291944,615030784],[13.363678,617127936],[13.534463,617275392],[13.547887,619372544],[13.6284,619401216],[13.648464,621498368],[13.710068,621629440],[13.747735,625823744],[13.755602,630018048],[13.880828,634212352],[14.123878,638103552],[14.155489,640987136],[14.265316,643084288],[14.412882,647278592],[14.513261,651472896],[14.523786,655667200],[14.649336,657764352],[14.732965,666152960],[14.820768,668250112],[14.890198,672444416],[14.959632,678735872],[14.982784,682930176],[14.996612,680833024],[15.074413,687124480],[15.086604,678735872],[15.241471,679489536],[15.53709,679657472],[15.544112,681754624],[15.635123,681762816],[15.644289,683864064],[15.699428,683876352],[15.78163,688107520],[15.810561,692322304],[15.812354,715390976],[15.826707,702808064],[15.908525,702832640],[15.949029,707026944],[16.134394,711221248],[16.298485,713318400],[16.519624,717512704],[16.631886,723804160],[16.710114,725901312],[16.925026,727998464],[17.185668,732192768],[17.241913,734289920],[17.525638,740581376],[17.563164,742678528],[17.896952,746909696],[18.005889,749006848],[18.025501,751104000],[18.243025,755298304],[18.370732,759492608],[18.43617,759705600],[18.507789,763899904],[18.718308,766238720],[18.804204,768335872],[18.806876,774627328],[18.893201,776724480],[18.893512,780918784],[19.403481,783015936],[19.632504,785113088],[19.936862,789307392],[20.162766,791404544],[20.439891,795598848],[20.476424,799793152],[20.826723,803987456],[21.163567,810278912],[21.428402,812376064],[21.677618,816570368],[21.75683,818667520],[22.038606,822861824],[22.088951,824958976],[22.191573,827056128],[22.193891,854319104],[22.216442,875290624],[22.22377,850124800],[22.299138,852221952],[22.460348,854319104],[22.521558,856416256],[22.673533,858513408],[22.772664,862707712],[23.094914,868999168],[23.242566,871096320],[23.542137,873193472],[23.622219,875290624],[23.646963,877387776],[23.767982,879484928],[23.966653,881582080],[24.040109,883679232],[24.040196,885776384],[24.323488,887873536],[24.372688,889970688],[24.642849,892067840],[24.782602,894164992],[24.98266,896262144],[25.0894,898359296],[25.126634,900456448],[25.293637,902553600],[25.314638,904650752],[25.41508,906747904],[25.665782,908845056],[25.999061,917233664],[26.12423,919330816],[26.191998,921427968],[26.202042,927719424],[26.303131,931913728],[26.328359,938205184],[26.544508,940302336],[26.912392,944496640],[27.017956,946593792],[27.216876,948690944],[27.532364,952885248],[27.631275,954982400],[28.007214,959176704],[28.159736,961273856],[28.370125,965468160],[28.626685,967565312],[28.773165,969662464],[29.165128,973856768],[29.186277,980205568],[29.24242,982302720],[29.244595,988594176],[29.399551,990691328],[29.992451,992788480],[30.266271,996982784],[31.113201,1005371392],[31.229728,1007468544],[31.5026,1009565696],[31.542551,1011662848],[31.843706,1013760000],[31.884518,1015857152],[32.093826,1017954304],[32.378806,1020051456],[32.586069,1022148608],[32.837428,1026342912],[32.970888,1032634368],[33.315444,1034731520],[33.370345,1036828672],[33.388221,1041022976],[33.991425,1043120128],[34.210441,1045217280],[34.311475,1047314432],[34.692553,1051508736],[34.890116,1055703040],[34.902686,1064091648],[35.092972,1066188800],[35.527968,1068285952],[35.795182,1072496640],[35.844137,1074593792],[35.965708,1074679808],[36.008201,1076776960],[36.064923,1076781056],[36.267586,1080975360],[36.703562,1087266816],[36.788626,1089363968],[37.012616,1091461120],[37.31162,1093558272],[37.553871,1097752576],[37.64764,1099849728],[37.783885,1106141184],[37.845775,1110335488],[37.84998,1158569984],[37.865194,1169055744],[37.896539,1208901632],[37.911298,1158569984],[37.944372,1162764288],[38.727265,1164861440],[38.79059,1166958592],[38.966056,1169055744],[39.052707,1171152896],[39.237251,1173250048],[39.554402,1177444352],[39.58647,1179541504],[39.872353,1181638656],[39.946592,1183735808],[39.996713,1187930112],[39.998495,1210998784],[40.011172,1198415872],[40.154013,1200513024],[40.172997,1231970304],[40.173689,1215193088],[40.544166,1215197184],[40.684626,1216303104],