{"summary":{"timestamp":1377043929,"hash":"0bc1ca404539102065ee0757944ce2288db4cb32","max_memory":2161385472,"cpu_time":null,"pull_request":8631},"memory_data":[[0.001654,4096],[0.046799,520192],[0.057295,4177920],[0.227586,11575296],[0.351086,12533760],[0.4676,14921728],[0.484745,16867328],[0.595174,19492864],[0.604072,24281088],[0.713094,25960448],[0.776792,27971584],[0.916826,30191616],[0.92118,51109888],[0.959007,51310592],[0.959504,55640064],[1.169649,58195968],[1.232416,71286784],[1.241033,75481088],[1.308398,90161152],[1.324616,98549760],[1.36703,104841216],[1.412686,119521280],[1.458379,127909888],[1.4747,136298496],[1.509727,138395648],[1.525947,146784256],[1.551973,146784256],[1.594805,159367168],[1.61195,167755776],[1.648827,174047232],[1.763471,199213056],[1.896421,230670336],[1.996477,255836160],[2.024999,260349952],[2.03622,272932864],[2.060533,275161088],[2.116052,359047168],[2.171443,440922112],[2.197435,441507840],[2.237709,464576512],[2.257118,479256576],[2.277463,487645184],[2.338838,527491072],[2.357762,531685376],[2.431125,567336960],[2.447319,579919872],[2.479835,594599936],[2.565796,642834432],[2.597206,663805952],[2.639567,686874624],[2.657077,701554688],[2.691509,753983488],[2.820732,955441152],[2.840624,957669376],[2.901443,1052041216],[2.974132,1167384576],[3.002465,1209380864],[3.07617,1333112832],[3.152383,1454747648],[3.160505,1465339904],[3.182677,1456951296],[3.199728,1398231040],[3.208465,1389842432],[3.216499,1364676608],[3.221178,1331122176],[3.232761,1293373440],[3.239358,1289179136],[3.244775,1264013312],[3.252531,1259819008],[3.256642,1238847488],[3.263323,1230458880],[3.266429,1209487360],[3.281225,1184321536],[3.288721,1163350016],[3.296441,1104629760],[3.314653,1062686720],[3.318662,1016549376],[3.330378,1016520704],[3.346228,968515584],[3.368642,908865536],[3.387192,853000192],[3.41002,792891392],[3.435664,715575296],[3.449421,680263680],[3.452526,608165888],[3.464442,608141312],[3.472296,591364096],[3.477528,562003968],[3.484746,560623616],[3.509381,493006848],[3.542495,410058752],[3.544221,401432576],[3.578209,412880896],[3.580735,431755264],[3.587954,421269504],[3.609919,422522880],[3.61523,460271616],[3.629346,456077312],[3.629396,441397248],[3.673233,444506112],[3.683848,517906432],[3.712612,480157696],[3.756229,484143104],[3.89965,485339136],[3.904723,494120960],[3.94354,519811072],[3.95115,551268352],[3.951238,521908224],[4.024213,523792384],[4.041654,532922368],[4.073624,533520384],[4.100385,545251328],[4.193772,545656832],[4.367875,557821952],[4.404974,565374976],[4.544102,568672256],[4.545581,571297792],[4.635307,571629568],[4.642617,577921024],[4.727222,578535424],[4.914172,578617344],[4.916783,591171584],[4.923642,584880128],[5.535377,585433088],[5.540584,606392320],[5.554233,605749248],[5.554399,593809408],[5.934251,594325504],[5.938503,596885504],[6.000398,597512192],[6.02296,604102656],[6.093507,608301056],[6.096384,625078272],[6.106097,616685568],[6.201283,616943616],[6.338398,622919680],[6.391443,623685632],[6.492313,629714944],[6.534412,631123968],[6.608012,636366848],[6.683412,638930944],[6.771603,645181440],[6.908548,647409664],[6.909307,653701120],[7.13456,658616320],[7.213693,659316736],[7.386171,663154688],[7.507024,664715264],[7.634398,668168192],[7.635731,674459648],[7.727768,675479552],[7.734334,677584896],[7.805817,678604800],[7.896657,683032576],[7.9686,685314048],[8.157219,688599040],[8.396873,694333440],[8.615925,697028608],[8.815003,701472768],[8.815411,702705664],[8.970225,705990656],[8.973241,724869120],[8.98267,716476416],[9.119777,720039936],[9.437493,722841600],[9.444805,724856832],[9.637604,726552576],[9.710935,728338432],[9.8307,728473600],[9.951032,730628096],[10.105557,732151808],[10.339597,735186944],[10.344106,737046528],[10.581588,740098048],[10.779312,743469056],[10.854353,744198144],[10.978067,747388928],[11.131922,748843008],[11.298011,751194112],[11.306575,754569216],[11.501218,756400128],[11.555187,757993472],[11.812089,760979456],[11.912782,763592704],[12.165829,765673472],[12.360519,768376832],[12.585869,770330624],[12.612532,771305472],[12.851568,773718016],[12.855912,792592384],[12.866899,784199680],[13.001418,784826368],[13.140134,787697664],[13.146412,823353344],[13.16469,804478976],[13.187922,805421056],[13.392441,807129088],[13.393167,809271296],[13.564855,810827776],[13.667514,812580864],[13.767117,812957696],[13.877751,814886912],[14.065703,816140288],[14.495265,820858880],[14.496251,823902208],[14.69532,825565184],[14.741796,826920960],[14.844438,827596800],[14.991874,830226432],[15.208707,832241664],[15.319695,835194880],[15.449918,836743168],[15.596325,839274496],[15.694741,839733248],[15.696234,846024704],[15.76852,847638528],[15.946139,848941056],[16.459167,854618112],[16.502223,860610560],[16.619309,872701952],[16.620358,878993408],[16.704981,888668160],[16.705767,892862464],[16.8579,913657856],[16.86559,919949312],[16.906524,924790784],[17.060309,946860032],[17.141066,957575168],[17.191778,972161024],[17.193675,982667264],[17.203844,978468864],[17.223981,984621056],[17.345913,1002381312],[18.070049,1003266048],[18.206178,1004384256],[18.808658,1005322240],[18.827114,1007996928],[18.915061,1010638848],[18.916073,1014022144],[18.982574,1016504320],[19.186755,1017118720],[19.606233,1017196544],[19.76404,1018036224],[20.566033,1018130432],[20.761594,1020686336],[20.83744,1022500864],[20.906223,1026543616],[21.01415,1031327744],[21.061251,1032347648],[21.119195,1036075008],[21.291538,1040125952],[21.376582,1044881408],[21.599045,1052631040],[21.832414,1063878656],[21.986623,1068195840],[22.164799,1075154944],[22.206903,1075245056],[22.309958,1079472128],[22.398672,1081933824],[22.467886,1082646528],[22.653097,1090891776],[22.698999,1090969600],[22.975237,1101488128],[23.118729,1104846848],[23.172168,1107697664],[23.256886,1107787776],[23.357967,1109463040],[23.442692,1112657920],[23.541112,1112813568],[23.779079,1122684928],[23.842234,1122775040],[23.905522,1125330944],[23.90574,1127428096],[23.968356,1127575552],[23.97494,1129672704],[24.025336,1129713664],[24.21514,1137221632],[24.273705,1137561600],[24.310078,1139961856],[24.383533,1140518912],[24.383684,1142616064],[24.499516,1142730752],[24.610871,1147834368],[24.738421,1152192512],[24.738569,1154289664],[24.811455,1155325952],[24.811655,1157423104],[24.87504,1158201344],[24.875143,1160568832],[24.930885,1161592832],[24.930935,1163722752],[24.980045,1163816960],[25.136691,1170415616],[25.180436,1170522112],[25.188167,1176813568],[25.265752,1176915968],[25.309776,1180528640],[25.357189,1180684288],[25.447179,1184428032],[25.574583,1186635776],[25.650388,1190830080],[25.71049,1190838272],[25.713446,1192935424],[25.841311,1197137920],[25.912741,1201336320],[25.965873,1201352704],[26.023846,1203355648],[26.024005,1205456896],[26.084807,1206087680],[26.208211,1211179008],[26.20837,1213276160],[26.305389,1215373312],[26.305439,1217470464],[26.450106,1223913472],[26.532251,1226018816],[26.607096,1230221312],[26.778473,1236652032],[26.968913,1245048832],[27.001615,1245052928],[27.044536,1249247232],[27.045313,1253441536],[27.112085,1253445632],[27.183795,1257639936],[27.288027,1259745280],[27.297013,1261842432],[27.367093,1263943680],[27.428168,1268137984],[27.455448,1268142080],[27.531748,1276530688],[27.538237,1278627840],[27.618094,1280733184],[27.619107,1282830336],[27.671789,1287024640],[27.790649,1291231232],[27.84039,1295429632],[27.970273,1303826432],[27.977825,1305923584],[27.983687,1339478016],[28.005604,1320603648],[28.054603,1324802048],[28.239257,1331109888],[28.263798,1335304192],[28.314351,1337405440],[28.33143,1341599744],[28.447697,1341612032],[28.454209,1343709184],[28.602144,1347911680],[28.627344,1356300288],[28.804085,1360506880],[28.937906,1366806528],[29.112905,1373110272],[29.235008,1379405824],[29.25606,1522012160],[29.313712,1448611840],[29.376101,1452810240],[29.426602,1452814336],[29.488449,1457008640],[29.632888,1461219328],[29.639779,1463316480],[29.688911,1463320576],