{"summary":{"timestamp":1372678679,"hash":"0bd67f68913288af7cb26cca796842e9c8514521","max_memory":1287290880,"cpu_time":null,"pull_request":7443},"memory_data":[[0.001544,4096],[0.068047,229376],[0.124086,5730304],[0.205299,6225920],[0.32364,10227712],[0.462751,11489280],[0.536336,13164544],[0.621744,17039360],[0.777833,19738624],[0.818937,21413888],[0.932108,22495232],[0.932288,24731648],[1.001464,25067520],[1.001752,27344896],[1.249594,29454336],[1.377324,43311104],[1.400055,48791552],[1.453976,52236288],[1.467438,56676352],[1.504858,58650624],[1.541907,66465792],[1.563073,66260992],[1.585981,73986048],[1.623158,74059776],[1.667669,81981440],[1.710061,82030592],[1.777103,89063424],[1.892641,102699008],[1.947062,107597824],[1.958752,110866432],[2.016241,115941376],[2.03152,122187776],[2.063968,122814464],[2.086287,131661824],[2.169526,194924544],[2.200286,217026560],[2.255142,226119680],[2.342691,255496192],[2.359887,256835584],[2.47534,289128448],[2.601981,329846784],[2.713447,406908928],[2.723428,411009024],[2.810528,471130112],[2.919491,549597184],[3.130053,549687296],[3.236632,551104512],[3.315087,551202816],[3.327951,553680896],[3.429116,554225664],[3.43927,625528832],[3.73272,626892800],[3.792944,630034432],[3.929762,633552896],[4.147551,634585088],[4.197184,635830272],[5.103138,635883520],[5.107386,641409024],[5.294534,641699840],[5.362733,642957312],[5.45392,642998272],[5.482747,645574656],[5.610465,646823936],[5.920664,647417856],[6.503239,647573504],[6.565629,649687040],[6.74942,649830400],[6.951647,651997184],[6.953091,653819904],[7.19335,653938688],[7.449951,654942208],[7.556418,655847424],[7.5588,658509824],[7.766895,658534400],[8.030648,659353600],[8.036225,660045824],[8.202734,660557824],[8.382418,662007808],[8.581701,662728704],[8.582059,663261184],[8.806606,663584768],[8.850844,664170496],[9.110615,665268224],[9.33586,665485312],[10.670834,665645056],[10.933728,666357760],[11.883373,666370048],[13.052243,666570752],[13.084494,667750400],[13.301891,668811264],[13.968887,669417472],[14.073231,668553216],[14.175539,676675584],[14.33966,688168960],[14.350279,689762304],[14.824078,725065728],[14.898343,731041792],[15.058242,741789696],[15.180087,751280128],[15.458367,768901120],[15.536385,775110656],[15.704026,785625088],[15.995478,805724160],[16.03953,809668608],[16.196586,821424128],[16.208558,823005184],[16.357533,833392640],[16.527545,846286848],[16.52908,847859712],[16.75057,863477760],[16.763772,865587200],[17.273511,902352896],[17.475177,916504576],[17.500805,919437312],[17.585092,924942336],[18.007826,955998208],[18.008785,960196608],[18.047553,960708608],[18.2777,976580608],[18.308917,977698816],[18.309932,982683648],[18.343581,982691840],[18.472595,994168832],[18.591349,1001996288],[18.592308,1006202880],[18.661444,1008398336],[18.766158,1017139200],[18.778632,1019252736],[18.962116,1031872512],[19.054672,1039015936],[19.378372,1061593088],[19.607631,1078087680],[19.609771,1080164352],[19.810231,1093439488],[19.993084,1106718720],[20.13381,1117691904],[20.310323,1129766912],[20.504039,1133821952],[20.504238,1134473216],[20.674235,1137860608],[20.87473,1138962432],[20.881244,1128910848],[20.903575,1119727616],[21.108361,1115340800],[21.108411,1113427968],[21.166577,1042120704],[21.214423,1042591744],[21.290775,1045487616],[22.061183,1045491712],[22.277621,1047592960],[22.280488,1079050240],[22.322214,1079058432],[22.32475,1104220160],[22.854182,1079115776],[22.858044,1045491712],[23.048371,1045671936],[23.146266,1046614016],[26.388501,1046630400],[26.41767,1046749184],[28.743475,1046777856],[53.429048,1046781952],[53.429251,1043632128],[79.708522,1043763200],[79.831407,1047379968],[82.55319,1047433216],[85.471565,1047437312],[88.811567,1047478272],[89.226676,1047523328],[98.82572,1047535616],[100.572416,1052196864],[100.779176,1052635136],[100.806553,1053356032],[100.807111,1057353728],[101.486234,1057480704],[101.536945,1058672640],[101.79349,1059319808],[101.793839,1060769792],[102.338045,1060773888],[103.520945,1064189952],[103.522922,1076772864],[103.611175,1077030912],[104.219566,1077035008],[104.371372,1079140352],[104.373613,1083326464],[106.885566,1083338752],[107.546451,1084837888],[107.551061,1097420800],[107.577495,1097494528],[109.028047,1097515008],[109.266769,1097699328],[109.2683,1114292224],[110.428791,1114406912],[110.429577,1122725888],[112.470337,1122791424],[112.520968,1123917824],[112.753005,1124167680],[112.776722,1125228544],[113.077459,1125937152],[113.192801,1128910848],[113.533396,1129730048],[113.578355,1131663360],[113.84938,1132261376],[114.596014,1136762880],[114.875014,1139183616],[114.980758,1140510720],[115.014267,1142054912],[115.28313,1142779904],[115.297782,1143390208],[115.60963,1145245696],[115.844766,1147449344],[116.145592,1149751296],[116.214546,1151016960],[116.315015,1151299584],[116.541909,1153056768],[116.579587,1154600960],[116.691284,1154887680],[116.762211,1157890048],[117.21483,1159094272],[117.24662,1160318976],[117.41615,1160687616],[117.523936,1161928704],[117.553303,1163309056],[117.661633,1164398592],[118.024896,1165275136],[118.163951,1166934016],[118.187429,1168080896],[118.290581,1168314368],[118.323271,1169760256],[118.616923,1170362368],[118.673847,1173073920],[118.806148,1173364736],[118.933413,1179074560],[119.472342,1180823552],[119.830126,1181696000],[120.138562,1182736384],[120.253271,1187139584],[120.873323,1188839424],[121.002236,1190600704],[121.203702,1191493632],[121.437195,1193635840],[121.486375,1195786240],[121.668321,1196134400],[121.731924,1198268416],[122.019239,1199046656],[122.019816,1202057216],[122.305821,1202286592],[122.352592,1204252672],[122.709432,1205387264],[122.73465,1208217600],[122.819489,1242673152],[122.899763,1242685440],[123.007353,1245290496],[123.443162,1245315072],[123.455299,1247334400],[123.599992,1247338496],[123.675458,1252577280],[123.676007,1256013824],[123.752434,1257820160],[123.753062,1264115712],[123.940782,1264205824],[123.955381,1267744768],[124.059021,1278087168],[124.074614,1286762496],[124.138518,1284976640],[124.138618,1281261568],[124.262239,1281265664],[125.178121,1274867712],[125.182505,1262612480],[125.185057,1181151232],[125.197121,1183277056],[125.200979,1194119168],[125.216549,1186213888],[125.229744,1197129728],[125.376532,1197490176],[125.412612,1201479680],[125.485715,1201549312],[125.537167,1210109952],[125.538343,1217130496],[125.565004,1232936960],[125.597259,1234325504],[125.600213,1184264192],[125.808599,1183113216],[125.80865,1180065792],[125.851101,1180008448],[125.854111,1134518272],[125.86092,973627392],[125.862388,971280384],[125.866761,854458368],[125.868725,768688128],[125.870394,767447040],[125.874671,688566272],[125.875426,649519104],[125.884805,490627072],[125.886598,489304064],[125.890652,411832320],[125.89481,370552832],[125.895969,331735040],[125.900179,291545088],[125.909054,170229760],[125.913222,91303936],[125.916992,62119936]],"pass_timing":[["parsing",0.779],["configuration 1",0.166],["expansion",0.401],["configuration 2",0.164],["maybe building test harness",0.154],["extra injection",0.107],["ast indexing",0.197],["external crate/lib resolution",0.491],["language item collection",0.035],["resolution",1.34],["looking for entry point",0.001],["freevar finding",0.082],["region resolution",0.098],["region parameterization inference",0.039],["type collecting",0.121],["coherence checking",0.131],["type checking",4.967],["const marking",0.217],["const checking",0.027],["privacy checking",0.143],["effect checking",0.041],["loop checking",0.022],["compute moves",0.509],["match checking",0.076],["liveness checking",0.167],["borrow checking",0.756],["kind checking",0.088],["reachability checking",0.041],["lint checking",0.157],["translation",7.85],["LLVM passes",104.019],["linking",0.414]]}