{"summary":{"timestamp":1360362352,"hash":"0c2b4edff5009ff4d2330723d9acbc85af4b12ab","max_memory":1157574656,"cpu_time":73.18,"pull_request":4847},"memory_data":[[0.002962,8192],[0.010447,2895872],[0.113695,5464064],[0.462336,16474112],[0.804542,27779072],[1.206537,40677376],[1.577149,52944896],[2.329386,76795904],[2.586909,84664320],[2.700921,106295296],[2.991944,159502336],[3.419891,159518720],[3.455685,165806080],[3.581044,173072384],[3.658024,181878784],[3.757053,187297792],[3.807775,194416640],[3.860041,198594560],[4.027994,203010048],[4.197726,211738624],[4.239907,215658496],[4.382409,221700096],[4.540458,230281216],[4.563025,232587264],[4.836789,249974784],[4.891653,255410176],[4.972002,255500288],[5.031107,267464704],[5.045822,268492800],[5.099543,279576576],[5.103397,283791360],[5.134381,281690112],[5.239233,303063040],[5.328186,304205824],[5.351229,313942016],[5.433223,314970112],[5.446614,323682304],[5.488073,324657152],[5.501193,339656704],[5.632022,340811776],[5.936882,340840448],[6.002837,346718208],[6.256457,347922432],[6.41354,349114368],[6.416022,350162944],[6.55208,350167040],[6.815337,351522816],[6.821419,353624064],[7.18971,353628160],[7.521612,355786752],[7.765556,356855808],[7.777756,361000960],[8.490256,361025536],[8.4932,362053632],[8.69368,362057728],[9.105033,364363776],[9.558938,367706112],[9.584218,376090624],[9.782123,376111104],[9.825885,377221120],[9.835316,381353984],[9.877149,381698048],[9.900045,390090752],[9.972357,390094848],[9.99189,391725056],[10.077479,392605696],[10.080192,399851520],[10.33646,407617536],[10.459787,408289280],[10.474233,409444352],[10.825608,412889088],[10.828559,413941760],[10.930147,413954048],[11.082217,415518720],[11.356966,416944128],[11.378641,417792000],[11.591581,418963456],[11.597578,420974592],[11.884577,420995072],[12.18108,423006208],[12.474683,427495424],[12.663375,427933696],[12.804501,428826624],[12.869073,430407680],[12.881794,434466816],[13.247856,434544640],[13.34619,434958336],[13.667451,437891072],[14.009394,438685696],[14.304292,440766464],[14.486746,441507840],[14.573967,445108224],[14.850826,445218816],[15.022944,445865984],[15.267042,447746048],[15.790841,449044480],[16.005355,450301952],[16.015521,450867200],[16.224812,451506176],[16.333782,452517888],[16.359799,460808192],[17.479144,460836864],[17.530762,462000128],[17.696049,462041088],[17.92446,463392768],[18.052607,464617472],[18.056321,465727488],[18.346969,466231296],[18.880235,469716992],[19.061917,469889024],[19.218155,470589440],[19.241096,471535616],[19.362964,471613440],[19.484062,472596480],[19.520444,473956352],[19.963629,475119616],[20.26563,476561408],[20.304524,477761536],[20.583173,478158848],[20.815947,479547392],[21.151998,480215040],[21.401822,481161216],[21.56332,483045376],[21.735798,483397632],[21.927499,484741120],[22.026181,486006784],[22.211262,486285312],[22.330515,487706624],[22.399166,489562112],[22.665669,490106880],[22.702056,490938368],[22.910103,491884544],[23.019101,491892736],[23.135776,493322240],[23.394491,493973504],[23.506516,499318784],[23.517413,503513088],[23.596428,505118720],[23.62047,513507328],[24.176995,513560576],[24.287554,516632576],[24.681976,517742592],[24.76137,518635520],[25.000641,519364608],[25.081806,520683520],[25.353766,523427840],[25.766487,523669504],[25.769404,524648448],[26.057349,524767232],[26.080689,526004224],[26.193477,526725120],[26.195793,536997888],[26.218118,539488256],[26.37863,539664384],[26.391381,541822976],[26.498346,541835264],[26.567528,544825344],[26.583484,549531648],[26.590406,557903872],[26.633776,555253760],[26.634569,562094080],[26.888825,562098176],[26.958079,564301824],[26.958786,566398976],[27.022998,567590912],[27.024225,571785216],[27.094661,573796352],[27.374352,586514432],[27.446113,590639104],[27.641894,596250624],[27.718813,596889600],[28.093044,606363648],[28.09427,610557952],[28.219007,612769792],[28.330217,616030208],[28.337657,624451584],[28.381648,624459776],[28.382917,632840192],[28.826614,632848384],[28.869749,635838464],[29.030871,640667648],[29.060433,643723264],[29.070839,650276864],[29.141944,652627968],[29.313024,656777216],[29.567354,665059328],[29.581545,667668480],[29.784941,674742272],[29.95272,678850560],[30.085278,683442176],[30.334391,690577408],[30.349303,690581504],[30.762221,702267392],[30.867403,705990656],[31.170933,715767808],[31.315485,716742656],[31.475998,721842176],[31.695429,730894336],[31.888216,736428032],[31.937746,737173504],[32.081779,741515264],[32.114019,741617664],[32.337258,748331008],[32.337438,750428160],[32.537219,756944896],[32.602064,757698560],[32.77077,764276736],[32.947153,767406080],[33.191599,773120000],[33.284449,776212480],[33.302917,778395648],[33.657447,789827584],[33.870114,795357184],[33.945544,796524544],[33.945925,798621696],[34.104799,802668544],[34.396165,809172992],[34.513663,813035520],[34.634947,815022080],[34.637232,819232768],[34.714096,821760000],[34.791563,822411264],[34.980596,828608512],[35.142929,830132224],[35.307807,835014656],[35.483792,841048064],[35.485143,843255808],[35.689169,848338944],[35.824583,853098496],[36.082719,859615232],[36.220104,864301056],[36.357148,867295232],[36.563526,874553344],[36.680073,876875776],[36.869074,882872320],[36.913032,884805632],[37.088105,889577472],[37.194729,893190144],[37.395601,896987136],[37.501227,900157440],[37.665748,903725056],[37.772744,907317248],[37.774695,909770752],[37.837375,911409152],[37.862162,916377600],[38.141033,925241344],[38.165677,928436224],[38.234244,928604160],[38.380408,933777408],[38.550511,938082304],[38.550601,940179456],[38.746401,945983488],[38.786895,955699200],[39.382098,974393344],[39.510263,977514496],[39.822697,986603520],[39.829375,988700672],[39.947878,990330880],[39.948103,992428032],[40.125216,998252544],[40.233019,1001152512],[40.253286,1003380736],[40.343842,1006678016],[40.473193,1009246208],[40.787454,1019654144],[40.911064,1022873600],[41.14396,1030483968],[41.471201,1039720448],[41.486441,1039728640],[41.770756,1049706496],[41.81566,1052291072],[41.913813,1055571968],[41.951776,1058926592],[41.970093,1066401792],[42.100524,1069395968],[42.100934,1071493120],[42.165342,1075085312],[42.231,1076563968],[42.362894,1077338112],[42.364354,1078513664],[43.000024,1082155008],[43.005916,1077104640],[43.269452,1076486144],[43.269911,989020160],[43.390634,989151232],[43.486054,992448512],[44.882768,992579584],[46.170666,992800768],[46.202386,993173504],[47.050098,995274752],[47.051985,1009954816],[47.215604,1012895744],[47.264154,1015992320],[47.270874,1083105280],[47.297095,1066323968],[47.305441,1066512384],[47.311932,1079222272],[47.774612,1078497280],[47.782211,993173504],[48.427106,993456128],[52.408794,993591296],[52.412942,1010171904],[52.643222,1010368512],[65.2504,1010397184],[85.733583,1010565120],[85.736578,1043898368],[85.744528,1043488768],[85.744772,1027309568],[95.374056,1027313664],[96.63361,1027473408],[96.641783,1033187328],[96.654078,1027387392],[96.713685,1027465216],[96.71508,1031450624],[96.802784,1033547776],[96.812162,1054388224],[96.826411,1056616448],[97.07949,1058713600],[97.081197,1067106304],[97.220174,1069203456],[97.226332,1071304704],[97.232842,1136316416],[97.613698,1142611968],[97.616698,1157292032],[97.618133,1125961728],[97.73882,1128058880],[97.833335,1060945920],[97.835558,1048477696],[97.842421,1068519424],[97.842595,1047752704],[99.316202,1045970944],[99.316574,1039294464],[99.398331,1038622720],[99.399243,999432192],[99.40293,959496192],[99.403834,919986176],[99.407439,880062464],[99.410589,801083392],[99.412115,798646272],[99.418892,679628800],[99.419774,629366784],[99.423381,584052736],[99.426522,479211520],[99.434989,347435008],[99.436115,278048768],[99.437608,277045248],[99.440606,199024640],[99.445712,119156736],[99.447294,117817344],[99.451131,43765760],[99.453265,41070592]],