{"summary":{"timestamp":1392510987,"hash":"0c62d9d83d150c6937905288d69bf874c9fe81c3","max_memory":1259126784,"cpu_time":130.92,"pull_request":12298},"memory_data":[[0.002079,8192],[0.010569,9379840],[0.081743,24358912],[0.140173,32481280],[0.169146,40644608],[0.263925,54120448],[0.401474,76275712],[0.47578,90234880],[0.505808,90263552],[0.522423,96354304],[0.607482,134901760],[0.757279,135667712],[0.760613,136892416],[0.917206,138260480],[1.213207,138661888],[1.217386,139317248],[1.435147,140017664],[1.557584,150945792],[1.595902,155271168],[1.74387,168783872],[1.864097,168804352],[1.950586,209616896],[2.534298,209702912],[2.630797,215949312],[2.66536,220147712],[2.952274,220327936],[2.953773,223088640],[2.998566,223178752],[3.00453,228077568],[3.070326,228159488],[3.111549,230203392],[3.119242,235941888],[3.367323,235945984],[3.380519,240226304],[3.389239,259014656],[3.395156,251670528],[3.59476,253771776],[3.947505,253882368],[3.972264,258572288],[3.974535,264785920],[4.007048,264835072],[4.015588,269639680],[4.044681,271736832],[4.04868,276844544],[4.170212,276848640],[4.170937,278421504],[4.318369,278540288],[4.3194,280518656],[4.433632,280600576],[4.437091,285646848],[4.607708,286564352],[4.608078,289431552],[4.790753,286679040],[5.111812,287006720],[5.112552,288915456],[5.556332,291012608],[5.557394,293629952],[5.717513,295731200],[5.722188,310411264],[5.727835,302018560],[5.786969,302080000],[5.827751,305991680],[5.991256,306630656],[6.139896,310497280],[6.340924,315015168],[6.433166,318160896],[6.57793,320757760],[6.633969,322744320],[6.635702,331087872],[6.73864,331223040],[6.911648,335806464],[6.912123,336769024],[7.156703,339148800],[7.267861,341221376],[7.300273,343371776],[7.37528,343396352],[7.602489,347848704],[7.717282,350658560],[7.7287,384245760],[7.738653,367464448],[7.83307,368766976],[8.181889,377966592],[8.207223,380022784],[8.349937,381390848],[8.467499,385462272],[8.67171,388046848],[8.694504,389595136],[8.784256,390189056],[8.847733,392454144],[8.916238,392544256],[8.987899,395730944],[8.991555,412372992],[9.355066,412631040],[9.397863,413548544],[9.433315,416714752],[9.507099,416403456],[9.549479,419508224],[9.63261,419512320],[9.74431,421285888],[9.766124,423251968],[9.982865,425480192],[10.006161,426729472],[10.189486,429461504],[10.224894,430604288],[10.356549,431919104],[10.456277,436785152],[10.584417,436842496],[10.680152,438960128],[10.815043,440160256],[10.943284,442699776],[11.086911,444284928],[11.115358,446681088],[11.241142,447094784],[11.261739,450596864],[11.384514,450727936],[11.487017,452997120],[11.696885,455421952],[11.763997,458440704],[11.844815,458412032],[11.896822,460910592],[11.972749,461185024],[12.095011,463081472],[12.117607,464293888],[12.219096,465100800],[12.308983,466915328],[12.335602,468971520],[12.474798,471293952],[12.60006,474382336],[12.621919,541495296],[12.642289,507936768],[12.854552,510529536],[12.961079,513511424],[13.07872,523431936],[13.092105,527458304],[13.097614,558915584],[13.107715,553984000],[13.891119,554061824],[13.892957,558047232],[13.924004,560148480],[13.925324,566439936],[13.977197,566501376],[13.980989,583217152],[14.022966,573583360],[14.023265,553984000],[14.445085,553701376],[14.445202,545591296],[15.295733,545595392],[15.29651,547557376],[15.446064,547561472],[15.660846,550846464],[16.035552,551071744],[16.846438,551182336],[16.847868,555188224],[17.019631,555298816],[17.050407,557547520],[17.124929,557465600],[17.12505,555319296],[17.59745,555327488],[17.606257,584691712],[17.61807,570007552],[17.893755,581230592],[18.152053,594530304],[18.189181,598708224],[18.378076,607608832],[18.53036,622350336],[18.709655,629710848],[18.88234,637747200],[18.996522,642252800],[19.003109,667435008],[19.012634,654848000],[19.176012,661381120],[19.197721,663470080],[19.317179,668368896],[19.456364,676962304],[19.614457,683421696],[19.641812,685522944],[19.972474,699219968],[20.104174,705748992],[20.264945,712437760],[20.307956,715706368],[20.383381,719044608],[20.513449,723406848],[20.583519,726847488],[20.585052,731041792],[20.624709,731054080],[20.855393,739749888],[20.916548,742776832],[20.918127,746971136],[20.972042,746983424],[21.313646,761765888],[21.400433,766222336],[21.401794,770363392],[21.447864,770371584],[21.727542,783654912],[21.749911,785768448],[21.877585,793161728],[22.204096,806682624],[22.35165,814526464],[22.464765,818913280],[22.748821,831107072],[22.991968,843141120],[23.145626,852582400],[23.152292,854589440],[23.248648,859488256],[23.26368,862547968],[23.319815,865333248],[23.321499,869531648],[23.356708,869548032],[23.446934,876032000],[23.521489,879820800],[23.523456,884039680],[23.558782,884043776],[23.826533,896815104],[23.828798,905129984],[23.932441,905142272],[24.164523,916500480],[24.366869,924127232],[24.554059,933396480],[24.556352,941776896],[24.656756,941809664],[24.77432,947576832],[24.892505,952217600],[25.069052,960561152],[25.278113,969547776],[25.278834,972697600],[25.316678,972705792],[25.476418,980226048],[25.507623,982351872],[25.687271,990642176],[25.772443,993947648],[25.871495,1001701376],[25.874271,1010089984],[25.955594,1010352128],[25.957473,1018740736],[26.038637,1018748928],[26.413548,1036001280],[26.414146,1037570048],[26.647723,1046855680],[26.867778,1057603584],[26.975474,1061875712],[27.424395,1083224064],[27.494478,1087082496],[27.702945,1095983104],[27.783799,1101398016],[27.88625,1106096128],[28.209179,1118924800],[28.364017,1124511744],[28.662485,1137291264],[28.853104,1144668160],[29.044572,1153089536],[29.093435,1155764224],[29.335665,1165709312],[29.336524,1167806464],[29.430523,1171906560],[29.495596,1172754432],[29.539388,1176051712],[29.781535,1184526336],[29.781711,1186623488],[29.841004,1186877440],[29.841675,1188974592],[29.898804,1189187584],[29.952775,1191378944],[29.955772,1195118592],[30.101698,1199325184],[30.126211,1201422336],[30.183515,1201491968],[30.197151,1204379648],[30.288098,1208578048],[30.353307,1208819712],[30.359824,1239494656],[30.781701,1248026624],[30.78313,1251110912],[31.196408,1258491904],[31.207933,1249771520],[31.93228,1253826560],[31.946829,1257631744],[32.460397,1190518784],[32.465983,1162604544],[32.468458,1102426112],[32.619288,1102352384],[32.619613,1089818624],[37.301783,1091915776],[37.303057,1106599936],[37.54198,1106698240],[37.54338,1119182848],[37.560625,1121284096],[37.563444,1152741376],[37.936869,1134583808],[37.940876,1089818624],[38.046613,1089826816],[40.774408,1091923968],[40.776131,1089826816],[50.77538,1091923968],[50.777062,1090359296],[60.776383,1092456448],[60.781022,1090936832],[70.780373,1093033984],[70.785012,1091575808],[80.784371,1093672960],[80.788937,1092767744],[90.788349,1094864896],[90.791759,1093578752],[125.200467,1093582848],[127.5082,1095675904],[127.509102,1106165760],[129.315251,1093578752],[129.894138,1095675904],[129.895414,1110360064],[129.958395,1110384640],[129.960451,1120845824],[130.122437,1125044224],[130.125232,1156501504],[130.149718,1158598656],[130.322155,1162797056],[130.325643,1146015744],[130.501344,1150210048],[130.546083,1152311296],[130.55195,1217323008],[130.568795,1208930304],[130.568857,1183764480],[130.609828,1185861632],[130.688271,1118748672],[130.695509,1143676928],[130.695571,1118511104],[131.493457,1116925952],[131.4943,1078788096],[131.498643,1064198144],[131.513588,1063854080],[131.514128,1052250112],[131.525619,1052266496],[131.527278,984416256],[131.532871,903311360],[131.537488,807325696],[131.53834,761786368],[131.5442,677814272],[131.54513,632152064],[131.548936,591257600],[131.552748,506703872],[131.563693,348246016],[131.565209,347619328],[131.569534,239063040],[131.574113,197603328],[131.578134,24932352]],