{"summary":{"timestamp":1406370683,"hash":"0d53597ce29e6c4a93fc3edada7489aab51c89ea","max_memory":1857740800,"cpu_time":200.51,"pull_request":15988},"memory_data":[[0.004232,4096],[0.022117,17854464],[0.095427,24821760],[0.126643,29212672],[0.19499,43200512],[0.233457,47779840],[0.258068,54837248],[0.281846,57458688],[0.319177,67796992],[0.381442,80035840],[0.381492,82137088],[0.446741,89178112],[0.465477,95473664],[0.5152,102600704],[0.541246,102604800],[0.579664,128491520],[0.631814,160796672],[0.641455,160378880],[0.659926,145657856],[0.668781,144252928],[0.747073,144859136],[0.747528,141160448],[0.943701,143761408],[0.943957,145858560],[1.200656,149008384],[1.200849,151105536],[1.300068,152403968],[1.450136,165048320],[1.472497,169914368],[1.560869,179015680],[1.797534,197480448],[1.79784,199577600],[1.992801,216457216],[1.992851,218554368],[2.106886,227176448],[2.106951,229298176],[2.163252,231948288],[2.174806,224661504],[2.251071,229711872],[2.311819,261787648],[2.356336,290086912],[2.534234,292188160],[2.588351,325799936],[2.624412,325619712],[2.65187,313577472],[2.721316,317632512],[2.797769,325799936],[2.882701,325804032],[2.928623,330915840],[3.002858,333574144],[3.038253,338386944],[3.09601,338321408],[3.120734,327901184],[3.222614,327925760],[3.241494,330407936],[3.316765,362930176],[3.378235,369270784],[3.434352,371396608],[3.435691,377688064],[3.492359,379789312],[3.492513,381886464],[3.559248,381906944],[3.565944,396587008],[3.630615,396640256],[3.639622,402931712],[3.803619,403005440],[3.813744,405102592],[3.819091,421879808],[3.823407,415588352],[3.906578,415625216],[3.91172,419819520],[4.277961,420032512],[4.280466,407433216],[4.289741,403533824],[4.393048,404008960],[4.41443,409812992],[4.447906,414007296],[4.571648,414085120],[4.643149,415350784],[4.690725,419229696],[4.835601,419807232],[4.84533,426135552],[4.875512,430366720],[4.916394,432500736],[4.924266,445100032],[5.001162,445263872],[5.002031,441069568],[5.107982,447369216],[5.228496,451563520],[5.438831,457854976],[5.457417,464146432],[5.498491,468340736],[5.737745,472535040],[5.826877,472539136],[5.850468,474636288],[6.058054,478830592],[6.163135,483024896],[6.306608,487219200],[6.326836,489316352],[6.44786,491413504],[6.492554,493510656],[6.605723,495607808],[6.669873,497704960],[6.809414,499802112],[6.879102,501899264],[6.879207,503996416],[7.022829,506093568],[7.109816,510287872],[7.112843,533356544],[7.122378,520773632],[7.158938,524967936],[7.266682,527065088],[7.266786,529162240],[7.504373,531259392],[7.684731,535453696],[7.712939,537550848],[7.792676,539648000],[7.921894,545939456],[8.376033,548036608],[8.39187,550133760],[8.52201,552230912],[8.709669,554328064],[8.809472,556425216],[8.989899,558522368],[9.156146,562716672],[9.269145,564813824],[9.359011,569008128],[9.359269,573202432],[9.569387,575299584],[9.569592,579493888],[9.742073,581591040],[9.912905,585785344],[10.14223,587882496],[10.265005,589979648],[10.342697,594173952],[10.364192,598368256],[10.660046,598372352],[10.660507,600465408],[10.805027,602562560],[10.874118,604659712],[11.079829,606756864],[11.288758,610951168],[11.293294,642408448],[11.304063,659185664],[11.313396,634019840],[11.354296,636116992],[11.500982,638214144],[11.556882,640311296],[11.606853,644505600],[11.607339,646602752],[11.687273,648699904],[11.696363,652894208],[11.757804,654991360],[11.762216,657088512],[11.856933,663379968],[11.953374,673865728],[11.960609,667574272],[12.48694,669671424],[12.575209,671768576],[12.725561,673865728],[12.838316,678060032],[12.846563,680157184],[13.179511,682254336],[13.255278,684351488],[13.271008,690642944],[13.363291,692740096],[13.399848,696934400],[13.404683,701128704],[13.613312,703225856],[13.681198,705323008],[13.814959,707420160],[13.958659,711614464],[13.983545,713711616],[14.126815,715808768],[14.365028,717905920],[14.509521,720003072],[14.509727,724197376],[14.749963,726294528],[14.887655,728391680],[15.131658,730488832],[15.292393,732585984],[15.333576,734683136],[15.5056,736780288],[15.745475,740974592],[15.893026,745168896],[15.89313,747266048],[16.203199,749363200],[16.22442,751460352],[16.482819,753557504],[16.661646,755654656],[16.69394,757751808],[16.822658,759848960],[16.895379,761946112],[17.096371,764043264],[17.20358,768237568],[17.356028,770334720],[17.413036,772431872],[17.611214,774529024],[17.611419,778723328],[17.84217,780820480],[18.175006,785014784],[18.286426,787111936],[18.537112,789209088],[18.818851,793403392],[19.184014,797597696],[19.39479,799694848],[19.530058,803889152],[19.661453,805986304],[19.881977,808083456],[20.041509,812277760],[20.122639,818569216],[20.127687,866803712],[20.14925,894066688],[20.159977,917135360],[20.169351,866803712],[20.200647,870998016],[20.352496,873095168],[20.855995,875192320],[20.932396,877289472],[21.143701,879386624],[21.241741,881483776],[21.248107,891969536],[21.304921,896163840],[21.729534,900358144],[21.856063,902455296],[21.857306,919232512],[21.864996,925523968],[21.869251,912941056],[21.893032,917135360],[22.463928,919232512],[22.489754,921329664],[22.49001,925523968],[22.540667,925630464],[22.547135,928145408],[22.590413,927014912],[22.590674,919232512],[22.955306,917135360],[22.955356,904552448],[23.741879,906649600],[23.847992,908746752],[23.850399,912941056],[23.905855,912941056],[26.92057,915038208],[27.242567,917135360],[27.516931,917147648],[27.599466,918560768],[27.599983,926949376],[27.614675,941629440],[27.614726,929046528],[27.699359,930865152],[27.720253,934039552],[28.051234,936824832],[28.097198,938037248],[28.255181,938401792],[28.271788,948887552],[28.549785,950427648],[28.549938,952524800],[28.665491,952545280],[28.725065,954642432],[28.802297,954650624],[28.940696,956747776],[29.300476,958844928],[29.353374,958853120],[29.449422,962924544],[29.661386,970027008],[29.770508,974622720],[29.77326,976658432],[29.899799,982122496],[30.068904,988442624],[30.219217,993185792],[30.377888,1000099840],[30.8572,1017487360],[30.86439,1026969600],[30.980733,1031450624],[31.055333,1036742656],[31.285851,1044492288],[31.28718,1047662592],[31.392681,1051254784],[31.560357,1059979264],[31.73356,1066475520],[31.839368,1069252608],[32.073442,1077899264],[32.386064,1089904640],[32.540296,1096609792],[32.730801,1104048128],[32.740743,1105031168],[32.899213,1110478848],[33.185454,1121546240],[33.486313,1134211072],[33.701834,1141293056],[33.716607,1145606144],[33.847549,1150218240],[33.930641,1152204800],[34.095021,1157898240],[34.096756,1159471104],[34.343769,1168252928],[34.618118,1179598848],[34.742955,1183784960],[34.745958,1190051840],[34.926337,1197346816],[35.086664,1202032640],[35.365281,1213050880],[35.432456,1214836736],[35.709905,1224724480],[35.712836,1230991360],[36.107795,1243308032],[36.194683,1245573120],[36.378464,1251954688],[36.526101,1254797312],[36.650172,1259102208],[36.653897,1265451008],[36.819097,1270513664],[37.048326,1278324736],[37.156834,1281044480],[37.282005,1285668864],[37.542831,1292914688],[37.855869,1302777856],[37.980984,1307435008],[38.092635,1310449664],[38.183845,1313972224],[38.352889,1319157760],[38.582881,1327366144],[38.585797,1333923840],[38.956069,1345900544],[39.095672,1351663616],[39.277309,1354072064],[39.502097,1362522112],[40.021641,1378639872],[40.086492,1381462016],[40.379135,1390977024],[40.582734,1399042048],[40.758697,1406988288],[41.087086,1419317248],[41.287087,1426292736],[41.290102,1432584192],[41.761286,1451032576],[42.028154,1461968896],[42.137501,1465184256],[42.439454,1475858432],[42.640917,1482301440],[42.644488,1485451264],[42.733503,1488330752],[42.864588,1493811200],[43.054952,1500143616],[43.160928,1505996800],[43.387815,1514549248],[43.633083,1524408320],[43.866036,1532923904],[44.420179,1555169280],[44.60366,1562796032],[44.710157,1565745152],[44.963789,1574772736],[45.195889,1581944832],[45.320383,1586376704],[45.449242,1589960704],[45.712038,1600311296],[45.901553,1607241728],[46.156112,1615785984],[46.352998,1623232512],[46.807434,1637441536],