{"summary":{"timestamp":1361224236,"hash":"1171a214a633128bbbd067bd0e582f8b40172e01","max_memory":1247793152,"cpu_time":91.22,"pull_request":4979},"memory_data":[[0.003276,8192],[0.011291,2891776],[0.186238,8716288],[0.489478,19578880],[0.807191,31494144],[1.417962,53841920],[2.171719,80846848],[2.27428,84275200],[2.527493,134021120],[2.771263,180973568],[2.918905,208805888],[3.057742,234287104],[3.169544,242143232],[3.236623,250744832],[3.321347,256172032],[3.369359,263237632],[3.417504,267448320],[3.468903,268152832],[3.56099,271859712],[3.695782,279896064],[3.768447,286126080],[3.864311,290562048],[4.000497,299175936],[4.021353,301621248],[4.265038,319504384],[4.313,324886528],[4.397742,325234688],[4.5141,349306880],[4.516873,353505280],[4.544094,351404032],[4.641255,373284864],[4.743443,374616064],[4.767157,384524288],[4.823595,385261568],[4.837493,394121216],[4.88549,395116544],[4.898248,410185728],[5.005907,410423296],[5.035975,411721728],[5.4341,411811840],[5.504653,418545664],[5.849867,420954112],[5.852523,422002688],[5.963603,422006784],[6.201885,423399424],[6.208637,425496576],[6.51693,425500672],[6.883982,428064768],[7.036811,428785664],[7.048201,432984064],[7.65251,433012736],[7.655296,434032640],[7.836713,434036736],[8.202846,436424704],[8.621719,439717888],[8.645196,448106496],[8.841121,448278528],[8.885041,449540096],[8.893383,453652480],[8.934552,454176768],[8.955408,462565376],[9.025523,462573568],[9.116957,464879616],[9.120641,471851008],[9.357678,480108544],[9.477888,480784384],[9.50854,481865728],[9.677503,483065856],[9.794753,483225600],[10.230437,488718336],[10.498042,490229760],[10.522706,491397120],[10.637405,491642880],[10.642774,493617152],[10.853691,493654016],[10.98629,494247936],[11.060653,495484928],[11.335595,496992256],[11.626778,501559296],[11.882089,502697984],[11.89387,506789888],[12.265721,506806272],[12.39271,509325312],[12.862431,513015808],[13.008467,513097728],[13.550261,516378624],[13.653639,517324800],[13.743655,521273344],[13.962867,521039872],[14.227982,522223616],[14.465542,524193792],[14.632532,524840960],[14.656556,533094400],[15.662799,533127168],[15.967467,534269952],[16.054301,535580672],[16.303299,536432640],[16.338927,537321472],[16.542063,538558464],[16.635547,538562560],[16.701412,539979776],[16.861904,540106752],[17.068722,541503488],[17.166162,543674368],[17.273572,543752192],[17.55419,545091584],[17.830592,547598336],[18.015254,548593664],[18.348112,549318656],[18.366933,550240256],[18.486841,550313984],[18.607999,551354368],[18.650334,553168896],[19.098554,554307584],[19.388545,555626496],[19.431873,557314048],[19.75268,557838336],[19.951288,559067136],[20.291529,559726592],[20.562752,560787456],[20.706534,562618368],[20.864216,562847744],[21.169451,565768192],[21.309556,565919744],[21.513397,568258560],[21.585742,570384384],[21.854425,570843136],[22.096408,572719104],[22.213709,572907520],[22.218957,581296128],[22.259868,581353472],[22.261743,589684736],[22.809806,589688832],[22.841804,598704128],[22.954832,598806528],[24.009475,598810624],[24.147874,599113728],[24.217665,600326144],[24.327446,600330240],[24.436301,601477120],[24.609584,601522176],[24.613163,602112000],[24.79424,602693632],[24.857546,603648000],[25.057599,604446720],[25.265844,608710656],[25.630146,608968704],[25.691573,610242560],[25.812133,610959360],[25.814072,620838912],[25.839711,623357952],[25.990611,623529984],[26.005652,631922688],[26.047395,631644160],[26.049102,636112896],[26.073459,636116992],[26.106265,640376832],[26.206779,640393216],[26.283497,643866624],[26.288018,660643840],[26.644799,662740992],[26.740978,666935296],[26.992193,666939392],[27.132343,672894976],[27.135875,677126144],[27.173201,677277696],[27.261012,680378368],[27.351324,682373120],[27.536556,683487232],[27.590687,685174784],[27.657792,685371392],[27.746701,687980544],[27.977919,692854784],[27.978697,694951936],[28.059831,695619584],[28.240844,698617856],[28.334937,701870080],[28.458756,704106496],[28.560313,707555328],[28.705447,710574080],[28.847346,714350592],[28.849385,718548992],[28.908479,719437824],[29.030716,723861504],[29.061712,730865664],[29.137592,733417472],[29.352509,737566720],[29.536468,743895040],[29.625266,746016768],[29.663865,751456256],[29.828393,757506048],[29.941662,759287808],[30.093082,763588608],[30.325525,770940928],[30.4681,773656576],[30.579346,777166848],[30.8306,783794176],[30.900105,785195008],[31.183634,794877952],[31.202174,799653888],[31.294684,800550912],[31.390523,803889152],[31.662276,804855808],[31.782999,808861696],[31.783335,809910272],[31.882786,812949504],[32.030485,818937856],[32.095251,820195328],[32.224382,824279040],[32.304546,824930304],[32.463421,829272064],[32.532378,829595648],[32.765868,836386816],[32.766339,838483968],[32.96355,844980224],[33.077097,845733888],[33.238181,852615168],[33.310728,852627456],[33.360899,854503424],[33.510527,855425024],[33.538248,856584192],[33.704607,858079232],[33.748738,860540928],[33.86402,861093888],[33.992132,866361344],[34.324511,877375488],[34.463815,879931392],[34.577926,883359744],[34.771119,885571584],[34.853769,888160256],[35.025898,890662912],[35.083582,892706816],[35.226292,894492672],[35.339537,898359296],[35.495179,900345856],[35.498035,906653696],[35.572815,909185024],[35.641955,909447168],[35.698198,911310848],[35.761525,911388672],[35.895154,916058112],[36.185901,917581824],[36.244368,918532096],[36.386916,923250688],[36.392944,925347840],[36.441279,925356032],[36.541095,928632832],[36.642642,929959936],[36.76476,933183488],[36.907523,938352640],[37.131814,943198208],[37.391652,951050240],[37.46389,951439360],[37.547465,954802176],[37.578264,954806272],[37.717938,959877120],[37.912581,961232896],[38.24524,972390400],[38.36651,974135296],[38.474981,977842176],[38.561547,979611648],[38.712352,981110784],[38.956615,987336704],[39.058537,988094464],[39.179102,992104448],[39.181875,994574336],[39.244013,996216832],[39.266947,999686144],[39.367033,1003184128],[39.505324,1006940160],[39.511352,1009037312],[39.582165,1009917952],[39.784446,1014992896],[39.810573,1016283136],[40.076735,1021886464],[40.230767,1025658880],[40.266432,1027256320],[40.30419,1039859712],[40.615903,1049149440],[40.632986,1050116096],[40.851191,1055956992],[40.96751,1059717120],[41.081436,1061842944],[41.379379,1070190592],[41.550886,1074147328],[41.559758,1078333440],[41.615873,1078341632],[41.744796,1082376192],[41.869312,1085296640],[41.997725,1090842624],[42.152626,1093046272],[42.307488,1098551296],[42.585511,1107464192],[42.660116,1108721664],[42.808507,1113473024],[42.90699,1117794304],[43.026822,1120813056],[43.090733,1120899072],[43.217487,1124130816],[43.335301,1126027264],[43.630787,1136222208],[43.672364,1138810880],[43.770221,1142280192],[43.80688,1145634816],[43.827485,1153163264],[43.890912,1153560576],[43.974591,1156173824],[44.044239,1162297344],[44.170598,1164546048],[44.529034,1167106048],[44.535005,1170571264],[44.577897,1173037056],[44.764689,1171640320],[44.769077,1169215488],[45.036819,1167241216],[45.039837,1076936704],[45.151414,1077022720],[45.245997,1080365056],[47.204545,1080500224],[47.892589,1080700928],[47.90603,1081090048],[48.748764,1081155584],[48.751804,1095741440],[48.873122,1097842688],[48.873385,1099939840],[48.963682,1102041088],[48.970174,1167052800],[49.001378,1167118336],[49.004138,1162510336],[49.467817,1161912320],[49.475422,1080717312],[50.114086,1080975360],[54.073633,1081290752],[54.077395,1096069120],[54.256811,1096265728],[62.848119,1096273920],[63.823272,1096290304],[81.208704,1096294400],[82.975668,1096310784],[113.86352,1098412032],[113.866612,1129869312],[113.876814,1129766912],[113.877223,1113223168],[162.235242,1113296896],[162.702656,1113460736],[162.718227,1120673792],[162.730302,1114857472],[162.791956,1117519872],[162.793393,1121697792],[162.882723,1123115008],[162.889477,1144143872],[163.000984,1144295424],[163.158337,1146728448],[163.16063,1157214208],[163.299416,1159311360],[163.303048,1161412608],[163.309539,