{"summary":{"timestamp":1388771804,"hash":"11ce6b709ace233e473eddb26e3e23c2c4c16cdd","max_memory":1384300544,"cpu_time":209.93,"pull_request":11276},"memory_data":[[0.0021,4096],[0.068854,499712],[0.089777,6189056],[0.120956,8962048],[0.188334,10043392],[0.261607,14540800],[0.292582,14565376],[0.36422,18632704],[0.483898,20291584],[0.602428,26013696],[0.664428,27836416],[1.098983,34566144],[1.105771,35885056],[1.219385,36732928],[1.219481,38842368],[1.387854,41046016],[1.53119,68096000],[1.554312,75997184],[1.569086,76623872],[1.631973,90357760],[1.650552,90648576],[1.741257,106336256],[1.827561,122454016],[1.853232,128454656],[1.91658,129499136],[1.937933,138498048],[2.01497,200929280],[2.331747,202301440],[2.456206,203923456],[2.693762,203894784],[2.75723,213004288],[2.766357,219586560],[2.899853,235876352],[2.965817,245157888],[3.00153,248496128],[3.105014,264224768],[3.211479,264257536],[3.222752,275288064],[3.277769,317673472],[3.881755,317788160],[4.187494,318205952],[4.207011,320307200],[4.221701,376930304],[4.338557,376971264],[4.474118,379228160],[4.543732,379379712],[4.770155,385138688],[5.107832,391639040],[5.18135,393420800],[5.248559,393551872],[5.448551,396877824],[5.565626,400261120],[5.652973,400891904],[5.682375,402264064],[5.982779,407429120],[6.114629,410259456],[6.198623,413769728],[6.578206,420724736],[6.655048,423763968],[6.781469,426221568],[6.965131,428146688],[6.978875,428949504],[7.233592,431960064],[7.643074,432693248],[8.874815,432910336],[8.93188,433704960],[9.240993,434102272],[10.043831,434425856],[10.44284,435236864],[10.939614,435970048],[11.03276,438345728],[11.150232,438546432],[11.261641,439631872],[11.3331,441835520],[11.914877,442736640],[12.074543,443895808],[12.552703,444088320],[12.700108,446164992],[12.937555,446914560],[13.282595,446930944],[13.388558,448659456],[13.434555,450600960],[13.437178,458985472],[13.616743,459141120],[13.618013,463331328],[13.770645,463437824],[13.857116,464920576],[14.000191,468979712],[14.092429,472326144],[14.187791,480280576],[14.246792,480989184],[14.249798,478482432],[14.338701,479932416],[14.396548,482537472],[14.400964,499175424],[14.407948,490840064],[14.459856,491098112],[14.517728,493731840],[14.571983,493883392],[14.747817,497434624],[14.74847,498622464],[14.905618,500387840],[14.946965,502685696],[15.002248,502149120],[15.00684,506322944],[15.130659,509014016],[15.317555,514568192],[15.448973,517074944],[15.613209,518893568],[15.74802,521822208],[15.748635,523325440],[15.967584,525762560],[16.179604,528818176],[16.343354,531783680],[16.591754,535572480],[16.61964,537440256],[16.754999,538816512],[16.75577,540950528],[16.850584,541216768],[16.931287,544223232],[16.994457,544133120],[17.075613,545759232],[17.085183,579166208],[17.098549,577286144],[17.0986,562438144],[17.131502,562282496],[17.28035,565800960],[17.503633,568397824],[17.538546,569958400],[17.661357,570912768],[17.686939,572178432],[17.770107,572260352],[17.837983,575569920],[17.911707,576012288],[17.915292,592572416],[17.936141,592818176],[18.455136,592965632],[18.666975,595525632],[18.759739,599228416],[18.761029,602365952],[18.96674,602460160],[19.235403,606732288],[19.327429,607350784],[19.414932,609681408],[19.455009,612126720],[19.607535,612372480],[19.774579,614793216],[19.848041,615161856],[19.988879,617623552],[20.132788,618491904],[20.228927,621043712],[20.347557,621481984],[20.381434,622698496],[20.591961,624906240],[20.59315,629440512],[20.785268,629489664],[20.854146,630181888],[20.949309,633556992],[21.030373,633540608],[21.091711,635748352],[21.166288,635789312],[21.314709,638541824],[21.444314,639193088],[21.455836,640548864],[21.547704,640823296],[21.577208,642953216],[21.735057,644751360],[21.939483,649056256],[22.180325,651272192],[22.215503,654061568],[22.240974,652722176],[22.403179,653922304],[22.580013,656134144],[22.611728,657743872],[22.772802,659820544],[22.800577,662896640],[22.807964,694353920],[23.155333,695005184],[23.157427,703221760],[23.209288,705323008],[23.212519,720003072],[23.250466,703221760],[23.250518,694964224],[25.721737,695046144],[26.127183,695222272],[27.585379,695353344],[27.701324,696721408],[27.727703,698822656],[27.746874,763834368],[27.771974,730288128],[27.817078,730824704],[28.107276,731316224],[28.144263,735240192],[28.196297,735502336],[28.198367,739696640],[28.250463,739704832],[28.328834,743440384],[28.370659,747515904],[28.501025,752742400],[28.601386,758030336],[29.03097,777281536],[29.14535,787689472],[29.247064,791998464],[29.317156,793653248],[29.681429,811012096],[29.893361,820670464],[29.920204,820924416],[30.053083,826302464],[30.258401,835432448],[30.315048,838537216],[30.499834,846139392],[30.68423,854401024],[30.710538,856469504],[30.890378,864137216],[31.059293,873668608],[31.236398,880934912],[31.636889,897953792],[32.102814,919093248],[32.268594,925958144],[32.435573,932130816],[32.501713,935550976],[32.510184,965369856],[32.887247,965390336],[33.14329,975564800],[33.176,978079744],[33.293504,982433792],[33.29498,986648576],[33.348266,986652672],[33.603244,997269504],[33.746936,1002786816],[33.748156,1006919680],[33.802202,1006940160],[34.126711,1020006400],[34.462403,1032990720],[34.515087,1035980800],[34.727228,1044471808],[35.003161,1056829440],[35.175324,1063563264],[35.306782,1070374912],[35.416024,1074741248],[35.575096,1082593280],[35.704649,1087401984],[35.705412,1089499136],[35.794404,1092894720],[36.029467,1103278080],[36.213648,1110704128],[36.238056,1112264704],[36.56391,1125842944],[36.638064,1129496576],[36.674548,1129857024],[36.825635,1136738304],[36.836403,1140027392],[36.900054,1143275520],[36.906929,1146515456],[36.952472,1147146240],[37.271388,1161166848],[37.27265,1165316096],[37.323776,1165336576],[37.397026,1168076800],[37.428645,1171230720],[37.529352,1177001984],[37.97468,1194582016],[38.070878,1198821376],[38.072132,1202892800],[38.120756,1202905088],[38.314628,1210540032],[38.406478,1214779392],[38.590674,1221816320],[38.853714,1233563648],[39.000564,1238683648],[39.002863,1247055872],[39.11255,1247068160],[39.198827,1251110912],[39.325807,1255825408],[39.341883,1257422848],[39.609689,1268518912],[39.805876,1275543552],[39.934103,1280688128],[39.936377,1289076736],[39.957749,1289129984],[39.95994,1297469440],[40.149261,1297502208],[40.182685,1300910080],[40.215163,1300918272],[40.447406,1310593024],[40.544396,1315278848],[40.624301,1317625856],[40.72105,1321811968],[40.805396,1323532288],[40.884061,1327423488],[40.901171,1330417664],[40.945334,1330536448],[41.042691,1334288384],[41.043935,1337548800],[41.257373,1344139264],[41.463065,1351233536],[41.466655,1349689344],[41.539771,1352163328],[41.540281,1353666560],[41.74704,1362255872],[41.918063,1368576000],[42.303002,1376260096],[42.497623,1376264192],[42.497964,1377214464],[42.975268,1379823616],[42.988261,1383571456],[43.433884,1315803136],[43.434785,1253535744],[43.551735,1194811392],[43.673137,1194942464],[43.859548,1197543424],[43.95564,1200160768],[44.147233,1202475008],[44.411758,1202569216],[50.1799,1202601984],[50.668602,1204703232],[50.671394,1236160512],[51.106778,1236156416],[51.10683,1202601984],[51.680434,1202683904],[51.68669,1202937856],[52.332304,1203040256],[56.049126,1203048448],[160.625107,1205149696],[160.627879,1236606976],[160.842474,1236738048],[160.845882,1255428096],[161.028841,1259622400],[161.084402,1261723648],[161.090158,1326735360],[161.107017,1322536960],[161.107067,1293176832],[161.140573,1295273984],[161.226229,1297371136],[161.322194,1257521152],[161.322244,1230258176],[161.32893,1257299968],[161.328981,1230209024],[161.458673,1232302080],[163.190098,1232314368],[163.190147,1232433152],[217.113377,1232465920],[217.118361,1257598976],[223.21077,1257603072],[223.319228,1266601984],[223.326766,1272336384],[223.567299,1272340480],[223.570235,1247305728],[223.584734,1251028992],[224.606042,1250836480],[224.615077,1242873856],[224.615738,1203863552],[224.648776,1196404736],[224.656126,1010003968],[224.65668,964972544],[224.660889,