{"summary":{"timestamp":1395661313,"hash":"11d9483d5881e5ab6963e5ddab2f2e9b91f045c8","max_memory":1394663424,"cpu_time":142.04,"pull_request":12948},"memory_data":[[0.001589,4096],[0.057543,372736],[0.078805,8904704],[0.118267,9318400],[0.161866,13328384],[0.240956,14360576],[0.264034,16588800],[0.444615,21946368],[0.473143,27635712],[0.542831,29155328],[0.647053,33562624],[0.779109,35586048],[0.842348,37453824],[0.912844,45477888],[0.963366,49729536],[0.986828,53731328],[1.033474,56455168],[1.079791,63021056],[1.098078,63209472],[1.151172,71524352],[1.17336,71626752],[1.296941,85815296],[1.329678,86138880],[1.428092,95924224],[1.505546,102219776],[1.673408,118546432],[1.735788,125804544],[1.809058,126570496],[1.85263,137613312],[1.967053,175992832],[2.090094,176910336],[2.178051,179527680],[2.194997,192339968],[2.231881,213577728],[2.24544,218562560],[2.343046,219582464],[2.349656,221306880],[2.877529,221839360],[2.996563,222511104],[3.283051,222773248],[3.499627,223580160],[3.534091,232198144],[3.601507,232243200],[3.81689,245534720],[3.919537,253583360],[4.044207,261922816],[4.158421,268201984],[4.173718,270123008],[4.219581,268845056],[4.220746,233168896],[4.356746,233181184],[4.395339,243195904],[4.522531,287686656],[5.28509,287703040],[5.289397,288874496],[5.462861,289099776],[5.524249,291110912],[5.525655,293085184],[5.595314,293093376],[5.674207,295190528],[5.674387,297287680],[5.755303,297549824],[5.873822,296607744],[5.886983,308420608],[5.9322,332107776],[6.022256,333246464],[6.035258,341995520],[6.145499,343531520],[6.184654,370872320],[6.215077,371658752],[6.234857,378044416],[6.415541,379895808],[6.657954,380264448],[6.658891,381702144],[6.752879,381706240],[6.757268,385241088],[6.991193,387342336],[6.999205,390356992],[7.432755,390373376],[7.440328,404881408],[7.451228,405434368],[7.704641,405626880],[7.710211,409632768],[8.000807,409681920],[8.002516,411205632],[8.104271,409751552],[8.426316,409931776],[8.435094,416219136],[8.52554,417079296],[9.093104,417583104],[9.095795,420634624],[9.247523,422731776],[9.758574,424062976],[9.763873,428158976],[9.994804,428863488],[11.275942,429125632],[11.287201,441446400],[13.309313,441479168],[13.838375,441737216],[13.902435,444747776],[13.908944,466919424],[13.923404,468455424],[14.01045,468611072],[14.966578,468615168],[15.160487,469544960],[15.518664,473444352],[15.55897,474767360],[15.643702,474898432],[15.835225,477265920],[15.877525,478744576],[16.033677,478994432],[16.126009,481153024],[16.180419,480636928],[16.247075,482684928],[16.316096,482136064],[16.39174,483405824],[16.662924,485978112],[16.828541,488308736],[16.911706,490934272],[16.962246,490463232],[16.96442,492732416],[17.146942,493256704],[17.214386,494755840],[17.328196,494772224],[17.418299,497115136],[17.52941,498540544],[17.666243,499261440],[17.719636,501080064],[17.962032,501719040],[18.028962,504094720],[18.229897,504508416],[18.35839,506576896],[18.544292,507932672],[18.605065,510619648],[18.773358,511180800],[18.856256,513359872],[19.030715,513294336],[19.177789,516689920],[19.314822,516853760],[19.341095,518320128],[19.524775,519835648],[19.578122,522010624],[19.72579,522285056],[20.086458,525668352],[20.237255,526553088],[20.330981,527872000],[20.341789,540151808],[20.917544,540168192],[21.064948,541323264],[21.117836,542605312],[21.38705,544346112],[21.402715,544944128],[21.678214,546545664],[21.681046,577904640],[21.69886,594681856],[21.716567,596758528],[21.717118,571588608],[21.873624,573906944],[21.926325,577183744],[21.980731,576131072],[22.195628,576720896],[22.45873,579330048],[22.499459,580198400],[22.673154,580751360],[22.899945,583389184],[23.133875,584339456],[23.252357,585572352],[23.291881,587161600],[23.364661,586690560],[23.497955,587321344],[23.570937,588582912],[23.679346,588754944],[23.850596,590761984],[23.970943,591515648],[24.008465,592703488],[24.173061,593133568],[24.403751,594771968],[24.485509,596140032],[24.487963,600334336],[24.594176,601591808],[24.77285,601767936],[24.884147,605294592],[24.884233,607391744],[24.958546,608395264],[24.964555,605294592],[25.085139,605294592],[25.437948,607907840],[25.493741,609341440],[25.677645,609853440],[25.695197,611147776],[25.864737,611741696],[25.907534,613470208],[26.125053,615079936],[26.196209,617086976],[26.263992,617197568],[26.52919,620290048],[26.771252,621645824],[26.988515,624377856],[27.115994,630149120],[27.116444,632893440],[27.200196,633053184],[27.210286,629768192],[27.339423,629833728],[27.503835,631160832],[27.504389,633257984],[27.680549,633036800],[27.910876,636153856],[28.139413,637857792],[28.237952,639418368],[28.38613,639987712],[28.421505,641949696],[28.636306,642469888],[28.665575,643395584],[28.840151,644288512],[28.8872,646438912],[28.892232,650485760],[28.972332,650551296],[28.981346,658903040],[29.020838,658055168],[29.021456,644411392],[29.714408,644194304],[29.714562,632881152],[39.726388,632897536],[40.122064,633896960],[40.35492,633954304],[41.243035,634605568],[41.378821,634843136],[41.38022,636395520],[41.593554,636403712],[41.904367,637046784],[42.432147,639102976],[42.433568,641200128],[42.853191,641273856],[42.855902,640126976],[43.016085,639979520],[44.553788,640143360],[44.679302,640237568],[44.682231,643129344],[45.068124,643260416],[45.950357,643268608],[46.423139,643387392],[46.508021,644894720],[46.66184,644911104],[46.842131,650022912],[47.125343,656568320],[47.367391,664481792],[47.433008,665997312],[47.512191,670662656],[47.634378,674091008],[47.804213,677744640],[48.07928,684593152],[48.248506,689516544],[48.589838,697270272],[48.832147,703172608],[48.970714,704688128],[49.077015,706912256],[49.184575,710443008],[49.327699,713056256],[49.452457,716713984],[49.792288,724144128],[49.793828,725716992],[49.88508,726904832],[50.094302,732065792],[50.100387,734035968],[50.156233,734670848],[50.461101,741085184],[50.732027,747343872],[50.76634,748924928],[51.032777,755007488],[51.13003,757747712],[51.462607,764960768],[51.510925,766521344],[52.033897,777379840],[52.283004,783134720],[52.419483,784216064],[52.894467,795082752],[52.897669,798228480],[52.975671,798236672],[53.50928,809512960],[53.512664,812658688],[53.585244,812666880],[53.830822,817135616],[53.913712,819986432],[54.083383,823541760],[54.297162,829431808],[54.297589,830922752],[54.366829,832249856],[54.565664,837758976],[54.687142,840200192],[54.88801,846397440],[55.100699,851881984],[55.103733,855027712],[55.185001,855252992],[55.295649,857378816],[55.647539,866086912],[55.809839,869605376],[56.131416,879214592],[56.342411,884523008],[56.731319,892858368],[57.050004,900816896],[57.260113,905338880],[57.469748,911745024],[57.531299,914345984],[57.694119,919547904],[57.78852,921645056],[57.905031,926498816],[58.154918,932433920],[58.326304,938225664],[58.393251,941690880],[58.55199,945111040],[58.771886,951750656],[59.006236,957345792],[59.472416,969416704],[59.604216,971866112],[59.609616,975241216],[59.678634,975253504],[59.925093,980291584],[60.045212,983797760],[60.200301,987078656],[60.390953,992456704],[60.730357,998490112],[60.736517,1004785664],[60.863543,1004810240],[61.079789,1010470912],[61.142244,1012686848],[61.319467,1016385536],[61.322563,1019518976],[61.391386,1019531264],[61.673802,1027231744],[61.951757,1033195520],[61.957863,1039462400],[62.049813,1039474688],[62.216901,1043742720],[62.368595,1048440832],[62.77151,1057476608],[63.038802,1064935424],[63.366221,1071509504],[63.557718,1076690944],[63.72499,1083023360],[63.725084,1085149184],[63.849287,1089576960],[64.038592,1094758400],[64.046232,1118154752],[64.059249,1119916032],[64.553364,1120079872],[64.917637,1128857600],[64.91887,1141452800],[64.938552,1151930368],[64.938784,1143537664],[65.081514,1143558144],[65.421427,1151262720],[65.551233,1155260416],[65.557305,1161285632],[65.675008,1161379840],[65.762725,1164595200],[65.769289,1170886656],[65.896118,1170898944],[66.536983,1188225024],[66.710347,1192443904],[66.717247,1194057728],[66.809454,1195433984],[66.936273,