{"summary":{"timestamp":1394852492,"hash":"1218f6db770f75b262b2feb84cffdc13e8461503","max_memory":1482727424,"cpu_time":149.93,"pull_request":12887},"memory_data":[[0.002333,12288],[0.056442,397312],[0.077998,8568832],[0.174009,14258176],[0.193389,18423808],[0.285556,19595264],[0.36541,22446080],[0.395059,27045888],[0.605402,33083392],[0.623843,34598912],[0.767088,37392384],[0.772409,40464384],[0.828337,48369664],[0.87984,52568064],[0.907222,57462784],[0.955088,59969536],[1.001798,66678784],[1.020448,66891776],[1.0748,75747328],[1.098431,75800576],[1.126677,80416768],[1.205911,87408640],[1.225717,90656768],[1.259216,90972160],[1.400825,104284160],[1.472664,112271360],[1.498576,113651712],[1.619833,125730816],[1.681025,132890624],[1.759624,133828608],[1.798688,148815872],[1.914389,190558208],[2.117803,191414272],[2.166781,192700416],[2.705944,193048576],[2.796783,194093056],[3.190372,194334720],[3.204776,196448256],[3.274476,197148672],[3.462423,210219008],[3.55648,218472448],[3.673896,227160064],[3.777763,233607168],[3.791871,235626496],[3.973452,235634688],[4.118497,289853440],[4.935312,289869824],[5.003227,290529280],[5.216533,296259584],[5.216688,298356736],[5.414019,298663936],[5.562095,301256704],[5.6668,301670400],[5.801103,308461568],[5.931389,311480320],[6.046285,315977728],[6.154638,316313600],[6.264294,319782912],[6.357975,324460544],[6.406157,325435392],[6.486408,329474048],[6.548781,340348928],[6.689005,348110848],[6.814673,349339648],[6.873993,351801344],[6.961367,351846400],[6.99453,354107392],[7.108894,354111488],[7.114302,357646336],[7.39754,358014976],[7.407494,362983424],[7.932554,363257856],[7.936325,375934976],[7.952948,378404864],[8.20175,378912768],[8.207762,383062016],[8.522395,383414272],[8.544043,385880064],[8.873415,386289664],[8.87659,389246976],[8.926387,391348224],[8.932648,397639680],[9.040493,398626816],[9.45614,399409152],[9.532576,401948672],[9.885701,402018304],[9.9324,403267584],[10.050449,403394560],[10.053406,406433792],[10.127647,406851584],[10.156184,408518656],[10.264883,410337280],[10.265319,413388800],[10.653199,413839360],[10.688788,415215616],[10.801641,416358400],[10.835712,418906112],[10.838023,415899648],[10.895522,416239616],[10.912744,420302848],[11.232322,420528128],[12.193337,420630528],[12.232877,421249024],[12.686533,421310464],[12.696934,433836032],[13.695306,433848320],[13.859945,437075968],[14.041054,439607296],[14.2008,443473920],[14.272809,443469824],[14.320376,446136320],[14.409688,446406656],[14.437535,448323584],[14.710016,453111808],[14.801476,455311360],[14.853448,457801728],[14.932807,458010624],[15.142372,462176256],[15.402818,465342464],[15.724823,467845120],[15.773117,469630976],[15.849054,469331968],[15.918902,470638592],[15.920669,489467904],[15.93967,495779840],[16.569046,495874048],[16.757342,499048448],[16.806007,500924416],[17.00697,502591488],[17.145425,506134528],[17.207528,506114048],[17.275931,508424192],[17.371846,509124608],[17.513993,511266816],[17.671907,514576384],[17.694309,516194304],[17.818356,517214208],[17.846835,518320128],[18.030435,519839744],[18.23909,523616256],[18.343484,526708736],[18.345172,528777216],[18.477519,529055744],[18.5388,530501632],[18.655255,531001344],[18.721165,533667840],[18.812868,533889024],[18.963382,535621632],[19.02211,537849856],[19.129564,538025984],[19.264029,541818880],[19.360977,542167040],[19.464878,545554432],[19.572217,545890304],[19.668061,547307520],[19.712143,550473728],[19.855462,551149568],[19.878413,552558592],[20.035555,555323392],[20.082359,557940736],[20.187619,558280704],[20.382821,561491968],[20.689465,564781056],[20.965186,569556992],[21.141959,571224064],[21.172104,572194816],[21.184778,584769536],[21.618911,584888320],[21.623458,585818112],[21.993831,588673024],[22.153554,591835136],[22.26339,596566016],[22.263494,594817024],[22.371005,595775488],[22.488876,595873792],[22.789936,600412160],[22.966753,601513984],[23.00674,602865664],[23.101555,603189248],[23.176654,604778496],[23.319505,605483008],[23.524927,607506432],[23.57596,609382400],[23.769069,610017280],[23.851767,611852288],[23.948849,611876864],[23.961075,614277120],[23.963903,641556480],[23.980501,658333696],[23.997573,662499328],[23.997875,637321216],[24.134525,638844928],[24.167394,640233472],[24.250963,640471040],[24.309297,642002944],[24.461266,642846720],[24.709412,645468160],[24.807937,649162752],[24.8879,649052160],[24.993302,650420224],[25.10341,654581760],[25.104086,658100224],[25.145326,662822912],[25.723898,662843392],[25.805363,664850432],[25.950767,665776128],[25.994233,667979776],[26.124605,670154752],[26.210673,670662656],[26.284128,673136640],[26.349066,673517568],[26.648073,678637568],[26.862359,680120320],[27.05375,683593728],[27.186898,691118080],[27.187314,693932032],[27.271444,694702080],[27.271546,690765824],[27.402791,691867648],[27.409766,694333440],[27.508755,693985280],[27.664202,694525952],[27.878755,698331136],[27.959563,700272640],[28.063477,700985344],[28.085352,702308352],[28.277255,704659456],[28.398861,705400832],[28.43745,707715072],[28.558954,707817472],[28.654059,708722688],[28.727594,710651904],[28.891176,710926336],[28.927408,712921088],[28.931206,717082624],[29.003132,717221888],[29.010533,725606400],[29.027586,722878464],[29.02795,711057408],[29.508595,710447104],[29.5087,699527168],[30.352333,699531264],[30.434511,701476864],[30.714126,703070208],[30.831776,704303104],[30.833108,705875968],[30.996668,706379776],[30.999051,708476928],[31.194281,708481024],[31.323798,710443008],[31.821657,710647808],[32.820952,710750208],[33.045774,711987200],[33.088228,713089024],[33.164755,711860224],[34.126347,711868416],[34.501175,712048640],[34.569494,713625600],[34.680144,713658368],[34.802081,715898880],[35.161966,724787200],[35.165042,727859200],[35.229909,727863296],[35.535435,735117312],[35.690754,739356672],[35.721406,741343232],[35.945983,747462656],[36.017194,751722496],[36.152612,756109312],[36.25813,758484992],[36.550219,766210048],[36.563902,766984192],[36.94997,775933952],[37.120835,780193792],[37.230617,781123584],[37.4471,787038208],[37.654592,791674880],[37.70775,793460736],[38.169559,803835904],[38.200994,805560320],[38.477722,812400640],[38.507792,813977600],[38.929347,823148544],[39.119528,827715584],[39.160311,829558784],[39.670913,841375744],[39.919825,848003072],[40.27153,855429120],[40.505869,860950528],[40.683003,862560256],[40.843985,866148352],[40.87862,867708928],[41.097176,873320448],[41.397784,879669248],[41.401219,882814976],[41.473346,882831360],[41.942248,893075456],[42.043592,894644224],[42.13406,897544192],[42.137747,900694016],[42.212047,900706304],[42.673382,911548416],[42.706768,913403904],[42.90649,918069248],[43.129301,925200384],[43.464783,933605376],[43.70849,938844160],[43.712044,941989888],[43.769825,941993984],[43.943697,945836032],[44.35903,957886464],[44.681986,965689344],[44.873537,969678848],[45.363482,981868544],[45.607789,988655616],[45.890834,998350848],[45.965406,999870464],[46.079631,1004687360],[46.326532,1010634752],[46.410037,1014005760],[46.500191,1016410112],[46.567342,1019871232],[46.706353,1023168512],[46.870026,1028214784],[47.143376,1034174464],[47.242292,1037561856],[47.373288,1040080896],[47.509613,1043697664],[47.67825,1046855680],[47.970276,1054416896],[48.151824,1059647488],[48.53268,1066274816],[48.750375,1071738880],[49.039552,1079717888],[49.040371,1082695680],[49.124078,1082707968],[49.305128,1087234048],[49.312509,1093382144],[49.429607,1093386240],[49.702504,1099460608],[49.706735,1102606336],[49.784242,1102622720],[50.03998,1109385216],[50.337317,1115824128],[50.442841,1119150080],[50.449417,1125445632],[50.582976,1125470208],[50.786278,1130688512],[51.026211,1136238592],[51.137099,1138376704],[51.354,1144344576],[51.450928,1145876480],[51.450977,1147973632],[51.734051,1158676480],[51.955489,1165660160],[52.032193,1167187968],[52.342212,1174953984],[52.368413,1176371200],[52.70038,1184194560],[53.187724,1195008000],[53.246918,1196974080],[53.248273,