{"summary":{"timestamp":1389870408,"hash":"142ee5fc55b080c58a4caf7afece64a40fde9fd0","max_memory":1286942720,"cpu_time":164.75,"pull_request":11588},"memory_data":[[0.002375,8192],[0.011387,7225344],[0.054386,9760768],[0.214636,11866112],[0.264974,20131840],[0.298395,28004352],[0.320043,28925952],[0.366455,35991552],[0.392496,43192320],[0.494232,56418304],[0.612737,74448896],[0.708166,90759168],[0.805481,91963392],[0.828734,93618176],[0.89801,108871680],[0.951453,135077888],[1.193915,137031680],[1.292925,137052160],[1.346564,138244096],[1.682076,138944512],[1.762415,139681792],[1.86219,148434944],[2.055456,167997440],[2.175178,168001536],[2.24637,203825152],[2.858941,204111872],[2.895509,211341312],[2.92607,211427328],[2.930277,226025472],[2.954046,218681344],[3.011621,218730496],[3.019847,248049664],[3.066982,233365504],[3.174708,235466752],[3.189712,292089856],[3.28525,291971072],[3.285369,262725632],[3.433361,263012352],[3.570775,265375744],[3.658202,265588736],[3.723924,267968512],[4.030536,274591744],[4.293498,279527424],[4.414596,279609344],[4.533034,280948736],[4.566176,282169344],[4.725817,284733440],[4.753809,286072832],[5.020369,292106240],[5.094443,296001536],[5.134913,296550400],[5.246396,302698496],[5.312979,305184768],[5.437084,307310592],[5.608808,313860096],[5.923076,318574592],[6.274039,319275008],[6.774751,319463424],[6.777411,327757824],[6.909354,327827456],[6.951102,328691712],[7.400293,329265152],[7.522607,331366400],[7.525651,341852160],[7.609143,342593536],[8.004662,343339008],[8.117829,346341376],[8.162291,348577792],[8.240773,350085120],[8.445777,351567872],[8.540051,353681408],[8.668394,355131392],[8.712923,356675584],[8.718388,360882176],[8.785705,361930752],[8.920397,362184704],[9.07771,365809664],[9.122971,367722496],[9.302163,371240960],[9.415906,372531200],[9.418404,380833792],[9.629516,380993536],[9.661499,382111744],[9.662889,386019328],[9.779772,386256896],[9.864781,389451776],[10.017863,392736768],[10.103239,395247616],[10.212346,403378176],[10.380006,403550208],[10.383659,420331520],[10.769789,420601856],[10.844371,423706624],[10.998043,424644608],[11.024202,426803200],[11.111827,426807296],[11.115001,435048448],[11.248823,435052544],[11.341779,437657600],[11.552006,441745408],[11.846875,444219392],[11.9311,446197760],[11.931923,447688704],[12.257449,451780608],[12.452901,455880704],[12.477991,455815168],[12.708378,459223040],[12.738923,461103104],[12.865888,462385152],[12.866929,464519168],[12.955868,464789504],[13.020457,467406848],[13.028617,500969472],[13.072056,500457472],[13.282833,500686848],[13.995944,500690944],[14.090309,501661696],[14.112214,504475648],[14.115577,519155712],[14.640994,519413760],[14.776168,520957952],[14.776759,522006528],[14.875906,523079680],[14.877484,526229504],[15.059004,526503936],[15.349074,531243008],[15.441421,531935232],[15.518546,534130688],[15.561353,536678400],[15.686834,536653824],[15.816481,538714112],[15.95447,539705344],[16.10233,542158848],[16.257735,543793152],[17.941077,543936512],[18.034401,546590720],[18.034515,545415168],[18.230885,545955840],[18.343709,547766272],[19.160303,547790848],[19.191805,548151296],[19.193249,552599552],[19.345214,552738816],[19.468176,554401792],[19.738121,554467328],[19.850261,557006848],[19.921279,557678592],[19.976195,559984640],[20.126461,560803840],[20.188974,562421760],[20.267891,562593792],[20.426314,565071872],[20.504447,567824384],[22.290602,567861248],[22.379048,568770560],[22.584897,572862464],[22.811419,574898176],[22.846224,577724416],[22.872816,576376832],[23.034267,577622016],[23.209617,579715072],[23.330798,581971968],[23.367822,585097216],[23.375736,616554496],[23.881822,616943616],[23.884328,625139712],[23.938359,625188864],[23.942203,641773568],[23.980134,640966656],[23.980273,616882176],[24.363064,616886272],[26.437212,618987520],[26.453443,683999232],[26.476723,650440704],[27.463683,650588160],[27.884936,650825728],[29.383915,650956800],[29.474573,652320768],[29.600779,652947456],[29.877559,653066240],[29.935643,654733312],[29.936095,656977920],[29.984539,657043456],[30.039426,661475328],[30.130541,663830528],[30.130598,665927680],[30.187922,668041216],[30.218109,672239616],[30.268204,672415744],[30.271341,674512896],[30.328076,674549760],[30.352388,676646912],[30.499093,678785024],[30.734311,687906816],[30.880132,694652928],[30.967958,697626624],[31.093,708632576],[31.173767,711671808],[31.234667,712564736],[31.335278,716075008],[31.635055,727900160],[31.738172,731062272],[31.992208,741318656],[31.993826,743415808],[32.045813,743419904],[32.252467,747393024],[32.321732,750751744],[32.511314,758145024],[32.763455,763031552],[33.125101,776708096],[33.125577,777662464],[33.255169,781967360],[33.40211,788451328],[33.533417,792408064],[33.653036,797204480],[33.783208,801472512],[34.151616,815267840],[34.153275,819347456],[34.208578,819359744],[34.32135,824926208],[34.544098,832655360],[34.54642,836853760],[34.612786,837951488],[34.814287,844783616],[34.823098,874033152],[35.265003,874196992],[35.47592,881438720],[35.603797,886558720],[35.640915,889298944],[35.756819,892706816],[35.871849,897351680],[35.967223,900321280],[36.0949,906260480],[36.18061,908791808],[36.351286,915304448],[36.602059,923705344],[36.870648,933433344],[37.148184,942833664],[37.549134,958312448],[37.896216,970784768],[37.996396,975519744],[38.065133,977285120],[38.237185,983752704],[38.35637,987590656],[38.394452,990154752],[38.508555,994852864],[38.62027,998191104],[38.702473,1001930752],[38.838548,1006694400],[38.841255,1015087104],[38.966255,1015115776],[39.139515,1021300736],[39.278868,1027661824],[39.410496,1029816320],[39.450191,1031360512],[39.45271,1035558912],[39.553729,1036632064],[39.566968,1047121920],[39.709093,1047990272],[39.828165,1050775552],[39.96701,1056968704],[40.076795,1060028416],[40.187317,1061326848],[40.445285,1066885120],[40.605156,1072992256],[40.717691,1074642944],[40.831903,1079111680],[41.05082,1086685184],[41.133058,1090060288],[41.134663,1094221824],[41.18292,1094393856],[41.185616,1102757888],[41.303123,1102770176],[41.323574,1104072704],[41.498331,1109696512],[41.592753,1113788416],[41.781438,1119862784],[41.918789,1125441536],[42.178934,1134886912],[42.181307,1136652288],[42.381569,1143017472],[42.382268,1146212352],[42.439859,1146777600],[42.662238,1155211264],[42.699634,1157443584],[42.845323,1163010048],[43.033596,1169231872],[43.411668,1183035392],[43.605349,1188532224],[43.821461,1197047808],[43.976855,1202049024],[44.091414,1204957184],[44.169334,1207906304],[44.183765,1210580992],[44.317064,1214427136],[44.318589,1217736704],[44.659509,1228554240],[44.667094,1242812416],[44.669219,1226952704],[44.692752,1227628544],[44.695811,1242697728],[45.134647,1257021440],[45.161539,1286303744],[45.163023,1243824128],[45.378267,1247985664],[45.609068,1256370176],[45.804548,1256411136],[45.80498,1257320448],[46.296138,1260040192],[46.309641,1263628288],[46.766043,1196515328],[46.770651,1162956800],[47.015517,1104232448],[47.150091,1105444864],[47.257381,1108099072],[47.494112,1111330816],[48.622858,1111384064],[54.257021,1113485312],[54.259919,1144942592],[54.639717,1128161280],[54.639777,1111384064],[55.192231,1111404544],[55.235792,1111588864],[55.962086,1111687168],[59.866323,1111719936],[159.377937,1111715840],[161.27463,1111568384],[161.280884,1111498752],[162.833537,1111408640],[165.729628,1111375872],[166.61339,1113477120],[166.614859,1130254336],[166.624712,1144725504],[166.864163,1144733696],[166.878101,1161261056],[167.105621,1165832192],[167.109745,1178316800],[167.122929,1180258304],[167.153027,1204064256],[167.163174,1231097856],[167.180194,1207795712],[167.180724,1197355008],[167.251132,1198923776],[167.251374,1201020928],[167.355654,1200893952],[167.357623,1134088192],[167.367106,1159073792],[167.368023,1133903872],[168.202633,1136009216],[168.205572,1167466496],[168.443366,1169567744],[168.446698,1186344960],[168.544275,1186349056],[168.646452,1188417536],[168.67354,1190449152],[168.684099,1196666880],