{"summary":{"timestamp":1363105316,"hash":"15d78fc398527c5035c092c1c67db600543902d5","max_memory":1258680320,"cpu_time":88,"pull_request":5329},"memory_data":[[0.003286,8192],[0.011403,3080192],[0.089781,4354048],[0.181234,7905280],[0.542167,19578880],[0.727925,25923584],[0.953316,40570880],[1.252981,60551168],[1.596753,82464768],[1.619711,83001344],[1.810154,130392064],[1.914419,155308032],[1.995641,175955968],[2.202899,226357248],[2.22107,226361344],[2.341424,232665088],[2.453887,242864128],[2.549585,248061952],[2.610818,255541248],[2.671752,259670016],[2.836187,263770112],[3.006007,271564800],[3.06813,276471808],[3.214929,281784320],[3.375926,290062336],[3.398628,292392960],[3.481107,296226816],[3.567093,301973504],[3.715871,309870592],[3.767978,315133952],[3.800271,315138048],[3.854095,327057408],[3.867851,328118272],[3.916283,339202048],[3.91914,343400448],[3.947211,341299200],[4.044525,363405312],[4.049606,371802112],[4.090603,368459776],[4.091788,375996416],[4.110785,368435200],[4.238748,369627136],[4.26388,381038592],[4.299403,381116416],[4.31295,389840896],[4.341375,390848512],[4.355549,406274048],[4.442198,407584768],[4.576686,407146496],[4.862923,407482368],[4.921858,411910144],[5.478454,416743424],[5.484192,418840576],[5.696017,418844672],[6.218755,422109184],[6.230178,426254336],[6.866305,426319872],[6.86911,427302912],[7.042547,427307008],[7.498976,430022656],[7.907202,433025024],[7.930222,441417728],[8.158274,441487360],[8.184065,446734336],[8.220578,447524864],[8.242487,455913472],[8.320546,457490432],[8.325703,465879040],[8.364668,465920000],[8.366676,474267648],[8.443914,475787264],[8.615254,476037120],[8.703825,479420416],[8.817944,481288192],[8.992773,482406400],[9.15571,482689024],[9.331176,484945920],[9.333852,485908480],[9.439258,485916672],[9.628448,488202240],[9.945069,490278912],[9.969828,492924928],[10.168264,492982272],[10.217643,493600768],[10.487097,494510080],[10.580066,495837184],[10.688466,496025600],[10.881092,497725440],[11.179921,502378496],[11.191929,506544128],[11.608567,506638336],[11.928709,508174336],[12.023573,510640128],[12.15556,511447040],[12.494822,514576384],[12.703343,514719744],[12.858446,515510272],[12.883801,516300800],[13.108792,517730304],[13.485763,519335936],[13.584686,523427840],[13.856058,523255808],[13.987703,523943936],[14.012821,532332544],[15.09579,532369408],[15.320669,532619264],[15.353412,533303296],[15.61777,534646784],[15.704973,535887872],[16.026465,537137152],[16.111919,538251264],[16.384291,539324416],[16.429788,540274688],[16.665018,541556736],[16.756157,541560832],[16.817896,542830592],[16.972096,543096832],[16.97512,544079872],[17.103374,544137216],[17.252901,545050624],[17.300867,546349056],[17.384437,546426880],[17.498393,547778560],[17.775861,548540416],[17.869098,549523456],[18.28229,551665664],[18.672716,553242624],[18.696689,554201088],[18.932518,555163648],[18.99079,556519424],[19.510512,558473216],[19.818732,559984640],[19.862402,561504256],[20.22461,561725440],[20.310888,562589696],[20.822823,563937280],[21.121222,565067776],[21.289033,567222272],[21.448174,567410688],[21.780418,570171392],[21.838782,571023360],[21.843944,579411968],[21.885475,579416064],[21.887401,587800576],[22.471173,587907072],[23.713701,587915264],[23.758048,588582912],[23.806568,592932864],[23.816297,597118976],[23.879052,598724608],[23.901429,607105024],[25.141603,607133696],[25.161186,607760384],[25.335936,607764480],[25.689442,609316864],[25.689938,610340864],[25.946732,611012608],[25.998425,612745216],[26.070247,612069376],[26.071637,615407616],[26.507952,615473152],[26.7368,618270720],[27.235818,618496000],[27.38341,620523520],[27.38505,629657600],[27.414376,632279040],[27.565024,632446976],[27.619413,636641280],[27.774141,636715008],[27.837228,638758912],[27.846782,659734528],[28.218081,661831680],[28.224493,666025984],[28.314822,670220288],[28.393894,670224384],[28.522998,676245504],[28.531339,677867520],[28.719762,686096384],[28.723743,690339840],[28.762104,692793344],[28.936887,697671680],[29.119644,698826752],[29.175877,700616704],[29.242054,700813312],[29.307656,703410176],[29.571156,708349952],[29.571658,710447104],[29.762868,712826880],[29.852224,714858496],[30.040369,720416768],[30.041594,724611072],[30.141279,726790144],[30.237306,730017792],[30.336583,730324992],[30.389224,732000256],[30.456173,732229632],[30.585806,735551488],[30.586427,737648640],[30.698492,739323904],[30.79346,742473728],[30.822663,747597824],[30.831916,754122752],[30.90841,756695040],[31.02042,758468608],[31.154786,762208256],[31.331957,768122880],[31.362502,768131072],[31.612507,777273344],[31.826892,781402112],[32.003803,787562496],[32.137163,791502848],[32.273444,793948160],[32.520173,801030144],[32.613707,803119104],[32.61577,807325696],[32.646943,808366080],[32.675306,814776320],[33.061556,827322368],[33.145765,828039168],[33.23904,831193088],[33.554063,832671744],[33.724663,838205440],[33.74255,842334208],[33.93277,849371136],[33.998509,850571264],[34.127958,854663168],[34.206782,855334912],[34.366382,859942912],[34.43181,859947008],[34.542674,862789632],[34.731829,868876288],[34.733065,873070592],[34.914351,878972928],[35.034771,879734784],[35.208627,886587392],[35.278018,886763520],[35.342948,889106432],[35.450505,889622528],[35.479723,890834944],[35.609585,891895808],[35.740956,895545344],[35.80352,895631360],[35.896451,898727936],[35.932849,898822144],[36.216965,908320768],[36.349875,910753792],[36.468422,914239488],[36.550448,914935808],[36.550628,917032960],[36.712453,920227840],[36.713616,926523392],[36.737505,927571968],[36.849247,927588352],[37.005423,930877440],[37.005586,932974592],[37.102596,934248448],[37.215074,938065920],[37.370962,939937792],[37.372702,944152576],[37.443348,946679808],[37.551325,948908032],[37.626092,953516032],[37.794224,955142144],[37.826931,958173184],[37.97908,966934528],[38.034277,968175616],[38.179468,976068608],[38.243647,978108416],[38.446756,988241920],[38.486877,988631040],[38.628456,996753408],[38.735819,998162432],[38.82881,1003429888],[38.897458,1008807936],[38.995803,1011818496],[39.055618,1015836672],[39.16821,1018441728],[39.248797,1022242816],[39.331162,1024524288],[39.41467,1029386240],[39.416205,1033945088],[39.451392,1035522048],[39.464905,1040568320],[39.61689,1048256512],[39.755061,1056264192],[39.998611,1065713664],[40.02244,1067732992],[40.041241,1077063680],[40.320977,1091624960],[40.386641,1095446528],[40.461715,1098039296],[40.650828,1107443712],[40.74667,1111298048],[40.748892,1113395200],[40.947942,1123323904],[41.021849,1129050112],[41.107638,1131200512],[41.383936,1147056128],[41.444009,1149378560],[41.465133,1155678208],[41.511626,1155690496],[41.615284,1161449472],[41.686218,1162641408],[41.710966,1164992512],[41.79042,1166802944],[41.960574,1176961024],[42.012986,1181540352],[42.015817,1187975168],[42.037997,1189236736],[42.077015,1202044928],[42.145774,1204506624],[42.14878,1208242176],[42.186743,1212309504],[42.30509,1213726720],[42.306151,1214644224],[42.682922,1217409024],[42.684791,1221062656],[42.76316,1221754880],[42.976148,1221206016],[42.977837,1213308928],[43.274306,1211772928],[43.276616,1171767296],[43.277664,1085816832],[43.391354,1085833216],[43.503443,1089163264],[45.383978,1089241088],[46.053683,1089388544],[46.057058,1089732608],[46.894578,1089888256],[46.89894,1106378752],[47.013911,1106485248],[47.014332,1109360640],[47.107774,1110523904],[47.114447,1177632768],[47.144741,1177751552],[47.150935,1172275200],[47.610658,1170481152],[47.618486,1138716672],[47.618592,1090482176],[48.713286,1090822144],[51.965585,1091059712],[51.970165,1106718720],[52.130566,1106837504],[63.79929,1106878464],[70.530006,1106886656],[87.368827,1108987904],[87.371682,1140445184],[87.37978,1138946048],[87.380122,1123799040],[110.842339,1123930112],[111.302387,1124032512],[111.319514,1130676224],[111.331893,1124007936],[111.392199,1126748160],[111.393659,1130938368],[111.476398,1132265472],[111.488312,1136619520],[111.490405,1153400832],