{"summary":{"timestamp":1404326498,"hash":"169c988d09a9d4e46de2b7fead9489e94964c7c7","max_memory":1918472192,"cpu_time":184.39,"pull_request":15222},"memory_data":[[0.023274,4096],[0.0554,212992],[0.08296,10801152],[0.182647,12341248],[0.200322,15261696],[0.236854,15630336],[0.31748,21319680],[0.400117,23396352],[0.417775,27373568],[0.452117,28246016],[0.46014,31903744],[0.640233,37986304],[0.640388,40214528],[0.697393,40665088],[0.705268,45109248],[0.854559,48312320],[0.900886,50204672],[0.957273,63414272],[0.995365,67575808],[1.007931,72249344],[1.072103,81809408],[1.111872,89542656],[1.135254,96845824],[1.19441,102125568],[1.194664,104222720],[1.257789,111591424],[1.312994,123133952],[1.372756,130711552],[1.414392,138674176],[1.492427,140537856],[1.510782,146788352],[1.615093,174108672],[1.646278,184954880],[1.693944,197296128],[1.708502,196874240],[1.757776,173137920],[1.854255,175394816],[2.004961,177512448],[2.020099,178515968],[2.255442,180158464],[2.745337,184360960],[2.747088,186458112],[3.099877,189153280],[3.100284,191250432],[3.169885,193581056],[3.410951,212869120],[3.540444,224378880],[3.54347,227573760],[3.637726,234692608],[3.70023,240578560],[3.709297,245735424],[3.925442,264544256],[3.945865,253853696],[4.049527,259452928],[4.169881,319275008],[4.217196,319111168],[4.244158,313298944],[4.324832,314138624],[4.443901,319205376],[4.479629,319164416],[4.519425,306671616],[4.520706,300580864],[4.581364,304046080],[4.685642,319262720],[4.736215,319221760],[4.765904,312430592],[4.793223,312770560],[4.814937,318705664],[4.858787,320598016],[4.944441,331165696],[4.996713,331718656],[5.029233,321118208],[5.030769,312696832],[5.205134,315420672],[5.353247,315879424],[5.403315,319229952],[5.531226,321658880],[5.761418,328519680],[5.789949,333103104],[5.802719,339095552],[5.837042,347246592],[5.856373,354754560],[5.996023,357990400],[6.126826,359350272],[6.156323,361578496],[6.252746,363216896],[6.291597,366034944],[6.395999,369213440],[6.404852,372908032],[6.482424,375595008],[6.613302,378109952],[6.662104,381603840],[6.739747,394420224],[6.740294,396517376],[6.799212,398254080],[6.834965,403439616],[6.944871,407244800],[6.946254,409341952],[7.064267,410570752],[7.155144,417828864],[7.21735,417832960],[7.242019,420057088],[7.243526,426348544],[7.440302,426815488],[7.45396,428912640],[7.457518,441495552],[7.706927,441688064],[7.708248,447979520],[7.872959,448016384],[7.8841,454307840],[7.886917,466890752],[7.893605,460599296],[8.138853,460759040],[8.161589,461516800],[8.42465,461869056],[8.511168,468324352],[8.674613,468819968],[8.678344,454348800],[8.869874,454959104],[8.976056,463486976],[9.196405,463568896],[9.380943,467415040],[9.385259,470003712],[9.479207,471482368],[9.669177,472322048],[9.669526,478613504],[9.790206,479424512],[9.830416,481771520],[9.851051,488075264],[9.880398,488103936],[9.891269,492306432],[9.941857,494542848],[9.969285,500740096],[9.999703,501096448],[10.019665,513679360],[10.08838,516542464],[10.323284,518426624],[10.349206,523456512],[10.520545,528617472],[10.528509,524423168],[10.565601,524795904],[10.594388,529014784],[10.723758,530391040],[10.757647,534618112],[10.845536,534794240],[10.856385,536891392],[10.914484,537264128],[10.914855,539361280],[10.964938,541618176],[11.035662,542015488],[11.050681,544112640],[11.14263,546258944],[11.276172,546287616],[11.342827,548384768],[11.4581,550481920],[11.477313,556773376],[11.553711,559288320],[11.562451,561778688],[11.646898,561881088],[11.693332,563978240],[12.000033,570269696],[12.15926,572366848],[12.353233,576561152],[12.506621,582852608],[12.693811,589144064],[12.708902,593338368],[12.822975,595435520],[12.866547,599629824],[13.001253,605925376],[13.078457,608030720],[13.096675,612225024],[13.172454,614342656],[13.179921,618536960],[13.228556,618553344],[13.2289,610164736],[13.380057,610324480],[13.399774,611024896],[13.750664,611213312],[13.764653,613339136],[13.833887,615436288],[13.835068,630116352],[13.84278,638504960],[13.850086,625922048],[14.007525,630116352],[14.007617,632213504],[14.141703,634310656],[14.185477,638504960],[14.335897,640602112],[14.437442,642699264],[14.610117,644796416],[14.892973,648990720],[14.984541,653185024],[15.089457,655282176],[15.144325,659476480],[15.450504,661573632],[15.635448,663670784],[15.760317,665767936],[16.082354,672059392],[16.153056,676253696],[16.390842,678350848],[16.557133,678391808],[16.64999,682586112],[16.738732,684683264],[17.093958,690974720],[17.141518,693071872],[17.254178,695279616],[17.28574,697376768],[17.528201,699715584],[17.566126,701812736],[17.568912,708104192],[17.692494,710201344],[17.692808,714395648],[18.309784,716492800],[18.56248,718589952],[18.863783,722784256],[19.175335,724881408],[19.307648,726978560],[19.497241,729075712],[19.502679,733270016],[19.766274,735367168],[20.109376,739561472],[20.195575,741658624],[20.389463,743755776],[20.646829,745852928],[20.767588,747950080],[20.989937,750047232],[21.079436,752144384],[21.229124,754241536],[21.231744,785698816],[21.247395,802476032],[21.261983,777310208],[21.270329,779407360],[21.43774,781504512],[21.493168,783601664],[21.617111,785698816],[21.978873,789893120],[22.239337,794087424],[22.347109,798281728],[22.347196,800378880],[22.628021,802476032],[22.757194,804573184],[23.136789,806670336],[23.290039,808767488],[23.39023,810864640],[23.420575,812961792],[23.746991,817156096],[23.747081,819253248],[24.015362,821350400],[24.229264,823447552],[24.279014,825544704],[24.612738,827641856],[24.748459,829739008],[24.803588,831836160],[25.097226,833933312],[25.169102,836030464],[25.400981,838127616],[25.44016,840224768],[25.536032,842321920],[25.577159,844419072],[25.859168,846516224],[26.017408,848613376],[26.054804,850710528],[26.295263,854904832],[26.323456,857001984],[26.333501,863293440],[26.385314,865390592],[26.392413,869584896],[26.538761,873779200],[27.051169,877973504],[27.386757,882167808],[27.659628,884264960],[28.010926,888459264],[28.233592,890556416],[28.372364,892653568],[28.566708,894750720],[29.055775,898945024],[29.255686,901042176],[29.407409,903139328],[29.825178,907333632],[29.996175,909430784],[30.038347,911527936],[30.03853,915722240],[30.141551,917819392],[30.145074,924110848],[30.655556,926208000],[30.792006,928305152],[31.062498,930402304],[31.469293,934596608],[31.60281,936693760],[31.941277,938790912],[32.159787,940945408],[32.245792,943042560],[32.552919,945139712],[32.597266,947236864],[32.941998,949334016],[33.009165,951431168],[33.262155,953528320],[33.584083,955625472],[34.018657,959819776],[34.150208,961916928],[34.335034,968208384],[34.566872,970305536],[34.749882,972402688],[34.829016,974499840],[34.848503,978694144],[35.668673,980791296],[36.006305,982888448],[36.076058,984985600],[36.504285,989179904],[36.689234,991277056],[36.845179,995471360],[36.845537,1001762816],[37.374603,1003859968],[37.483903,1005957120],[37.817424,1010151424],[37.908891,1012248576],[38.003436,1012334592],[38.055585,1014431744],[38.365029,1018626048],[38.439926,1018662912],[38.541792,1020760064],[38.86077,1024954368],[38.972225,1027051520],[39.245554,1029148672],[39.696769,1033342976],[39.701068,1081577472],[39.724253,1100451840],[39.748259,1131909120],[39.763159,1081577472],[39.77386,1083674624],[40.061233,1087868928],[40.185317,1094160384],[40.256359,1096257536],[40.25863,1098354688],[40.370148,1100451840],[41.164402,1102548992],[41.329107,1104646144],[41.429488,1106743296],[41.668467,1108840448],[41.713679,1110937600],[42.020159,1113034752],[42.132382,1115131904],[42.316874,1117229056],[42.425009,1119326208],[42.720281,1121423360],[43.216124,1125617664],[43.250173,1157074944],[43.255034,1142394880],[43.441519,1144492032],[43.46676,1146589184],[44.183232,1146765312],[44.251742,1149788160],[44.280743,1153982464],[44.281069,1158176768],[44.351024,1160273920],[44.378635,1164468224],[44.3825,1187536896],[44.395652,1174953984],[44.453517,1164468224],[45.124437,1149788160],[45.916099,1151885312],[46.307196,1156079616],[46.438396,