{"summary":{"timestamp":1402232509,"hash":"17ba0cf4289d6da632aab4cf242ad74dea94fe37","max_memory":1681018880,"cpu_time":169.25,"pull_request":14745},"memory_data":[[0.003141,8192],[0.274304,442368],[0.298986,10346496],[0.412559,12144640],[0.482113,18702336],[0.529188,19636224],[0.581138,27889664],[0.620192,30605312],[0.779179,34541568],[0.82157,38805504],[0.864612,39387136],[0.865489,43843584],[1.00261,47906816],[1.028364,53178368],[1.073262,55767040],[1.09997,61157376],[1.166553,65343488],[1.19636,71217152],[1.288976,78180352],[1.311768,83148800],[1.370504,87183360],[1.405349,92209152],[1.460111,94556160],[1.460461,96653312],[1.530705,100405248],[1.530804,102510592],[1.582433,105197568],[1.58302,107294720],[1.633776,112025600],[1.691158,114925568],[1.742763,122023936],[1.788067,124407808],[1.834985,131002368],[1.918012,132943872],[1.99068,151752704],[2.018792,162197504],[2.100045,184311808],[2.154668,165269504],[2.155352,161964032],[2.243557,164667392],[2.459374,167968768],[2.705555,173912064],[3.040977,182992896],[3.18006,194469888],[3.281684,203661312],[3.281877,205758464],[3.348198,209973248],[3.392233,216436736],[3.453772,220131328],[3.454056,222228480],[3.513315,226082816],[3.513604,228179968],[3.570826,231919616],[3.570924,234016768],[3.622006,237481984],[3.638627,244551680],[3.665814,248225792],[3.713815,248229888],[3.761552,253423616],[3.818022,257093632],[3.818123,259194880],[3.877382,263139328],[3.877478,265236480],[3.93543,269033472],[3.935526,271138816],[4.020859,276647936],[4.020953,278757376],[4.072457,282402816],[4.073037,284499968],[4.128376,288104448],[4.128471,290201600],[4.195255,294764544],[4.195349,296861696],[4.252375,300498944],[4.252671,302596096],[4.320019,306913280],[4.360384,314376192],[4.580081,314396672],[4.635245,326672384],[4.635339,328773632],[4.698484,344858624],[4.735932,357797888],[4.795123,373600256],[5.343278,373436416],[5.374537,364515328],[5.518168,366325760],[5.634468,371511296],[5.706742,373649408],[5.864337,375746560],[5.927245,377843712],[5.927624,379940864],[6.013729,382038016],[6.068934,382042112],[6.100294,384163840],[6.182697,386260992],[6.275819,386228224],[6.313953,376111104],[6.471222,378765312],[6.635309,379195392],[6.729888,383070208],[6.819281,384389120],[6.983761,390352896],[7.055504,392241152],[7.124481,404717568],[7.131492,409059328],[7.330128,411537408],[7.494911,415551488],[7.705396,420024320],[7.738914,424665088],[7.831498,430555136],[7.881156,431247360],[7.959692,445755392],[8.011053,446976000],[8.013016,449073152],[8.090899,450273280],[8.0916,452370432],[8.161844,454635520],[8.188186,457089024],[8.295502,458428416],[8.350539,462626816],[8.350967,464723968],[8.433398,465588224],[8.459642,469909504],[8.574791,470040576],[8.653386,472137728],[8.656593,484720640],[8.687954,486817792],[9.046317,487018496],[9.070448,489115648],[9.07729,505892864],[9.08415,499601408],[9.291399,501698560],[9.291727,505892864],[9.382599,506638336],[9.627612,506761216],[9.635851,508469248],[9.756136,508047360],[9.758506,500133888],[9.943402,500465664],[9.980816,501182464],[9.991172,505577472],[10.045049,507674624],[10.05082,509771776],[10.178933,509857792],[10.199201,510779392],[10.433574,512761856],[10.504282,512802816],[10.641685,514375680],[10.655012,516390912],[10.761303,519561216],[10.804196,525852672],[10.987233,536170496],[10.990493,546656256],[11.057319,546848768],[11.19059,550920192],[11.241955,554835968],[11.324021,555950080],[11.325955,551755776],[11.49107,553472000],[11.531542,555569152],[11.796398,556273664],[11.846246,560930816],[11.94174,561147904],[11.942398,563245056],[12.217137,563564544],[12.218327,565661696],[12.459138,570089472],[12.480935,576380928],[12.554841,576421888],[12.613599,578588672],[12.874788,584880128],[12.958043,589074432],[12.963283,591171584],[13.101548,593268736],[13.102476,597463040],[13.273604,603754496],[13.322546,607948800],[13.413774,612143104],[13.442229,616337408],[13.452917,607948800],[13.59267,608522240],[14.147386,612716544],[14.180913,614813696],[14.32545,619008000],[14.327254,642076672],[14.342469,629493760],[14.705206,633688064],[14.758559,635785216],[15.065923,639979520],[15.271864,642076672],[15.348459,644173824],[15.519817,646270976],[15.558941,648368128],[15.695553,648384512],[15.975393,652746752],[16.040819,654843904],[16.170651,655032320],[16.233823,659226624],[16.563216,661327872],[16.598135,663425024],[16.598315,667619328],[16.691098,669716480],[16.691426,673910784],[17.448399,676007936],[17.793324,678105088],[17.912901,680202240],[18.295667,684396544],[18.295761,686493696],[18.517557,688590848],[18.868285,690688000],[18.993024,692785152],[19.297342,696979456],[19.516449,699076608],[19.740891,703270912],[19.950189,705368064],[20.066319,707465216],[20.431521,709562368],[20.434057,741019648],[20.450142,757796864],[20.466191,732631040],[20.509499,736825344],[20.83152,741019648],[21.129463,743116800],[21.521215,747311104],[21.766002,749408256],[21.823708,751505408],[22.037955,753602560],[22.073789,755699712],[22.334716,757796864],[22.361617,759894016],[22.633566,761991168],[22.765749,764088320],[23.039726,766185472],[23.049365,770379776],[23.19717,774574080],[23.204834,778768384],[23.367871,780865536],[23.884509,785059840],[24.092209,787156992],[24.252036,789254144],[24.252122,791351296],[24.525943,793448448],[24.951272,797642752],[25.28858,799772672],[25.475701,803966976],[25.637342,806064128],[25.637553,810258432],[25.783365,812355584],[26.142088,816549888],[26.190132,818647040],[26.528475,822841344],[26.628135,824938496],[26.85915,827166720],[26.942113,829263872],[26.999244,833458176],[27.167041,835555328],[27.207475,839749632],[27.602813,841846784],[27.743235,843943936],[27.820425,846041088],[27.957188,848338944],[28.042493,848343040],[28.352034,854663168],[28.634106,858857472],[28.97485,860954624],[29.212056,863051776],[29.349453,865148928],[29.466644,871440384],[29.467708,873537536],[29.540989,875634688],[30.242076,877731840],[30.820851,879828992],[30.975893,881926144],[31.524607,886120448],[31.865127,886317056],[31.935047,889495552],[31.966217,893689856],[31.966535,897884160],[32.031045,899981312],[32.047878,902094848],[32.097182,891609088],[32.781705,876994560],[33.422746,877154304],[33.437579,881348608],[33.509921,883445760],[33.512148,881348608],[33.597508,881401856],[34.450645,883499008],[35.045924,885596160],[35.049947,933830656],[35.073631,961093632],[35.085629,984162304],[35.096032,973676544],[35.096084,933830656],[35.133459,938024960],[36.871212,938115072],[37.096302,938348544],[37.140972,939560960],[37.28217,940294144],[37.59071,940699648],[37.676665,942796800],[38.104062,943157248],[38.105936,945254400],[38.702713,945786880],[38.741147,947884032],[39.34111,949981184],[40.235694,952168448],[40.265468,952811520],[41.098,952815616],[41.100661,973787136],[41.107513,977981440],[41.114738,965398528],[41.181777,965414912],[41.387606,967512064],[41.603996,967520256],[41.764871,969617408],[42.348727,971845632],[42.784094,971882496],[43.127144,974204928],[43.225062,974209024],[43.792806,982908928],[43.79309,985006080],[43.928167,987385856],[44.533586,996028416],[44.815511,1000804352],[45.116422,1002504192],[45.250826,1004478464],[45.251917,1008672768],[45.534269,1013248000],[46.081418,1020964864],[46.081626,1025159168],[46.61705,1032753152],[46.697149,1033367552],[46.901603,1037520896],[46.901793,1039618048],[47.109418,1042382848],[47.113778,1044717568],[47.181056,1044721664],[47.689619,1053413376],[47.905998,1057710080],[47.906774,1061904384],[48.089186,1065033728],[48.263295,1068859392],[48.461657,1072541696],[48.478828,1095610368],[48.47987,1083027456],[48.600133,1085239296],[48.747735,1086853120],[49.067017,1091948544],[49.357533,1097289728],[49.899157,1107931136],[50.167508,1112276992],[50.441072,1117532160],[50.6201,1120108544],[51.197199,1130557440],[51.197289,1132662784],[51.532922,1138532352],[52.329555,1151320064],[52.48712,1154990080],[52.680254,1158152192],[52.680637,1160253440],[52.845647,1163010048],[53.086096,1167704064],[53.415447,