{"summary":{"timestamp":1401933408,"hash":"193574ae1e3881f95afb8b3e385a9e410ac6798a","max_memory":1633103872,"cpu_time":165.52,"pull_request":14529},"memory_data":[[0.00338,4096],[0.043986,425984],[0.067073,10022912],[0.123485,12599296],[0.194149,13590528],[0.209665,16154624],[0.311205,19488768],[0.329038,22093824],[0.397812,24412160],[0.441355,30633984],[0.584663,34947072],[0.640304,39538688],[0.641037,43847680],[0.809686,47259648],[0.860135,54415360],[0.8952,56217600],[0.921557,61607936],[0.991679,65851392],[1.016919,71458816],[1.103105,77914112],[1.127676,82817024],[1.160672,83730432],[1.227307,92450816],[1.282416,94830592],[1.282679,96927744],[1.40599,105443328],[1.406083,107540480],[1.455638,110223360],[1.455731,112320512],[1.513889,115154944],[1.550665,121311232],[1.6103,124538880],[1.661956,131383296],[1.738113,133287936],[1.806915,151166976],[1.836028,161918976],[1.921072,184762368],[1.977383,162521088],[2.327079,168923136],[2.500736,173109248],[2.639916,177295360],[2.696625,177913856],[2.848533,183074816],[2.930678,190197760],[2.930978,192294912],[3.130136,211066880],[3.178677,213897216],[3.178773,215994368],[3.232359,219369472],[3.232835,221466624],[3.291142,225386496],[3.291237,227483648],[3.347639,231264256],[3.391906,236421120],[3.409287,243789824],[3.436812,247566336],[3.484704,247582720],[3.540763,251457536],[3.588617,258781184],[3.644999,262557696],[3.645096,264654848],[3.698875,268521472],[3.698968,270622720],[3.789296,276508672],[3.833025,283860992],[3.888715,287551488],[3.88881,289656832],[3.955247,294379520],[3.955346,296476672],[4.016224,300384256],[4.016319,302481408],[4.069442,306049024],[4.107476,311341056],[4.320424,311361536],[4.37916,326238208],[4.409501,337096704],[4.481387,355696640],[4.481488,357810176],[4.534077,371970048],[5.078652,371863552],[5.109552,362987520],[5.233298,364781568],[5.403725,371916800],[5.585114,374013952],[5.63314,378208256],[5.717162,380305408],[5.76851,380309504],[5.801711,382529536],[5.881478,384626688],[5.9701,384585728],[6.00957,373825536],[6.162876,376803328],[6.320183,377217024],[6.409731,381808640],[6.576923,384880640],[6.6528,387940352],[6.719128,388648960],[6.828964,391995392],[6.859092,394940416],[6.913012,411369472],[7.075595,415264768],[7.212966,421208064],[7.270835,427761664],[7.341298,441507840],[7.408803,445321216],[7.444653,445513728],[7.487855,450813952],[7.557543,451538944],[7.605415,453513216],[7.606194,455741440],[7.665668,455852032],[7.772021,463736832],[7.905873,466677760],[7.907375,472969216],[8.0042,473100288],[8.085958,475197440],[8.089116,487780352],[8.4497,488103936],[8.476992,490201088],[8.483769,506978304],[8.490357,500686848],[8.673545,502784000],[8.677292,506208256],[8.784505,507109376],[9.015607,507203584],[9.027121,508940288],[9.13343,508100608],[9.135771,500424704],[9.351182,500793344],[9.398315,505905152],[9.401502,503156736],[9.439158,503287808],[9.457205,508399616],[9.582469,508547072],[9.669563,510541824],[9.813571,512172032],[9.815211,514007040],[9.91179,514269184],[10.02508,515772416],[10.04783,519770112],[10.161164,521977856],[10.167596,526172160],[10.195349,526524416],[10.302303,532209664],[10.376721,535126016],[10.380426,545611776],[10.440228,545763328],[10.583103,551915520],[10.722846,553971712],[10.723493,550023168],[10.953347,551739392],[10.954809,553836544],[11.214438,554164224],[11.270913,556363776],[11.271008,558465024],[11.454946,558874624],[11.456321,560971776],[11.533418,563089408],[11.78557,565190656],[11.831982,567287808],[11.853445,573579264],[11.93205,577773568],[11.933422,579870720],[12.058575,581967872],[12.096876,588259328],[12.189291,590356480],[12.23865,594550784],[12.328277,598745088],[12.358009,602939392],[12.368361,594550784],[12.502193,595087360],[12.732738,595107840],[13.012513,597204992],[13.21701,603496448],[13.422738,605593600],[13.424294,624467968],[13.431751,628662272],[13.443985,618176512],[13.575549,620273664],[13.602947,622370816],[13.876707,624467968],[13.944127,624472064],[14.175028,628666368],[14.320748,630763520],[14.351448,632860672],[14.473324,632868864],[14.646588,634966016],[14.724329,635158528],[14.783826,637255680],[14.896804,637349888],[14.95839,641638400],[15.394344,644538368],[15.544462,646635520],[15.588924,648732672],[15.589101,652926976],[15.654964,655024128],[15.655278,659218432],[16.550108,661315584],[16.708301,663412736],[16.918626,663445504],[16.920472,665542656],[17.149682,669736960],[17.149769,671834112],[17.507311,673931264],[17.812796,678125568],[18.060617,680222720],[18.15269,682319872],[18.456126,686514176],[18.803607,688611328],[18.923617,690708480],[18.976608,692805632],[18.978795,715874304],[18.993971,726360064],[19.002083,741040128],[19.009593,715874304],[19.146349,717971456],[19.729823,722165760],[19.814475,724262912],[20.074534,726360064],[20.107329,728457216],[20.299711,730554368],[20.555905,732651520],[20.578394,734748672],[20.915245,736845824],[20.97088,738942976],[21.356643,741040128],[21.39857,745234432],[21.405623,749428736],[21.458952,751525888],[21.923673,755720192],[22.035182,757817344],[22.303001,759914496],[22.303921,762011648],[22.562758,764108800],[23.210388,768303104],[23.335766,770428928],[23.563886,772526080],[23.916627,774623232],[24.083199,776720384],[24.083376,780914688],[24.475105,783011840],[24.758222,785108992],[25.124752,787206144],[25.168768,789303296],[25.440889,791400448],[25.982348,793628672],[26.143071,795725824],[26.204757,795725824],[26.226643,799920128],[26.544503,802017280],[26.583241,806211584],[27.448189,808308736],[27.63731,810405888],[27.840073,810409984],[27.892739,812699648],[28.050996,814800896],[28.146749,814817280],[28.226611,816914432],[28.379282,819023872],[28.986414,823218176],[29.147559,825315328],[29.253885,831606784],[29.254217,833703936],[29.320105,835801088],[30.461468,837898240],[30.612751,839995392],[30.843313,839999488],[30.844289,842092544],[31.086975,844189696],[31.366384,844255232],[31.464698,844722176],[31.502643,849670144],[31.546681,851767296],[31.549051,855961600],[31.615368,858058752],[31.621322,860155904],[31.679813,849670144],[32.347985,834994176],[32.947531,835174400],[32.983981,839368704],[33.098476,841465856],[33.101487,839368704],[33.247928,839540736],[35.63699,841637888],[35.645792,843735040],[37.732929,843931648],[37.93944,844058624],[37.979524,844845056],[38.185284,844906496],[38.222843,845615104],[38.401188,846053376],[38.430918,848232448],[38.911091,848494592],[38.916882,850591744],[38.923107,894631936],[38.940656,905117696],[38.941012,911409152],[38.957948,921894912],[38.965999,936574976],[38.981641,949157888],[38.989164,898826240],[39.045427,900923392],[39.219895,901373952],[39.502707,903471104],[39.622877,903528448],[40.523741,907722752],[40.531859,930791424],[40.538247,918208512],[40.627685,920305664],[41.131227,920420352],[41.160276,921034752],[42.135386,923131904],[42.49628,925229056],[42.638098,925360128],[42.718261,927457280],[43.567601,927588352],[43.743177,929816576],[43.944438,929820672],[44.528622,938967040],[44.675914,941748224],[44.864219,944500736],[44.864502,946597888],[45.354819,954007552],[45.545251,957534208],[45.836743,959336448],[45.837176,963530752],[46.031311,966430720],[46.263,970444800],[46.570321,974807040],[46.571633,979001344],[47.273431,989327360],[47.349155,989941760],[47.569033,994287616],[47.79514,998088704],[47.839693,999575552],[48.170895,1005604864],[48.180703,1026576384],[48.1842,1016090624],[48.305363,1018146816],[48.322403,1022803968],[48.324557,1035485184],[48.340444,1045970944],[48.344811,1033388032],[48.505762,1036849152],[48.635256,1038831616],[49.075596,1048145920],[49.201231,1050460160],[49.343815,1052119040],[49.600819,1056374784],[50.079303,1065385984],[50.079398,1067483136],[50.455082,1075011584],[50.715654,1079562240],[50.986782,1084694528],[51.165798,1087328256],[51.514408,1093709824],[51.514501,1095811072],[51.818381,1101762560],[52.570735,1114292224],[53.018929,1122885632],[53.019024,1124982784],[53.71724,1137852416],[53.830148,1139499008],[53.830643,1145790464],