{"summary":{"timestamp":1393921900,"hash":"19fadf6567859bd46d3235c29d61917efc0e0685","max_memory":1468223488,"cpu_time":133.88,"pull_request":12678},"memory_data":[[0.001544,4096],[0.050558,442368],[0.072793,8957952],[0.191975,14491648],[0.208363,18333696],[0.266499,19456000],[0.317748,22286336],[0.327737,25939968],[0.365803,28135424],[0.492995,31318016],[0.524283,34447360],[0.660522,37224448],[0.709581,41385984],[0.746206,47104000],[0.802248,52129792],[0.832446,57860096],[0.88443,60993536],[0.931831,68341760],[0.951496,68640768],[1.011569,78925824],[1.036654,79216640],[1.067644,84721664],[1.148931,92164096],[1.170319,95920128],[1.205598,96317440],[1.347629,110882816],[1.424761,120250368],[1.478455,124542976],[1.545795,134139904],[1.581135,136359936],[1.64391,144326656],[1.716831,144941056],[1.88238,207044608],[2.084335,208023552],[2.119048,208932864],[2.6712,209186816],[2.708123,210386944],[3.375169,210800640],[3.54928,223731712],[3.651754,232439808],[3.78096,241991680],[3.889568,248786944],[3.905089,251002880],[4.087972,251011072],[4.242037,310583296],[5.149426,310857728],[5.149683,311361536],[5.35587,316805120],[5.35605,318902272],[5.541445,319139840],[5.654717,321609728],[5.745086,321810432],[5.859093,327421952],[6.015337,331620352],[6.132386,336031744],[6.288273,337403904],[6.417028,341835776],[6.498598,348217344],[6.53393,348889088],[6.593971,360030208],[6.716948,364273664],[6.810517,369057792],[6.912985,370249728],[6.992163,373022720],[7.054147,373276672],[7.056571,377114624],[7.176515,377872384],[7.197197,383877120],[7.329832,384172032],[7.332535,386191360],[7.385008,386560000],[7.397209,394350592],[7.822586,394645504],[7.825319,410402816],[7.837026,417411072],[7.84895,410161152],[7.927832,410378240],[7.933794,414302208],[8.355068,415182848],[8.356182,417218560],[8.520083,417378304],[8.600403,420364288],[8.606056,451821568],[8.622369,451194880],[8.622445,435040256],[8.630535,464404480],[8.653446,462974976],[8.653522,449720320],[8.914107,450080768],[8.927228,454754304],[8.949553,454815744],[8.951947,461045760],[8.997425,463233024],[9.001682,473628672],[9.117647,474537984],[9.471252,475070464],[9.471978,476594176],[9.596233,478322688],[9.624483,481681408],[9.778663,483913728],[9.925961,485396480],[9.927867,489590784],[10.113537,490287104],[10.11567,493260800],[10.236793,495390720],[10.636262,495616000],[10.639472,503902208],[10.716445,504102912],[10.7714,507797504],[10.907534,508063744],[11.0512,509399040],[12.132095,509669376],[12.194351,510226432],[12.435528,510316544],[12.515888,512454656],[12.520887,527134720],[14.687946,527159296],[14.987931,527343616],[14.988175,527900672],[15.292742,527974400],[15.321534,528449536],[15.947516,528490496],[15.984943,529833984],[16.145683,530251776],[16.156718,563810304],[16.189442,563957760],[17.490687,564006912],[17.491426,566386688],[17.627068,566423552],[17.732339,569556992],[17.848764,569278464],[17.891252,570720256],[18.089295,571813888],[18.203891,573108224],[18.220818,574291968],[18.386273,575827968],[18.525701,578342912],[18.760571,579481600],[18.819066,581038080],[18.981735,581799936],[19.080657,584105984],[19.20044,584105984],[19.293421,585990144],[19.32867,588742656],[19.458995,588095488],[19.5398,590471168],[19.756571,590888960],[19.92542,592187392],[19.92856,608796672],[20.361689,608813056],[20.454545,609505280],[20.455576,611467264],[20.576862,611500032],[20.785349,612945920],[20.966288,614768640],[21.003549,615768064],[21.422588,618713088],[21.462018,620044288],[21.558313,620343296],[21.890335,624275456],[22.082566,625139712],[22.264325,628162560],[22.329086,632098816],[22.402685,632684544],[22.405477,631320576],[22.625907,631681024],[22.874176,634544128],[22.913802,635457536],[23.094027,636018688],[23.279342,638455808],[23.504984,639549440],[23.686037,641945600],[23.883183,643153920],[23.885054,648069120],[24.188118,648232960],[24.205646,649093120],[24.328105,649355264],[24.380034,650649600],[24.540981,651337728],[24.763274,653053952],[24.871296,654503936],[24.925352,656502784],[25.08635,656678912],[25.134588,658444288],[25.157332,725557248],[25.193897,691998720],[25.283827,694378496],[25.285359,692756480],[25.385551,693968896],[25.60222,695250944],[25.71816,696446976],[25.81335,698441728],[25.967397,699232256],[25.998855,700321792],[26.13872,701251584],[26.179077,703148032],[26.309094,704811008],[26.399744,704925696],[26.505859,707301376],[26.594656,707534848],[26.778778,710348800],[26.897194,711454720],[27.145447,712851456],[27.357298,716480512],[27.492579,722898944],[27.495427,725839872],[27.597024,726151168],[27.627062,727306240],[27.630992,723058688],[27.759519,723124224],[27.797357,726212608],[27.857693,725917696],[28.122468,726294528],[28.237339,727011328],[28.301201,728821760],[28.441334,729894912],[28.492444,731787264],[28.773915,733696000],[28.869309,738017280],[28.875876,769474560],[29.367394,769859584],[29.371979,786501632],[29.439557,785977344],[29.439631,769912832],[29.550958,769921024],[30.090394,736362496],[32.236378,738459648],[32.236795,741302272],[32.557202,741306368],[32.60192,743460864],[32.604625,740925440],[32.730305,743022592],[32.735153,741384192],[32.908744,741494784],[34.633922,741498880],[34.634716,742936576],[34.738481,742653952],[34.738557,741494784],[35.370772,741511168],[35.884128,741756928],[35.968511,743284736],[36.112843,744198144],[36.202311,748371968],[36.216204,750469120],[36.309996,754819072],[36.354945,754823168],[36.495572,761004032],[36.710768,767463424],[36.882476,771911680],[36.963497,776663040],[37.146816,783069184],[37.376052,788762624],[37.398853,789811200],[37.629793,795955200],[37.65043,796979200],[38.020725,805928960],[38.265474,812478464],[38.266569,814563328],[38.32043,814567424],[38.497392,819556352],[38.539025,821653504],[38.673554,825344000],[38.67536,829538304],[38.76916,829550592],[38.96921,834256896],[38.970556,836341760],[39.230148,842797056],[39.252637,842801152],[39.510112,849158144],[40.094049,864673792],[40.103782,867819520],[40.155377,867823616],[40.39688,873922560],[40.718393,881332224],[40.720014,885526528],[40.796241,885551104],[40.912788,888057856],[41.078837,895074304],[41.080062,899174400],[41.126211,899190784],[41.335661,908242944],[41.494451,915832832],[41.494977,920035328],[41.545117,920039424],[41.649178,925634560],[41.888432,936898560],[42.105884,948400128],[42.35174,959102976],[42.534368,967786496],[42.648522,974749696],[43.057917,992919552],[43.290316,1004593152],[43.46191,1015177216],[43.501041,1018609664],[43.502525,1022713856],[43.570265,1025003520],[43.612158,1029152768],[43.741857,1037647872],[43.767454,1040220160],[43.889415,1046728704],[43.892682,1055121408],[43.987427,1055133696],[44.453862,1076486144],[44.456062,1084874752],[44.537416,1084882944],[44.686923,1090609152],[44.895734,1101500416],[45.016763,1106399232],[45.121221,1111781376],[45.293455,1119125504],[45.32375,1121230848],[45.492508,1129320448],[45.493779,1137704960],[45.589488,1137729536],[45.889866,1151647744],[45.890222,1154732032],[45.959085,1156280320],[45.961246,1164627968],[46.023255,1164849152],[46.037336,1190019072],[46.091585,1190301696],[46.091761,1192398848],[46.226413,1192493056],[46.474186,1194299392],[46.603797,1198493696],[46.604957,1200590848],[46.655437,1200951296],[47.006236,1209995264],[47.13286,1213935616],[47.309135,1218129920],[47.309801,1219706880],[47.381355,1220718592],[47.721964,1228910592],[47.855622,1232510976],[47.990188,1235140608],[48.190451,1242034176],[48.545006,1251266560],[49.254083,1270280192],[49.379207,1274363904],[49.616644,1280249856],[49.796697,1284149248],[49.907911,1287536640],[50.576213,1303875584],[50.678748,1308352512],[50.709984,1308389376],[50.89092,1312292864],[51.495313,1326649344],[51.974663,1338580992],[52.044812,1341513728],[52.045412,1343610880],[52.166565,1347432448],[52.239968,1348300800],[52.370426,1353117696],[52.377855,1369690112],[52.72545,1369722880],[52.921888,1375064064],[53.068079,1378058240],[53.411149,1386950656],[53.547668,1391243264],[53.658972,1391398912],[53.766092,