{"summary":{"timestamp":1375342833,"hash":"1b018dd9bacab613c9627e2cc2c3491cb86042ee","max_memory":1414995968,"cpu_time":193.22,"pull_request":8149},"memory_data":[[0.002991,4096],[0.063073,606208],[0.099919,6238208],[0.236943,10981376],[0.337528,12156928],[0.404365,16936960],[0.47766,18931712],[0.786026,24555520],[0.797068,29298688],[0.95934,32382976],[1.001183,41279488],[1.033745,45170688],[1.059435,51658752],[1.082472,52600832],[1.140612,61571072],[1.197564,75800576],[1.21839,75608064],[1.272047,81358848],[1.292863,86630400],[1.353651,94420992],[1.429839,113016832],[1.464553,113729536],[1.50411,123158528],[1.532201,123686912],[1.64164,144175104],[1.677524,144179200],[1.712076,149929984],[1.782464,157614080],[1.883453,173359104],[1.939569,180551680],[1.983058,188997632],[2.010142,190738432],[2.099955,204275712],[2.128693,211468288],[2.16988,214622208],[2.189088,219910144],[2.262054,228962304],[2.289821,239759360],[2.316148,239767552],[2.448189,291692544],[2.508957,316350464],[2.721669,399511552],[2.757525,400994304],[2.814683,412823552],[2.908014,437030912],[2.973548,450568192],[3.019981,463659008],[3.076598,477392896],[3.110242,481017856],[3.201516,499924992],[3.268862,512765952],[3.312222,524828672],[3.438774,550166528],[3.463435,557387776],[3.524371,569765888],[3.653468,601362432],[3.752127,622014464],[3.798017,634941440],[4.247577,817115136],[4.368042,865288192],[4.396718,865390592],[4.527928,918417408],[4.696827,988573696],[4.877512,1062313984],[4.960637,1095344128],[5.125159,1164759040],[5.244194,1215594496],[5.510904,1327280128],[5.966774,1327341568],[6.134784,1329508352],[6.145639,1398714368],[6.224707,1398784000],[6.347889,1400541184],[6.401932,1403310080],[6.509259,1406603264],[6.645249,1407471616],[6.90267,1407787008],[8.946949,1407922176],[9.037445,1409048576],[9.480615,1409269760],[9.523135,1409650688],[19.608927,1409716224],[19.609365,1409826816],[20.843722,1409957888],[20.845948,1410170880],[21.719885,1410179072],[21.966026,1410322432],[23.553502,1410326528],[23.808526,1410519040],[25.596313,1410592768],[25.805864,1412698112],[26.115262,1412984832],[26.883226,1411932160],[33.702376,1412022272],[33.937563,1412575232],[33.937648,1414672384],[37.422242,1414848512],[38.23302,1343541248],[38.422425,1342885888],[38.426354,1284759552],[38.429304,1284460544],[38.434135,1218117632],[38.440321,1189765120],[38.442048,1150447616],[38.445032,1148784640],[38.448695,1111195648],[38.557213,1112895488],[38.689747,1116475392],[40.776451,1116553216],[40.806525,1117622272],[44.37924,1117802496],[45.678426,1117831168],[45.692261,1118011392],[46.508958,1118101504],[149.784209,1118105600],[149.862443,1121349632],[149.919048,1121697792],[151.603802,1121738752],[220.182816,1121746944],[221.276278,1121792000],[221.330072,1124421632],[221.331968,1126518784],[221.416183,1126522880],[221.432593,1128042496],[221.543744,1128058880],[221.62541,1132707840],[221.679254,1132257280],[221.712656,1138278400],[221.841079,1146576896],[221.873174,1155219456],[221.956237,1154498560],[221.956399,1151229952],[222.097961,1151234048],[223.257268,1148952576],[223.257668,1140695040],[223.279273,1140715520],[223.286897,1150685184],[223.297698,1140736000],[223.308032,1141555200],[223.325261,1154715648],[223.335919,1156816896],[223.440097,1158615040],[223.581783,1158733824],[223.590226,1161265152],[224.004433,1161322496],[224.0546,1165950976],[224.06988,1169584128],[224.072728,1176932352],[224.088011,1176969216],[224.099836,1185083392],[224.131008,1192620032],[224.179543,1193349120],[224.180825,1161486336],[224.188649,1144233984],[224.269694,1144205312],[224.320909,1141403648],[224.328147,1017733120],[224.332735,977084416],[224.333735,938795008],[224.338361,896827392],[224.339352,858841088],[224.349563,738856960],[224.350559,699949056],[224.355113,657227776],[224.358958,580780032],[224.363922,539062272],[224.367827,461836288],[224.376425,381227008],[224.381065,303263744],[224.386361,261697536],[224.390813,181456896],[224.392729,179847168],[224.400137,70877184],[224.40296,66740224]],"pass_timing":[["parsing",1.296],["std macros injection",0.004],["configuration 1",0.472],["expansion",1.067],["configuration 2",0.57],["maybe building test harness",0.591],["std injection",0.552],["ast indexing",0.289],["external crate/lib resolution",0.343],["language item collection",0.067],["resolution",2.032],["looking for entry point",0.001],["freevar finding",0.112],["region resolution",0.168],["region parameterization inference",0.061],["type collecting",0.189],["coherence checking",0.282],["type checking",11.355],["const marking",1.075],["const checking",0.047],["privacy checking",0.252],["effect checking",0.066],["loop checking",0.038],["compute moves",1.029],["match checking",0.202],["liveness checking",0.252],["borrow checking",1.215],["kind checking",0.174],["reachability checking",0.068],["lint checking",0.333],["translation",12.137],["LLVM passes",184.812],["linking",0.928]]}