{"summary":{"timestamp":1361569174,"hash":"1bc4e3f6a21c3c5d92873f490b646358ea395f9e","max_memory":1263464448,"cpu_time":95.48,"pull_request":5078},"memory_data":[[0.003061,4096],[0.011768,3026944],[0.404637,15958016],[0.820655,30887936],[1.101841,40349696],[1.252326,45993984],[1.827676,65716224],[2.349472,83365888],[2.383756,83976192],[2.510815,108838912],[2.782371,159670272],[2.891794,180785152],[3.180816,233623552],[3.299729,242077696],[3.370263,250785792],[3.459382,256241664],[3.508685,263303168],[3.558616,267538432],[3.701942,271925248],[3.841902,280002560],[3.897313,285130752],[4.016108,290656256],[4.156934,299327488],[4.430442,319791104],[4.480273,325173248],[4.725355,325185536],[4.783112,325726208],[4.903261,349786112],[4.904504,353992704],[4.933983,351891456],[5.038048,374018048],[5.145706,375345152],[5.173011,385339392],[5.252709,386260992],[5.267119,395366400],[5.320241,396652544],[5.328668,399003648],[5.458803,399327232],[5.598771,403668992],[5.598965,405766144],[5.673546,405778432],[5.681767,408248320],[5.748931,410353664],[5.771315,413716480],[5.840594,419524608],[6.197389,421965824],[6.200031,423014400],[6.31643,423018496],[6.561741,424427520],[6.568239,426524672],[6.898977,426528768],[7.234146,428826624],[7.43714,429793280],[7.450068,433991680],[8.065296,434089984],[8.068031,435040256],[8.249543,435044352],[8.633456,437506048],[9.057765,440733696],[9.081647,449122304],[9.311603,449220608],[9.329678,454402048],[9.354847,455008256],[9.3712,463400960],[9.429124,465231872],[9.516026,465985536],[9.518107,472326144],[9.587523,476672000],[9.710693,481067008],[9.847432,481734656],[9.88475,483115008],[10.162342,484151296],[10.642197,489680896],[10.949404,491659264],[10.976067,494571520],[11.234152,494641152],[11.466935,495648768],[11.558269,497070080],[11.663947,497102848],[11.851936,498610176],[12.16762,503341056],[12.32336,503435264],[12.335598,507531264],[12.739597,507682816],[12.89487,508661760],[12.99284,511197184],[13.427461,514629632],[13.654314,515006464],[13.849221,516489216],[14.052342,517267456],[14.138713,518258688],[14.328488,518955008],[14.424703,522960896],[14.530208,522846208],[14.925311,524132352],[15.126976,525594624],[15.151474,533983232],[16.411798,534061056],[16.444384,534777856],[16.779434,535924736],[16.873136,537182208],[17.139112,538054656],[17.175431,539066368],[17.395777,540352512],[17.491064,540356608],[17.565874,541863936],[17.737399,541904896],[17.887988,542785536],[18.010006,544911360],[18.091192,544915456],[18.20969,546177024],[18.33254,546213888],[18.734837,548757504],[18.767044,549511168],[19.320396,551411712],[19.3398,552292352],[19.465383,552386560],[19.593785,553459712],[19.637855,555294720],[19.801123,555319296],[20.431555,557735936],[20.476278,559460352],[20.811535,560050176],[21.014367,560824320],[21.25531,562270208],[21.676404,563494912],[21.849581,565514240],[22.019008,565760000],[22.462651,569339904],[22.56318,570523648],[22.710284,570712064],[22.819904,571621376],[22.853483,572821504],[22.858481,581181440],[22.899748,581206016],[22.90197,589570048],[24.225554,589635584],[24.236405,593858560],[24.314293,595460096],[24.336893,603852800],[24.45606,604037120],[25.646789,604114944],[25.806709,604688384],[25.886855,605667328],[26.080017,606339072],[26.080507,607379456],[26.323206,607514624],[26.454559,608583680],[26.455658,611790848],[26.948889,612036608],[27.171006,614469632],[27.903234,614727680],[28.081748,616570880],[28.096011,629157888],[28.173087,629682176],[28.215215,627728384],[28.217156,635150336],[28.33412,635285504],[28.371218,637382656],[28.526195,637480960],[28.591722,639815680],[28.595934,658698240],[28.970096,660795392],[29.065421,664989696],[29.187971,667090944],[29.297054,671961088],[29.307342,673538048],[29.48333,680853504],[29.486501,685088768],[29.70659,690442240],[29.889173,691609600],[29.945605,693313536],[30.011559,693510144],[30.078387,696115200],[30.342028,701186048],[30.342575,703283200],[30.422729,703975424],[30.606721,707026944],[30.737246,710352896],[30.947111,717537280],[31.072287,719622144],[31.220093,723496960],[31.221176,727691264],[31.280898,728604672],[31.404713,732680192],[31.433714,735715328],[31.443698,742244352],[31.525078,744919040],[31.745766,749142016],[31.939161,755564544],[32.030061,757678080],[32.030727,759775232],[32.246661,767315968],[32.46561,771514368],[32.611855,776593408],[32.764485,780976128],[32.79487,780980224],[33.027288,787464192],[33.099618,788819968],[33.325403,795242496],[33.355258,795246592],[33.656131,805036032],[33.676291,811921408],[33.769361,812843008],[33.869949,816197632],[34.064157,816758784],[34.181723,817618944],[34.21838,819585024],[34.402931,825470976],[34.565176,831692800],[34.631719,832954368],[34.766828,837046272],[34.849628,837898240],[35.026817,842735616],[35.08989,842846208],[35.205026,845811712],[35.354188,850542592],[35.354951,852639744],[35.575741,859762688],[35.687472,860532736],[35.861227,867151872],[35.926003,867328000],[36.015682,869900288],[36.127083,870289408],[36.156613,871477248],[36.32296,873046016],[36.374504,875692032],[36.47011,876130304],[36.5959,879226880],[36.94491,890290176],[36.97503,890294272],[37.205985,896413696],[37.288728,897146880],[37.288901,899244032],[37.397859,900816896],[37.483798,903434240],[37.656645,905965568],[37.716764,908046336],[37.859761,909860864],[37.977859,913784832],[38.133615,915779584],[38.139111,926326784],[38.175492,928423936],[38.301264,928432128],[38.410455,930021376],[38.552284,934748160],[38.837219,936292352],[38.895576,937275392],[39.172915,946225152],[39.272827,947511296],[39.403761,950898688],[39.547147,955928576],[39.665527,958033920],[39.867441,963600384],[39.86753,965701632],[40.052074,970895360],[40.122749,971284480],[40.210375,974860288],[40.24052,974864384],[40.385729,979763200],[40.576711,981135360],[40.782468,987496448],[40.942216,993124352],[41.048852,994226176],[41.160507,997883904],[41.236995,999452672],[41.36225,1000554496],[41.515768,1004556288],[41.576917,1005076480],[41.664712,1007489024],[41.713922,1007583232],[41.839822,1011617792],[41.842668,1014083584],[41.906237,1015709696],[41.906619,1017806848],[41.957308,1023541248],[42.010573,1023553536],[42.360101,1033080832],[42.450202,1037058048],[42.693526,1041825792],[42.917409,1046994944],[42.959679,1048719360],[42.993424,1060122624],[43.554728,1076273152],[43.673058,1080066048],[43.789027,1082130432],[44.09712,1090637824],[44.278981,1094574080],[44.286044,1096663040],[44.351063,1096683520],[44.478893,1100668928],[44.508865,1100673024],[44.622346,1104080896],[44.623542,1108275200],[44.659669,1108402176],[44.756136,1111764992],[44.922781,1114271744],[45.120741,1121042432],[45.392925,1129365504],[45.423069,1129369600],[45.6613,1137692672],[45.691289,1137696768],[45.776151,1141284864],[45.855603,1141293056],[46.091729,1145921536],[46.243017,1151074304],[46.257225,1155223552],[46.345621,1155231744],[46.455996,1159839744],[46.55743,1163079680],[46.59731,1166508032],[46.616624,1173983232],[46.687237,1174491136],[46.772441,1177067520],[46.77278,1179164672],[46.88771,1184120832],[46.985992,1184796672],[46.998417,1185959936],[47.405467,1188802560],[47.410162,1192747008],[47.607048,1192062976],[47.613112,1185005568],[47.899636,1090629632],[48.017886,1090760704],[48.11382,1094057984],[49.544037,1094189056],[50.841673,1094410240],[50.859891,1094782976],[51.731414,1094787072],[51.735962,1111429120],[51.861251,1111527424],[51.861775,1114607616],[51.95697,1115529216],[51.96373,1182642176],[51.996581,1182728192],[52.000968,1177522176],[52.485207,1176281088],[52.493068,1095729152],[53.144756,1095999488],[53.985013,1096069120],[57.148638,1096171520],[57.153255,1111769088],[57.341267,1111965696],[66.586804,1111973888],[67.590333,1111986176],[86.517009,1111994368],[88.558213,1112010752],[89.306541,1114107904],[89.307045,1115185152],[89.50176,1114238976],[89.501836,1112694784],[89.619359,1112694784],[120.3217,1114796032],[120.32521,1146253312],[120.335461,1145266176],[120.335982,1129476096],[170.399699,1129549824],[170.906292,