{"summary":{"timestamp":1358980714,"hash":"1d1b81143b947fa33745a78cf00af12cda437149","max_memory":1039970304,"cpu_time":84.57,"pull_request":null},"memory_data":[[0.002908,4096],[0.008569,2514944],[0.121892,8433664],[0.291525,19349504],[0.7644,53006336],[1.21274,83824640],[1.242711,84938752],[1.375344,107163648],[1.702126,160612352],[2.200491,160641024],[2.237051,166477824],[2.362539,167088128],[3.551668,167034880],[3.642678,173449216],[3.690837,178446336],[3.907866,178774016],[4.005703,180826112],[4.029188,182906880],[4.171584,184262656],[4.19869,193376256],[4.249609,194232320],[4.262999,202756096],[4.288698,204165120],[4.295582,215416832],[4.40406,216502272],[7.048371,216506368],[7.994353,218603520],[8.174907,218705920],[8.266256,222412800],[8.268015,226615296],[8.310942,226619392],[8.37436,231759872],[8.444414,232505344],[8.447246,239915008],[8.731104,248406016],[8.914788,249184256],[9.033008,251490304],[9.521984,256155648],[9.819325,257441792],[9.970473,258883584],[10.222442,259653632],[10.276865,261103616],[10.404887,261246976],[10.621822,262602752],[10.922633,267046912],[11.113894,267186176],[11.255079,268066816],[11.301048,269467648],[11.575729,270192640],[11.628572,271396864],[11.630746,273477632],[11.751666,273633280],[12.070411,276246528],[12.287486,276447232],[12.46704,277688320],[12.729439,278904832],[12.82938,280014848],[13.274916,282144768],[13.372376,283385856],[13.601432,283496448],[13.777752,284278784],[13.854789,287023104],[14.205033,287498240],[14.231004,288002048],[14.449816,288374784],[14.750339,290312192],[15.00009,290930688],[15.090519,292020224],[15.211931,292040704],[15.457589,293724160],[15.647172,294264832],[15.651153,298471424],[16.148336,298487808],[16.260731,300150784],[16.601729,301318144],[16.913584,303357952],[17.236405,303960064],[17.427849,304635904],[17.444642,305389568],[17.660128,306114560],[17.700122,307085312],[17.918852,308084736],[18.152781,308563968],[18.411709,309731328],[18.439331,310693888],[18.861194,311635968],[19.268003,313663488],[19.568741,314236928],[19.751777,316121088],[19.915386,316370944],[20.111824,317546496],[20.219131,318865408],[20.360701,318898176],[20.500635,321220608],[20.702301,321462272],[20.806611,322666496],[21.012006,323563520],[21.128957,323567616],[21.230154,324849664],[21.457841,325480448],[21.526482,326488064],[21.695989,336642048],[21.699867,340840448],[21.780888,342155264],[22.103124,342204416],[22.265968,347660288],[22.268243,349757440],[22.363267,351207424],[22.603364,351354880],[22.749749,352309248],[22.750575,354394112],[23.203894,354648064],[23.502415,357658624],[24.498282,357814272],[24.676197,359931904],[24.678068,369508352],[24.704871,372129792],[24.78829,372232192],[24.863613,374329344],[24.991624,374411264],[25.144079,380235776],[25.224767,381190144],[25.343698,386560000],[25.472087,390180864],[25.595133,392626176],[25.886948,404914176],[25.927887,408227840],[26.136112,414003200],[26.226963,414814208],[26.362359,417361920],[26.431192,420024320],[26.67201,424701952],[26.798788,426614784],[26.990604,432148480],[27.0903,434257920],[27.234867,438689792],[27.260481,438693888],[27.490647,445390848],[27.516726,445394944],[27.692373,450408448],[27.69785,458776576],[27.740163,454606848],[27.831212,457297920],[28.114386,463761408],[28.321261,469757952],[28.676318,480874496],[28.864784,485011456],[29.034385,490065920],[29.416295,499916800],[29.759618,508272640],[30.008127,515723264],[30.411449,527343616],[30.428572,527355904],[30.729968,535859200],[30.736404,536911872],[30.91107,543121408],[31.152104,549117952],[31.206908,549822464],[31.388606,554647552],[31.55398,557916160],[32.009731,570920960],[32.159619,573685760],[32.245764,577196032],[32.444095,582086656],[32.483401,582287360],[32.609774,585789440],[32.666802,586178560],[32.81173,589340672],[32.950858,593313792],[32.972195,596226048],[33.159658,600735744],[33.580991,612610048],[33.839233,619159552],[34.029553,621768704],[34.102441,623857664],[34.257476,626573312],[34.435524,630403072],[34.571003,634277888],[34.654756,635535360],[34.776087,638967808],[34.846763,639606784],[35.081635,645726208],[35.458917,656433152],[35.464857,660758528],[35.692125,665784320],[35.878239,671780864],[36.117997,677134336],[36.26652,681623552],[36.431358,684900352],[36.480836,686936064],[36.613224,689602560],[36.78533,694366208],[36.980644,698736640],[37.217705,705335296],[37.387493,710520832],[37.465576,711782400],[37.618755,715821056],[37.860663,720564224],[37.969966,723599360],[37.977017,731959296],[38.198739,731975680],[38.285045,733720576],[38.512345,739790848],[38.53585,744734720],[38.623978,748011520],[38.832099,753909760],[39.062492,762171392],[39.467514,772001792],[39.504739,773480448],[39.534814,782745600],[39.958879,794849280],[39.969841,797884416],[40.079767,800542720],[40.335478,807944192],[40.336554,808980480],[40.496441,811634688],[40.884777,822157312],[41.103261,827498496],[41.165862,829652992],[41.367091,834842624],[41.3684,839036928],[41.482106,841367552],[41.722416,847843328],[42.072555,857923584],[42.108259,858353664],[42.343055,864886784],[42.353319,865943552],[42.537815,870662144],[42.61848,872005632],[42.804905,876437504],[43.193602,888520704],[43.239694,891109376],[43.42606,896888832],[43.426215,898985984],[43.488241,900296704],[43.530293,903270400],[43.648457,905596928],[43.898729,907423744],[43.899615,909352960],[44.068497,910471168],[44.239856,910659584],[44.245398,906551296],[44.503761,905842688],[44.504172,862507008],[44.688178,863023104],[44.761881,865550336],[44.946844,865705984],[46.737033,865710080],[46.76033,866189312],[47.769193,866275328],[47.771626,882970624],[47.980388,886956032],[47.986953,954068992],[48.007914,953200640],[48.007998,937287680],[48.029874,937799680],[48.031461,944091136],[48.074782,945131520],[48.53955,940584960],[48.547095,866320384],[49.206304,866545664],[53.879124,866803712],[54.121775,867241984],[62.942776,867246080],[66.215892,867266560],[69.314952,867348480],[70.928662,867352576],[70.933354,883994624],[109.555166,884056064],[129.787529,884293632],[129.790815,916885504],[129.801667,916471808],[129.802207,900968448],[147.957002,901042176],[148.48077,901156864],[148.482053,905121792],[148.572361,905252864],[148.581421,926158848],[148.624679,928874496],[148.798249,929538048],[148.799594,937930752],[148.847624,938680320],[148.850079,949166080],[148.978216,951263232],[148.98728,953364480],[148.993774,1018376192],[149.1297,1020473344],[149.495186,1026899968],[149.598693,1018376192],[149.598863,1005924352],[149.623716,1008021504],[149.687708,940908544],[149.69124,924168192],[149.699001,946028544],[149.699183,923045888],[151.045836,922484736],[151.04639,915021824],[151.151022,913592320],[151.154543,829837312],[151.156108,827871232],[151.159314,749854720],[151.168657,630640640],[151.169885,584683520],[151.174098,544583680],[151.179549,462389248],[151.180749,421605376],[151.184913,381689856],[151.190342,291180544],[151.191496,220897280],[151.193003,220278784],[151.2021,53587968],[151.204501,42176512]],"pass_timing":[["parsing",1.175],["configuration",0.482],["maybe building test harness",0.434],["expansion",1.364],["intrinsic injection",0.042],["core injection",0],["building lint settings table",0.063],["ast indexing",0.22],["external crate/lib resolution",0.234],["language item collection",0.05],["resolution",3.62],["freevar finding",0.147],["region resolution",0.209],["region parameterization inference",0.061],["typechecking",13.068],["const marking",0.276],["const checking",0.053],["privacy checking",0.227],["loop checking",0.042],["mode computation",0.261],["match checking",0.24],["liveness checking",0.545],["borrow checking",0.666],["kind checking",0.231],["lint checking",0.429],["translation",19.822],["LLVM passes",105.997]]}