{"summary":{"timestamp":1388945804,"hash":"1d9e66c0ebfb16686ca4f57cbc7af1343ad08251","max_memory":1351237632,"cpu_time":168.97,"pull_request":11304},"memory_data":[[0.001968,8192],[0.010374,7372800],[0.050338,10039296],[0.541846,11264000],[0.748669,12300288],[0.866509,23846912],[0.903037,29622272],[0.955619,31883264],[1.005011,38248448],[1.025613,38457344],[1.077605,46444544],[1.211965,57630720],[1.234524,60854272],[1.267948,61157376],[1.402256,72806400],[1.474719,80363520],[1.550737,85893120],[1.681689,99045376],[1.816564,100102144],[1.829827,104169472],[2.014925,171511808],[2.116497,172146688],[2.304215,172298240],[2.575459,173150208],[2.652658,174383104],[2.791662,174776320],[3.218617,174788608],[3.328708,183541760],[3.350358,190382080],[3.459043,197419008],[3.640181,210194432],[3.710415,216141824],[3.773714,219406336],[3.964992,235102208],[4.153208,235110400],[4.178321,245633024],[4.298938,288706560],[5.349129,288768000],[5.456154,289185792],[5.754495,289189888],[5.842862,291291136],[5.858407,347914240],[5.982023,347922432],[6.126243,350216192],[6.219273,350367744],[6.239449,351666176],[6.424237,356012032],[6.851009,364503040],[6.947855,364507136],[7.080437,366653440],[7.316782,371564544],[7.413348,375308288],[7.545596,378855424],[7.623323,379920384],[7.731898,385130496],[7.771428,385708032],[7.900257,392781824],[8.004563,394797056],[8.020793,396181504],[8.175364,398999552],[8.223367,400539648],[8.480874,403255296],[8.781252,403709952],[9.195899,403988480],[10.888564,404123648],[10.952334,404996096],[11.312089,405352448],[12.258595,405540864],[12.295516,406474752],[12.767071,406990848],[12.854558,408141824],[13.017547,413847552],[13.241276,416342016],[13.298772,417673216],[13.637174,418492416],[14.293569,418598912],[14.463305,421015552],[14.508702,423780352],[14.512132,430055424],[14.796222,430284800],[14.80832,434507776],[15.02286,434597888],[15.125761,435458048],[17.090012,435712000],[20.059268,435929088],[20.788628,436162560],[20.850763,436424704],[21.45804,436498432],[21.63803,439439360],[21.691556,441454592],[21.753237,441180160],[21.853965,444690432],[21.975603,450154496],[22.073243,450867200],[22.079402,449724416],[22.255897,450113536],[22.331725,451952640],[22.453143,452943872],[22.459262,469700608],[22.477984,461639680],[22.572677,463765504],[22.684814,464048128],[22.875372,466378752],[22.986903,467193856],[22.987705,468344832],[23.273015,470282240],[23.330615,472465408],[23.369077,471580672],[23.45234,472363008],[23.459284,476409856],[23.570886,478404608],[23.667299,479162368],[23.711304,480575488],[23.805049,481288192],[23.834663,482926592],[23.929986,483192832],[24.099466,485306368],[24.134146,486690816],[24.417183,488628224],[24.419157,489734144],[24.642432,490807296],[24.667388,492957696],[24.780938,494149632],[24.96579,494321664],[24.997667,495108096],[25.18506,495570944],[25.380445,497364992],[25.398267,498040832],[25.736163,501137408],[25.935872,502530048],[26.077132,504745984],[26.164751,504913920],[26.206623,506564608],[26.376155,507301888],[26.377647,509562880],[26.482029,509603840],[26.64112,511356928],[26.694343,513286144],[26.989444,514527232],[27.197625,516902912],[27.204071,519294976],[27.215507,550727680],[27.240039,534417408],[27.468198,536727552],[27.65125,537321472],[27.714052,538943488],[27.814383,538992640],[27.973934,540782592],[28.082438,540954624],[28.182244,542199808],[28.226347,544407552],[28.367647,544448512],[28.400531,546226176],[28.564807,546361344],[28.570815,563163136],[28.698687,563441664],[29.539903,563478528],[29.673288,564695040],[29.704981,568066048],[29.746472,568123392],[29.748111,571244544],[29.939058,571269120],[30.129001,574287872],[30.165301,575401984],[30.345576,576733184],[30.528552,580964352],[30.763713,581070848],[30.891091,582316032],[31.159896,583839744],[31.195319,585162752],[31.273871,584896512],[31.394701,586227712],[31.537641,586547200],[31.656686,587714560],[31.721501,590102528],[31.945193,590082048],[32.005324,591314944],[32.102325,591249408],[32.227674,592289792],[32.229936,597000192],[32.577882,597221376],[32.813578,598757376],[32.973999,602066944],[33.110171,602062848],[33.194847,603889664],[33.328839,604090368],[33.54844,605671424],[33.583857,606703616],[33.798276,607318016],[33.8129,608591872],[33.975134,608993280],[34.026482,611053568],[34.205095,612872192],[34.29262,612872192],[34.367801,614858752],[34.440007,614993920],[34.648217,617111552],[35.033673,619319296],[35.092966,622112768],[35.134326,620777472],[35.417276,621998080],[35.471869,623001600],[35.913476,626245632],[36.033926,627781632],[36.069569,630829056],[36.077531,662286336],[36.555232,662700032],[36.656608,663015424],[36.660371,671236096],[36.735526,671367168],[36.740546,688013312],[36.797529,685834240],[36.797721,662978560],[37.413182,663035904],[40.884373,663093248],[41.558747,663322624],[43.904847,663359488],[43.989671,664776704],[44.454345,665448448],[44.466429,669798400],[44.518982,670085120],[44.55028,672182272],[44.628385,672464896],[44.666539,676651008],[44.731189,678756352],[44.75489,682950656],[44.793877,685051904],[44.854901,685232128],[44.867136,687345664],[44.934702,687386624],[44.943685,689483776],[45.015347,689500160],[45.115416,692727808],[45.41055,700473344],[45.43144,767586304],[45.47949,734027776],[45.628071,737632256],[45.711194,740376576],[45.869695,744112128],[46.095916,754462720],[46.430432,761745408],[46.431563,762793984],[46.675109,768864256],[47.019618,777945088],[47.25297,783769600],[47.253373,784302080],[47.657614,793550848],[48.042511,803303424],[48.106245,805490688],[48.389049,812068864],[48.468726,814575616],[48.76239,821710848],[48.805431,823812096],[49.130721,831811584],[49.174913,833896448],[49.408998,840675328],[49.701133,846893056],[49.738006,848293888],[50.16853,858529792],[50.422429,864866304],[51.020424,880357376],[51.191724,884224000],[51.193301,886325248],[51.24599,886345728],[51.844169,899862528],[51.844887,901414912],[52.244994,910102528],[52.594228,918315008],[52.619297,919371776],[52.994648,927797248],[53.056767,930492416],[53.274998,935002112],[53.277027,939200512],[53.362754,939208704],[53.869494,951005184],[53.879395,980369408],[54.445364,980393984],[54.72944,987000832],[55.304364,999747584],[55.478769,1003855872],[55.560197,1006587904],[55.811397,1011945472],[55.902825,1014792192],[56.270451,1024180224],[56.505679,1028661248],[56.709347,1034375168],[57.025882,1042243584],[57.027369,1044324352],[57.077518,1044340736],[57.239693,1048469504],[57.51392,1054543872],[57.553072,1056595968],[57.723824,1060712448],[57.725301,1062711296],[57.805959,1063497728],[58.065727,1070157824],[58.443618,1078915072],[58.718022,1086521344],[59.00125,1092616192],[59.067827,1094914048],[59.181162,1096675328],[59.282431,1100541952],[59.300026,1102708736],[59.368169,1105297408],[59.368283,1107394560],[59.504745,1111986176],[59.510735,1114550272],[59.564874,1114566656],[59.760064,1120112640],[59.893291,1124442112],[59.89544,1128611840],[60.006568,1128628224],[60.398265,1138556928],[60.433468,1140289536],[60.789624,1148862464],[61.017483,1153753088],[61.018225,1156898816],[61.08812,1156919296],[61.284826,1161535488],[61.288858,1162551296],[61.477193,1166716928],[61.480884,1170964480],[61.553187,1170976768],[61.85559,1177604096],[62.012418,1181765632],[62.087632,1182998528],[62.554825,1194217472],[62.798294,1200574464],[63.03806,1205854208],[63.041004,1214160896],[63.229229,1214181376],[63.380532,1218093056],[63.439104,1218920448],[63.731323,1225965568],[63.763569,1227550720],[64.098044,1235505152],[64.274725,1238941696],[64.505177,1244098560],[64.508214,1252487168],[64.702977,1252700160],[64.705915,1261006848],[64.901395,1261174784],[65.099987,1265745920],[65.10181,1267843072],[65.156331,1267851264],[65.393268,1273241600],[65.748895,1282322432],[65.891714,1284689920],[66.062367,1288880128],[66.201531,1291386880],[66.307862,1294491648],[66.334576,1297494016],[66.378676,1297502208],[66.454472,1300402176],[66.833121,1307303936],[66.842307,1316491264],[67.009989,1319473152],[67.412857,