{"summary":{"timestamp":1373675308,"hash":"1ee54a86171d70f439b3cf77e566150b78251bc2","max_memory":1637421056,"cpu_time":192.31,"pull_request":7725},"memory_data":[[0.002933,4096],[0.045407,430080],[0.082484,5709824],[0.231962,10223616],[0.407237,11546624],[0.448358,15183872],[0.524756,16265216],[0.80278,22818816],[0.929809,24055808],[0.960616,28999680],[1.170053,31883264],[1.292462,49872896],[1.319513,51183616],[1.33347,55627776],[1.380759,59248640],[1.429821,69988352],[1.459048,70414336],[1.532582,78557184],[1.564414,87355392],[1.588046,87404544],[1.630058,91758592],[1.709517,107610112],[1.741848,107196416],[1.755022,113438720],[1.80399,123047936],[1.859535,122925056],[1.928876,131977216],[1.951445,139173888],[2.012831,139579392],[2.047225,145166336],[2.090768,148049920],[2.12367,153944064],[2.2404,165797888],[2.250866,169127936],[2.320802,175820800],[2.38719,185827328],[2.419719,187564032],[2.505862,198361088],[2.531651,204750848],[2.584168,208592896],[2.643401,216735744],[2.67605,226525184],[2.730333,227119104],[2.917968,307355648],[3.14362,406302720],[3.232152,443564032],[3.305008,460541952],[3.394396,486813696],[3.406272,487956480],[3.488692,512163840],[3.529484,522137600],[3.575576,536043520],[3.615295,539500544],[3.664107,550248448],[3.763126,576036864],[3.799787,587542528],[3.852563,600387584],[4.007791,640602112],[4.160489,683438080],[4.177542,686317568],[4.262943,710881280],[4.283241,718635008],[4.457686,791646208],[4.476424,800108544],[4.816275,946442240],[5.091552,1061502976],[5.118946,1073758208],[5.363007,1178685440],[5.440904,1212829696],[5.539608,1254207488],[5.811932,1254211584],[5.884658,1255628800],[5.947962,1262481408],[6.006295,1271107584],[6.057931,1281822720],[6.148764,1281839104],[6.17324,1289097216],[6.230874,1290743808],[6.23761,1294155776],[6.308669,1294503936],[6.312431,1296605184],[6.322934,1365811200],[6.489578,1367334912],[6.503544,1373507584],[6.548577,1376657408],[6.615153,1378607104],[6.618148,1380798464],[6.690626,1382526976],[6.695286,1387347968],[6.835909,1387757568],[6.931373,1390678016],[7.021737,1391640576],[7.074699,1394364416],[7.163243,1395843072],[7.345643,1395978240],[7.35387,1397256192],[7.645329,1397620736],[7.649612,1401688064],[8.167498,1401860096],[8.845074,1403060224],[8.848133,1404350464],[9.196242,1405231104],[9.352915,1407893504],[9.373558,1409003520],[9.5081,1409445888],[9.672944,1412542464],[9.78685,1413783552],[10.114973,1413861376],[10.116095,1414983680],[10.407254,1415262208],[10.593973,1415929856],[10.902238,1417641984],[10.929421,1420328960],[11.494633,1421332480],[11.715069,1423155200],[12.059619,1423810560],[12.107977,1424732160],[12.487155,1425190912],[12.646507,1425965056],[12.651429,1431126016],[12.962685,1432317952],[13.070831,1433542656],[13.2545,1434263552],[13.346815,1436078080],[13.607888,1437405184],[13.627556,1438138368],[13.785783,1438294016],[13.875643,1439051776],[14.045291,1439080448],[14.048877,1440477184],[14.506338,1440481280],[14.507582,1441562624],[14.634878,1441935360],[15.418761,1441939456],[15.796711,1444753408],[15.800997,1446768640],[16.122194,1447182336],[16.136168,1448226816],[16.804086,1448235008],[16.976594,1449926656],[17.179631,1450668032],[17.260607,1452273664],[17.502223,1452335104],[17.598105,1453727744],[17.717609,1454116864],[17.744321,1455837184],[18.224175,1455976448],[18.408091,1456939008],[18.448437,1458118656],[18.657636,1458184192],[18.81491,1459625984],[19.388969,1459859456],[19.466917,1461010432],[19.469825,1464078336],[21.036431,1464152064],[21.357151,1464324096],[21.359765,1466556416],[21.559747,1466843136],[23.23087,1466908672],[23.354195,1467011072],[23.416304,1468321792],[23.708609,1469161472],[23.909038,1473835008],[23.946564,1475878912],[24.25713,1481625600],[24.259688,1483948032],[24.369903,1484525568],[24.489144,1487790080],[24.627728,1490554880],[24.733261,1489502208],[25.090277,1489506304],[25.125635,1491206144],[25.29373,1494585344],[25.420116,1495556096],[25.714208,1500413952],[25.841711,1501851648],[25.987224,1505480704],[26.133255,1507880960],[26.290351,1512759296],[26.428063,1514860544],[26.565381,1517752320],[26.704422,1519325184],[26.890981,1523208192],[26.975298,1525702656],[27.050501,1526710272],[27.187278,1530060800],[27.38747,1533677568],[27.467719,1534205952],[27.719511,1542729728],[27.828166,1544065024],[28.032187,1545256960],[28.63494,1547579392],[29.104117,1548800000],[29.236702,1549602816],[29.244666,1553510400],[29.63846,1553514496],[30.033524,1555116032],[30.144039,1556156416],[30.468836,1557987328],[30.905037,1558994944],[31.28255,1560784896],[31.603329,1561784320],[31.85428,1565028352],[32.198326,1566457856],[32.467721,1568477184],[32.712367,1569202176],[33.224337,1571418112],[33.505579,1572306944],[33.518615,1572904960],[34.499789,1576017920],[34.790925,1577492480],[34.960356,1577799680],[35.765194,1578283008],[35.771455,1578528768],[36.183507,1561747456],[36.18359,1507221504],[36.274171,1508827136],[36.399966,1512730624],[37.430352,1512734720],[37.503606,1512833024],[38.628728,1512869888],[38.673047,1513910272],[43.987684,1514143744],[44.009006,1514274816],[44.900859,1514364928],[56.814061,1514389504],[85.061698,1514405888],[116.43499,1514418176],[120.421199,1514459136],[129.964986,1514483712],[131.008244,1514504192],[136.397249,1514508288],[140.217951,1514655744],[140.497676,1514889216],[140.530918,1516204032],[140.689464,1516732416],[140.764786,1518084096],[144.618177,1518137344],[144.799142,1518215168],[146.622097,1518297088],[150.270567,1518305280],[157.507045,1518387200],[159.443537,1518489600],[162.1234,1518505984],[164.249979,1518632960],[168.375763,1518649344],[169.499631,1518698496],[174.356379,1518792704],[174.659225,1518841856],[177.402703,1518886912],[182.571966,1518903296],[182.573567,1520205824],[185.044295,1520218112],[185.046733,1521590272],[187.156436,1521627136],[188.340672,1522040832],[188.494405,1522470912],[189.071563,1522581504],[189.161882,1522810880],[190.143084,1523007488],[190.332896,1523216384],[191.32021,1523478528],[191.414515,1523707904],[192.026421,1523916800],[192.091958,1524109312],[192.775286,1524273152],[192.844455,1524535296],[193.98316,1524715520],[194.054639,1524891648],[196.525654,1525288960],[196.999437,1525444608],[197.454481,1525858304],[198.109923,1525968896],[198.726477,1526317056],[199.581322,1526988800],[200.513477,1527484416],[200.560252,1527746560],[201.691258,1527885824],[202.018761,1528242176],[202.085689,1528942592],[203.10587,1529155584],[203.242132,1529511936],[204.128052,1529778176],[204.53421,1530200064],[204.732513,1530900480],[206.700951,1531342848],[206.981355,1531879424],[207.930316,1531928576],[208.283161,1532542976],[208.487069,1533353984],[208.62849,1534578688],[208.725502,1537134592],[209.061211,1537527808],[209.134172,1539301376],[209.814726,1540620288],[210.058546,1540931584],[210.174326,1541779456],[210.236332,1543659520],[210.239696,1560346624],[210.551564,1560989696],[211.093141,1560997888],[211.102088,1561325568],[211.235215,1592111104],[211.330819,1592123392],[211.463693,1594798080],[212.009284,1594839040],[212.026339,1596858368],[212.196661,1596862464],[212.289442,1601290240],[212.358818,1601294336],[212.390059,1603391488],[212.475417,1603395584],[212.574705,1607802880],[212.613003,1611304960],[212.614529,1615208448],[212.666367,1617321984],[212.823519,1628078080],[212.857056,1637175296],[212.94061,1632976896],[213.099592,1632997376],[214.282563,1630371840],[214.287709,1613582336],[214.288871,1573859328],[214.291679,1566658560],[214.332184,1576390656],[214.347107,1567477760],[214.368762,1582993408],[214.415656,1583251456],[214.428672,1586802688],[214.460431,1586860032],[214.516264,1591099392],[214.532642,1594867712],[214.534361,1602355200],[214.551849,1602560000],[214.562155,1610141696],[214.597025,1618870272],[214.646626,1620029440],[214.647692,1586991104],[214.655914,1568313344],[215.176518,1568268288],[215.179174,1566269440],[215.18047,1523216384],[215.185125,1482330112],[215.186137,1442918400],[215.193762,1362272256],[215.200491,