{"summary":{"timestamp":1367653717,"hash":"1f65e4a1d54417cebaed30816c75ae1cb0334566","max_memory":1666547712,"cpu_time":115.26,"pull_request":6230},"memory_data":[[0.001707,8192],[0.00614,8122368],[0.150043,11227136],[0.186604,16678912],[0.241852,17719296],[0.29117,20492288],[0.293432,24944640],[0.330851,22491136],[0.333364,25722880],[0.415672,24887296],[0.452015,28553216],[0.457265,38211584],[0.502743,38023168],[0.502949,32731136],[0.526719,35790848],[0.551736,33370112],[0.600924,33607680],[0.692062,38461440],[0.693468,41435136],[0.745355,39899136],[0.790085,44011520],[0.796371,55488512],[0.847185,53628928],[0.847389,48095232],[0.899066,48140288],[0.910391,58626048],[0.962725,57729024],[0.96293,51482624],[1.011934,53551104],[1.016904,63209472],[1.088519,63209472],[1.161822,61784064],[1.161925,58662912],[1.201854,61628416],[1.230202,60375040],[1.253899,64438272],[1.276593,62267392],[1.403274,66953216],[1.431833,70336512],[1.47521,69894144],[1.48264,73224192],[1.514783,72396800],[1.516862,76611584],[1.538713,72769536],[1.565822,75546624],[1.61424,76513280],[1.6174,82739200],[1.645138,79511552],[1.709929,79601664],[1.76743,81817600],[1.800012,84852736],[1.804563,93544448],[1.845393,92565504],[1.84565,85188608],[1.860311,89944064],[1.877612,86597632],[1.938921,89440256],[1.98218,93171712],[2.059983,93949952],[2.155906,114651136],[2.43197,170946560],[2.497604,185180160],[2.728013,232534016],[2.881826,240717824],[3.003547,250916864],[3.082636,255811584],[3.141837,262225920],[3.230695,268275712],[3.350248,269918208],[3.587143,281587712],[3.643526,286425088],[3.777642,292548608],[3.842938,296407040],[3.87335,296497152],[3.96942,303394816],[4.273563,321253376],[4.329302,326651904],[4.357833,327372800],[4.465908,352378880],[4.694632,403476480],[4.75123,416837632],[4.860362,417611776],[4.898518,426921984],[4.917929,427237376],[4.920726,445067264],[4.937057,436150272],[4.979755,437035008],[4.986015,472690688],[5.016085,472150016],[5.01616,454860800],[5.101838,456527872],[5.11289,527831040],[5.177329,527032320],[5.177406,492244992],[5.302461,493916160],[5.340833,512905216],[5.35068,536584192],[5.350762,515641344],[5.389861,516632576],[5.408849,525987840],[5.412237,533843968],[5.456003,535023616],[5.470652,554340352],[5.607854,554602496],[5.668425,555548672],[6.01339,556212224],[6.032505,561180672],[6.10365,563326976],[6.401152,563367936],[6.402171,565948416],[6.73775,565981184],[6.738996,571191296],[7.453479,571387904],[7.455874,581677056],[9.273978,581701632],[9.278036,602402816],[9.297661,597921792],[9.297819,586698752],[9.693781,587190272],[9.715191,589631488],[9.880842,589676544],[9.916937,594825216],[9.917577,598065152],[9.955742,598069248],[9.95874,605294592],[10.03779,607399936],[10.041904,622080000],[10.187669,622735360],[10.223953,624758784],[10.362976,624762880],[10.60574,625537024],[10.77033,627855360],[10.989771,629776384],[11.278044,631656448],[11.575713,632631296],[11.619773,633372672],[11.847097,633806848],[11.848314,635904000],[12.073113,635944960],[12.20713,636698624],[12.472295,639422464],[12.802946,639881216],[12.818792,640499712],[12.991752,640778240],[13.352387,643108864],[13.353731,647245824],[13.548405,647856128],[14.035852,647905280],[14.379077,649572352],[14.563608,649736192],[14.890889,651239424],[15.303879,651960320],[15.443915,652599296],[15.444423,653807616],[15.830676,654372864],[15.937855,655286272],[16.1514,655618048],[16.385944,656703488],[16.38637,657543168],[16.570512,657612800],[16.976023,659427328],[17.126197,659533824],[17.365445,660963328],[17.83814,662269952],[17.842105,670658560],[18.903995,670953472],[18.904839,673206272],[19.642944,673222656],[19.869068,673964032],[20.45083,675168256],[20.583624,676253696],[20.756502,676581376],[21.046947,678277120],[21.110674,679010304],[21.392019,679825408],[21.392833,681750528],[21.735343,682016768],[21.950782,682942464],[22.221351,683413504],[22.634385,684740608],[22.7255,687366144],[22.726389,689950720],[22.771729,689963008],[22.773848,695193600],[22.917327,695209984],[22.920689,705679360],[23.159721,705982464],[24.142416,706150400],[24.144411,706478080],[24.755124,706637824],[24.876564,709623808],[25.097465,709382144],[25.097551,708595712],[25.831446,708718592],[25.959308,710488064],[26.144348,710918144],[26.193403,712994816],[26.201729,726609920],[26.251013,732033024],[26.366126,732164096],[26.431388,734261248],[26.466101,740552704],[26.518036,740556800],[26.557123,745615360],[26.565983,751906816],[26.650242,762392576],[26.709279,766595072],[26.871915,783503360],[26.872579,787697664],[27.047349,797581312],[27.15475,802250752],[27.15516,804347904],[27.216271,806694912],[27.337761,813973504],[27.338509,818167808],[27.432497,823390208],[27.533235,827854848],[27.544819,832040960],[27.607522,834674688],[27.608053,836771840],[27.695372,842010624],[27.720392,857546752],[27.863146,864858112],[27.964048,871931904],[28.087531,879230976],[28.222582,885989376],[28.375913,895479808],[28.532971,900608000],[28.737628,913309696],[28.749752,921702400],[28.797177,926470144],[29.050824,939925504],[29.145024,941731840],[29.228162,945971200],[29.228472,948068352],[29.41231,960499712],[29.467294,962359296],[29.712057,975863808],[29.712825,980058112],[29.854018,988225536],[29.888618,991473664],[29.976042,996560896],[30.153571,1003491328],[30.204657,1007169536],[30.259514,1008914432],[30.372607,1016295424],[30.555151,1023467520],[30.593891,1025789952],[30.610393,1030967296],[30.641196,1031012352],[30.781693,1037869056],[30.782052,1039966208],[30.876259,1045094400],[30.933276,1047076864],[30.934807,1051291648],[31.0966,1060290560],[31.238925,1064947712],[31.324581,1071239168],[31.416128,1075691520],[31.648709,1089163264],[31.67229,1091022848],[31.917067,1105301504],[31.962685,1108459520],[32.02152,1109913600],[32.205214,1120133120],[32.320161,1127747584],[32.451858,1135251456],[32.616558,1140129792],[32.701614,1145012224],[32.738759,1148796928],[32.761766,1155923968],[32.808225,1160204288],[32.937078,1166639104],[32.939674,1183424512],[33.12971,1184579584],[33.248419,1190801408],[33.26503,1199951872],[33.408211,1207525376],[33.408368,1209622528],[33.548152,1216028672],[33.566614,1217716224],[33.96701,1238110208],[34.069381,1244286976],[34.070098,1248481280],[34.190014,1255550976],[34.385928,1268117504],[34.534214,1274826752],[34.534583,1276923904],[34.657632,1281011712],[34.825413,1290301440],[34.869077,1293344768],[34.873781,1299775488],[35.021977,1309040640],[35.025082,1315409920],[35.069116,1322614784],[35.085102,1331458048],[35.152467,1334398976],[35.154734,1340723200],[35.260279,1345503232],[35.411137,1347010560],[35.412802,1350717440],[35.828824,1355034624],[36.066565,1355079680],[36.073282,1347190784],[36.223227,1345658880],[36.230332,1198288896],[36.295601,1198780416],[36.358308,1202286592],[37.515339,1202442240],[40.749911,1202548736],[40.752845,1202786304],[41.712491,1204883456],[41.713952,1219567616],[41.998747,1221668864],[42.001825,1253126144],[42.013185,1236344832],[42.428914,1202786304],[43.252762,1203179520],[47.100353,1203208192],[47.144334,1203400704],[48.600551,1203474432],[48.810568,1203621888],[56.135197,1205719040],[56.13653,1220403200],[77.076911,1220407296],[91.838504,1222504448],[91.841292,1253961728],[91.849432,1237180416],[104.438849,1237184512],[104.745085,1237987328],[104.794129,1239068672],[104.912116,1239126016],[104.957839,1240342528],[105.087602,1240059904],[105.395883,1241952256],[105.614458,1244254208],[105.676006,1248874496],[105.853568,1250287616],[106.009961,1250390016],[106.080644,1249759232],[106.196537,1251139584],[106.275037,1249759232],[106.358263,1251201024],[106.362222,1249759232],[106.465871,1251094528],[106.495768,1249787904],[106.578244,1251213312],[106.584616,1249787904],[106.853084,1250115584],[106.889202,1251647488],[106.955121,1250947072],[106.97086,1252667392],[107.365061,1252556800],[107.470643,1252982784],[107.64631,1254670336],[107.671745,1255518208],[107.80031,1255706624],[107.844096,1258786816],[107.882075,1256636416],[107.91067,1259528192],