{"summary":{"timestamp":1397735210,"hash":"1fd7de8246df1f0e3447516482147fb5440bc3bc","max_memory":1460596736,"cpu_time":167.03,"pull_request":13567},"memory_data":[[0.003441,8192],[0.013768,6352896],[0.078071,13639680],[0.13225,22499328],[0.151826,22728704],[0.198691,29507584],[0.220702,30478336],[0.318397,50556928],[0.354945,54693888],[0.430523,66056192],[0.548547,87076864],[0.581458,87101440],[0.670473,139853824],[1.122401,140591104],[1.223897,157323264],[1.378468,183840768],[1.400723,193011712],[1.42678,193056768],[1.584546,219820032],[1.640195,230420480],[1.775904,254345216],[1.892095,254357504],[1.988965,309669888],[2.582564,309846016],[2.663594,313884672],[2.66377,315981824],[2.742124,318087168],[2.742241,320184320],[3.01875,320212992],[3.069651,321658880],[3.072734,325197824],[3.1954,325201920],[3.201288,330170368],[3.425675,330199040],[3.42857,343953408],[3.437792,345366528],[3.567604,345448448],[3.571556,349564928],[3.716085,351137792],[3.78165,349683712],[4.007885,349712384],[4.013654,355975168],[4.499157,356036608],[4.501147,359120896],[4.687157,359170048],[4.687721,362676224],[4.895836,362680320],[4.915288,372838400],[4.966367,372789248],[4.966461,366989312],[5.297103,366997504],[5.680277,369098752],[5.686768,375390208],[5.860704,375468032],[5.861495,379584512],[5.888144,381681664],[5.981441,381685760],[6.024649,384516096],[6.072604,375521280],[6.846674,375623680],[6.855936,400592896],[7.560742,400683008],[7.700311,406224896],[8.172855,413675520],[8.27374,414584832],[8.277986,420753408],[8.499927,420892672],[8.562567,423387136],[8.676714,423432192],[9.126708,432488448],[9.246642,434036736],[9.410534,437383168],[9.432053,438943744],[9.529643,439889920],[9.530577,441937920],[9.612776,442318848],[9.698515,444387328],[9.741676,446795776],[9.821419,447533056],[9.960489,450850816],[10.082053,451932160],[10.106896,453783552],[10.269572,456151040],[10.308384,458346496],[10.467823,459161600],[10.494418,460673024],[10.642748,461897728],[10.721561,464445440],[10.801863,464486400],[10.906753,467607552],[11.017182,469413888],[11.019485,496603136],[11.033058,518176768],[11.047339,519712768],[11.968456,519720960],[11.975904,527986688],[12.370549,528031744],[12.479754,530518016],[12.637326,532586496],[12.736471,534618112],[12.812673,535162880],[12.94968,538222592],[13.012184,541028352],[13.157139,541552640],[13.353529,544960512],[13.489945,546451456],[13.638153,549433344],[13.796332,550539264],[13.896284,553254912],[14.027795,553803776],[14.07368,555073536],[14.217422,556548096],[14.281953,558174208],[14.28359,562495488],[14.474916,562634752],[14.639728,564715520],[14.720067,566665216],[14.783784,571076608],[14.783833,569466880],[14.894929,570441728],[15.016342,577482752],[15.018956,574496768],[15.12121,574537728],[15.349652,577482752],[15.372365,578736128],[15.505824,579809280],[15.584704,581218304],[15.648682,583630848],[15.885782,587681792],[16.0185,591437824],[16.129207,592969728],[16.230654,593448960],[16.389491,596680704],[16.474114,602587136],[16.474428,605425664],[16.522602,607068160],[16.522701,602882048],[16.568973,605585408],[16.735288,605118464],[16.784057,606433280],[16.891303,607195136],[16.935906,608952320],[17.010375,609406976],[17.061793,612503552],[17.078205,611426304],[17.169002,612085760],[17.1973,613982208],[17.392184,615817216],[17.416889,617816064],[17.513871,617881600],[17.630991,620056576],[17.72521,620093440],[17.766811,626221056],[17.82627,626311168],[17.832863,634609664],[17.867785,633655296],[17.868278,620056576],[18.315532,608518144],[23.692952,608522240],[23.802322,609304576],[24.610078,610246656],[24.69496,610476032],[24.695983,612044800],[24.842282,612052992],[25.247122,613994496],[25.401643,615481344],[25.721289,615612416],[26.892296,615759872],[26.894342,618668032],[27.180005,618799104],[27.988566,618811392],[28.17985,626110464],[28.286314,629579776],[28.529627,639303680],[28.57896,643993600],[28.828413,652730368],[29.119233,664186880],[29.466084,676323328],[29.577152,678486016],[29.685093,682135552],[29.743146,685481984],[29.846308,688529408],[30.296589,704684032],[30.31392,706265088],[30.644687,716795904],[30.729662,720683008],[30.898725,726917120],[31.039026,731422720],[31.297331,740671488],[31.675808,752410624],[31.786806,756473856],[31.78789,758046720],[31.92271,759463936],[32.128889,766271488],[32.130959,769413120],[32.17431,769421312],[32.56738,781639680],[32.569447,784785408],[32.616129,784789504],[32.817925,790757376],[33.054463,800022528],[33.074648,802697216],[33.362609,813412352],[33.557644,821919744],[33.559728,825065472],[33.597111,825090048],[33.785765,831131648],[33.940491,836976640],[34.13691,843661312],[34.33815,853422080],[34.713734,866185216],[35.049028,878280704],[35.173649,884166656],[35.317312,892334080],[35.380363,894316544],[35.451277,899239936],[35.622956,905633792],[35.731363,911376384],[35.815694,917200896],[35.92829,921174016],[36.030814,926101504],[36.220091,932605952],[36.443722,941191168],[36.444363,944336896],[36.48381,944349184],[36.711439,952397824],[36.822867,955465728],[36.971636,961036288],[36.97582,967331840],[37.064149,967344128],[37.148396,971091968],[37.405836,978046976],[37.557133,983912448],[37.559334,987058176],[37.593653,987070464],[37.977301,1001209856],[38.104168,1007124480],[38.10851,1013415936],[38.198874,1013432320],[38.313598,1017303040],[38.526265,1026854912],[38.718487,1033256960],[38.952454,1042509824],[39.301844,1054425088],[39.436479,1060777984],[39.436526,1062883328],[39.556282,1068109824],[39.564254,1093283840],[39.920468,1093304320],[39.991805,1095708672],[40.006242,1118523392],[40.006371,1110388736],[40.118796,1110593536],[40.546408,1130827776],[40.5504,1137115136],[40.624126,1137135616],[40.686,1139896320],[40.690158,1146187776],[40.75863,1146232832],[40.764072,1192361984],[40.808267,1246887936],[40.813951,1230106624],[40.814249,1196544000],[40.966165,1204391936],[40.973033,1207005184],[41.05754,1208377344],[41.330894,1222426624],[41.584016,1233805312],[41.638124,1235775488],[41.989236,1250766848],[42.153533,1257385984],[42.351128,1263861760],[42.643337,1272868864],[42.721244,1276309504],[43.069721,1287761920],[43.170765,1291898880],[43.862063,1316089856],[44.083925,1323020288],[44.255174,1331253248],[44.320227,1333051392],[44.48476,1341030400],[44.776075,1350283264],[44.826386,1352724480],[45.030391,1359364096],[45.031339,1365655552],[45.134534,1365684224],[45.33039,1372618752],[45.39029,1372639232],[45.439657,1376296960],[45.584766,1382572032],[45.594107,1393315840],[45.686683,1397510144],[45.730271,1397514240],[45.770728,1400770560],[46.051966,1414795264],[46.113163,1415516160],[46.113784,1417613312],[46.254788,1423904768],[46.341151,1424916480],[46.344918,1421905920],[46.386577,1460371456],[46.387175,1416331264],[46.396516,1416548352],[47.163285,1420677120],[47.268213,1420079104],[47.672563,1386520576],[47.67273,1319403520],[47.67745,1302622208],[48.449568,1301368832],[48.449769,1292128256],[50.347818,1292132352],[154.306633,1292128256],[156.94273,1292115968],[159.952748,1292050432],[160.493098,1291976704],[162.634421,1291980800],[163.208654,1291878400],[164.432338,1291870208],[165.076001,1291780096],[167.229333,1291694080],[168.317246,1291534336],[170.184848,1291522048],[170.482644,1291460608],[170.6349,1293561856],[170.649526,1310339072],[170.682736,1310322688],[170.835396,1314500608],[170.882772,1314484224],[170.944698,1316585472],[170.961201,1339617280],[170.964596,1356177408],[170.979789,1383055360],[171.071176,1385152512],[171.164383,1385156608],[171.260812,1387380736],[171.26765,1375477760],[171.270464,1320312832],[171.277811,1349742592],[171.27801,1320267776],[172.280749,1276678144],[172.295689,1270886400],[172.353745,1268092928],[172.358045,1188249600],[172.370401,1001164800],[172.374509,923062272],[172.376222,921370624],[172.380339,843255808],[172.385284,803078144],[172.392479,684363776],[172.398129,643342336],[172.399645,604917760],[172.407367,523378688],[172.418206,440930304],[172.420392,381186048],[172.42263,380903424],[172.429122,