{"summary":{"timestamp":1388255814,"hash":"200c52a34e7673ab4186f86394c52874c98b4ffa","max_memory":1269587968,"cpu_time":215.11,"pull_request":11159},"memory_data":[[0.001948,8192],[0.010071,9330688],[0.082547,21610496],[0.103465,27414528],[0.134568,29683712],[0.175508,36245504],[0.204972,44306432],[0.220842,44933120],[0.297302,58761216],[0.317636,59092992],[0.396827,70844416],[0.438843,78413824],[0.48417,83955712],[0.559279,97140736],[0.587776,97157120],[0.697124,168710144],[0.85776,168759296],[1.038572,169713664],[1.176578,171339776],[1.44741,171356160],[1.519002,180248576],[1.532423,187289600],[1.695261,204226560],[1.760822,212758528],[1.828891,219217920],[1.845361,222597120],[1.922235,231870464],[2.031987,231903232],[2.045858,242688000],[2.11302,285822976],[2.99859,285933568],[3.027445,288034816],[3.042122,344657920],[3.278785,344727552],[5.974633,344735744],[6.500828,344825856],[6.581064,347316224],[6.583267,355471360],[6.762351,355917824],[6.763828,360013824],[6.89384,360017920],[7.077319,364769280],[7.196357,374136832],[7.348242,374026240],[7.407456,376250368],[7.411361,391221248],[7.420042,384577536],[7.504404,386121728],[7.528814,387829760],[7.640757,388894720],[7.764957,391364608],[7.765623,392544256],[7.929156,394465280],[7.962825,396611584],[8.029403,396627968],[8.034157,400711680],[8.144157,402898944],[8.403564,409890816],[8.624813,412987392],[8.692832,416100352],[8.907176,418557952],[9.104707,421310464],[9.10983,422006784],[9.367535,425996288],[9.643858,431263744],[9.644826,433618944],[9.73066,433885184],[9.802147,436891648],[9.978505,438263808],[9.987946,471818240],[10.0028,455036928],[10.119797,458158080],[10.335955,460750848],[10.370328,462319616],[10.453301,462647296],[10.521495,464449536],[10.597808,464633856],[10.663509,467910656],[10.727137,467714048],[10.764207,469762048],[10.86457,470155264],[10.868904,486899712],[10.959514,487198720],[11.422003,487239680],[11.531017,489394176],[11.576868,491454464],[11.578497,494534656],[11.761734,494678016],[11.976524,498388992],[12.120219,499691520],[12.199824,501850112],[12.238247,504279040],[12.380074,504532992],[12.606306,507396096],[12.625503,508727296],[12.823892,510160896],[12.932866,512987136],[13.048132,513462272],[13.301359,516964352],[13.303257,521682944],[13.536955,522043392],[13.600749,524603392],[13.70519,525373440],[13.763239,527601664],[13.832672,527642624],[13.980885,530391040],[14.102781,530972672],[14.111022,532254720],[14.200932,532697088],[14.292331,535519232],[14.354298,535654400],[14.397338,537559040],[14.784607,542060544],[14.820552,544870400],[14.847537,543531008],[15.004053,544735232],[15.176423,547016704],[15.204711,548610048],[15.339743,550211584],[15.40848,553914368],[15.415681,585371648],[15.704487,585572352],[15.706849,593801216],[15.759709,595902464],[15.762917,610582528],[15.798815,593518592],[15.798931,585543680],[19.99343,585547776],[20.174234,585605120],[20.194667,652709888],[20.223351,619151360],[20.269044,619225088],[20.295611,623038464],[20.353555,625143808],[20.354819,628715520],[20.445321,630910976],[20.488973,635060224],[20.854838,652750848],[21.135016,665022464],[21.256162,675516416],[21.425378,682991616],[21.88761,704237568],[22.253213,719265792],[22.387869,725794816],[22.57838,733544448],[22.606965,735412224],[22.764659,742014976],[22.789555,744026112],[22.979288,751964160],[23.131986,760590336],[23.306675,767062016],[23.335421,768827392],[23.59065,779173888],[23.605703,780230656],[23.86551,791093248],[24.224544,807411712],[24.553557,820572160],[24.717532,828026880],[25.242937,849477632],[25.275743,851963904],[25.398936,856596480],[25.400519,860794880],[25.451646,860807168],[25.739189,872792064],[25.745956,902160384],[26.069499,902184960],[26.595574,922841088],[26.613343,924844032],[26.845646,933658624],[27.123358,946106368],[27.295904,952786944],[27.431459,959725568],[27.549298,964390912],[27.578662,966475776],[27.706678,972066816],[27.853079,977412096],[27.854122,979513344],[28.167328,993034240],[28.364434,1000677376],[28.382118,1002258432],[28.793094,1019408384],[28.930601,1030811648],[28.993236,1033555968],[28.99426,1035653120],[29.128565,1041051648],[29.197698,1045262336],[29.322858,1049903104],[29.324447,1054056448],[29.382635,1054076928],[29.539697,1061957632],[29.540201,1065103360],[29.582209,1065123840],[29.690808,1069903872],[30.067334,1085108224],[30.069614,1089384448],[30.118463,1089396736],[30.305016,1096773632],[30.39641,1101029376],[30.579904,1108119552],[30.847396,1119936512],[30.988555,1125195776],[30.991024,1133584384],[31.09269,1133592576],[31.318516,1142956032],[31.441307,1148985344],[31.82994,1163300864],[31.96891,1168740352],[31.971349,1177079808],[32.033509,1177157632],[32.035915,1185488896],[32.183578,1185497088],[32.244088,1188659200],[32.45827,1197326336],[32.559956,1202049024],[32.641922,1204428800],[32.794393,1210683392],[32.866664,1214357504],[32.881269,1217126400],[33.041908,1221898240],[33.043862,1226121216],[33.274181,1233387520],[33.427118,1238757376],[33.431743,1236234240],[33.536728,1238880256],[33.53752,1240436736],[33.736092,1245736960],[34.048831,1252212736],[34.401989,1258835968],[34.511499,1262821376],[34.517026,1261445120],[35.208656,1265397760],[35.223305,1268994048],[35.6703,1203818496],[35.673703,1201876992],[35.674489,1138958336],[35.845514,1136857088],[35.845575,1080233984],[42.592393,1082335232],[42.59518,1113792512],[43.044427,1082331136],[43.044486,1080233984],[43.171026,1080258560],[148.935377,1080262656],[154.552443,1082359808],[154.555223,1113817088],[154.695532,1115918336],[154.698827,1132695552],[154.955457,1138987008],[155.025202,1141088256],[155.031082,1206099968],[155.048535,1172541440],[155.0639,1174638592],[155.227136,1178832896],[155.280359,1111719936],[155.28937,1142222848],[155.289492,1110765568],[212.279861,1110917120],[212.287575,1135931392],[218.966082,1135935488],[219.079719,1145040896],[219.088594,1151463424],[219.336758,1151471616],[219.340029,1126432768],[219.355591,1130328064],[220.415624,1129676800],[220.423974,1122250752],[220.425152,1082818560],[220.462432,1074634752],[220.464594,1018970112],[220.46891,978628608],[220.470235,935337984],[220.474441,892305408],[220.475736,845426688],[220.482716,765571072],[220.48677,686628864],[220.488231,686473216],[220.495046,567685120],[220.502142,485761024],[220.5064,385662976],[220.514579,304709632],[220.515879,260001792],[220.522687,180555776],[220.524287,180531200],[220.53328,61386752],[220.536612,49938432]],"pass_timing":[["parsing",0.55],["gated feature checking",0.024],["std macros injection",0.001],["configuration 1",0.141],["expansion",1.23],["configuration 2",0.22],["maybe building test harness",0.199],["std injection",0.196],["assigning node ids",0.197],["ast indexing",0.364],["external crate/lib resolution",0.031],["language item collection",0.029],["resolution",2.235],["lifetime resolution",0.03],["looking for entry point",0],["freevar finding",0.063],["region resolution",0.104],["type collecting",0.11],["variance inference",0.06],["coherence checking",0.129],["type checking",9.711],["const marking",0.157],["const checking",0.043],["privacy checking",0.407],["effect checking",0.053],["loop checking",0.031],["compute moves",1.83],["match checking",0.154],["liveness checking",0.221],["borrow checking",0.772],["kind checking",0.121],["reachability checking",0.011],["death checking",0.14],["lint checking",0.39],["translation",15.305],["llvm function passes",6.109],["llvm module passes",111.634],["codegen passes",64.066],["LLVM passes",-0]]}