{"summary":{"timestamp":1375394317,"hash":"2047026fefa38773ecdb046998a65ca1e1dc9cef","max_memory":1423056896,"cpu_time":138.63,"pull_request":null},"memory_data":[[0.002921,4096],[0.045119,446464],[0.085763,6213632],[0.214812,10854400],[0.381001,12775424],[0.422012,14565376],[0.547455,14598144],[0.550418,15560704],[0.873589,16588800],[0.96777,17858560],[1.068056,17932288],[1.193655,20185088],[1.284921,22745088],[1.290073,27779072],[1.455979,30818304],[1.497751,39690240],[1.529441,43577344],[1.555494,50040832],[1.578529,51146752],[1.635257,59932672],[1.691337,74063872],[1.711789,73891840],[1.765209,79659008],[1.785466,84783104],[1.845098,92393472],[1.921122,110985216],[1.954452,111718400],[1.993541,120991744],[2.019982,121507840],[2.128377,141742080],[2.16435,141750272],[2.197576,147480576],[2.266509,155086848],[2.302641,162004992],[2.420978,177778688],[2.46501,186163200],[2.49119,187793408],[2.536936,195829760],[2.58055,201236480],[2.608581,208269312],[2.649333,211398656],[2.729853,226459648],[2.738974,225718272],[2.76963,236457984],[3.10028,368541696],[3.167176,394567680],[3.185887,396214272],[3.242628,407416832],[3.337997,432177152],[3.405558,446013440],[3.511109,473219072],[3.544892,476889088],[3.638686,496316416],[3.706932,509378560],[3.751059,521469952],[3.812418,532840448],[3.90317,554438656],[3.964881,567214080],[4.070067,591736832],[4.09541,599166976],[4.19447,620216320],[4.241436,633327616],[4.453402,718548992],[4.774786,850866176],[4.816494,867475456],[4.828789,867573760],[5.040831,954671104],[5.305979,1065111552],[5.394588,1100840960],[5.560014,1171566592],[5.798075,1274482688],[5.944347,1337102336],[6.964119,1337225216],[7.142982,1339326464],[7.153653,1408532480],[7.318463,1409695744],[7.453658,1409957888],[7.49365,1412710400],[7.614733,1416417280],[7.751141,1417277440],[8.001736,1417584640],[9.762247,1417625600],[10.131948,1417932800],[10.140605,1418833920],[10.585447,1419051008],[10.628732,1419415552],[20.663487,1419476992],[20.673433,1419587584],[21.967388,1419718656],[21.969433,1419923456],[23.056062,1419952128],[23.105422,1420062720],[24.746256,1420148736],[25.014199,1420255232],[26.838387,1420402688],[27.038362,1422282752],[27.324246,1422704640],[28.180369,1422614528],[28.180513,1421651968],[29.30175,1421762560],[34.701395,1421770752],[34.934842,1422417920],[37.610432,1422475264],[39.10838,1416179712],[39.108472,1351168000],[39.30035,1349697536],[39.304988,1280933888],[39.307671,1279582208],[39.311913,1214222336],[39.314692,1211977728],[39.319071,1146716160],[39.326158,1115136000],[39.373299,1115471872],[39.442212,1118220288],[41.416958,1118351360],[41.460387,1119105024],[44.842173,1119162368],[46.102208,1119277056],[46.136069,1119412224],[102.362658,1119416320],[102.433983,1122717696],[102.495194,1123336192],[104.063018,1123340288],[104.063104,1123405824],[171.822871,1123491840],[171.827819,1126789120],[171.970873,1136885760],[172.001297,1145458688],[172.083459,1143918592],[172.083974,1140174848],[173.36217,1140166656],[173.38777,1140457472],[173.4069,1150201856],[173.41213,1140031488],[173.423579,1140764672],[173.435997,1151291392],[173.54763,1152266240],[173.578362,1156034560],[173.632709,1157885952],[173.684713,1164345344],[173.689257,1171660800],[173.704511,1171689472],[173.714732,1178935296],[173.74851,1187176448],[173.798435,1187905536],[173.80011,1156337664],[173.811054,1139240960],[173.93766,1138532352],[173.941202,1097711616],[173.945019,1018597376],[173.952283,939061248],[173.953306,899489792],[173.971001,661090304],[173.976116,620523520],[173.980636,541921280],[173.988867,461377536],[173.990179,422752256],[173.995279,380936192],[174.002893,264581120],[174.008001,223588352],[174.018688,66461696],[174.021907,62423040]],"pass_timing":[["parsing",1.276],["std macros injection",0.003],["configuration 1",0.439],["expansion",1.067],["configuration 2",0.575],["maybe building test harness",0.578],["std injection",0.915],["ast indexing",0.522],["external crate/lib resolution",0.439],["language item collection",0.066],["resolution",2.022],["looking for entry point",0.02],["freevar finding",0.107],["region resolution",0.172],["region parameterization inference",0.071],["type collecting",0.169],["coherence checking",0.284],["type checking",11.372],["const marking",1.089],["const checking",0.049],["privacy checking",0.256],["effect checking",0.067],["loop checking",0.038],["compute moves",1.06],["match checking",0.22],["liveness checking",0.265],["borrow checking",1.246],["kind checking",0.142],["reachability checking",0.068],["lint checking",0.371],["translation",11.8],["LLVM passes",134.042],["linking",0.443]]}