{"summary":{"timestamp":1360704607,"hash":"21a0d52a85895434ec1ac2f2293b89112bfc0002","max_memory":1159426048,"cpu_time":89.73,"pull_request":4876},"memory_data":[[0.00328,8192],[0.011263,2904064],[0.093747,4894720],[0.554304,18661376],[0.947946,31010816],[1.269622,40566784],[1.66572,52858880],[2.607736,80830464],[2.714288,83873792],[3.021859,134164480],[3.180396,159358976],[3.662794,159383552],[3.701112,165281792],[3.836446,173301760],[3.917123,181776384],[4.020243,187195392],[4.076912,194273280],[4.136755,198488064],[4.305165,202891264],[4.468277,210948096],[4.532744,216072192],[4.671496,221589504],[4.835538,230191104],[4.859593,232476672],[5.146687,249839616],[5.204728,255160320],[5.275696,255270912],[5.339031,267223040],[5.355463,268292096],[5.412816,279339008],[5.414523,283537408],[5.447737,281440256],[5.558264,302718976],[5.620575,304037888],[5.638423,313925632],[5.663173,314568704],[5.677193,323313664],[5.709316,324427776],[5.723008,339288064],[5.837329,339566592],[5.855167,340639744],[6.180548,340631552],[6.2455,346390528],[6.644961,348798976],[6.647888,349831168],[6.786752,349835264],[7.055579,351207424],[7.061422,353292288],[7.427939,353296384],[7.589577,354394112],[8.030673,356556800],[8.043276,360677376],[8.737861,360697856],[8.740944,361730048],[8.945167,361734144],[9.371063,364056576],[9.843895,367386624],[9.870044,375779328],[10.076396,375791616],[10.121843,376868864],[10.132074,381034496],[10.176664,381374464],[10.200743,389771264],[10.277843,389779456],[10.298964,391540736],[10.382507,391954432],[10.38433,399826944],[10.597161,405524480],[10.600017,406536192],[10.923623,410726400],[11.017639,411082752],[11.289615,414105600],[11.596555,416628736],[11.749917,417230848],[11.77261,418066432],[11.982655,419209216],[11.989034,421208064],[12.292124,421253120],[12.607945,423284736],[12.913575,427712512],[13.101474,428187648],[13.260634,429137920],[13.309856,430686208],[13.325228,435236864],[13.837524,435429376],[14.157887,438235136],[14.368583,438427648],[14.514104,439046144],[14.842805,441188352],[15.01098,441913344],[15.102842,445497344],[15.341614,445509632],[15.589893,446345216],[15.85428,448212992],[16.00043,448368640],[16.625366,450842624],[16.652903,451514368],[16.856001,452014080],[16.954249,453005312],[16.979673,457187328],[16.98063,461303808],[18.163218,461320192],[18.217829,462577664],[18.390296,462614528],[18.630666,463986688],[18.747312,466141184],[18.976219,466518016],[19.383269,468951040],[19.425598,469688320],[19.813206,470609920],[19.977767,471310336],[20.001627,472227840],[20.127928,472309760],[20.248457,473210880],[20.292336,474710016],[20.445504,474783744],[20.676151,475615232],[20.930819,476995584],[21.070204,477323264],[21.110325,478515200],[21.620119,479723520],[21.633744,480292864],[21.982819,480923648],[22.257288,481910784],[22.426564,483745792],[22.596562,484003840],[22.81095,485441536],[22.914848,486686720],[23.100343,486948864],[23.231885,488431616],[23.296152,490446848],[23.573523,490729472],[23.611785,491544576],[23.826539,492519424],[23.940181,492523520],[24.063071,493936640],[24.326462,494632960],[24.401322,497074176],[24.448442,499974144],[24.459985,504172544],[24.546778,505774080],[24.572291,514166784],[24.645574,514220032],[36.563009,514236416],[36.917754,514338816],[38.962865,514449408],[39.081108,514899968],[41.885104,514904064],[42.560232,515088384],[42.570574,515620864],[45.847177,515653632],[46.591218,515940352],[47.492914,516009984],[47.561267,516272128],[47.992083,516345856],[48.308259,516841472],[48.331719,517402624],[48.539974,518098944],[48.589724,518864896],[48.890882,519749632],[49.195186,523522048],[49.441138,523968512],[51.159017,523993088],[51.208666,525479936],[51.309111,525860864],[51.320234,527265792],[51.322504,537530368],[51.338179,540020736],[51.454766,540196864],[51.468438,542355456],[51.596536,542371840],[51.649016,544333824],[51.679434,547966976],[51.688266,556388352],[51.731848,555458560],[51.733349,560578560],[51.994835,560594944],[52.051671,562331648],[52.052545,565874688],[52.11937,567070720],[52.120028,571265024],[52.185433,573050880],[52.489701,586575872],[52.54985,590053376],[52.751071,595660800],[52.925861,598212608],[52.992251,600805376],[53.100185,602619904],[53.219522,605745152],[53.233549,618496000],[53.278076,618582016],[53.279385,626884608],[53.779042,626987008],[54.030289,633139200],[54.030628,635236352],[54.197528,640073728],[54.228366,643194880],[54.237926,649744384],[54.311187,652099584],[54.487837,656252928],[54.751819,664543232],[54.794697,670220288],[54.974905,676311040],[55.148368,680415232],[55.285368,685006848],[55.456702,689434624],[55.984924,703836160],[56.291854,713646080],[56.308883,718393344],[56.384408,719618048],[56.478516,722690048],[56.630885,723664896],[56.765782,727846912],[57.041801,738377728],[57.209628,742993920],[57.27137,744038400],[57.419562,748363776],[57.558563,751280128],[57.888911,761679872],[57.956824,762433536],[58.130472,769007616],[58.166735,769179648],[58.249083,772427776],[58.325819,772702208],[58.571301,777854976],[58.667928,780951552],[58.687357,783134720],[59.054203,794566656],[59.274504,800092160],[59.354476,801267712],[59.35474,803364864],[59.524451,807538688],[59.821744,813924352],[59.944323,817799168],[60.056823,819793920],[60.05831,824004608],[60.137546,826523648],[60.218775,827174912],[60.413915,833380352],[60.584966,834904064],[60.722328,838733824],[60.7293,840830976],[60.777152,840843264],[60.940044,845963264],[61.135244,850518016],[61.289772,855719936],[61.540229,861786112],[61.781135,869089280],[61.824293,869478400],[62.072729,877842432],[62.157991,879058944],[62.484245,889290752],[62.686192,895307776],[62.902463,899317760],[63.010664,902479872],[63.189999,906256384],[63.291178,909656064],[63.293374,912109568],[63.357681,913743872],[63.383179,918720512],[63.659821,927006720],[63.698363,930701312],[63.769756,930873344],[63.903514,935632896],[64.138106,941232128],[64.308605,946257920],[64.349622,958083072],[64.672963,968314880],[64.884244,974127104],[65.000077,977932288],[65.104474,980037632],[65.415382,988827648],[65.423016,990924800],[65.486287,990932992],[65.560798,992866304],[65.561044,994963456],[65.743837,1000607744],[65.845501,1003151360],[65.87559,1005928448],[65.968475,1009242112],[66.102175,1011810304],[66.40631,1021669376],[66.585649,1026457600],[66.959367,1037942784],[67.165855,1043030016],[67.456789,1053011968],[67.503105,1055592448],[67.604171,1058881536],[67.642876,1062236160],[67.659809,1069301760],[67.798125,1072787456],[67.798462,1074884608],[67.864681,1078411264],[67.994603,1080958976],[68.417136,1083568128],[68.421771,1087008768],[68.671749,1087275008],[68.677971,1081044992],[68.950991,1079930880],[68.951845,990863360],[69.112837,991432704],[69.202625,994369536],[70.634248,994500608],[71.630792,994721792],[71.657757,995106816],[72.529853,995241984],[72.53224,1011888128],[72.702387,1014837248],[72.703132,1016934400],[72.752664,1017925632],[72.759534,1085038592],[72.785047,1083965440],[72.785124,1068257280],[72.799555,1079062528],[72.826547,1079721984],[73.280278,1079369728],[73.288346,995106816],[73.944661,995381248],[74.85305,995450880],[78.006976,997548032],[78.011131,1012989952],[78.245083,1013116928],[86.283192,1013133312],[101.296647,1013145600],[138.68457,1013366784],[138.688556,1046642688],[138.700085,1045483520],[138.700613,1030057984],[158.439454,1030131712],[158.849087,1032232960],[158.857877,1038028800],[158.870464,1030897664],[158.93179,1031057408],[158.933167,1034960896],[159.023352,1037058048],[159.033508,1056305152],[159.092529,1056378880],[159.228402,1058471936],[159.308416,1060573184],[159.310082,1068961792],[159.452437,1071058944],[159.458743,1073160192],[159.465518,1138171904],[159.859587,1144467456],[159.862694,1159147520],[159.864232,1127817216],[159.989168,1129914368],[160.087968,1106841600],[160.090295,1050263552],[160.097423,1070583808],[160.097507,1049632768],[161.592392,1049206784],[161.592929,1040953344],[161.676313,1040748544],[161.680701,961376256],[161.682191,960503808],