{"summary":{"timestamp":1403198786,"hash":"22d62fc8e1472fdc30a83bc18c8e10687f7e8c6e","max_memory":2015059968,"cpu_time":179.03,"pull_request":15033},"memory_data":[[0.003269,4096],[0.072959,1028096],[0.098261,11055104],[0.163214,12087296],[0.251267,17891328],[0.363174,22700032],[0.388554,26775552],[0.441732,29163520],[0.445175,31719424],[0.611485,35934208],[0.641782,39792640],[0.742451,40505344],[0.750069,45305856],[0.888428,47616000],[0.940189,54272000],[0.98751,57118720],[1.012954,62341120],[1.080572,66588672],[1.101847,71127040],[1.22221,81149952],[1.237343,84901888],[1.375401,97882112],[1.434746,101089280],[1.434838,103186432],[1.494197,106209280],[1.494526,108306432],[1.544607,110936064],[1.544929,113033216],[1.604628,116060160],[1.648229,122466304],[1.6946,126791680],[1.751936,129966080],[1.796742,136597504],[1.878695,138940416],[1.956151,158113792],[1.982957,168079360],[2.078774,192679936],[2.092867,192258048],[2.131806,170778624],[2.208234,170074112],[2.262085,171692032],[2.414533,173109248],[2.629772,176295936],[2.761686,178868224],[2.966292,184295424],[3.02863,185327616],[3.196189,190492672],[3.454139,213069824],[3.498988,219856896],[3.561971,223584256],[3.562063,225685504],[3.617525,229060608],[3.617619,231161856],[3.676771,235180032],[3.676871,237293568],[3.743714,241668096],[3.804123,255483904],[3.848299,255512576],[3.917023,260050944],[3.917114,262148096],[3.977906,266035200],[3.978006,268132352],[4.042601,272359424],[4.042694,274460672],[4.121152,279683072],[4.15932,286294016],[4.217495,289918976],[4.217591,292032512],[4.28158,296701952],[4.281674,298803200],[4.338486,302505984],[4.338771,304603136],[4.398742,308551680],[4.433205,315129856],[4.519919,320479232],[4.582105,329605120],[4.812993,329621504],[4.871087,341753856],[4.871171,343859200],[4.941945,360849408],[4.97919,373297152],[5.052012,391438336],[5.55802,393535488],[5.649585,393363456],[5.683764,383897600],[5.754473,385589248],[5.852619,393568256],[5.961464,393646080],[6.038661,397930496],[6.040202,402124800],[6.301556,408416256],[6.42666,408383488],[6.463434,400162816],[6.688118,402886656],[6.819954,403222528],[6.876599,404361216],[6.933513,407695360],[7.060467,408784896],[7.138954,410546176],[7.302933,412229632],[7.463677,415547392],[7.512103,418521088],[7.549518,429928448],[7.679242,432758784],[7.829058,436826112],[8.017484,439468032],[8.075825,442224640],[8.083356,445394944],[8.194268,447582208],[8.280535,464543744],[8.388151,471752704],[8.436788,471965696],[8.483035,475918336],[8.566939,477704192],[8.607924,482246656],[8.689417,482779136],[8.726182,486973440],[8.815975,487997440],[8.84167,490188800],[8.843152,496480256],[8.944581,496836608],[9.034645,498933760],[9.037982,511516672],[9.188281,511696896],[9.333511,513794048],[9.341894,524279808],[9.534836,526462976],[9.535142,530657280],[9.633213,531410944],[9.92003,531750912],[9.965707,533823488],[10.050808,527532032],[10.242951,527839232],[10.332397,536252416],[10.456565,536342528],[10.575362,538845184],[10.671873,539394048],[10.728275,541618176],[10.945941,542457856],[10.949077,548749312],[11.071406,552656896],[11.152646,562507776],[11.161192,566702080],[11.200556,566771712],[11.228671,570675200],[11.267312,571469824],[11.305397,575590400],[11.314699,588173312],[11.345645,590897152],[11.580608,593821696],[11.707759,597053440],[11.763884,599957504],[11.764312,593666048],[11.800138,594022400],[11.83033,598224896],[11.966769,599560192],[11.992237,603766784],[12.120795,603877376],[12.149611,605974528],[12.215604,606363648],[12.251815,610627584],[12.341079,611074048],[12.344361,613171200],[12.454461,613416960],[12.46545,615514112],[12.534017,615518208],[12.634892,619773952],[12.686756,619855872],[12.722991,622120960],[12.731228,626315264],[12.766169,630509568],[12.994988,635092992],[13.092416,635117568],[13.242388,641384448],[13.338538,643481600],[13.387406,647675904],[13.463097,649773056],[13.479356,651870208],[13.582666,656064512],[13.656554,664453120],[13.764954,670744576],[13.765214,672841728],[13.831692,677036032],[13.907308,685424640],[13.918049,677036032],[14.022958,677044224],[14.350501,679845888],[14.515597,684048384],[14.516661,688242688],[14.541409,690348032],[14.543084,713416704],[14.558396,700833792],[14.661589,702930944],[14.661764,705028096],[14.83112,709222400],[15.08369,713416704],[15.15824,715513856],[15.238192,719708160],[15.467712,723902464],[15.540775,725999616],[15.679102,728096768],[15.714435,730193920],[15.95415,736485376],[15.98696,738582528],[16.187324,740679680],[16.366667,744910848],[16.380778,747008000],[16.568458,751202304],[16.58911,753299456],[16.722799,755609600],[16.794867,759803904],[16.958139,762085376],[17.039284,764182528],[17.039631,770473984],[17.118158,774668288],[17.118551,778862592],[17.718309,780959744],[17.974914,785154048],[18.171109,787251200],[18.387274,791445504],[18.432275,795639808],[18.725231,799834112],[18.917325,804028416],[18.984107,806125568],[19.199072,808222720],[19.270876,810319872],[19.337716,814514176],[19.468417,818708480],[19.489,820805632],[19.573135,822902784],[19.576676,852262912],[19.59247,873234432],[19.597515,848068608],[19.671352,850165760],[19.857048,858554368],[19.857149,860651520],[19.948568,864845824],[20.078033,866942976],[20.139765,869040128],[20.185563,873234432],[20.291769,875331584],[20.367909,879525888],[20.368058,881623040],[20.489693,883720192],[20.504527,885817344],[20.641383,887914496],[20.787549,892108800],[20.850991,896303104],[20.923884,898400256],[20.982592,902594560],[21.100315,904691712],[21.215793,910983168],[21.349014,917274624],[21.362124,925663232],[21.40977,929857536],[21.415358,934051840],[21.596675,938246144],[21.819772,944537600],[21.952162,948731904],[21.979664,950829056],[22.092314,952926208],[22.219274,957120512],[22.30943,961314816],[22.428714,963411968],[22.606022,967606272],[22.660866,969744384],[22.677425,976035840],[22.732813,978132992],[22.736333,984424448],[23.267028,986521600],[23.543716,990715904],[23.875352,994910208],[23.972488,995041280],[23.996894,997138432],[24.326061,1001332736],[24.547046,1003429888],[24.606671,1005527040],[24.89721,1009721344],[24.928382,1011818496],[25.428252,1016012800],[25.673807,1020207104],[25.739108,1022304256],[25.813502,1026498560],[26.110651,1030692864],[26.182851,1034887168],[26.624722,1036984320],[26.928131,1041178624],[26.979215,1043275776],[27.418837,1049567232],[27.450454,1051664384],[27.454072,1057955840],[27.581903,1060052992],[27.924878,1062150144],[28.081499,1064263680],[28.184684,1068457984],[28.29282,1068527616],[28.306656,1070624768],[28.509146,1074819072],[28.660164,1076916224],[28.843384,1081110528],[28.986317,1083207680],[29.184426,1085304832],[29.512086,1089499136],[29.71604,1093693440],[29.830703,1099984896],[29.842312,1102082048],[29.904647,1104179200],[29.917203,1106276352],[30.092345,1108373504],[30.096603,1156608000],[30.11954,1175482368],[30.14319,1206939648],[30.157783,1156608000],[30.583277,1158705152],[30.849526,1162899456],[30.924447,1164996608],[31.340706,1171288064],[31.369968,1173385216],[31.610248,1175482368],[31.674691,1177579520],[31.740043,1181773824],[31.741542,1200648192],[31.747909,1204842496],[31.754261,1192259584],[31.893357,1194356736],[31.91201,1225814016],[31.912777,1209036800],[32.277425,1209237504],[32.325128,1210167296],[32.366881,1214361600],[32.367192,1218555904],[32.462337,1222881280],[32.50819,1212395520],[33.153986,1197715456],[33.83961,1197862912],[33.883146,1198288896],[33.902188,1202483200],[34.004369,1204580352],[34.00709,1202483200],[34.140745,1202536448],[35.141467,1204633600],[36.128698,1208827904],[36.713157,1210925056],[37.67717,1213022208],[37.958292,1213153280],[39.070329,1213284352],[39.248805,1213411328],[39.31337,1214943232],[39.795627,1215664128],[39.841539,1217761280],[40.195653,1219940352],[40.289772,1220141056],[40.371383,1222238208],[40.372254,1234821120],[40.382025,1243209728],[40.391538,1230626816],[40.431983,1232723968],[40.84256,1232986112],[40.936481,1235083264],[41.976404,1239277568],[42.33512,1239351296],