{"summary":{"timestamp":1368670969,"hash":"2329651770d026ff422ad40dabe576965f46c852","max_memory":1690914816,"cpu_time":115.93,"pull_request":6503},"memory_data":[[0.001647,8192],[0.006144,10207232],[0.090856,12357632],[0.155275,17022976],[0.242741,21520384],[0.376302,26251264],[0.456977,32935936],[0.502022,32960512],[0.595147,35598336],[0.639451,40251392],[0.740956,42455040],[0.854909,51200000],[0.919858,51253248],[0.923211,54149120],[0.977195,58331136],[1.03864,58413056],[1.111131,63303680],[1.209779,63512576],[1.27547,67325952],[1.298134,70766592],[1.411358,70795264],[1.48164,73281536],[1.529674,76529664],[1.587096,77639680],[1.678918,82624512],[1.786024,86040576],[1.869612,90472448],[1.903181,90591232],[2.014843,96374784],[2.101136,99336192],[2.185231,103759872],[2.189755,106606592],[2.271977,109289472],[2.313498,113008640],[2.375965,121675776],[2.433276,127102976],[2.468922,133406720],[2.542272,142921728],[2.581806,144941056],[2.767412,160202752],[2.797898,164532224],[2.884744,170962944],[2.944142,177721344],[2.997872,181972992],[3.11392,195031040],[3.146874,197120000],[3.261857,209596416],[3.423753,260661248],[3.562411,302997504],[3.709749,349798400],[3.781845,395964416],[3.825679,396873728],[3.929585,433541120],[4.098249,491917312],[4.171972,492068864],[4.188499,505769984],[4.202126,501624832],[4.205066,519405568],[4.214704,510488576],[4.233847,511193088],[4.238769,546848768],[4.258231,546131968],[4.258331,529018880],[4.296828,530407424],[4.307119,601718784],[4.346127,566063104],[4.459835,568664064],[4.505518,588083200],[4.514809,611713024],[4.51486,590348288],[4.547856,591269888],[4.564491,600461312],[4.566997,608481280],[4.614995,609673216],[4.624705,627638272],[4.720793,628989952],[5.011071,629567488],[5.052461,637378560],[5.214541,637718528],[5.214892,638869504],[5.324559,638894080],[5.325138,641490944],[5.567481,641527808],[5.568833,646733824],[6.072028,648830976],[6.073785,657223680],[7.338716,657235968],[7.342764,678199296],[7.35295,661995520],[7.733798,662769664],[7.762767,664166400],[7.857449,664174592],[7.877937,672501760],[7.898229,672567296],[7.899939,680890368],[7.941449,680951808],[7.945081,697667584],[8.051495,698155008],[8.075072,699289600],[8.078302,709681152],[8.101212,710533120],[8.365773,711036928],[8.610135,711041024],[8.762672,711540736],[9.682067,711696384],[9.682874,713678848],[9.97872,713732096],[10.1205,714354688],[10.383784,716845056],[10.737434,717713408],[11.042982,719273984],[11.243733,720842752],[11.245544,725037056],[11.519151,725102592],[11.524887,725647360],[11.950589,725688320],[12.1873,727216128],[12.908467,729247744],[12.980751,729944064],[13.193482,730103808],[13.422779,730779648],[13.423318,731959296],[13.900278,732901376],[14.084739,733966336],[14.377051,734691328],[14.590354,735629312],[14.683895,736518144],[14.686805,738086912],[15.106456,738373632],[15.171738,739110912],[15.329614,739270656],[15.658014,740769792],[15.660184,749150208],[16.976976,749322240],[16.9774,751640576],[17.320503,751644672],[17.510015,752582656],[17.726431,752988160],[17.764234,753696768],[18.15501,754343936],[18.313981,754921472],[18.811816,755904512],[19.038506,757284864],[19.039329,759230464],[19.282434,759320576],[19.701917,761786368],[19.903912,761937920],[19.924062,762449920],[20.409013,764231680],[20.712001,764825600],[20.814463,765382656],[20.816156,768364544],[21.123544,768368640],[21.178375,770072576],[21.179694,772685824],[21.223987,772816896],[21.22559,777928704],[21.359683,777965568],[21.363013,788414464],[22.636286,789078016],[23.634357,789127168],[23.691204,789942272],[24.055006,792039424],[24.066648,799846400],[24.066968,789078016],[24.776734,789082112],[24.781987,790765568],[25.738093,790859776],[25.832293,792444928],[25.971099,792850432],[25.978362,799264768],[25.983085,824791040],[26.004385,831172608],[26.006021,839061504],[26.062341,839192576],[26.134701,841289728],[26.136791,847581184],[26.193311,849678336],[26.194704,853872640],[26.410039,853876736],[26.464749,856268800],[26.473932,871088128],[26.494674,871440384],[26.496919,879828992],[26.520715,880353280],[26.522568,886644736],[26.612785,889032704],[26.696224,894214144],[26.883692,904228864],[26.888628,912773120],[26.904883,912920576],[26.906742,919212032],[27.020901,923860992],[27.163376,926806016],[27.228345,929865728],[27.320582,931647488],[27.407326,934596608],[27.412072,945082368],[27.458126,945086464],[27.570555,948559872],[27.708433,954073088],[27.710578,960364544],[27.863997,965586944],[27.988524,968282112],[28.044941,970682368],[28.04678,976973824],[28.08852,980455424],[28.152738,981217280],[28.155088,989605888],[28.236082,992722944],[28.236599,994295808],[28.304658,995848192],[28.316359,1001156608],[28.324412,1016844288],[28.339362,1017233408],[28.352282,1032171520],[28.458925,1035595776],[28.755334,1047130112],[28.89788,1051971584],[28.899879,1058263040],[29.096538,1065365504],[29.191451,1067970560],[29.425852,1077153792],[29.517142,1079943168],[29.907463,1095098368],[29.917427,1112002560],[29.974438,1114099712],[29.989851,1121845248],[30.170995,1128099840],[30.426356,1135484928],[30.570663,1136816128],[30.741559,1142468608],[30.741838,1144565760],[30.93445,1152647168],[31.055242,1157054464],[31.148716,1159036928],[31.256005,1163010048],[31.307191,1163800576],[31.466261,1170296832],[31.570326,1173786624],[31.572934,1182203904],[31.733104,1188454400],[31.771509,1189212160],[31.868769,1193992192],[32.071435,1200799744],[32.260945,1204903936],[32.42356,1211301888],[32.526433,1213669376],[32.850179,1225314304],[32.851025,1228460032],[32.989898,1231446016],[32.991988,1237737472],[33.101772,1241051136],[33.217007,1243557888],[33.269787,1245728768],[33.272123,1254117376],[33.424715,1259433984],[33.523315,1261617152],[33.530647,1275846656],[33.68101,1280917504],[33.712651,1281273856],[33.827914,1285943296],[33.939158,1287454720],[33.946632,1304231936],[34.206208,1304248320],[34.511219,1314205696],[34.850666,1327394816],[35.128891,1336967168],[35.206099,1340952576],[35.348415,1344385024],[35.472252,1349353472],[35.476025,1356214272],[35.701403,1364054016],[35.760169,1366888448],[35.810825,1367482368],[36.210001,1382043648],[36.243581,1382600704],[36.517174,1392259072],[36.52232,1399312384],[36.575342,1400758272],[36.580164,1405489152],[36.612232,1408266240],[36.812076,1414647808],[36.942736,1419886592],[37.280414,1430818816],[37.314549,1445437440],[37.530412,1452863488],[37.531688,1455165440],[37.74377,1462583296],[37.822259,1464627200],[37.823656,1467113472],[38.024684,1473527808],[38.244441,1479917568],[38.344938,1484742656],[38.505814,1489735680],[38.507824,1492578304],[38.731124,1501007872],[38.785397,1502326784],[38.868382,1506660352],[39.13943,1517604864],[39.276326,1521344512],[39.359541,1524547584],[39.364157,1532379136],[39.606329,1541296128],[39.752752,1546178560],[39.820685,1549254656],[39.832738,1562738688],[39.974235,1568608256],[40.078679,1572003840],[40.089124,1585836032],[40.123816,1588854784],[40.137322,1603997696],[40.150969,1604120576],[40.15508,1611546624],[40.168761,1611927552],[40.180256,1626050560],[40.190423,1626505216],[40.201216,1641504768],[40.214081,1649389568],[40.338025,1652678656],[40.35165,1674452992],[40.395254,1678442496],[40.57522,1680965632],[40.576088,1682784256],[41.046095,1688010752],[41.331384,1689194496],[41.331723,1679695872],[41.478708,1677336576],[41.479568,1640849408],[41.483324,1599655936],[41.486469,1521885184],[41.490202,1481023488],[41.491209,1441357824],[41.498355,1360568320],[41.502193,1288237056],[41.567685,1288732672],[41.647823,1292378112],[42.865931,1292517376],[45.395969,1292627968],[45.398906,1292861440],[46.384379,1292886016],[46.389356,1309507584],[46.566607,1309728768],[46.570557,1343066112],[46.582174,1341558784],[46.582707,1326419968],[47.13649,1293373440],[47.136567,1292861440],[47.96335,1293242368],[51.925666,1293271040],[51.953809,1293475840],[52.968925,1293565952],[53.179453,1293697024],[69.208117,1293905920],[69.213047,1310343168],[90.574757,1310343168],[131.009364,1310502912],