{"summary":{"timestamp":1390327578,"hash":"232d8e560561e07b3ba54c5d0234816e50342fb3","max_memory":1249480704,"cpu_time":169.25,"pull_request":11665},"memory_data":[[0.00216,4096],[0.028982,9420800],[0.128699,11108352],[0.15686,15523840],[0.214738,28672000],[0.243452,30855168],[0.289046,37888000],[0.314828,44732416],[0.424116,57978880],[0.629016,87068672],[0.662695,92880896],[0.7156,93638656],[0.757358,108294144],[0.824194,136773632],[1.154239,138715136],[1.371832,138739712],[1.39229,139923456],[1.936951,140578816],[1.940324,141234176],[2.200288,141430784],[2.312008,151379968],[2.360758,151896064],[2.514461,166260736],[2.588201,172179456],[2.72928,172199936],[2.819818,210067456],[3.43548,210354176],[3.494309,212475904],[3.50557,218767360],[3.622087,231333888],[3.931537,232120320],[3.989662,234049536],[4.094493,234311680],[4.172737,237223936],[4.460259,244142080],[4.664581,248303616],[4.837458,249913344],[4.979015,252887040],[5.050384,255111168],[5.15295,261120000],[5.18324,261603328],[5.291087,269017088],[5.491631,273002496],[5.598793,277573632],[5.724651,281509888],[5.815761,282738688],[5.875921,284786688],[6.015155,287059968],[6.156655,287485952],[6.570549,287977472],[6.864774,288047104],[7.026618,289230848],[7.56758,289677312],[7.571943,302223360],[7.798218,303013888],[7.801043,305684480],[8.05944,306163712],[8.068711,308490240],[8.155734,309985280],[8.215773,313159680],[8.262251,313565184],[8.302206,317366272],[8.40469,318283776],[8.609399,323411968],[8.707253,327589888],[8.809376,329633792],[8.830377,332742656],[8.941556,334843904],[9.024614,334979072],[9.201598,337637376],[9.306679,338288640],[9.308188,340250624],[9.417482,340406272],[9.562341,342208512],[9.963367,342282240],[10.075885,343060480],[10.11979,344846336],[10.253852,347590656],[10.259463,351764480],[10.331872,354164736],[10.42675,354476032],[10.470546,356315136],[10.472206,360382464],[10.589554,360427520],[10.727595,363847680],[10.842466,372015104],[10.89708,373481472],[11.043232,373567488],[11.158703,375554048],[11.162596,392335360],[11.169024,383942656],[11.211858,386404352],[11.308583,386789376],[11.486903,390901760],[11.543444,391159808],[11.583877,394358784],[11.747035,395362304],[11.784894,396820480],[11.787901,405073920],[12.045583,405295104],[12.272693,407683072],[12.277627,408915968],[12.451768,410152960],[12.486127,411430912],[12.867262,413995008],[12.938285,415571968],[13.061786,415911936],[13.11899,417832960],[13.308573,417972224],[13.442076,419553280],[13.703838,421367808],[13.841144,423006208],[14.185437,425738240],[14.364428,428453888],[14.460592,428576768],[14.508426,430178304],[14.728937,431443968],[14.730383,433623040],[14.864663,433778688],[14.993477,436277248],[15.205424,437997568],[15.221527,440102912],[15.231926,471556096],[15.255212,454774784],[15.377936,455233536],[15.578583,457760768],[15.635251,459272192],[16.020764,461574144],[16.076948,463056896],[16.301277,464068608],[16.354049,465281024],[16.498312,465457152],[16.667998,468631552],[16.674609,485220352],[17.504115,485339136],[17.534298,486100992],[17.683836,486211584],[17.717125,488738816],[17.913673,488857600],[18.151028,490635264],[18.15182,491544576],[18.615605,494362624],[18.813637,496537600],[18.951893,497213440],[19.340297,500035584],[19.436576,501645312],[19.521438,504188928],[19.797752,504299520],[20.045724,506720256],[20.212716,507219968],[20.418326,509382656],[20.626478,510132224],[20.734455,511098880],[20.800854,513548288],[20.828578,513024000],[21.038594,513712128],[21.344978,516022272],[21.372019,517484544],[21.373495,521940992],[21.643168,522035200],[21.781649,523886592],[21.810274,525860864],[21.900262,525594624],[21.955754,527880192],[22.110005,528617472],[22.190353,530763776],[22.298592,531222528],[22.398344,532934656],[22.432933,535183360],[22.579066,536887296],[22.641782,538779648],[22.805069,540946432],[23.044614,542982144],[23.082019,545812480],[23.108036,544464896],[23.340121,546717696],[23.348453,580276224],[23.974026,580382720],[24.071001,582795264],[24.074301,591069184],[24.132212,593170432],[24.135822,607850496],[24.178171,590938112],[24.178354,582811648],[24.609104,582815744],[26.764293,584921088],[26.781814,649928704],[26.804567,616370176],[27.878837,616620032],[27.878903,616722432],[29.052919,616726528],[29.053787,618164224],[29.128465,616722432],[29.583765,616857600],[29.743573,618893312],[29.851624,618954752],[29.915301,621481984],[29.915565,623599616],[30.226887,625696768],[30.277091,625704960],[30.391807,629465088],[30.567623,630263808],[30.68374,634998784],[30.72792,639356928],[30.943916,647581696],[30.948626,676945920],[31.308577,676982784],[31.552678,684851200],[31.963752,700014592],[32.086662,710258688],[32.402827,720384000],[32.403865,722472960],[32.473815,723685376],[32.590815,728178688],[32.618823,730288128],[32.724548,733999104],[32.964979,743673856],[33.072586,747257856],[33.102032,749314048],[33.394646,760401920],[33.548665,764600320],[33.688636,770220032],[33.948136,778698752],[34.257928,789716992],[34.259722,793882624],[34.310669,793886720],[34.419978,797536256],[34.606706,804892672],[34.60737,809091072],[34.662417,809107456],[34.703645,811196416],[35.151063,826335232],[35.355171,834150400],[35.673726,844554240],[35.675307,848752640],[35.740125,848756736],[35.850356,852385792],[35.939162,857309184],[36.384992,872198144],[36.474346,876351488],[36.549867,878391296],[37.103435,896966656],[37.569399,912293888],[38.211866,934993920],[38.250788,937046016],[38.597029,948895744],[38.781677,954851328],[38.784544,963239936],[38.876746,963268608],[39.037148,968568832],[39.110884,971825152],[39.347716,979537920],[39.350488,987926528],[39.471058,987951104],[39.584009,991633408],[39.744133,998297600],[39.827522,999333888],[39.837586,1024503808],[39.856033,1011916800],[39.976998,1014419456],[39.979118,1018531840],[40.023345,1018564608],[40.037297,1022341120],[40.118355,1022509056],[40.19006,1024589824],[40.215479,1026957312],[40.307429,1030696960],[40.754855,1041342464],[41.004798,1045946368],[41.233569,1050996736],[41.391608,1055047680],[41.944918,1065283584],[42.028327,1066500096],[42.307416,1072799744],[42.309731,1076998144],[42.428326,1077018624],[42.638864,1081548800],[42.641031,1089941504],[42.855935,1089953792],[43.067143,1094197248],[43.070783,1102585856],[43.272544,1102594048],[43.588192,1109037056],[43.613939,1110093824],[43.860016,1115373568],[44.047542,1118740480],[44.051946,1120518144],[44.294298,1124184064],[44.431777,1127481344],[44.511676,1128591360],[44.513291,1131728896],[44.587007,1131749376],[44.645317,1133248512],[45.196862,1143779328],[45.20239,1144492032],[45.385245,1147580416],[45.385483,1149677568],[45.445623,1149685760],[46.093612,1161822208],[46.415718,1168306176],[46.65447,1172787200],[46.889883,1177686016],[47.094004,1182384128],[47.246843,1184595968],[47.44587,1188487168],[47.56913,1193316352],[47.598989,1195995136],[47.70477,1196142592],[47.893572,1199747072],[47.895781,1202847744],[48.177863,1207578624],[48.180842,1215422464],[48.469594,1220161536],[48.709928,1224474624],[48.713385,1241370624],[48.715397,1216765952],[48.772658,1218994176],[49.485996,1229160448],[50.056406,1236021248],[50.671627,1242812416],[50.673853,1245958144],[50.776194,1247006720],[50.782844,1241407488],[51.616696,1244237824],[51.898264,1245339648],[51.918597,1248727040],[52.549193,1187901440],[52.554047,1152249856],[52.555653,1093521408],[52.620249,1091846144],[52.620345,1089318912],[52.885427,1087438848],[52.885941,1064148992],[53.059559,1066659840],[53.116205,1068527616],[53.28701,1071448064],[59.411271,1071476736],[60.895631,1071550464],[61.367119,1071820800],[69.709589,1071828992],[293.681972,1073930240],[293.690663,1088610304],[294.015306,1092804608],[294.016378,1094901760],[294.077953,1094811648],[294.095959,1109307392],[294.114972,1136283648],[294.126095,1161342976],[294.248381,1161347072],[294.43605,1163902976],[294.443528,1161498624],[294.445479,1122086912],[294.450129,1096900608],[294.462199,1122197504],[294.463146,1096785920],[296.185873,1098891264],