{"summary":{"timestamp":1385561860,"hash":"23674be0b1ff920773520c7fec96c3a4b2068b21","max_memory":1464049664,"cpu_time":185.27,"pull_request":10684},"memory_data":[[0.002936,8192],[0.096777,970752],[0.152954,3485696],[0.205569,7999488],[0.376903,13287424],[0.435812,17043456],[0.578721,21118976],[0.646921,23842816],[0.907699,28504064],[0.910683,30052352],[1.006783,31678464],[1.08277,45559808],[1.101324,51761152],[1.130299,54513664],[1.168548,62001152],[1.193941,70283264],[1.294045,86614016],[1.446674,114098176],[1.467001,119865344],[1.513211,127930368],[1.595465,128221184],[1.609178,135278592],[1.69692,212008960],[1.752785,212779008],[1.930982,213000192],[2.101429,214024192],[2.105039,214679552],[2.291929,215150592],[2.294809,216199168],[2.477501,216330240],[2.572649,224055296],[2.63484,231301120],[2.775393,244207616],[2.861388,257970176],[2.914172,263622656],[3.002391,276410368],[3.009473,278745088],[3.10753,278761472],[3.173513,335106048],[3.746455,335179776],[3.759416,343203840],[3.761572,358248448],[3.767632,350900224],[3.785316,350924800],[3.790732,382361600],[3.802321,366628864],[3.838156,368730112],[3.848397,429547520],[3.872153,422719488],[3.872206,398086144],[4.050833,398721024],[4.09018,399847424],[4.091397,405827584],[4.131012,431771648],[4.149209,441159680],[4.156835,477237248],[4.157662,439480320],[4.209632,440803328],[4.236106,458776576],[4.277871,459628544],[4.287839,478810112],[4.298761,487837696],[4.302248,479576064],[4.318599,491507712],[4.323828,515043328],[4.323913,487776256],[4.420553,488816640],[4.591803,489209856],[4.922334,491307008],[4.923613,497233920],[5.419924,497238016],[5.428154,519491584],[5.517808,519561216],[5.519596,527880192],[6.157528,528039936],[6.160911,540598272],[6.20118,541429760],[6.535125,541990912],[7.096728,542097408],[7.098853,550412288],[7.803468,550420480],[7.808129,567189504],[9.152317,567193600],[9.408907,571617280],[9.428088,573091840],[9.520289,573870080],[9.598627,575918080],[9.621221,577822720],[9.747835,578613248],[9.915793,583188480],[10.018165,584032256],[10.041783,587976704],[10.108574,588115968],[10.137277,590217216],[10.146904,621674496],[10.439574,623804416],[10.443991,638451712],[11.479042,638496768],[11.532303,638889984],[11.641673,644329472],[11.713579,644149248],[11.938702,647786496],[12.101889,649244672],[12.189383,652148736],[12.298394,652541952],[12.435051,654364672],[12.460484,655712256],[12.654941,657395712],[12.842213,660881408],[12.890003,663035904],[13.060109,664338432],[13.179098,665886720],[13.30116,669818880],[13.412664,672202752],[13.418951,676921344],[13.633912,677081088],[13.995827,682033152],[14.066143,684797952],[14.311006,686612480],[14.325969,692793344],[14.358095,692834304],[14.360439,701181952],[14.419671,701210624],[14.424019,717959168],[14.44558,716435456],[14.44577,686632960],[14.508329,687288320],[14.841453,686632960],[16.023507,686637056],[16.024236,688599040],[16.382119,688603136],[16.450932,689283072],[16.451251,691380224],[16.586622,691343360],[16.60463,689840128],[16.683486,689889280],[16.686442,691294208],[17.257082,692015104],[17.598841,692666368],[17.607627,693018624],[17.913742,693063680],[18.108828,694489088],[18.214371,701644800],[18.28811,701784064],[18.363301,708120576],[18.463,714416128],[18.505839,718675968],[18.543066,718753792],[18.695456,725925888],[18.697516,727072768],[18.814243,733532160],[18.985313,742002688],[19.06813,746823680],[19.076428,780382208],[19.327909,780410880],[19.497613,789032960],[19.498817,793137152],[19.543531,793153536],[19.848485,809652224],[19.995948,816726016],[20.139674,822935552],[20.33941,833437696],[20.375628,833552384],[20.501047,839471104],[20.642141,847192064],[20.798493,854216704],[20.884133,859791360],[20.976958,863862784],[21.059556,869888000],[21.224748,876535808],[21.52155,890249216],[21.554387,892469248],[21.837724,906227712],[21.858239,1032130560],[21.906477,969211904],[22.082401,977408000],[22.243885,984313856],[22.36526,990142464],[22.366067,992137216],[22.682897,1006657536],[22.836818,1013190656],[22.852387,1014767616],[23.083704,1024708608],[23.268949,1033977856],[23.370094,1038278656],[23.371514,1042472960],[23.424595,1042477056],[23.526285,1046929408],[23.546692,1114042368],[23.57732,1109843968],[23.577371,1080483840],[23.825019,1091178496],[23.826339,1095372800],[23.874438,1095376896],[24.364814,1117773824],[24.439291,1121968128],[24.677833,1133277184],[24.81365,1139064832],[24.908473,1144233984],[25.084256,1151680512],[25.364806,1165500416],[25.602198,1175982080],[25.627939,1178071040],[25.752754,1184186368],[25.835972,1186361344],[25.914771,1193365504],[25.931955,1197920256],[25.980163,1202171904],[26.144863,1210568704],[26.214651,1215180800],[26.257816,1216200704],[26.394172,1222623232],[26.482148,1228890112],[26.581862,1233457152],[26.589293,1262813184],[26.933367,1262837760],[27.017867,1267249152],[27.513533,1289666560],[27.68024,1296596992],[27.718762,1298841600],[27.921084,1307217920],[27.927858,1312518144],[27.973505,1312526336],[28.103576,1319530496],[28.21525,1324056576],[28.216629,1328254976],[28.274863,1328267264],[28.764329,1349672960],[28.765949,1358065664],[28.851889,1358086144],[28.941898,1362587648],[29.006943,1364639744],[29.246851,1375567872],[29.256675,1377615872],[29.376468,1380868096],[29.377839,1383874560],[29.6761,1392402432],[29.888256,1399013376],[29.896522,1417093120],[29.898814,1398001664],[29.917048,1398407168],[29.920872,1417027584],[30.195445,1425313792],[30.36531,1429864448],[30.370368,1434193920],[30.375899,1463554048],[30.377292,1413095424],[30.527704,1418162176],[30.576561,1418842112],[31.148302,1422098432],[31.158688,1420947456],[31.159337,1385025536],[31.16408,1388339200],[31.54648,1321226240],[31.550598,1287667712],[31.713003,1266692096],[31.713054,1161834496],[31.824514,1162522624],[31.907303,1165156352],[32.095142,1168224256],[32.523617,1168310272],[37.90243,1170411520],[37.905564,1201868800],[38.313535,1168310272],[38.958099,1168486400],[54.819793,1168486400],[95.944895,1170587648],[95.947714,1202044928],[130.038931,1202057216],[133.641679,1202065408],[133.774958,1202913280],[191.040952,1202962432],[191.147946,1211637760],[191.16327,1221533696],[191.403036,1221537792],[192.394124,1220210688],[192.399896,1181220864],[192.431834,1182035968],[192.444078,1189502976],[192.477372,1193365504],[192.582685,1193439232],[192.619194,1194835968],[192.628541,1200074752],[192.656202,1200132096],[192.660445,1204461568],[192.691399,1204490240],[192.706202,1213280256],[192.710436,1225310208],[192.72071,1230086144],[192.758192,1231224832],[192.761152,1179848704],[192.761254,1144168448],[192.794642,1142673408],[192.814047,1135955968],[192.81725,994127872],[192.829903,749699072],[192.834561,611098624],[192.838276,541372416],[192.838584,477233152],[192.840929,422858752],[192.844545,382500864],[192.845659,320389120],[192.849919,279179264],[192.855943,161497088],[192.864123,66682880]],"pass_timing":[["parsing",0.504],["gated feature checking",0.028],["std macros injection",0.016],["configuration 1",0.129],["expansion",1.312],["configuration 2",0.194],["maybe building test harness",0.17],["std injection",0.162],["assigning node ids",0.159],["ast indexing",0.212],["external crate/lib resolution",0.42],["language item collection",0.042],["resolution",1.632],["lifetime resolution",0.025],["looking for entry point",0],["freevar finding",0.052],["region resolution",0.091],["type collecting",0.11],["variance inference",0.055],["coherence checking",0.119],["type checking",7.772],["const marking",0.188],["const checking",0.035],["privacy checking",0.36],["effect checking",0.047],["loop checking",0.025],["compute moves",1.578],["match checking",0.094],["liveness checking",0.19],["borrow checking",0.737],["kind checking",0.08],["reachability checking",0.009],["lint checking",0.312],["translation",13.296],["LLVM passes",160.631],["linking",0.356]]}