{"summary":{"timestamp":1401472897,"hash":"24e489f1e1326208aecabf390879c2320f212b7c","max_memory":1629573120,"cpu_time":167.69,"pull_request":14520},"memory_data":[[0.003071,4096],[0.053694,438272],[0.075327,10022912],[0.133441,12730368],[0.214837,13885440],[0.232689,16449536],[0.354588,20901888],[0.4028,25669632],[0.46253,28446720],[0.471953,30973952],[0.561556,32636928],[0.657989,36999168],[0.669112,44154880],[0.818867,47173632],[0.836167,50565120],[0.877763,51040256],[0.914703,61538304],[0.950439,65769472],[0.962917,71389184],[1.037272,83664896],[1.070547,92401664],[1.135377,100474880],[1.188405,112373760],[1.219548,115306496],[1.237081,121323520],[1.267493,124612608],[1.294443,131436544],[1.362193,132616192],[1.385839,141234176],[1.419112,161771520],[1.464671,184930304],[1.471404,184254464],[1.490855,164499456],[1.499239,162582528],[1.600991,164855808],[1.825594,168550400],[1.998436,173113344],[2.330724,183222272],[2.41115,190529536],[2.411249,192626688],[2.557245,206778368],[2.642109,213622784],[2.642208,215728128],[2.700301,219455488],[2.700597,221552640],[2.755474,225349632],[2.755673,227446784],[2.810873,231354368],[2.857967,236773376],[2.87328,243916800],[2.900912,247885824],[2.947449,247906304],[2.988963,252858368],[3.044822,256729088],[3.044918,258826240],[3.10115,262737920],[3.101348,264851456],[3.153374,268640256],[3.15347,270745600],[3.236498,276459520],[3.282593,284119040],[3.337027,287809536],[3.337123,289906688],[3.398958,294449152],[3.399055,296558592],[3.458111,300523520],[3.458305,302620672],[3.512534,306397184],[3.54943,311652352],[3.758357,311668736],[3.814239,326160384],[3.841859,336388096],[3.915406,355540992],[3.915497,357638144],[3.969384,372277248],[4.50665,372260864],[4.537388,363229184],[4.65687,364699648],[4.742286,368820224],[4.840938,372334592],[4.986566,372510720],[5.06693,376705024],[5.067313,378802176],[5.239977,382996480],[5.310962,383004672],[5.321994,385101824],[5.411868,385081344],[5.45005,375148544],[5.587022,375668736],[5.731924,378126336],[5.867257,378445824],[5.941379,381718528],[6.222932,390410240],[6.327255,392654848],[6.361724,397537280],[6.405967,407199744],[6.416287,411852800],[6.6262,416215040],[6.722261,419106816],[6.782897,422076416],[6.835969,428916736],[6.887631,439136256],[6.953413,441651200],[7.044492,447479808],[7.056373,450854912],[7.144106,452857856],[7.146186,455086080],[7.204916,455741440],[7.244662,459644928],[7.310694,460943360],[7.361356,465219584],[7.36179,467316736],[7.457536,470257664],[7.458567,476549120],[7.563522,478646272],[7.565629,491229184],[7.87697,491560960],[7.911098,493658112],[7.917693,510435328],[7.923979,504143872],[8.106214,506241024],[8.110069,509677568],[8.212057,510418944],[8.444838,510529536],[8.455762,512196608],[8.561573,511557632],[8.563949,503685120],[8.773599,504487936],[8.786116,506699776],[8.883332,512466944],[8.96599,512548864],[9.037372,514269184],[9.41813,518299648],[9.433216,520216576],[9.503158,520957952],[9.569296,523120640],[9.572086,527314944],[9.622421,528252928],[9.629136,532447232],[9.735949,533073920],[9.736387,537268224],[9.766579,539512832],[9.767145,545804288],[9.822215,545959936],[9.91249,549244928],[10.031581,550432768],[10.09371,554172416],[10.094599,550105088],[10.325609,551829504],[10.363024,556093440],[10.622392,556494848],[10.666892,558510080],[10.857496,558854144],[10.861024,560951296],[11.132533,565215232],[11.246999,565219328],[11.297424,569413632],[11.306006,573607936],[11.413832,577802240],[11.441967,579899392],[11.519119,581996544],[11.547107,586190848],[11.589153,588288000],[11.724985,592482304],[11.797923,598773760],[11.799458,596676608],[11.862958,602968064],[11.873064,594579456],[12.494487,597303296],[12.58892,597307392],[12.605199,601501696],[12.737911,603598848],[12.802679,605696000],[12.803628,607793152],[12.975644,609890304],[12.97709,628764672],[12.984647,632958976],[12.992104,620376064],[13.144203,622473216],[13.406604,624570368],[13.444092,626667520],[13.687817,628764672],[13.921196,632958976],[14.068981,632967168],[14.185739,635064320],[14.336257,635265024],[14.375971,637362176],[14.525917,639647744],[14.585566,643842048],[15.03139,644026368],[15.109585,646893568],[15.337791,648990720],[15.338104,653185024],[15.405108,655282176],[15.405291,659476480],[16.239637,661573632],[16.626253,665767936],[16.732964,667865088],[16.927595,669962240],[16.969768,672059392],[17.494069,676253696],[17.661298,678350848],[17.675853,680448000],[18.011941,682545152],[18.065374,684642304],[18.471638,688836608],[18.73459,690933760],[18.898321,693030912],[18.903278,718196736],[18.918499,728682496],[18.926726,743362560],[18.934214,718196736],[19.100905,720293888],[19.727144,724488192],[19.991972,726585344],[20.057717,728682496],[20.536458,732876800],[20.563165,734973952],[20.793895,737071104],[20.961385,739168256],[21.313527,741265408],[21.437152,743362560],[21.444101,747556864],[21.553714,749654016],[21.579394,753848320],[21.881202,755945472],[22.08313,758042624],[22.355712,760139776],[22.403981,762236928],[22.654653,764334080],[22.746447,766431232],[23.081282,768528384],[23.398085,768561152],[23.416145,770658304],[23.563841,772755456],[23.603689,774852608],[24.130335,776949760],[24.269322,779046912],[24.269508,783241216],[24.715237,785338368],[25.020138,787435520],[25.400929,789532672],[25.611745,791629824],[25.908549,793726976],[26.3311,795955200],[26.500395,798052352],[26.602296,802246656],[26.889578,804343808],[26.957745,806440960],[27.672892,808538112],[27.919292,810635264],[28.059994,812732416],[28.30302,812929024],[28.341389,815026176],[28.502226,817123328],[28.675361,817131520],[28.690964,819228672],[28.988431,823422976],[29.502642,825520128],[29.642137,827617280],[29.752751,833908736],[29.753407,836005888],[30.719771,838103040],[31.021757,840200192],[31.196607,842297344],[31.429379,844394496],[31.962922,844460032],[32.058917,844722176],[32.096729,849813504],[32.141372,851910656],[32.141683,856104960],[32.208527,858202112],[32.214529,860299264],[32.273513,849813504],[32.938893,835133440],[33.710305,835321856],[33.747399,839516160],[33.863397,841613312],[33.866418,839516160],[36.387554,841785344],[36.387686,843882496],[38.436003,844079104],[38.623489,844206080],[38.652266,845082624],[38.868957,845213696],[38.900959,845914112],[39.182684,846487552],[39.190428,848584704],[39.598105,848711680],[39.675599,851005440],[39.759605,851337216],[40.212471,851447808],[40.26458,853544960],[40.696044,855642112],[40.975452,857739264],[40.979394,897585152],[40.994758,908070912],[41.010833,931139584],[41.026654,941625344],[41.035037,956305408],[41.042661,905973760],[41.07172,908070912],[41.079812,931139584],[41.086227,918556672],[41.864921,920883200],[41.885582,921382912],[42.705132,921403392],[42.899979,923500544],[43.250367,925597696],[43.392412,925728768],[43.959203,927825920],[44.347898,927956992],[44.7331,930189312],[45.106586,936300544],[45.313307,939266048],[45.717345,945594368],[45.71744,947691520],[46.157813,954183680],[46.36108,957882368],[46.67367,959877120],[46.673947,964071424],[46.859332,966782976],[47.064199,970366976],[47.403337,975155200],[47.404769,979353600],[47.681031,983543808],[48.114603,989671424],[48.192602,990285824],[48.415788,994631680],[48.646013,998379520],[48.690491,999923712],[49.037451,1006120960],[49.038535,1018703872],[49.051519,1029189632],[49.055761,1016606720],[49.261222,1020649472],[49.261707,1024843776],[49.565956,1030434816],[49.922268,1037991936],[50.193818,1041973248],[50.453162,1046233088],[50.933359,1055240192],[50.933549,1057337344],[51.380857,1066209280],[51.58696,1069510656],[51.835814,1074442240],[52.020785,1077149696],[52.627074,1088442368],[52.62745,1090539520],[53.0735,1098620928],[53.139125,1099350016],[53.42937,1104105472],[54.153504,1117466624],[54.153882,1119567872],[54.404363,1124507648],[54.729698,1129836544],[54.874193,1132666880],[54.87492,1138958336],[55.198588,1145163776],[55.200688,1146740736],[55.355311,1149997056],[55.883366,1158402048],[55.991549,1160912896],[56.232344,1164697600],