{"summary":{"timestamp":1364962723,"hash":"26d8b5188a248a597c9c0b70242ce85e02ccf652","max_memory":1247870976,"cpu_time":99.94,"pull_request":5674},"memory_data":[[0.001588,8192],[0.005667,7241728],[0.087954,8585216],[0.150331,11780096],[0.762629,36073472],[0.997228,44965888],[1.105147,49524736],[2.031903,85139456],[2.130771,88518656],[2.316099,137019392],[2.454818,171851776],[2.607742,211595264],[2.705163,235393024],[2.73868,235876352],[2.835305,241700864],[2.997677,256147456],[3.037799,257961984],[3.069586,262750208],[3.156362,270340096],[3.231037,271749120],[3.306145,274845696],[3.462206,283410432],[3.52202,289026048],[3.72783,298573824],[3.823456,306040832],[3.900741,310341632],[3.983321,316551168],[4.119091,324759552],[4.167741,330375168],[4.205755,330391552],[4.228548,335441920],[4.229938,344657920],[4.251619,340463616],[4.254569,359342080],[4.270095,349900800],[4.302056,350760960],[4.309109,388513792],[4.340008,369635328],[4.404317,371236864],[4.416386,446738432],[4.47855,409853952],[4.63641,410812416],[4.659476,420704256],[4.667056,434929664],[4.709745,435654656],[4.722054,438648832],[4.768108,440164352],[4.770108,444358656],[4.87556,444764160],[5.05379,449961984],[5.203525,452448256],[5.254276,456388608],[5.303692,462897152],[5.483238,465555456],[5.484592,468099072],[5.65436,468127744],[5.656226,473341952],[6.078208,473346048],[6.081845,483827712],[7.15798,483966976],[7.164618,504803328],[7.1832,504471552],[7.183359,488931328],[7.372493,489299968],[7.376402,491765760],[7.482487,491847680],[7.506741,500256768],[7.531493,500260864],[7.534077,507285504],[7.586506,507449344],[7.590995,524062720],[7.713398,525623296],[8.130421,525856768],[8.270974,526389248],[8.425076,528248832],[8.425819,529993728],[8.545551,530010112],[8.671181,531460096],[8.936179,533090304],[8.937354,536682496],[9.152014,536702976],[9.394268,537784320],[9.454662,538566656],[9.719688,540041216],[9.918082,543268864],[9.920076,550604800],[10.577094,550866944],[10.710308,552820736],[10.780848,552767488],[11.103821,556077056],[11.374393,556429312],[11.525586,557412352],[11.551012,558284800],[11.753501,559407104],[11.878323,559308800],[12.071464,561377280],[12.076217,576876544],[13.309723,576925696],[13.627286,577142784],[13.627708,578301952],[13.80348,578379776],[14.366801,580890624],[14.367403,581939200],[14.755649,583266304],[14.803609,584286208],[15.007479,584749056],[15.206229,586133504],[15.247903,586969088],[15.525575,588066816],[15.618465,589000704],[15.887402,590192640],[15.957001,591126528],[16.426735,592408576],[16.446577,593182720],[16.664408,593838080],[16.708089,595042304],[17.199004,596463616],[17.256903,596930560],[17.257833,599433216],[17.690042,599576576],[17.759894,600023040],[17.785458,602124288],[17.791523,629387264],[20.044175,629551104],[20.461169,630915072],[20.492683,631648256],[20.749447,632385536],[20.857122,637906944],[20.858596,643051520],[20.983801,643112960],[20.986663,653537280],[23.036745,653672448],[23.216749,653959168],[23.589089,653963264],[23.642028,657231872],[23.78779,656461824],[24.146663,656551936],[24.32472,658612224],[24.446342,659390464],[24.448852,669876224],[24.47115,674111488],[24.698651,674308096],[24.715027,680116224],[24.784952,682213376],[24.94541,682221568],[25.00384,684765184],[25.012854,693153792],[25.075805,697348096],[25.153262,699445248],[25.234657,704315392],[25.340051,706416640],[25.398948,710516736],[25.572308,718385152],[25.572876,721764352],[25.680572,726765568],[25.764762,728748032],[25.897901,729600000],[26.054467,733863936],[26.279069,737992704],[26.279432,740089856],[26.452975,742383616],[26.530882,744157184],[26.629233,747941888],[26.705862,749641728],[26.70645,753836032],[26.864844,758358016],[27.005417,759300096],[27.167299,764182528],[27.246444,765050880],[27.246974,767148032],[27.429078,771547136],[27.454949,778452992],[27.463102,784965632],[27.538152,787636224],[27.671996,789483520],[27.737432,791748608],[27.81551,792502272],[27.943266,797270016],[28.065117,802635776],[28.177193,806715392],[28.235106,806797312],[28.415564,811565056],[28.534559,812818432],[28.828196,823562240],[28.902872,824139776],[29.209967,832864256],[29.322471,835174400],[29.495713,840019968],[29.549002,840929280],[29.553372,845230080],[29.601517,848965632],[29.795451,855527424],[29.828495,855633920],[29.947945,859774976],[30.024675,860430336],[30.109694,863391744],[30.427144,864870400],[30.561599,868589568],[30.66728,870158336],[30.667567,872255488],[30.768762,876085248],[30.82403,877027328],[30.874097,880111616],[31.003805,883744768],[31.178342,886009856],[31.302282,889683968],[31.40328,890245120],[31.695616,898568192],[31.69605,900665344],[31.853773,906588160],[31.956822,907354112],[32.053196,911523840],[32.054197,913620992],[32.182761,915312640],[32.243895,917807104],[32.341661,918323200],[32.369782,919572480],[32.527573,921210880],[32.580817,923213824],[32.660752,924069888],[32.727356,926674944],[32.805151,927301632],[32.841017,929701888],[32.949157,933412864],[32.977537,933416960],[33.131304,938967040],[33.168812,941277184],[33.223534,941285376],[33.353228,945901568],[33.354492,952197120],[33.49847,953356288],[33.498657,955453440],[33.591719,956768256],[33.661447,959053824],[33.844949,961417216],[33.93759,963796992],[33.937772,965894144],[34.026283,967122944],[34.132473,970956800],[34.29941,972873728],[34.300754,977080320],[34.35864,979070976],[34.421325,979324928],[34.475561,981188608],[34.532754,981266432],[34.658197,985919488],[34.923745,987447296],[35.008648,989671424],[35.075884,989982720],[35.243669,995991552],[35.399557,998584320],[35.507048,1001435136],[35.640053,1006104576],[35.756128,1008402432],[35.897154,1012584448],[35.925538,1012592640],[36.098162,1017688064],[36.171561,1018236928],[36.236963,1021038592],[36.327888,1022238720],[36.409104,1025286144],[36.615023,1026719744],[36.706793,1029013504],[36.8956,1035706368],[36.995873,1036230656],[37.037761,1037889536],[37.130947,1039106048],[37.242593,1043382272],[37.312156,1044963328],[37.428427,1046048768],[37.566197,1049964544],[37.708833,1052352512],[37.881141,1057525760],[37.893522,1060569088],[37.938167,1061408768],[37.957987,1066151936],[38.109218,1070792704],[38.196993,1072553984],[38.303508,1076125696],[38.443323,1079599104],[38.761243,1086111744],[38.79898,1087717376],[38.829767,1097007104],[38.905171,1099120640],[39.411435,1115156480],[39.411523,1117253632],[39.569647,1121738752],[39.607961,1123790848],[39.781788,1128718336],[39.98731,1133641728],[40.095356,1137246208],[40.256792,1140756480],[40.380443,1146630144],[40.537737,1149218816],[40.695461,1154936832],[40.696986,1159135232],[40.758081,1159151616],[40.860405,1162788864],[40.958474,1165275136],[41.043323,1166049280],[41.129364,1168941056],[41.129455,1171038208],[41.270101,1175949312],[41.29834,1175953408],[41.400912,1179598848],[41.532484,1181274112],[41.68737,1185681408],[41.742837,1188769792],[41.896259,1194500096],[41.987565,1199337472],[41.990697,1205645312],[42.061151,1211973632],[42.083413,1219428352],[42.195774,1221763072],[42.1982,1225986048],[42.287223,1230393344],[42.359533,1232027648],[42.776583,1235640320],[42.7809,1240039424],[43.003236,1237692416],[43.004976,1230680064],[43.183196,1201315840],[43.18408,1079676928],[43.242192,1079939072],[43.324615,1083023360],[45.599291,1083117568],[45.629954,1083461632],[46.428755,1083674624],[46.432936,1100107776],[46.548724,1100206080],[46.549246,1103486976],[46.64184,1104179200],[46.648381,1171292160],[46.683527,1171361792],[46.683687,1165385728],[47.128552,1163829248],[47.137046,1083461632],[47.78511,1083871232],[51.291286,1083891712],[51.295972,1100517376],[52.315904,1100636160],[66.331713,1100705792],[88.762056,1100845056],[88.764226,1111191552],[89.023654,1110777856],[89.02383,1100836864],[92.435377,1100890112],[92.437499,1111191552],[92.669901,1107120128],[92.66998,1100836864],[117.925083,1102938112],[117.928233,1134395392],[117.939909,1132064768],[117.940369,1117618176],[172.495121,1117691904],[172.995105,1117700096],[173.006832,1124646912],[173.019589,