{"summary":{"timestamp":1376430696,"hash":"26fd428fae2c8bfc1eaf42dab731fb940743e049","max_memory":1944178688,"cpu_time":null,"pull_request":null},"memory_data":[[0.001568,4096],[0.045787,86016],[0.102436,6529024],[0.250159,8347648],[0.314227,11300864],[0.422172,12324864],[0.512791,17514496],[0.58642,18046976],[0.736089,20516864],[0.7748,22073344],[0.981382,26476544],[1.112246,28385280],[1.138127,32935936],[1.229929,65871872],[1.270596,76304384],[1.318048,91316224],[1.338118,101527552],[1.352977,102166528],[1.371498,111767552],[1.383322,111980544],[1.443036,131497984],[1.703363,213098496],[1.723989,220975104],[1.750644,238276608],[1.793335,281366528],[1.868793,360689664],[1.894746,386170880],[1.936839,386768896],[1.972693,397959168],[2.016809,423620608],[2.050056,438169600],[2.098736,466788352],[2.117938,471113728],[2.190505,503885824],[2.209868,516128768],[2.268304,541708288],[2.27924,549343232],[2.333646,575291392],[2.360829,591466496],[2.41102,615895040],[2.430305,628449280],[2.513972,717053952],[2.613782,825200640],[2.653547,866643968],[2.671552,866648064],[2.684007,873910272],[2.760899,956100608],[2.86275,1068212224],[2.897484,1104551936],[2.957675,1173336064],[3.076374,1310953472],[3.105868,1343897600],[3.530748,1345998848],[3.545664,1415204864],[3.629826,1415213056],[3.834329,1416454144],[3.89046,1419943936],[4.022384,1423372288],[4.142238,1424306176],[4.322833,1424633856],[5.585492,1424764928],[5.854483,1425027072],[5.862562,1425768448],[6.16925,1425903616],[6.375844,1426509824],[11.277301,1428606976],[11.281469,1426509824],[13.041814,1426612224],[13.850146,1426743296],[13.852542,1426923520],[15.618368,1427124224],[15.80653,1427247104],[17.005892,1427300352],[17.196716,1429106688],[17.583747,1429508096],[18.644837,1429512192],[18.644888,1429622784],[21.280556,1431719936],[21.284856,1429626880],[22.105643,1429630976],[22.170138,1429872640],[22.170188,1431973888],[23.902463,1432023040],[24.574479,1432154112],[24.707255,1433714688],[24.753028,1435262976],[25.37592,1435529216],[26.068796,1435533312],[26.111726,1436520448],[28.185701,1436528640],[28.971662,1436745728],[31.28394,1438842880],[31.287665,1436745728],[34.995831,1436745728],[41.289377,1438851072],[66.394451,1440952320],[66.397199,1472409600],[74.304795,1472573440],[74.380674,1473073152],[74.795833,1473085440],[74.854852,1474162688],[75.482901,1474240512],[75.604736,1474543616],[75.689765,1478377472],[75.819684,1477181440],[76.127929,1477185536],[76.159818,1478758400],[76.212103,1477914624],[76.393858,1477947392],[76.40915,1478795264],[76.69393,1478840320],[76.737567,1480151040],[76.982799,1479770112],[77.229388,1481084928],[77.43143,1481089024],[77.699039,1482121216],[77.794112,1485357056],[77.821436,1484292096],[77.949768,1484312576],[78.017522,1485221888],[78.502646,1485365248],[78.528907,1489395712],[78.577724,1491890176],[78.893023,1492348928],[79.830216,1492348928],[80.213229,1492480000],[80.267139,1493254144],[80.341683,1496182784],[81.611902,1496186880],[81.941094,1496674304],[81.969294,1497546752],[82.323001,1497776128],[82.37174,1498370048],[82.420382,1501077504],[82.598734,1503342592],[83.062994,1503518720],[83.063191,1504395264],[84.130197,1504673792],[84.130504,1506050048],[84.471102,1506054144],[84.627666,1507254272],[84.628407,1508737024],[85.011382,1508859904],[85.011876,1510838272],[85.575773,1510973440],[85.811548,1511858176],[86.051164,1512153088],[86.73859,1513963520],[86.906918,1514205184],[86.980449,1515327488],[86.980911,1518444544],[87.592352,1518452736],[87.932684,1519681536],[88.205068,1521627136],[88.292271,1523777536],[88.349528,1526513664],[88.715339,1526525952],[88.778279,1529163776],[88.780824,1530933248],[88.890035,1531080704],[88.891531,1534136320],[89.463706,1534205952],[89.465842,1536249856],[89.690609,1536253952],[89.962843,1538920448],[90.271391,1539870720],[90.276231,1542078464],[90.429585,1543303168],[90.693874,1544060928],[90.717094,1545060352],[91.002386,1546338304],[91.164309,1552154624],[91.736365,1552195584],[91.889317,1552494592],[92.294431,1555668992],[92.365958,1558347776],[92.841942,1559359488],[92.86978,1560346624],[93.010498,1560535040],[93.062195,1562742784],[93.525065,1563512832],[93.525824,1564749824],[93.850522,1565270016],[93.902701,1566310400],[93.972487,1569763328],[94.193796,1569841152],[94.196869,1572917248],[94.382988,1573093376],[94.40676,1574248448],[94.746675,1575092224],[94.91717,1576669184],[94.96444,1578713088],[95.399782,1580183552],[95.401445,1583300608],[95.703013,1583472640],[95.833854,1585057792],[96.144421,1585963008],[96.249284,1590665216],[96.249879,1594667008],[96.646325,1595080704],[96.704928,1596538880],[96.707854,1599639552],[96.785334,1599893504],[97.300172,1600098304],[97.32731,1601146880],[97.556548,1601581056],[97.580342,1602502656],[97.955598,1603264512],[97.983966,1604472832],[98.131069,1604984832],[98.135041,1609179136],[98.206325,1611304960],[98.522757,1611747328],[98.582524,1614020608],[98.857439,1614712832],[98.888769,1615339520],[99.134384,1615491072],[99.248255,1619734528],[99.689276,1620021248],[99.737482,1621983232],[99.869233,1622167552],[99.907541,1623961600],[100.295927,1624526848],[100.54928,1625432064],[100.661777,1626345472],[100.73249,1629384704],[100.938163,1629425664],[101.399159,1630691328],[101.493127,1633988608],[101.723749,1634467840],[101.772397,1636663296],[102.223,1637507072],[102.269207,1639301120],[102.481455,1639686144],[102.573483,1641943040],[102.910615,1642668032],[102.996304,1646874624],[103.070444,1647316992],[103.330083,1647349760],[103.534472,1647792128],[103.646418,1651564544],[103.654565,1653559296],[103.777614,1656995840],[104.65336,1657020416],[105.052843,1658114048],[105.223624,1660387328],[105.462129,1661362176],[105.526792,1663918080],[105.814903,1664610304],[105.959137,1667411968],[106.041557,1667657728],[106.046479,1671753728],[106.152058,1672097792],[106.215352,1674547200],[106.268201,1674694656],[106.278275,1680986112],[106.421501,1681313792],[106.532457,1685139456],[107.028899,1686183936],[107.054917,1687334912],[107.420733,1688395776],[107.483241,1690251264],[107.720078,1690824704],[107.870729,1693036544],[107.940815,1693138944],[107.975125,1695432704],[108.121027,1695698944],[108.14374,1696751616],[108.357982,1697095680],[108.388345,1698533376],[108.391434,1704759296],[109.160887,1704935424],[109.249886,1706389504],[109.278178,1708068864],[109.576713,1708527616],[109.594473,1709375488],[109.742551,1709965312],[109.794703,1711910912],[110.229316,1712934912],[110.280964,1715191808],[110.559359,1715683328],[110.706788,1716613120],[110.777991,1719857152],[111.263723,1720340480],[111.30205,1722404864],[111.813461,1723482112],[111.831963,1724145664],[112.184949,1724731392],[112.231503,1726005248],[112.358881,1726853120],[112.385656,1728086016],[112.515632,1728311296],[112.585028,1731551232],[112.849681,1731760128],[112.855567,1738018816],[112.944755,1738067968],[112.970767,1739694080],[113.391047,1740165120],[113.466343,1742594048],[113.714262,1742974976],[113.747085,1745014784],[113.889315,1745559552],[114.129248,1745588224],[114.130773,1747664896],[114.411729,1747861504],[114.440388,1748860928],[114.735961,1749389312],[114.844958,1750671360],[114.84913,1767464960],[114.853504,1759072256],[114.905329,1759154176],[114.960647,1761488896],[115.235282,1762041856],[115.788236,1763631104],[115.914946,1765396480],[115.949317,1766862848],[116.077275,1767092224],[116.129209,1769414656],[116.502827,1770098688],[116.651439,1770872832],[116.704723,1773191168],[117.226354,1774227456],[117.324445,1775632384],[117.445413,1775874048],[117.489588,1778495488],[117.803079,1778876416],[117.825902,1779867648],[118.257267,1780801536],[118.316348,1781641216],[118.421422,1786150912],[119.226588,1787596800],[119.33858,1790935040],[119.748954,1791721472],[120.373973,1792610304],[120.916019,1795072000],[121.025436,1796112384],[121.058782,1797627904],[121.147525,1798619136],[121.446163,1799270400],[122.081336,1803948032],[122.349567,1805008896],[122.387416,1806495744],[122.563797,