{"summary":{"timestamp":1373947280,"hash":"274e7a4e4999fe4e59a8ab0d71555f7f3eea3d6f","max_memory":1591242752,"cpu_time":201.31,"pull_request":7816},"memory_data":[[0.003118,8192],[0.011107,8224768],[0.112076,31502336],[0.140949,34897920],[0.174349,45735936],[0.192678,46170112],[0.239556,53968896],[0.260859,62697472],[0.302418,66973696],[0.35098,81997824],[0.375115,82341888],[0.384338,88596480],[0.416746,98050048],[0.45266,97841152],[0.481589,103350272],[0.512162,113799168],[0.547843,114110464],[0.597175,122204160],[0.700247,143028224],[0.744746,149626880],[0.787356,159420416],[0.807926,161091584],[0.862655,171626496],[0.88025,178073600],[0.913357,181751808],[0.951328,189808640],[0.978719,199499776],[1.107539,277544960],[1.276967,382193664],[1.328066,412766208],[1.375645,429203456],[1.437565,455172096],[1.445531,456331264],[1.559276,502857728],[1.587085,507006976],[1.620003,517574656],[1.685319,541687808],[1.717219,555659264],[1.753692,568078336],[1.85751,606670848],[1.974793,651739136],[2.035562,676696064],[2.171594,756776960],[2.417815,906317824],[2.610376,1020416000],[2.856912,1170739200],[2.925847,1211359232],[3.113287,1211363328],[3.141555,1213292544],[3.181069,1220784128],[3.240759,1235275776],[3.251128,1239871488],[3.313266,1239891968],[3.321981,1244041216],[3.372108,1246900224],[3.377731,1249714176],[3.431646,1249886208],[3.442458,1321197568],[3.499843,1321422848],[3.5163,1329995776],[3.576714,1335590912],[3.580311,1339834368],[3.666457,1339838464],[3.7841,1341857792],[3.869416,1344253952],[3.996756,1344319488],[3.998447,1346408448],[4.191064,1346445312],[4.197715,1352536064],[4.692655,1352720384],[4.696564,1354620928],[4.988445,1355583488],[5.164876,1355796480],[5.352082,1358098432],[5.480568,1358360576],[5.611411,1359708160],[5.846096,1360113664],[5.846859,1360990208],[6.161791,1361743872],[6.316251,1362546688],[6.392326,1364979712],[6.687697,1365987328],[6.873642,1368043520],[7.191753,1368608768],[7.447364,1368674304],[7.539003,1369178112],[7.541911,1372815360],[7.746997,1373831168],[7.880475,1375424512],[8.105644,1376444416],[8.198977,1378111488],[8.430075,1379500032],[8.712064,1379840000],[8.788013,1381281792],[9.143705,1381388288],[9.378739,1382240256],[9.462128,1383186432],[9.902654,1383723008],[10.308901,1383858176],[10.435621,1384873984],[10.684243,1385934848],[11.059375,1386459136],[11.209878,1387614208],[11.624247,1387921408],[11.624668,1388482560],[12.420939,1388523520],[12.662165,1389846528],[12.834534,1389899776],[12.871806,1392001024],[12.9457,1392320512],[14.283716,1392336896],[14.417185,1393750016],[14.525628,1397628928],[14.662911,1398923264],[14.749652,1401733120],[14.923383,1404370944],[15.04643,1407332352],[15.063086,1406279680],[15.158105,1406758912],[15.201368,1408749568],[15.301741,1409310720],[15.334229,1411657728],[15.438083,1414127616],[15.621482,1416552448],[15.832813,1416597504],[15.998017,1417494528],[16.081134,1420521472],[16.268062,1421856768],[16.370316,1424646144],[16.409274,1426718720],[16.515935,1429737472],[16.615436,1429749760],[16.808816,1431601152],[16.908019,1433239552],[17.008936,1433710592],[17.118486,1437069312],[17.219851,1437073408],[17.416119,1442897920],[17.538504,1443676160],[17.604986,1446535168],[17.728484,1450258432],[17.829951,1452507136],[18.079911,1454084096],[18.181163,1457856512],[18.308496,1459945472],[18.455747,1460617216],[18.571831,1463345152],[18.903057,1464778752],[19.266312,1464881152],[19.377161,1465663488],[19.533852,1468243968],[19.844106,1469726720],[19.897163,1471602688],[19.902921,1473855488],[20.003407,1477861376],[20.012959,1479802880],[20.179059,1483874304],[20.347277,1491099648],[20.35615,1492795392],[20.440364,1496010752],[20.564221,1498460160],[20.64193,1499090944],[20.671896,1500794880],[20.950113,1501712384],[21.21814,1501720576],[21.569365,1503514624],[21.72189,1506549760],[21.886404,1514987520],[22.054288,1517072384],[22.341061,1517875200],[22.426238,1518592000],[22.970214,1516490752],[22.970297,1447284736],[23.705332,1447325696],[35.229447,1447358464],[43.217569,1447362560],[48.604748,1447383040],[66.130753,1447387136],[70.057751,1447415808],[73.888856,1447497728],[82.030218,1447575552],[84.042293,1447628800],[84.543831,1447698432],[86.429142,1447702528],[89.675274,1447809024],[93.182585,1447813120],[95.122655,1447866368],[101.417329,1447874560],[101.912274,1447915520],[105.679774,1447944192],[109.025028,1448026112],[111.429657,1448239104],[111.446963,1448321024],[120.770452,1448431616],[120.770878,1448808448],[121.644687,1448902656],[122.396437,1449648128],[122.707775,1449791488],[122.714613,1451114496],[123.510629,1451143168],[124.392157,1451487232],[124.484133,1451978752],[124.486739,1454137344],[124.863108,1454419968],[125.894446,1454428160],[126.662321,1454796800],[127.229441,1455570944],[127.673145,1455607808],[127.738122,1455878144],[128.49963,1456128000],[128.688385,1456414720],[129.367821,1456463872],[129.985684,1456939008],[130.018316,1457172480],[130.538144,1457381376],[130.569758,1457635328],[131.342589,1457913856],[131.493946,1458278400],[133.302852,1458671616],[134.893625,1459994624],[135.121076,1460322304],[136.018112,1460768768],[136.328754,1461334016],[137.14723,1461551104],[137.399994,1461968896],[137.782872,1461993472],[138.936372,1462493184],[139.176806,1462759424],[139.321055,1463390208],[140.189982,1463566336],[140.72175,1464913920],[140.723364,1468018688],[140.828954,1468203008],[140.883603,1470201856],[141.538394,1471762432],[141.710906,1473146880],[141.776855,1474473984],[142.016055,1475264512],[142.167717,1476190208],[142.274961,1477545984],[142.344869,1480044544],[142.58972,1480433664],[142.641652,1482285056],[142.998079,1483259904],[143.000963,1500033024],[143.868833,1500082176],[143.870546,1511596032],[143.899905,1513828352],[143.909705,1525215232],[144.161596,1525223424],[144.233125,1548083200],[144.322408,1548095488],[144.433046,1550868480],[144.894086,1550901248],[144.907908,1552936960],[145.056991,1552945152],[145.245698,1559347200],[145.290374,1559351296],[145.366583,1563791360],[145.396223,1569406976],[145.43586,1569542144],[145.44009,1573158912],[145.475033,1574146048],[145.5626,1581797376],[145.588536,1590956032],[145.653784,1589714944],[145.65387,1587335168],[145.779141,1587339264],[146.676763,1572044800],[146.682213,1542688768],[146.684845,1498288128],[146.699943,1500413952],[146.718156,1514831872],[146.72916,1500491776],[146.767423,1514500096],[146.798581,1520340992],[146.827283,1521909760],[146.843528,1527943168],[146.845714,1535504384],[146.8623,1535553536],[146.873934,1543983104],[146.90675,1551904768],[146.955655,1550999552],[146.957005,1517604864],[146.96527,1499246592],[147.262191,1499164672],[147.341358,1497706496],[147.342584,1453801472],[147.346805,1412579328],[147.350338,1335177216],[147.352098,1334009856],[147.358577,1215463424],[147.363271,1174740992],[147.375295,977846272],[147.382689,897212416],[147.383702,857956352],[147.388285,818061312],[147.397593,659341312],[147.407502,540078080],[147.408514,500449280],[147.419388,341557248],[147.42663,259211264],[147.43591,101163008],[147.440533,60837888],[147.44121,18485248],[147.444079,14524416]],"pass_timing":[["parsing",0.964],["configuration 1",0.355],["expansion",0.716],["configuration 2",0.441],["maybe building test harness",0.437],["extra injection",0.159],["ast indexing",0.186],["external crate/lib resolution",0.124],["language item collection",0.042],["resolution",1.324],["looking for entry point",0],["freevar finding",0.079],["region resolution",0.131],["region parameterization inference",0.044],["type collecting",0.111],["coherence checking",0.16],["type checking",6.09],["const marking",0.216],["const checking",0.038],["privacy checking",0.163],["effect checking",0.05],["loop checking",0.03],["compute moves",0.617],["match checking",0.103],["liveness checking",0.177],["borrow checking",0.806],["kind checking",0.114],["reachability checking",0.052],["lint checking",0.227],["translation",8.479],["LLVM passes",123.715],["linking",0.28]]}