{"summary":{"timestamp":1391941282,"hash":"2780d9dd5410a5c093f27eacfb1684ddbfcb4632","max_memory":1351434240,"cpu_time":137.75,"pull_request":12119},"memory_data":[[0.002261,12288],[0.043151,438272],[0.05116,3895296],[0.100713,8679424],[0.270525,12353536],[0.340349,15335424],[0.399887,19374080],[0.438232,20275200],[0.508709,24670208],[0.591498,28254208],[0.851029,32858112],[0.953903,35274752],[0.958203,38588416],[1.042159,39837696],[1.091178,42127360],[1.242672,64860160],[1.274371,72945664],[1.379172,86515712],[1.481947,101330944],[1.615267,122925056],[1.674447,123449344],[1.704497,129708032],[1.852446,168136704],[2.029388,169472000],[2.044034,170229760],[2.273135,171233280],[2.499259,171528192],[2.753606,173174784],[3.02279,173338624],[3.031354,173993984],[3.297457,173989888],[3.548643,186748928],[3.596607,190398464],[3.924703,207179776],[4.117264,207208448],[4.266994,247361536],[5.134178,247365632],[5.244598,247554048],[5.250002,255102976],[5.321193,257982464],[5.321306,260079616],[5.461906,270569472],[5.666967,271077376],[5.79638,273158144],[5.88845,273412096],[5.98346,276185088],[6.203081,280375296],[6.500524,281677824],[6.704137,282124288],[7.175202,282386432],[7.274984,284061696],[7.56234,285179904],[7.668569,286240768],[7.737859,288149504],[8.054186,289865728],[8.148442,290979840],[8.385728,291504128],[8.574813,292614144],[8.840443,294969344],[8.925801,297676800],[9.064296,298487808],[9.170803,301027328],[9.239167,301092864],[9.310008,304214016],[9.422163,307216384],[9.529497,312676352],[9.631228,319893504],[9.779164,321015808],[9.853767,323325952],[10.139124,324014080],[10.230161,326279168],[10.451284,327614464],[10.966429,327811072],[11.114579,328822784],[11.692123,329633792],[11.938109,331735040],[11.941669,342220800],[12.08303,343248896],[12.412917,343875584],[12.418193,345587712],[12.564103,347537408],[12.565632,349536256],[12.796272,351752192],[12.80463,352509952],[12.992165,355508224],[12.996839,357609472],[13.384947,365207552],[13.439766,367022080],[13.549796,368287744],[13.639484,372985856],[13.737177,376799232],[13.862489,379346944],[13.86732,376963072],[13.982893,380874752],[13.994406,385380352],[14.061735,386326528],[14.205566,390770688],[14.28003,390627328],[14.462998,394838016],[14.463695,396709888],[14.624276,399953920],[14.75351,403619840],[14.776085,405520384],[14.858592,405880832],[14.907457,407670784],[14.908634,411668480],[14.9944,411705344],[15.104316,415072256],[15.108016,431271936],[15.113884,423383040],[15.223524,428879872],[15.224953,431902720],[15.261331,429019136],[15.344582,429023232],[15.37614,432119808],[15.476622,432721920],[15.680485,438181888],[15.81164,440549376],[15.906495,445988864],[15.923682,449482752],[16.109653,449490944],[16.136914,450273280],[16.13878,458514432],[16.2588,458682368],[16.38755,461131776],[16.39029,462389248],[16.60376,464728064],[16.87236,466120704],[16.907866,467247104],[17.051064,467812352],[17.156228,470126592],[17.297751,470134784],[17.496208,472612864],[17.70714,474423296],[17.713276,476524544],[17.722098,507981824],[17.740788,506671104],[17.740889,491200512],[17.808732,492691456],[17.94139,494080000],[18.188456,495763456],[18.343792,498417664],[18.419566,498434048],[18.51999,500162560],[18.563402,502538240],[18.718237,502546432],[18.897515,505954304],[19.050383,507486208],[19.206034,508211200],[19.421243,510930944],[19.468824,512454656],[19.822971,514842624],[19.874433,516423680],[20.020432,516800512],[20.142081,519041024],[20.256492,519065600],[20.340268,520167424],[20.410267,523538432],[20.416157,540475392],[20.543074,540741632],[21.201949,540786688],[21.251013,542121984],[21.35795,542539776],[21.359246,544432128],[21.566417,544808960],[21.834632,547303424],[21.835286,548155392],[22.29615,551292928],[22.505136,554057728],[22.641597,554737664],[22.783877,556281856],[22.968219,557133824],[23.119139,559640576],[23.220106,562638848],[23.457432,562651136],[23.717956,565198848],[23.884107,565846016],[24.059671,567808000],[24.259871,568647680],[24.370114,569786368],[24.416543,571883520],[24.6829,572805120],[24.712581,576159744],[24.952871,576327680],[25.080723,577130496],[25.143079,578334720],[25.291639,578826240],[25.561797,580698112],[25.711633,583303168],[25.852486,583749632],[25.955157,586129408],[26.198181,586969088],[26.39151,589463552],[26.498099,589586432],[26.607773,590958592],[26.763265,591896576],[26.82667,594178048],[26.895261,594354176],[26.97761,596054016],[27.064553,596217856],[27.207363,598155264],[27.225928,665272320],[27.263952,631713792],[27.486033,634101760],[27.731746,635174912],[27.866102,636260352],[27.914421,638386176],[27.99966,637792256],[28.009488,671350784],[29.398225,671432704],[29.45647,671703040],[29.458511,675676160],[29.506479,675823616],[29.509727,684064768],[29.590013,684109824],[29.595671,700841984],[29.664715,699297792],[29.665069,671612928],[32.752563,671703040],[33.065584,671780864],[33.118143,673161216],[33.252875,673247232],[33.259196,671834112],[33.449499,671961088],[33.560781,674111488],[33.565756,672014336],[34.927867,672075776],[34.930586,676077568],[35.234576,676151296],[35.23586,677650432],[35.345877,676208640],[36.177939,676339712],[36.401856,678756352],[36.501233,678760448],[36.569977,680525824],[36.5701,682622976],[36.742351,686817280],[36.834145,686825472],[36.925291,688914432],[36.961064,693276672],[36.967977,720535552],[37.171487,720609280],[37.267793,721145856],[37.415829,723243008],[37.500418,725512192],[37.606572,729706496],[37.807368,733904896],[38.056121,744898560],[38.411368,752586752],[38.459287,754388992],[38.662839,758710272],[38.842017,763191296],[38.90676,764170240],[39.119611,772673536],[39.144975,774766592],[39.279545,780677120],[39.286324,805330944],[39.296408,793251840],[39.320943,796512256],[39.410506,799412224],[39.708955,805416960],[39.827049,809115648],[40.143134,816050176],[40.143536,818147328],[40.358498,826322944],[40.574013,835121152],[40.656301,840097792],[40.761919,844402688],[40.899688,848613376],[40.992891,852721664],[40.994559,856915968],[41.101476,858378240],[41.373799,868462592],[41.375442,872640512],[41.452083,873811968],[41.633252,880279552],[41.803656,887037952],[41.976859,894513152],[41.978502,898658304],[42.02775,898666496],[42.117783,902500352],[42.344146,907771904],[42.58554,914374656],[42.58731,918536192],[42.678286,918548480],[42.917007,923615232],[42.958072,925208576],[43.309313,933076992],[43.493795,937521152],[43.637105,940396544],[44.188745,952700928],[44.23438,954245120],[44.436134,958742528],[44.636596,964001792],[44.745785,967802880],[44.85531,970592256],[45.051459,976912384],[45.062567,978558976],[45.188259,981078016],[45.219378,983400448],[45.35545,986607616],[45.54313,992284672],[45.628786,995602432],[45.630332,997601280],[45.706771,998768640],[45.709033,1002962944],[45.788151,1002979328],[46.031718,1008340992],[46.178867,1012162560],[46.531077,1019510784],[46.534597,1027899392],[46.697492,1027915776],[46.996556,1035501568],[47.380056,1042497536],[47.600976,1048231936],[47.647935,1050333184],[47.844045,1055584256],[47.935231,1057062912],[47.938577,1065451520],[48.106364,1065463808],[48.358231,1070821376],[49.083054,1087963136],[49.126841,1090080768],[49.415083,1096642560],[49.510012,1099575296],[49.637996,1101795328],[49.881982,1107968000],[49.882812,1111117824],[49.947122,1111158784],[50.117711,1114738688],[50.217758,1117868032],[50.235303,1119420416],[50.488024,1126371328],[50.491505,1134759936],[50.648707,1134780416],[50.796885,1138696192],[50.799723,1147084800],[50.983836,1147117568],[51.166155,1151373312],[51.278525,1154592768],[51.284967,1158377472],[51.336561,1158520832],[51.4429,1160990720],[51.445834,1162756096],[51.523448,1163386880],[51.884647,1170427904],[52.048688,1174646784],[52.0668,1176547328],[52.306226,1182363648],[52.595321,1188478976],[52.794923,1193398272],[53.253238,1205194752],[53.395762,1208201216],[53.535928,1212108800],[53.959597,1221455872],[54.08354,1224962048],[54.40355,1232498688],[54.405194,1234595840],[54.457248,1234604032],[54.892775,1243746304],