{"summary":{"timestamp":1375121065,"hash":"2830d7d0135f188260f1762e6a47c347e9a603e2","max_memory":1414348800,"cpu_time":191.3,"pull_request":8032},"memory_data":[[0.003351,4096],[0.049289,413696],[0.086186,6037504],[0.22746,10690560],[0.431243,13340672],[0.462595,16064512],[0.58956,18903040],[0.883908,24236032],[0.983746,24240128],[0.984475,26480640],[1.064368,26767360],[1.064556,30969856],[1.22477,34160640],[1.275753,42708992],[1.310861,46604288],[1.337264,53088256],[1.361509,54013952],[1.422785,62984192],[1.481224,77238272],[1.504303,77021184],[1.560419,82972672],[1.581285,88010752],[1.643882,95715328],[1.722712,114368512],[1.759392,115122176],[1.799227,124530688],[1.828501,125046784],[1.846511,129323008],[1.915187,138432512],[1.945035,145461248],[1.986333,145526784],[2.019033,151261184],[2.091921,158969856],[2.1295,165896192],[2.254375,181829632],[2.300572,190300160],[2.328335,192020480],[2.376022,200138752],[2.422572,205565952],[2.451887,212758528],[2.496227,216035328],[2.515732,221200384],[2.591297,230256640],[2.619629,241045504],[2.654056,241049600],[2.885981,330952704],[3.070132,400719872],[3.089498,400850944],[3.195541,422637568],[3.253081,438050816],[3.321846,451698688],[3.366169,463945728],[3.428314,478572544],[3.46352,482213888],[3.523743,493137920],[3.559596,501350400],[3.627588,513974272],[3.671566,525991936],[3.733623,537321472],[3.826226,558555136],[3.947802,583979008],[4.021935,602517504],[4.065585,610054144],[4.125785,623116288],[4.172803,636067840],[4.387801,720666624],[4.667199,833740800],[4.750224,866385920],[4.767928,866508800],[4.823931,895594496],[5.0325,1010114560],[5.050738,1016504320],[5.106733,1044889600],[5.201325,1095888896],[5.392672,1205334016],[5.481075,1257095168],[5.606079,1328275456],[6.254491,1328406528],[6.265149,1399709696],[6.345761,1399779328],[6.516538,1401483264],[6.658018,1407467520],[6.811077,1408344064],[7.051228,1408655360],[8.61481,1408790528],[8.724769,1409921024],[9.178177,1410142208],[9.225828,1410523136],[19.630865,1410588672],[19.656822,1410699264],[20.985868,1410830336],[20.989475,1411039232],[22.089986,1411043328],[23.530046,1411375104],[25.372071,1411538944],[25.433823,1412845568],[25.553699,1413660672],[25.838353,1413947392],[26.637947,1413701632],[26.638032,1412894720],[33.126224,1412898816],[33.126326,1412980736],[37.260204,1413152768],[37.946303,1352331264],[37.946408,1341845504],[38.097295,1339170816],[38.099736,1283338240],[38.101794,1282744320],[38.105092,1216229376],[38.107138,1214386176],[38.110252,1149566976],[38.114914,1109553152],[38.192886,1110450176],[38.302941,1114497024],[38.3404,1114832896],[40.241113,1114910720],[40.315964,1115979776],[44.012978,1116160000],[45.351807,1116188672],[45.366333,1116368896],[46.186497,1116459008],[150.191515,1116450816],[150.382996,1115516928],[151.074894,1115635712],[151.256599,1119113216],[152.942814,1119154176],[221.946415,1119162368],[223.047285,1121263616],[223.201703,1124409344],[223.204159,1126518784],[223.315274,1126526976],[223.399019,1131196416],[223.45598,1130778624],[223.485205,1136848896],[223.613867,1145139200],[223.645634,1153830912],[223.728806,1151733760],[223.891265,1151762432],[224.985421,1149276160],[224.986251,1136144384],[225.009711,1138282496],[225.02515,1148669952],[225.029048,1136160768],[225.038902,1136975872],[225.049973,1149816832],[225.064322,1156493312],[225.148952,1156911104],[225.185035,1160949760],[225.215617,1161003008],[225.270605,1165631488],[225.286068,1169244160],[225.288118,1176641536],[225.303428,1176653824],[225.315144,1184796672],[225.346636,1192361984],[225.39455,1193107456],[225.395786,1161158656],[225.405212,1139646464],[225.490678,1138163712],[225.50802,1136054272],[225.509363,1092149248],[225.51392,1052209152],[225.51494,1013100544],[225.519534,971878400],[225.526157,853811200],[225.532304,774365184],[225.537408,732569600],[225.538329,695091200],[225.547528,575827968],[225.54946,574431232],[225.553923,496869376],[225.555774,496254976],[225.56031,417738752],[225.562271,416235520],[225.566803,337412096],[225.576307,218243072],[225.58163,177553408],[225.586173,97054720],[225.591624,65544192]],"pass_timing":[["parsing",1.358],["std macros injection",0.004],["configuration 1",0.502],["expansion",1.083],["configuration 2",0.578],["maybe building test harness",0.451],["std injection",0.405],["ast indexing",0.269],["external crate/lib resolution",0.372],["language item collection",0.075],["resolution",1.536],["looking for entry point",0.001],["freevar finding",0.114],["region resolution",0.171],["region parameterization inference",0.101],["type collecting",0.172],["coherence checking",0.29],["type checking",11.797],["const marking",1.104],["const checking",0.048],["privacy checking",0.258],["effect checking",0.053],["loop checking",0.029],["compute moves",0.657],["match checking",0.114],["liveness checking",0.279],["borrow checking",1.254],["kind checking",0.176],["reachability checking",0.069],["lint checking",0.347],["translation",12.156],["LLVM passes",186.874],["linking",0.415]]}