{"summary":{"timestamp":1373226786,"hash":"28643d4135b453888be3f383c3f5f751f13bb647","max_memory":1589256192,"cpu_time":129.25,"pull_request":7456},"memory_data":[[0.001458,4096],[0.0631,450560],[0.063357,2895872],[0.118418,5677056],[0.220521,7065600],[0.379712,7352320],[0.465785,10170368],[0.607653,10350592],[0.747794,13164544],[0.780189,15872000],[1.003226,20754432],[1.181868,22339584],[1.22247,27267072],[1.429645,29888512],[1.500573,42487808],[1.53784,53383168],[1.567432,57028608],[1.595018,68091904],[1.615459,68673536],[1.657219,76128256],[1.673646,84881408],[1.715383,89329664],[1.751453,102367232],[1.786243,105410560],[1.788705,110919680],[1.816197,120492032],[1.853736,120373248],[1.893864,129208320],[1.904736,136417280],[1.944282,136851456],[1.991769,145293312],[2.087376,166346752],[2.130643,173015040],[2.169667,183029760],[2.181227,183214080],[2.231252,193306624],[2.245574,199884800],[2.278589,203673600],[2.320783,214966272],[2.329478,221552640],[2.358143,222121984],[2.401596,250720256],[2.528162,404090880],[2.557261,438026240],[2.591877,440938496],[2.65428,460242944],[2.685418,481701888],[2.691869,482885632],[2.764,529936384],[2.787503,534200320],[2.853947,569409536],[2.873719,583630848],[2.968463,635760640],[3.034982,676478976],[3.043555,679362560],[3.081694,703979520],[3.090099,712036352],[3.159369,794308608],[3.278109,937897984],[3.377484,1054679040],[3.500207,1204727808],[3.53613,1246240768],[3.756761,1246441472],[3.801498,1252298752],[3.870616,1272918016],[3.930175,1273028608],[3.969965,1281286144],[3.973074,1289302016],[4.009883,1292857344],[4.07468,1293635584],[4.084731,1364942848],[4.394234,1366593536],[4.424797,1367351296],[4.456626,1379475456],[4.474354,1380401152],[4.479943,1392431104],[4.692368,1393201152],[4.73647,1397981184],[4.982818,1398247424],[5.24609,1399427072],[5.250968,1404592128],[5.422636,1405341696],[5.761783,1405362176],[5.876298,1407107072],[5.934691,1411510272],[5.998688,1413632000],[6.122737,1414189056],[6.124026,1416511488],[6.315748,1416646656],[6.317788,1420521472],[6.595182,1420939264],[6.999455,1421033472],[6.999908,1422360576],[7.103664,1423450112],[7.307314,1423515648],[7.462947,1425149952],[7.495377,1427210240],[7.611922,1427251200],[7.756813,1431212032],[7.788571,1434927104],[7.952254,1435316224],[7.9999,1437274112],[8.149028,1438547968],[8.36671,1438793728],[8.479469,1439461376],[8.553208,1443049472],[8.72056,1443291136],[8.903995,1444999168],[9.007591,1446621184],[9.139838,1446699008],[9.325996,1447956480],[9.328409,1448837120],[9.633821,1448865792],[9.635439,1451618304],[9.844047,1452199936],[10.189342,1452208128],[10.397278,1453023232],[10.43655,1454211072],[10.794888,1454358528],[10.79534,1455226880],[10.927901,1455247360],[11.167185,1456123904],[11.212512,1457020928],[11.463271,1458622464],[11.60779,1460342784],[11.611347,1469239296],[11.7713,1469882368],[11.815715,1472217088],[12.28873,1474551808],[12.498562,1477197824],[12.630075,1477373952],[12.787519,1478434816],[12.808141,1480327168],[12.953572,1480642560],[12.979676,1481719808],[13.323869,1482100736],[13.396018,1482510336],[13.438215,1486307328],[14.389498,1486381056],[14.38988,1487163392],[14.536464,1487171584],[14.552475,1488048128],[15.788443,1488211968],[15.842949,1489297408],[16.054318,1490247680],[16.162125,1493229568],[16.389691,1493438464],[16.474335,1496973312],[16.612113,1501384704],[16.716159,1502633984],[16.814481,1506869248],[16.966351,1510260736],[17.014902,1513455616],[17.070896,1513906176],[17.136449,1516617728],[17.266072,1520234496],[17.343809,1520799744],[17.489592,1524068352],[17.557296,1526956032],[17.78188,1526968320],[17.904491,1527898112],[18.162341,1528958976],[18.501742,1530953728],[18.699698,1533030400],[19.142485,1536000000],[19.273021,1537114112],[19.660396,1538924544],[19.990487,1540816896],[20.066599,1541898240],[20.473544,1544232960],[20.655479,1546104832],[21.211028,1548115968],[21.431777,1552453632],[21.529103,1553346560],[21.534417,1556508672],[21.715675,1556520960],[21.990484,1558749184],[22.434947,1561067520],[22.814526,1564127232],[23.287066,1566842880],[23.788321,1567531008],[24.090633,1496223744],[24.225626,1499615232],[25.727334,1499635712],[25.853523,1500733440],[29.06155,1500770304],[29.095027,1500905472],[34.725483,1500930048],[51.714699,1500954624],[73.504365,1500962816],[85.478053,1501093888],[85.564607,1501720576],[85.634437,1504706560],[88.008552,1504747520],[89.854176,1504878592],[91.982566,1504927744],[95.831867,1504940032],[99.68066,1505009664],[106.169362,1505058816],[108.277609,1505128448],[109.007479,1505210368],[110.712407,1505214464],[113.478192,1505284096],[115.30478,1505374208],[115.576965,1505443840],[117.494198,1505456128],[117.495928,1506603008],[118.772331,1506607104],[120.104686,1506934784],[120.165274,1507184640],[121.033372,1507799040],[122.079849,1508077568],[123.236455,1508564992],[123.954208,1509044224],[123.974033,1509232640],[124.578179,1509416960],[125.433902,1510281216],[126.02547,1510567936],[126.071023,1510891520],[126.630509,1510981632],[126.958447,1511436288],[127.071787,1512067072],[127.529406,1512124416],[127.798207,1512747008],[128.152778,1512804352],[128.450766,1513738240],[128.953179,1513742336],[129.848927,1514168320],[130.456484,1514315776],[130.996621,1514647552],[131.197007,1514979328],[131.855811,1515278336],[132.624263,1515429888],[132.714909,1518047232],[132.795232,1518977024],[132.896787,1521500160],[133.299527,1521528832],[133.31176,1523535872],[133.452037,1523539968],[133.489499,1526190080],[133.600538,1528942592],[133.613949,1531617280],[133.660032,1531621376],[133.710386,1534283776],[133.750313,1539088384],[133.796782,1538883584],[133.800956,1543045120],[133.90375,1553924096],[133.919814,1562767360],[133.982367,1560104960],[133.982468,1555857408],[134.954364,1555525632],[134.954814,1538723840],[134.97213,1537466368],[134.977716,1550643200],[134.989123,1539657728],[135.007531,1551339520],[135.0998,1551859712],[135.129375,1555849216],[135.19279,1555918848],[135.228237,1560666112],[135.239297,1571729408],[135.264894,1587417088],[135.295941,1588690944],[135.296533,1555947520],[135.308728,1555214336],[135.309847,1538260992],[135.548942,1536761856],[135.554737,1410322432],[135.557164,1334358016],[135.561801,1253748736],[135.564303,1174564864],[135.568974,1095041024],[135.573304,975949824],[135.584486,737611776],[135.58566,736137216],[135.594037,539561984],[135.599038,458366976],[135.603567,340381696],[135.610493,220545024],[135.611291,179396608],[135.618405,62447616]],"pass_timing":[["parsing",0.903],["configuration 1",0.226],["expansion",0.531],["configuration 2",0.224],["maybe building test harness",0.222],["extra injection",0.149],["ast indexing",0.234],["external crate/lib resolution",1.137],["language item collection",0.108],["resolution",1.694],["looking for entry point",0],["freevar finding",0.085],["region resolution",0.118],["region parameterization inference",0.067],["type collecting",0.126],["coherence checking",0.147],["type checking",5.695],["const marking",0.261],["const checking",0.036],["privacy checking",0.159],["effect checking",0.048],["loop checking",0.027],["compute moves",0.53],["match checking",0.096],["liveness checking",0.182],["borrow checking",0.785],["kind checking",0.098],["reachability checking",0.047],["lint checking",0.169],["translation",8.026],["LLVM passes",110.868],["linking",0.351]]}