{"summary":{"timestamp":1366693429,"hash":"2871f4df6fe7a19d41ddca71d96b9192d86d278b","max_memory":1305862144,"cpu_time":105.6,"pull_request":6015},"memory_data":[[0.001659,8192],[0.005826,7491584],[0.11224,10485760],[0.152365,13041664],[0.597956,31469568],[0.748268,37965824],[1.309119,78249984],[1.436921,87769088],[1.459461,88158208],[1.528631,107376640],[1.651538,166076416],[1.809288,208691200],[1.860895,231530496],[2.006581,245174272],[2.068027,253374464],[2.092858,259502080],[2.142236,266055680],[2.180157,267489280],[2.309926,279126016],[2.353104,285716480],[2.480983,297127936],[2.556903,302772224],[2.698288,319565824],[2.732875,326049792],[2.820554,326066176],[2.857695,335327232],[2.875604,335638528],[2.878426,353468416],[2.894805,352710656],[2.89496,344551424],[2.934392,345432064],[2.94071,381091840],[2.973121,373747712],[2.973198,363261952],[3.054501,364896256],[3.065996,436207616],[3.130921,436125696],[3.131098,400551936],[3.223243,402505728],[3.2547,416256000],[3.260758,429920256],[3.30963,431861760],[3.311752,436785152],[3.357772,440528896],[3.53428,440840192],[3.61493,443318272],[3.663082,448143360],[3.74224,453828608],[3.777265,461684736],[3.920562,464609280],[3.921724,467214336],[4.056156,467222528],[4.057385,472457216],[4.367688,472465408],[4.369848,482942976],[5.311478,485044224],[5.315037,503918592],[5.32446,503885824],[5.324563,488271872],[5.405741,488411136],[5.406849,490516480],[5.697266,490954752],[5.733363,499343360],[5.771649,499347456],[5.774902,507084800],[5.853926,507203584],[5.859241,523862016],[5.975721,524255232],[6.016342,525414400],[6.337415,525750272],[6.502123,527917056],[6.532368,528977920],[6.887846,532299776],[7.319936,534487040],[7.564823,535461888],[7.565655,537550848],[7.838595,537821184],[8.103531,540893184],[8.41099,541429760],[8.554266,542142464],[8.600665,543117312],[8.78316,543469568],[8.907583,544714752],[8.908806,548777984],[9.527704,548950016],[9.570532,549412864],[10.431451,552493056],[10.797087,553684992],[10.797624,554958848],[11.144038,555511808],[11.599825,557629440],[11.600299,558518272],[11.861942,558956544],[12.22246,560779264],[12.547241,561713152],[12.607803,562429952],[13.050076,563748864],[13.23254,564752384],[13.234721,573087744],[13.989234,573386752],[13.989735,575803392],[14.89489,575815680],[15.430227,577032192],[15.431062,579112960],[15.667518,579231744],[16.153218,582397952],[16.302806,582488064],[16.419738,583409664],[16.691218,584278016],[16.71128,584876032],[16.990777,585326592],[17.288612,586289152],[17.396715,587358208],[17.432298,591810560],[17.472598,591822848],[17.47475,597053440],[17.594712,599150592],[17.597057,607543296],[18.881159,607797248],[18.882037,607965184],[19.494815,608231424],[19.598571,609628160],[19.60073,610676736],[19.802675,610447360],[19.802755,609488896],[20.471478,609554432],[20.544092,611127296],[20.712905,611540992],[20.77636,614350848],[20.783338,626790400],[20.853659,633225216],[20.919317,633487360],[20.968127,635584512],[21.012771,641875968],[21.094584,641880064],[21.141739,643739648],[21.178885,652128256],[21.244535,656322560],[21.292711,656379904],[21.317109,659824640],[21.319296,664707072],[21.407977,668901376],[21.442265,668913664],[21.645994,680484864],[21.67254,681361408],[21.689984,685948928],[21.803963,690495488],[21.863704,691376128],[21.975819,695631872],[22.167197,700665856],[22.167728,702763008],[22.265724,705257472],[22.463575,712491008],[22.46455,716685312],[22.614674,721940480],[22.728458,724467712],[22.840396,728559616],[22.840916,730656768],[22.983011,736022528],[22.994713,744624128],[23.017678,751566848],[23.232191,758837248],[23.265809,759418880],[23.43151,766451712],[23.476203,767385600],[23.641352,774176768],[23.661944,774258688],[23.804728,779759616],[23.850772,780795904],[24.127756,791470080],[24.185222,793067520],[24.455684,803344384],[24.615248,808808448],[24.622011,815230976],[24.675057,817233920],[24.706225,820858880],[24.867012,826896384],[25.042242,831840256],[25.122684,834686976],[25.241699,835833856],[25.418184,841342976],[25.418614,843440128],[25.722659,856608768],[25.821253,859033600],[26.219485,872435712],[26.220922,876658688],[26.37398,882434048],[26.412766,883200000],[26.508347,887808000],[26.65407,892903424],[26.766585,895168512],[26.899449,899117056],[27.037206,905842688],[27.096721,906850304],[27.097573,908947456],[27.339894,917340160],[27.462977,922415104],[27.463621,925564928],[27.573498,927072256],[27.574346,929169408],[27.858674,937558016],[27.85943,939655168],[28.014272,945000448],[28.103837,947007488],[28.10638,951226368],[28.256778,955805696],[28.37838,960749568],[28.427219,961142784],[28.605687,965304320],[28.779771,972697600],[28.896712,976392192],[29.227131,988504064],[29.445154,995680256],[29.835453,1010020352],[29.930755,1011507200],[30.121486,1018404864],[30.166882,1021427712],[30.221962,1022038016],[30.646921,1037160448],[30.674297,1037549568],[30.941487,1046720512],[30.952416,1050914816],[31.006023,1051955200],[31.035672,1056800768],[31.236368,1063419904],[31.259458,1067491328],[31.433763,1072984064],[31.543024,1075544064],[31.653127,1079070720],[31.65727,1095847936],[31.727036,1097949184],[31.747269,1104240640],[31.896792,1104248832],[31.961373,1106440192],[31.961665,1108537344],[32.194342,1117544448],[32.473929,1126723584],[32.741595,1134776320],[32.825597,1139060736],[32.961166,1143513088],[32.962432,1147707392],[33.063977,1151774720],[33.179663,1155117056],[33.342654,1161814016],[33.567359,1170096128],[33.695357,1174065152],[33.695953,1176162304],[34.064723,1189367808],[34.236005,1197445120],[34.384994,1202757632],[34.388951,1209061376],[34.415778,1209950208],[34.425731,1214750720],[34.457696,1217912832],[34.474859,1224753152],[34.557431,1227251712],[34.560295,1231482880],[34.615461,1235288064],[34.809813,1239408640],[35.000522,1241526272],[35.002508,1248423936],[35.205816,1248202752],[35.207217,1238249472],[35.305638,1236762624],[35.306213,1101930496],[35.362794,1102553088],[35.428558,1105940480],[36.458892,1105956864],[36.550951,1106087936],[39.721018,1106190336],[39.745875,1106427904],[40.736865,1106632704],[40.741028,1121103872],[40.919657,1123209216],[40.923483,1154662400],[40.935187,1152823296],[40.935608,1138016256],[41.250213,1140113408],[41.253935,1152258048],[41.49765,1151148032],[41.502566,1135603712],[41.502755,1106247680],[42.322277,1106644992],[46.445786,1106673664],[46.47326,1106866176],[47.519224,1107087360],[56.346885,1107091456],[56.350407,1121943552],[93.532807,1124048896],[93.536063,1155502080],[93.543438,1153556480],[93.543754,1138855936],[113.314828,1138868224],[113.435226,1139253248],[113.455078,1141919744],[113.475038,1138855936],[113.709998,1139011584],[113.734728,1142882304],[113.73969,1138855936],[113.815384,1141157888],[113.857374,1144668160],[113.864758,1138966528],[114.06104,1138864128],[114.217381,1139941376],[114.2744,1141624832],[114.42097,1142185984],[114.442709,1144467456],[114.45827,1141493760],[114.703257,1141616640],[114.879838,1142861824],[115.058604,1143373824],[115.168543,1144799232],[115.245052,1144881152],[115.263147,1148076032],[115.278949,1144262656],[115.547059,1144266752],[115.562836,1145180160],[115.806315,1145643008],[115.912256,1146810368],[116.049652,1146826752],[116.20988,1148096512],[116.245591,1153548288],[116.250744,1148219392],[116.30461,1153888256],[116.310056,1148276736],[116.349739,1148325888],[116.387604,1153871872],[116.390602,1148276736],[116.415553,1148461056],[116.448063,1153273856],[116.452233,1148260352],[116.499287,1148301312],[116.551268,1153867776],[116.561892,1148260352],[116.967051,1148321792],[117.176982,1149304832],[117.215116,1150877696],[117.264998,1150095360],[117.335925,1152778240],[117.460095,1153282048],[117.480173,1151987712],[117.60133,1151991808],[117.673286,1153462272],[117.752983,1152638976],[117.868206,1157287936],[117.910581,1155678208],[118.538463,1155837952],[118.554736,1157218304],[118.655246,1157853184],[119.02881,1157869568],[119.164132,1158660096],[119.199714,1157869568],[119.714172,1158070272],