{"summary":{"timestamp":1391473893,"hash":"2877928b22c239849a79b48d07139104ff144cd4","max_memory":1358163968,"cpu_time":174.03,"pull_request":12016},"memory_data":[[0.001604,12288],[0.073381,610304],[0.082751,4300800],[0.129352,9031680],[0.244627,12500992],[0.31166,15486976],[0.362116,19423232],[0.455478,21434368],[0.476328,23982080],[0.586849,28311552],[0.813943,32096256],[0.955286,36265984],[1.098371,39170048],[1.137067,43913216],[1.183907,55021568],[1.245172,64479232],[1.266022,71360512],[1.356371,84893696],[1.559284,121102336],[1.620902,121716736],[1.640143,127922176],[1.711083,166481920],[1.867926,168656896],[2.104,169967616],[2.234633,171642880],[2.514376,172457984],[2.642504,185360384],[2.692966,191475712],[2.820885,203476992],[2.828232,205058048],[2.941866,205062144],[3.014571,245239808],[3.630881,245501952],[3.631843,251396096],[3.652987,255590400],[3.744649,268541952],[3.827537,268709888],[4.001081,270503936],[4.078379,273309696],[4.459471,281911296],[4.599727,284327936],[4.668627,284336128],[4.914539,288817152],[5.056773,293416960],[5.195849,296284160],[5.281892,301498368],[5.310142,301993984],[5.405234,308752384],[5.477337,309469184],[5.629101,314052608],[5.690077,317440000],[5.766679,319713280],[5.980539,323108864],[6.024206,324689920],[6.248986,326094848],[6.67846,326295552],[6.824503,327667712],[7.245611,328163328],[7.249348,340705280],[7.325401,341512192],[7.587281,342048768],[7.607437,345673728],[7.820503,345804800],[8.060972,346771456],[8.129769,349573120],[8.253401,350441472],[8.303044,352686080],[8.50357,353886208],[8.526571,354914304],[8.785722,355442688],[8.793878,356728832],[9.03361,358080512],[9.095659,359510016],[9.286676,360034304],[9.348694,361525248],[9.452512,362180608],[9.534903,364392448],[9.589279,370692096],[9.688745,371351552],[9.831759,375406592],[9.832317,377434112],[9.897126,377716736],[10.031513,381554688],[10.141911,383668224],[10.147105,387948544],[10.248574,392187904],[10.306031,392306688],[10.385592,394240000],[10.386463,398233600],[10.47307,398278656],[10.591778,402300928],[10.684463,410669056],[10.684921,413904896],[10.719614,410800128],[10.829999,411791360],[10.83625,429334528],[10.84205,422301696],[10.935899,422924288],[10.965041,425250816],[11.06008,426381312],[11.25675,430899200],[11.34492,436310016],[11.360575,439218176],[11.531122,439918592],[11.557939,440922112],[11.559517,449175552],[11.712117,449409024],[11.816474,451883008],[11.816734,452861952],[11.920724,454950912],[12.160693,457814016],[12.256562,459386880],[12.291079,461590528],[12.382285,461721600],[12.481517,464228352],[12.723929,469237760],[12.812304,470405120],[12.896911,472932352],[12.901556,475033600],[12.9087,506490880],[12.918747,489709568],[12.992645,491364352],[13.015736,493903872],[13.093042,493920256],[13.172185,496300032],[13.195932,498327552],[13.336072,499617792],[13.470577,502214656],[13.492492,503681024],[13.667656,505954304],[13.69444,507539456],[13.801829,508674048],[13.8299,510140416],[13.92703,511217664],[13.962787,514760704],[13.96536,531607552],[14.383957,531955712],[14.433106,535187456],[14.547827,535560192],[14.666237,537448448],[14.668962,538619904],[14.913122,541757440],[14.932064,542683136],[15.248961,547524608],[15.326995,550006784],[15.375216,552972288],[15.494446,552980480],[15.799988,558227456],[15.904377,559026176],[15.999643,561946624],[16.098688,562753536],[16.139557,566558720],[16.285646,566738944],[16.381688,568893440],[16.491391,569720832],[16.630628,572162048],[16.654568,574136320],[16.731707,574124032],[16.785155,576610304],[16.861099,576901120],[17.187038,582397952],[17.214982,584572928],[17.55195,591011840],[17.738111,593170432],[17.786646,594849792],[17.792522,628199424],[17.965631,630300672],[17.980476,695312384],[18.000317,661753856],[18.565818,661909504],[18.60749,662192128],[18.608891,666202112],[18.63965,666210304],[18.641788,674590720],[18.692854,674713600],[18.69673,691367936],[18.737613,690139136],[18.737762,662138880],[20.358388,662274048],[20.755357,662593536],[21.571377,662622208],[21.57244,666656768],[21.756968,668753920],[21.830837,667824128],[22.265787,667955200],[22.368784,669478912],[22.561592,670343168],[22.646193,675975168],[22.738523,678072320],[22.738573,680169472],[22.801862,684367872],[22.806295,711630848],[23.004552,712421376],[23.12815,714518528],[23.197938,716640256],[23.298075,722960384],[23.337023,723038208],[23.472312,736137216],[23.782821,749551616],[23.849331,753278976],[23.925223,755441664],[24.130488,764387328],[24.139784,768589824],[24.146911,791654400],[24.155625,779067392],[24.304899,785301504],[24.424926,791658496],[24.425031,793763840],[24.649738,803229696],[24.765859,809824256],[24.839366,812400640],[25.187948,828010496],[25.229642,830304256],[25.237886,833191936],[25.450209,840671232],[25.539604,845262848],[25.540763,849375232],[25.582073,849387520],[25.730222,855343104],[25.82262,860147712],[25.823831,864325632],[25.87658,864346112],[26.196767,878276608],[26.30736,883933184],[26.505103,892981248],[26.506784,897179648],[26.565263,897220608],[26.784463,908218368],[26.785369,912384000],[26.825151,912400384],[27.209571,930312192],[27.448254,940453888],[27.739945,954007552],[27.841318,959385600],[28.059602,974647296],[28.114166,976859136],[28.125968,979189760],[28.285292,988381184],[28.30255,990633984],[28.434918,998424576],[28.436149,1002618880],[28.479527,1002647552],[28.603637,1008447488],[28.799418,1016774656],[28.801531,1025085440],[28.884382,1025097728],[29.024033,1032212480],[29.217428,1039654912],[29.310556,1044320256],[29.457902,1052983296],[29.459991,1061261312],[29.547969,1061298176],[29.835854,1074081792],[29.976588,1081094144],[30.129446,1087852544],[30.325652,1098403840],[30.390953,1100595200],[30.507087,1106436096],[30.537967,1110130688],[30.577314,1110155264],[30.618641,1113329664],[30.760602,1117872128],[30.806343,1122181120],[30.919996,1126719488],[31.078504,1134108672],[31.081103,1142501376],[31.176893,1142509568],[31.338896,1150464000],[31.338949,1152565248],[31.41376,1154580480],[31.497116,1159774208],[31.498676,1168048128],[31.584009,1168121856],[31.693945,1172185088],[31.920812,1183166464],[32.029112,1187594240],[32.191503,1195249664],[32.400377,1206259712],[32.543478,1213280256],[32.758575,1222774784],[32.940964,1231876096],[33.136633,1240072192],[33.165258,1242189824],[33.367282,1250054144],[33.492007,1255604224],[33.847515,1270439936],[34.063158,1280675840],[34.229911,1287766016],[34.284383,1288597504],[34.35583,1291755520],[34.367458,1294012416],[34.42792,1294016512],[34.490442,1297489920],[34.585955,1300865024],[34.599681,1305886720],[34.804534,1312813056],[34.924757,1317376000],[34.928808,1315581952],[35.050471,1319014400],[35.161463,1323601920],[35.259844,1329065984],[35.484383,1338626048],[35.485286,1341747200],[35.530151,1343578112],[35.766272,1348435968],[35.768734,1345376256],[36.135507,1347284992],[36.489553,1349439488],[36.491575,1357570048],[36.503251,1353375744],[36.976078,1286262784],[36.98158,1256898560],[36.983907,1198170112],[37.012008,1196593152],[37.198275,1194913792],[37.198628,1169321984],[37.331904,1170767872],[37.412164,1173778432],[37.633466,1177456640],[37.878855,1177522176],[42.132278,1179619328],[42.133565,1194303488],[42.391379,1194336256],[42.394634,1227862016],[42.402663,1211080704],[42.754297,1177522176],[43.537966,1177935872],[45.192129,1178013696],[46.135852,1180110848],[46.140385,1179541504],[46.493001,1179578368],[56.139152,1181675520],[56.143368,1179578368],[66.142507,1181675520],[66.146607,1179578368],[76.145797,1181675520],[76.149177,1179578368],[96.149177,1181675520],[96.150708,1180110848],[106.149164,1182208000],[106.153939,1180655616],[116.152511,1182752768],[116.157295,1181286400],[126.155817,1183383552],[126.160149,1182416896],[133.325556,1184514048],[133.326811,1199198208],[133.390326,1199267840],[133.3921,1209683968],[133.47888,1211781120],[133.552945,1211871232],[133.556151,1245339648],[133.578683,1247436800],[133.663464,1249533952],[133.750856,1249587200],[133.75372,1267044352],[133.754022,