{"summary":{"timestamp":1406930758,"hash":"292caefb26c7f99a064a1ed6a8ba37ec5375e88e","max_memory":1880244224,"cpu_time":200.96,"pull_request":15995},"memory_data":[[0.003978,8192],[0.021088,18087936],[0.049473,22216704],[0.095473,25165824],[0.152492,33812480],[0.181474,41398272],[0.229772,47624192],[0.22993,49721344],[0.280908,57540608],[0.347853,74727424],[0.392769,83697664],[0.443898,88608768],[0.498362,100614144],[0.547871,103051264],[0.585025,128335872],[0.638206,161431552],[0.673231,144986112],[0.748786,145510400],[0.749287,141574144],[0.899745,144338944],[0.99504,145297408],[0.995291,147394560],[1.19524,150016000],[1.19529,152113152],[1.290302,153608192],[1.442067,166608896],[1.46346,171442176],[1.55116,180584448],[1.816937,201715712],[1.930279,212250624],[1.979526,215748608],[1.979576,217845760],[2.156713,231436288],[2.161015,226619392],[2.235926,229814272],[2.278505,251957248],[2.295791,264863744],[2.344371,292454400],[2.525894,294572032],[2.580722,328753152],[2.617139,328589312],[2.645686,315674624],[2.720437,320180224],[2.795364,328740864],[2.883633,328749056],[2.9294,333848576],[3.003974,336506880],[3.03947,341331968],[3.098924,341090304],[3.124581,329629696],[3.2277,329654272],[3.244088,332681216],[3.302149,363462656],[3.332612,369987584],[3.379697,372133888],[3.386761,376328192],[3.442066,378458112],[3.443089,384749568],[3.555677,384778240],[3.564807,386875392],[3.566981,399458304],[3.633603,399507456],[3.639411,405798912],[3.808111,405880832],[3.812619,420560896],[3.81967,418463744],[3.892376,418545664],[3.900275,422739968],[4.233257,423010304],[4.267483,412524544],[4.372832,412749824],[4.434778,421138432],[4.557196,421142528],[4.618413,422109184],[4.765552,422457344],[4.766261,426651648],[4.824356,426897408],[4.839628,435318784],[4.865867,435412992],[4.894653,441761792],[4.89963,450154496],[4.966634,452362240],[4.982675,448225280],[5.029306,452427776],[5.188482,458719232],[5.380359,465010688],[5.387193,469204992],[5.465371,475496448],[5.587989,477593600],[5.621527,479690752],[5.778693,481787904],[5.968581,485982208],[6.053483,490176512],[6.214003,494370816],[6.473743,502759424],[6.756192,509050880],[6.756891,511148032],[6.925085,513245184],[6.973509,515342336],[6.976826,538411008],[6.98609,525828096],[7.045709,530022400],[7.161734,534216704],[7.161834,536313856],[7.369996,538411008],[7.430763,540508160],[7.560154,542605312],[7.636402,544702464],[7.646361,546799616],[7.757722,548896768],[7.784914,553091072],[7.863524,555188224],[7.896434,553091072],[8.32047,557285376],[8.345813,559382528],[8.647621,563576832],[8.742482,565673984],[8.929518,567771136],[9.021597,569868288],[9.063827,571965440],[9.164678,574062592],[9.164942,578256896],[9.216982,580354048],[9.413999,582451200],[9.513394,584548352],[9.513546,588742656],[9.567176,590839808],[9.793671,592936960],[9.819956,595034112],[9.967258,597131264],[10.19991,599228416],[10.28045,603422720],[10.314067,607617024],[10.591932,609714176],[10.764489,611811328],[10.890209,616005632],[11.021768,618102784],[11.02574,649560064],[11.036726,666337280],[11.046044,641171456],[11.094455,643268608],[11.398184,647462912],[11.495451,649560064],[11.559016,653754368],[11.5614,655851520],[11.644616,660045824],[11.644717,662142976],[11.702162,664240128],[11.792521,672628736],[11.822662,676823040],[11.914676,685211648],[11.921652,678920192],[12.442294,681017344],[12.527576,683114496],[12.679719,685211648],[12.791503,689405952],[12.799362,691503104],[13.114161,693600256],[13.164187,695697408],[13.168943,701988864],[13.224555,704086016],[13.229377,708280320],[13.315729,710377472],[13.340504,712474624],[13.538064,714571776],[13.725135,718766080],[13.929656,725057536],[14.19904,729251840],[14.433738,731348992],[14.434353,735543296],[14.649348,737640448],[14.808988,739737600],[15.023517,739741696],[15.023676,741834752],[15.221041,743931904],[15.289002,746029056],[15.589432,750223360],[15.607401,752320512],[15.713705,754417664],[15.798568,754421760],[15.845118,760709120],[16.171976,762806272],[16.420249,764903424],[16.568858,767000576],[16.643186,769097728],[16.778796,771194880],[16.86202,775389184],[17.098147,777486336],[17.117343,779583488],[17.354059,783777792],[17.505623,785874944],[17.546944,787972096],[17.547149,792166400],[17.876452,794263552],[18.036146,796360704],[18.40339,800555008],[18.536486,802652160],[18.750997,804749312],[18.856743,806846464],[19.280423,811040768],[19.475323,815235072],[19.517514,817332224],[19.733072,819429376],[19.738764,859275264],[19.756316,878149632],[19.756623,884441088],[19.780782,917995520],[19.785634,867663872],[19.791641,869761024],[20.041774,873955328],[20.141625,880246784],[20.141885,882343936],[20.19744,884441088],[20.727265,886538240],[20.867082,888635392],[20.996507,892829696],[21.002556,915898368],[21.003816,903315456],[21.256025,907509760],[21.330496,909606912],[21.518922,911704064],[21.575221,913801216],[21.578344,936869888],[21.586494,924286976],[21.856845,928481280],[21.875796,930578432],[22.421963,932675584],[22.422215,936869888],[22.47524,941064192],[22.515851,938967040],[22.515903,930578432],[22.879972,920092672],[22.880024,915898368],[23.526081,917995520],[23.730291,922189824],[23.730545,924286976],[23.785479,926384128],[23.787309,924286976],[24.937431,926384128],[24.937585,928481280],[27.083699,930578432],[27.301525,932675584],[27.308294,953647104],[27.313947,941064192],[27.363773,943161344],[27.469302,945258496],[27.551841,949452800],[27.63216,951549952],[27.796455,953647104],[27.814685,955744256],[27.820796,962035712],[28.042987,964132864],[28.343267,966230016],[28.531757,968327168],[28.602002,970424320],[29.091706,972521472],[29.167252,975876096],[29.386983,983396352],[29.387033,985493504],[29.487388,989130752],[29.487591,991227904],[29.646168,997511168],[29.651183,1003802624],[29.985867,1015894016],[30.139683,1021808640],[30.139885,1023905792],[30.32112,1030365184],[30.527676,1036898304],[30.528083,1041092608],[30.639298,1045385216],[30.714969,1050710016],[30.816951,1054121984],[30.817209,1058316288],[31.042692,1066287104],[31.209403,1074319360],[31.325102,1078214656],[31.374541,1080836096],[31.471689,1083510784],[31.816622,1097039872],[31.816673,1099137024],[32.102233,1109544960],[32.177841,1112809472],[32.50262,1125376000],[32.502883,1127469056],[32.59266,1130278912],[32.795387,1138094080],[33.103947,1150648320],[33.214039,1154297856],[33.214597,1156395008],[33.298598,1158881280],[33.298853,1163075584],[33.42388,1167634432],[33.491103,1169223680],[33.492531,1170800640],[33.623657,1174917120],[33.839733,1182666752],[33.962074,1188065280],[34.070605,1191993344],[34.070961,1198284800],[34.164004,1202323456],[34.42309,1211650048],[34.46346,1213730816],[34.607922,1217753088],[34.877313,1227915264],[35.164645,1237250048],[35.165078,1243541504],[35.232841,1245609984],[35.236174,1253998592],[35.328869,1256607744],[35.632631,1266487296],[35.633289,1272778752],[35.852618,1280249856],[35.98857,1283084288],[36.199599,1290682368],[36.305329,1293762560],[36.494436,1300254720],[36.589854,1302786048],[36.74848,1308651520],[36.962202,1314750464],[37.235055,1323667456],[37.381817,1329205248],[37.632141,1336819712],[37.632343,1338920960],[37.774305,1343303680],[37.934154,1349050368],[38.230938,1357791232],[38.396553,1364094976],[38.437977,1367769088],[38.595819,1370124288],[38.809676,1377931264],[39.135747,1388240896],[39.135797,1390333952],[39.302561,1395777536],[39.3799,1397633024],[39.53473,1402929152],[39.535026,1405026304],[39.645704,1408860160],[39.857971,1417691136],[40.026597,1425408000],[40.302348,1435254784],[40.302451,1437351936],[40.442103,1441660928],[40.611532,1448505344],[40.613008,1454796800],[40.700902,1457795072],[41.174485,1477505024],[41.322148,1482350592],[41.529702,1490026496],[41.568977,1492078592],[41.688658,1495650304],[41.692506,1498796032],[41.831399,1503125504],[41.938076,1507418112],[42.027356,1511993344],[42.225978,1518907392],[42.226181,1521008640],[42.385338,1526931456],[42.753898,1542275072],[42.982922,1550745600],[43.684479,1579876352],