{"summary":{"timestamp":1373304177,"hash":"2a8ae0eb4ae91d8695ea7e95e024f51ec19ef56a","max_memory":1577889792,"cpu_time":376.82,"pull_request":7604},"memory_data":[[0.011123,4096],[0.028403,32768],[0.043092,8167424],[0.159481,18305024],[0.221113,20750336],[0.269034,25980928],[0.326634,27267072],[0.351565,31735808],[0.390061,31756288],[0.450896,35311616],[0.546707,46436352],[0.615647,46993408],[0.631733,49926144],[0.678727,50147328],[0.758507,54603776],[0.818359,63369216],[0.872416,63418368],[0.958681,67772416],[1.08251,80830464],[1.115487,82972672],[1.197458,83877888],[1.208637,89382912],[1.306378,98955264],[1.432468,98775040],[1.469326,99942400],[1.547636,107532288],[1.570824,107671552],[1.610397,114827264],[1.744403,115245056],[1.81289,120889344],[1.850911,120893440],[1.902856,123678720],[1.968077,129740800],[2.001026,129761280],[2.02073,132907008],[2.054639,132915200],[2.164144,140382208],[2.208325,141537280],[2.227196,144859136],[2.305532,147910656],[2.325572,151506944],[2.374079,151523328],[2.429696,154894336],[2.508258,161554432],[2.548178,161755136],[2.615476,166645760],[2.660688,167940096],[2.716022,171921408],[2.764913,178388992],[2.875205,182177792],[2.935628,186073088],[3.020487,193433600],[3.029608,197726208],[3.078052,202182656],[3.190707,236228608],[3.346017,281960448],[3.428522,307777536],[3.692744,387833856],[3.795928,417890304],[3.911029,434655232],[3.977875,446218240],[4.057595,461524992],[4.079471,462692352],[4.167058,477327360],[4.204735,485478400],[4.353717,510758912],[4.425635,514236416],[4.507243,525000704],[4.662407,549310464],[4.736564,563679232],[4.826341,576466944],[5.183913,633663488],[5.287824,652070912],[5.347296,659496960],[5.486464,684056576],[5.518461,691986432],[5.746089,757501952],[5.837305,784912384],[5.846574,783470592],[6.028431,836947968],[6.294087,915828736],[6.456121,961769472],[6.719765,1038213120],[7.220351,1187524608],[7.364061,1228148736],[8.088543,1228152832],[8.156028,1228783616],[8.255746,1232605184],[8.373033,1239195648],[8.528654,1250598912],[8.565733,1255272448],[8.813142,1255276544],[8.863153,1258684416],[8.870778,1264316416],[8.917736,1264513024],[8.932577,1271259136],[9.031803,1271652352],[9.05456,1275441152],[9.254505,1276239872],[9.258673,1284628480],[9.308641,1347543040],[9.561378,1347973120],[9.604835,1357164544],[9.671445,1361453056],[9.699228,1375531008],[9.734863,1375555584],[9.743822,1379573760],[9.790528,1379594240],[9.800891,1383968768],[10.048106,1383972864],[10.172263,1385226240],[10.322728,1388597248],[10.400308,1392381952],[10.44417,1392918528],[11.431631,1393086464],[11.440754,1398378496],[11.877565,1398435840],[11.886315,1398878208],[12.141359,1399115776],[12.722995,1399119872],[12.741958,1409224704],[13.292757,1409384448],[13.294488,1410514944],[13.497903,1411031040],[14.232831,1411092480],[14.678968,1411297280],[14.905756,1412513792],[15.069948,1412702208],[15.164232,1413505024],[15.260739,1416560640],[15.74989,1416712192],[15.822473,1417023488],[15.859093,1419923456],[15.891817,1419264000],[16.251862,1419395072],[16.517324,1419939840],[16.873048,1419972608],[17.268957,1420333056],[17.420527,1422958592],[17.692029,1423323136],[17.817599,1424117760],[18.233387,1424429056],[18.265525,1425145856],[18.589783,1425895424],[19.222286,1425985536],[19.357715,1426649088],[19.62583,1426812928],[19.626708,1427263488],[20.295867,1427668992],[20.598053,1428807680],[21.500726,1428840448],[21.722843,1429319680],[21.902575,1430163456],[21.97682,1431085056],[22.196152,1431171072],[22.409848,1432469504],[23.322245,1433788416],[23.405883,1435086848],[24.046453,1435635712],[24.048905,1437310976],[24.470131,1437335552],[24.97503,1438130176],[25.314154,1439920128],[25.656347,1440690176],[25.848791,1441980416],[25.896087,1443708928],[26.227508,1443934208],[26.464016,1444425728],[26.476467,1449377792],[26.712888,1450196992],[27.063799,1450479616],[27.11919,1451724800],[27.721119,1451790336],[28.140295,1452384256],[28.503793,1452392448],[28.560949,1453023232],[28.967767,1453522944],[29.079177,1454845952],[29.251458,1455267840],[29.524237,1455345664],[29.57957,1456091136],[29.941867,1456685056],[29.944457,1458454528],[30.153279,1458466816],[30.260945,1459195904],[30.49636,1459400704],[30.547408,1460387840],[30.963784,1460457472],[31.106368,1460789248],[35.61592,1460793344],[35.87781,1462886400],[35.897263,1461764096],[39.182546,1461780480],[39.397245,1465278464],[39.436657,1466466304],[39.718085,1470062592],[39.796197,1471537152],[40.051262,1474654208],[40.172947,1476677632],[40.418475,1479647232],[40.592614,1480765440],[40.878154,1483898880],[41.060135,1484517376],[41.197337,1486442496],[41.42247,1490563072],[41.511541,1491169280],[41.737154,1495064576],[41.997891,1497509888],[42.496448,1501143040],[43.070219,1502437376],[43.782986,1503842304],[43.875538,1504309248],[44.760787,1504313344],[45.297256,1505120256],[45.769885,1505140736],[45.913801,1506754560],[46.872987,1506791424],[47.165306,1507762176],[48.04223,1509363712],[48.179334,1509945344],[48.970941,1511268352],[49.413996,1512550400],[50.217711,1514373120],[50.476672,1514610688],[51.165723,1514618880],[51.818902,1516208128],[51.866933,1517342720],[52.516197,1518514176],[53.113702,1519792128],[53.296422,1520889856],[53.588224,1521971200],[53.897606,1522413568],[53.918785,1525723136],[54.255505,1526284288],[54.711161,1526300672],[55.137711,1527209984],[55.925889,1528311808],[56.431602,1529339904],[57.168626,1531359232],[57.218814,1532022784],[57.955754,1534455808],[58.657494,1535811584],[58.716695,1536098304],[59.259929,1536884736],[60.385863,1537257472],[61.434232,1465950208],[63.478861,1465978880],[65.927811,1468076032],[65.947772,1465978880],[66.178096,1465982976],[75.944489,1468080128],[75.961959,1466019840],[81.30449,1466040320],[85.96456,1468129280],[85.984869,1466208256],[91.446193,1466212352],[93.026328,1466236928],[95.984459,1468334080],[96.004908,1466421248],[97.89523,1466429440],[106.004545,1468526592],[106.024713,1466634240],[116.02442,1468731392],[116.044828,1466793984],[126.044508,1468891136],[126.063962,1466806272],[136.061193,1468903424],[136.080652,1466806272],[146.077784,1468903424],[146.084867,1466806272],[156.094503,1468903424],[156.113966,1466806272],[166.111114,1468903424],[166.131303,1466904576],[176.13118,1469001728],[176.151231,1467011072],[186.15115,1469108224],[186.17179,1467170816],[196.171104,1469267968],[196.191315,1467441152],[206.191095,1469538304],[206.211467,1467609088],[216.211088,1469706240],[216.231392,1467764736],[226.231068,1469861888],[226.251963,1467899904],[235.195974,1467908096],[236.251208,1470005248],[236.271684,1468026880],[244.551028,1468035072],[246.0823,1468088320],[246.2712,1470185472],[246.290829,1468469248],[248.696316,1468477440],[249.931728,1468559360],[254.126456,1468567552],[256.287855,1470664704],[256.305186,1468588032],[261.718064,1468608512],[266.304508,1470705664],[266.325491,1468706816],[275.196607,1468747776],[276.324493,1470844928],[276.345206,1468936192],[279.953837,1468940288],[285.224166,1468977152],[286.344532,1471066112],[286.361872,1469186048],[289.802446,1469259776],[295.288695,1469296640],[296.364408,1471393792],[296.384543,1469456384],[298.650325,1469464576],[299.278783,1469530112],[301.973595,1469591552],[304.137863,1469595648],[305.690455,1469648896],[306.384429,1471746048],[306.404768,1469784064],[312.215946,1469816832],[312.860546,1469865984],[316.066514,1469870080],[316.419559,1472061440],[316.424775,1470017536],[322.987389,1470095360],[326.424425,1472192512],[326.43418,1470103552],[327.034003,1470107648],[327.037727,1470304256],[328.359545,1470439424],[328.373903,1471614976],[329.31408,1471758336],[331.511953,1471766528],[332.599722,1471856640],[332.702669,1472028672],[333.771191,1472090112],[333.861746,1472221184],[335.652562,1472319488],[335.85837,1472565248],[336.964573,1472888832],[337.084129,1473236992],[339.753108,1473638400],[340.147575,1473916928],[341.053597,1473953792],[342.346739,1474129920],[342.440145,1474232320],[343.54806,1474301952],[344.470479,1474482176],