{"summary":{"timestamp":1367560298,"hash":"2ae44a07a9d508d0ad413e70d3152a0f4a087976","max_memory":1419882496,"cpu_time":102.48,"pull_request":6212},"memory_data":[[0.001608,8192],[0.005552,10022912],[0.103986,12079104],[0.115858,14036992],[0.292914,18976768],[0.296461,23519232],[0.357091,21114880],[0.36037,24297472],[0.462777,23302144],[0.465542,26906624],[0.500145,23461888],[0.562313,27127808],[0.570594,36794368],[0.649084,35532800],[0.649375,31326208],[0.686554,31371264],[0.688206,34373632],[0.730382,31965184],[0.813386,32186368],[0.888489,35024896],[0.891031,38408192],[0.996326,37011456],[1.071106,39071744],[1.134828,42622976],[1.145987,54370304],[1.235516,52887552],[1.235881,46866432],[1.322942,46878720],[1.338768,57298944],[1.427016,55988224],[1.427381,50151424],[1.473379,49930240],[1.50981,52224000],[1.518002,61882368],[1.763034,61272064],[1.763254,57315328],[1.812035,57446400],[2.01006,62189568],[2.020038,65863680],[2.11419,64618496],[2.168783,68132864],[2.209108,67325952],[2.283131,68554752],[2.348932,71217152],[2.352114,75272192],[2.388719,71426048],[2.514631,75124736],[2.519752,81395712],[2.56683,78082048],[2.674883,78155776],[2.772992,80470016],[2.828324,83390464],[2.8363,92196864],[2.906556,91643904],[2.907002,83836928],[2.931808,88592384],[2.961561,85245952],[3.026788,87347200],[3.028702,89989120],[3.065525,88018944],[3.139132,91942912],[3.142402,95895552],[3.172923,94900224],[3.173143,90771456],[3.206316,91160576],[3.286934,112869376],[3.384018,137646080],[3.75727,231804928],[3.781582,231809024],[3.890576,238448640],[3.997691,248651776],[4.074857,253890560],[4.119669,259977216],[4.200232,266256384],[4.311171,267915264],[4.525068,279572480],[4.579156,284827648],[4.697026,290586624],[4.755909,294445056],[4.784032,294531072],[4.869951,301449216],[5.062997,313856000],[5.138809,319381504],[5.19247,325201920],[5.220018,325500928],[5.30748,350527488],[5.546033,416083968],[5.605207,416096256],[5.636128,425709568],[5.63906,443539456],[5.647277,434622464],[5.669465,435503104],[5.674572,471162880],[5.69112,470028288],[5.691219,453332992],[5.736566,454987776],[5.746761,526290944],[5.779988,509509632],[5.780038,490635264],[5.882254,492417024],[5.900963,506273792],[5.916292,511475712],[5.919428,528490496],[5.923914,513941504],[5.92982,535343104],[5.9299,514052096],[5.961093,514990080],[5.980034,524050432],[5.983419,532246528],[6.027541,533426176],[6.042141,553353216],[6.211177,554283008],[6.527685,554803200],[6.56878,561418240],[6.902574,561504256],[6.903234,564039680],[7.228744,564256768],[7.230255,569282560],[7.924564,569389056],[7.927143,579768320],[9.698713,581873664],[9.705526,600743936],[9.725426,599404544],[9.725649,584605696],[10.127143,585183232],[10.128953,586383360],[10.304659,586604544],[10.338675,595468288],[10.37538,595472384],[10.378498,603156480],[10.454284,605257728],[10.458408,619937792],[10.568371,620240896],[10.612126,621883392],[11.007662,622612480],[11.09043,623542272],[11.306931,627458048],[11.495519,628809728],[11.551755,629800960],[11.734826,630251520],[11.735958,632610816],[11.869971,632627200],[12.029693,635826176],[12.151221,636002304],[12.28679,637837312],[12.396636,638316544],[12.467354,639569920],[12.468307,643706880],[12.761691,643809280],[12.97101,646090752],[13.133865,646569984],[13.225907,647700480],[13.470816,648757248],[13.492502,650289152],[13.685559,650567680],[13.948758,652386304],[13.969676,653684736],[14.051367,653717504],[14.285642,655101952],[14.51187,657444864],[14.750597,658767872],[14.75225,667090944],[15.275497,667095040],[15.276148,669581312],[15.632307,669642752],[15.993154,671088640],[16.116449,671870976],[16.116648,673972224],[16.242403,674127872],[16.506692,677314560],[16.936346,678993920],[16.968977,679477248],[17.21329,679944192],[17.590739,681447424],[17.643569,683945984],[17.644809,686477312],[17.686267,686497792],[17.688019,691724288],[17.819128,691871744],[17.822401,702210048],[19.393768,702435328],[19.863279,702832640],[19.933041,705728512],[20.051007,704704512],[20.425734,704786432],[20.50327,706359296],[20.663445,706772992],[20.709303,708857856],[20.712118,721158144],[20.763121,727891968],[20.864594,728023040],[20.918121,730120192],[20.964602,736411648],[21.049456,736464896],[21.090638,738107392],[21.13124,746496000],[21.193158,750690304],[21.242212,750764032],[21.247024,756977664],[21.353527,763269120],[21.386699,763281408],[21.582519,774774784],[21.611827,775704576],[21.628418,780079104],[21.765827,785260544],[21.804596,785604608],[21.918174,790061056],[22.015848,791855104],[22.099551,794685440],[22.100628,798879744],[22.20058,801275904],[22.394704,808640512],[22.395206,810737664],[22.545662,816050176],[22.58309,816369664],[22.70968,820555776],[22.727845,824750080],[22.828857,827412480],[22.829828,831606784],[22.971796,837115904],[22.984266,845537280],[23.008718,852439040],[23.08015,855236608],[23.238719,859910144],[23.363509,865484800],[23.364664,867590144],[23.445202,868937728],[23.584477,874577920],[23.824284,882315264],[24.091864,892817408],[24.149836,894414848],[24.555657,909942784],[24.561947,914268160],[24.617012,916332544],[24.618006,920526848],[24.79766,927850496],[25.047934,935497728],[25.203157,937299968],[25.337195,941662208],[25.337849,943759360],[25.528747,952131584],[25.634912,956112896],[25.72677,957992960],[25.830573,961986560],[25.876599,962555904],[26.125711,971747328],[26.126373,973844480],[26.280509,979849216],[26.320411,980631552],[26.413209,985251840],[26.591582,991391744],[26.847461,997392384],[26.929254,1001127936],[27.019239,1002967040],[27.200471,1010491392],[27.250736,1011699712],[27.402378,1017749504],[27.450624,1018953728],[27.477469,1024208896],[27.540123,1024737280],[27.57394,1026842624],[27.762158,1032437760],[27.762605,1034534912],[27.916447,1039802368],[28.00959,1041829888],[28.01196,1046048768],[28.159388,1050664960],[28.273685,1055248384],[28.355866,1056354304],[28.509419,1060159488],[28.614369,1064398848],[28.641753,1066508288],[28.874939,1074012160],[29.210847,1086742528],[29.481427,1096122368],[29.529078,1098670080],[29.6752,1103867904],[29.776116,1105367040],[29.966427,1112244224],[30.020881,1114943488],[30.165088,1119350784],[30.262839,1123438592],[30.474059,1130942464],[30.503001,1131323392],[30.769584,1140760576],[30.771315,1143099392],[30.829935,1144619008],[30.833456,1148899328],[30.867853,1151754240],[31.097421,1158090752],[31.101258,1174867968],[31.395836,1174884352],[31.647058,1183186944],[31.679048,1194577920],[32.048015,1206349824],[32.2392,1213247488],[32.25265,1216241664],[32.318488,1217785856],[32.45845,1222594560],[32.641628,1227689984],[32.793508,1233264640],[32.825236,1235304448],[32.957627,1239560192],[32.95837,1241657344],[33.123104,1248129024],[33.167858,1249050624],[33.468575,1261355008],[33.600215,1265102848],[33.679993,1268174848],[33.680258,1270272000],[33.917329,1278849024],[34.001379,1281355776],[34.130891,1286713344],[34.138076,1293135872],[34.282129,1299304448],[34.383749,1302728704],[34.388217,1309036544],[34.42141,1310150656],[34.427453,1314463744],[34.458882,1318203392],[34.483573,1325047808],[34.597052,1327960064],[34.600435,1334280192],[34.69215,1339105280],[34.835457,1340612608],[34.836489,1342472192],[35.232264,1346813952],[35.469283,1347870720],[35.475341,1339179008],[35.619757,1339146240],[35.620634,1192374272],[35.714503,1193578496],[35.762145,1196371968],[36.896635,1196527616],[38.229393,1196531712],[39.286312,1196630016],[39.28959,1196867584],[40.26248,1196920832],[40.267455,1213513728],[40.511085,1215619072],[40.514871,1247072256],[40.526396,1246076928],[40.526927,1230426112],[40.766425,1230548992],[40.770104,1242877952],[41.001554,1241280512],[41.006294,1196867584],[41.8129,1197264896],[43.859277,1197293568],[43.8873,1197486080],[45.302625,1197580288],[45.302711,1197707264],[60.240132,1197805568],[60.245085,1214353408],[85.005296,1214357504],[85.005375,1214353408],[120.395574,1216458752],[120.399367,1247911936],[120.410814,1245409280],[120.411273,1231265792],[156.717988,1231269888],[156.864661,