{"summary":{"timestamp":1370466823,"hash":"2c65e2e385cc2a23a50a575a78868b20010e7172","max_memory":1527005184,"cpu_time":null,"pull_request":6956},"memory_data":[[0.001623,4096],[0.181342,622592],[0.215247,5603328],[0.340914,9846784],[0.473487,12603392],[0.498652,15282176],[0.568715,17776640],[0.832506,23556096],[0.884111,23961600],[0.9126,31326208],[1.0242,33861632],[1.104366,39374848],[1.203764,49913856],[1.223151,54378496],[1.268522,55590912],[1.306362,62226432],[1.341094,62685184],[1.400151,72355840],[1.436174,72519680],[1.467632,80322560],[1.52059,80461824],[1.557782,87654400],[1.604111,87654400],[1.693266,94756864],[1.746494,100544512],[1.847768,108195840],[1.978373,121372672],[1.994623,127098880],[2.058756,127975424],[2.163882,158961664],[2.185653,160440320],[2.245509,173699072],[2.417633,213692416],[2.463246,226029568],[2.485581,226385920],[2.652175,323428352],[2.810031,420413440],[2.981209,420634624],[3.0511,422744064],[3.056636,456290304],[3.113396,458391552],[3.123541,527597568],[3.162658,491941888],[3.293963,493907968],[3.327858,496050176],[3.332222,518750208],[3.541524,522448896],[3.565056,523718656],[3.857419,524111872],[4.748039,524247040],[5.085074,524849152],[5.106072,526163968],[5.417753,526704640],[5.509345,527589376],[7.928207,527638528],[8.024113,527732736],[8.026019,536031232],[10.06532,536178688],[10.069408,552824832],[10.71438,552841216],[11.837993,553095168],[12.00687,555716608],[12.008728,564105216],[12.33235,564293632],[12.501571,566398976],[12.505208,581074944],[12.512861,572682240],[13.075551,573042688],[13.56619,573104128],[13.570157,593731584],[13.574506,573042688],[13.957221,573046784],[13.963713,575004672],[14.9722,575127552],[15.192473,577327104],[15.514261,577589248],[15.562563,582877184],[15.639837,587972608],[15.691455,587976704],[15.867069,599191552],[16.01844,606474240],[16.112063,614047744],[16.130607,617308160],[16.287066,631955456],[16.399243,637403136],[16.527381,644829184],[16.582567,649277440],[16.776851,660877312],[16.973419,674426880],[17.095201,681058304],[17.247398,691769344],[17.545524,711106560],[17.642762,718123008],[17.784272,725577728],[17.879708,727748608],[17.945983,731381760],[18.144218,745394176],[18.28967,752390144],[18.38826,758599680],[18.603466,773554176],[18.703098,779616256],[18.827583,784916480],[18.920362,791592960],[18.978703,794001408],[19.14499,805261312],[19.145628,808407040],[19.356567,817741824],[19.472368,825315328],[19.538028,827805696],[19.629807,832987136],[19.694374,837730304],[19.833648,842534912],[19.890432,847638528],[20.068774,857886720],[20.305124,873525248],[20.444848,881786880],[20.472198,885026816],[20.543317,887885824],[20.54444,892080128],[20.587286,892096512],[20.647926,896712704],[20.718632,899481600],[20.851737,908603392],[20.998156,917037056],[21.215153,931287040],[21.514128,948555776],[21.603348,955293696],[21.891227,970493952],[21.948564,974667776],[22.093595,983461888],[22.115705,985583616],[22.286722,995188736],[22.287823,1000165376],[22.329042,1000173568],[22.627848,1016836096],[22.82096,1029267456],[22.961802,1039421440],[23.092217,1046265856],[23.41945,1068036096],[23.420754,1072234496],[23.445172,1072246784],[23.547514,1078767616],[23.664668,1085022208],[23.67423,1086734336],[23.773536,1089982464],[23.796382,1093332992],[23.887563,1095528448],[23.891958,1097216000],[24.133397,1102532608],[24.135786,1109164032],[24.165048,1109667840],[24.356809,1109180416],[24.358526,1094537216],[24.496928,1078616064],[24.497135,1060974592],[24.510411,1050484736],[24.588997,979177472],[24.771107,980779008],[25.212606,981037056],[25.279843,983687168],[25.348158,984264704],[26.089198,984395776],[26.158163,985292800],[27.384789,985477120],[29.796506,985485312],[32.36611,987586560],[32.36888,1019043840],[32.607943,985485312],[34.657888,985534464],[35.5047,985755648],[43.944518,985755648],[80.724026,987856896],[80.726773,1019314176],[112.711009,1019432960],[112.906399,1022910464],[114.260896,1022951424],[124.797074,1022955520],[124.798358,1029111808],[125.086208,1029115904],[125.284136,1033961472],[125.3041,1036226560],[125.310406,1043042304],[125.442193,1043124224],[125.448347,1045245952],[125.53254,1045401600],[125.534464,1048444928],[125.640194,1050042368],[125.64389,1053016064],[125.870385,1053691904],[126.04285,1053728768],[126.064522,1056006144],[126.992114,1056092160],[126.995661,1056329728],[128.948381,1058426880],[128.94874,1062625280],[130.099131,1062748160],[130.099913,1071013888],[130.506499,1071099904],[130.611909,1077927936],[130.803625,1077936128],[130.977947,1082572800],[131.326915,1090772992],[131.359011,1093541888],[131.367938,1099530240],[131.561848,1099726848],[131.566103,1104191488],[131.674615,1107423232],[131.683337,1110536192],[132.277985,1110691840],[132.291521,1113387008],[132.39831,1113554944],[133.206338,1113559040],[133.212319,1113759744],[136.031945,1115856896],[136.03287,1126346752],[138.090282,1126350848],[138.17668,1126514688],[138.288666,1130393600],[138.294262,1132609536],[138.342223,1132670976],[138.393934,1135009792],[138.551153,1135349760],[139.111534,1135439872],[139.118084,1144205312],[139.687011,1144213504],[139.823019,1144729600],[140.207309,1145159680],[140.361098,1150799872],[140.822772,1151205376],[141.07174,1152069632],[141.093316,1152835584],[141.32303,1154002944],[141.348834,1155215360],[141.529102,1155846144],[141.592233,1158111232],[141.829972,1158569984],[141.89782,1161080832],[142.244008,1161871360],[142.246548,1163493376],[142.361746,1167163392],[142.808153,1167765504],[142.855776,1170124800],[143.125509,1170636800],[143.412229,1180323840],[143.555838,1185853440],[143.570882,1194299392],[143.588346,1194868736],[144.040995,1195040768],[144.063904,1201397760],[144.203431,1203630080],[144.204169,1205514240],[144.312633,1206108160],[144.323446,1212547072],[145.394413,1212583936],[145.712354,1214775296],[145.716403,1225252864],[147.134248,1225314304],[147.136077,1242030080],[147.875945,1242034176],[147.902589,1242263552],[149.89072,1242300416],[149.899175,1242755072],[150.355259,1243189248],[150.416987,1245212672],[150.756817,1245966336],[150.794236,1247625216],[150.865516,1247719424],[150.891776,1249562624],[151.091311,1249878016],[151.10351,1250627584],[151.554015,1251913728],[151.67914,1256546304],[152.30676,1257828352],[152.355162,1260158976],[152.667898,1260748800],[152.698964,1262112768],[153.325246,1263534080],[153.432272,1264635904],[153.580625,1269862400],[154.277332,1271496704],[154.321501,1273151488],[154.568919,1273671680],[154.594092,1274138624],[154.867114,1274654720],[154.948574,1278128128],[155.424692,1279270912],[155.512132,1282928640],[155.941879,1283899392],[155.989238,1285386240],[156.288435,1286205440],[156.425577,1287241728],[156.449773,1288589312],[156.451441,1305194496],[156.589935,1305587712],[157.571318,1305616384],[157.787678,1306607616],[157.790205,1331552256],[159.328842,1331585024],[159.769292,1332977664],[160.263266,1334190080],[160.781921,1337356288],[161.062861,1339650048],[161.098239,1341018112],[161.181714,1341263872],[161.22263,1343193088],[161.698054,1344774144],[162.357777,1350012928],[162.472785,1351593984],[162.612815,1351966720],[162.882955,1354018816],[162.934122,1356378112],[163.080474,1356730368],[163.157477,1359970304],[163.451962,1360654336],[163.523973,1363161088],[164.144165,1364488192],[164.216915,1367494656],[164.514145,1368133632],[164.534502,1369223168],[165.06614,1370488832],[165.18788,1371119616],[165.227722,1372889088],[165.39256,1373630464],[165.500395,1378201600],[165.502058,1379667968],[165.600638,1381830656],[165.775,1382129664],[165.776896,1383456768],[165.884889,1385959424],[166.098824,1386590208],[166.421668,1386885120],[166.422243,1389785088],[166.852859,1389801472],[167.409213,1391243264],[167.48468,1393983488],[167.496601,1395961856],[167.548069,1395978240],[167.609062,1398018048],[167.7327,1398177792],[168.583124,1400377344],[168.603387,1400901632],[168.932212,1401769984],[168.975682,1403604992],[169.072934,1403871232],[169.153223,1407045632],[169.532958,