{"summary":{"timestamp":1359170476,"hash":"2c7816950846473414b1a0793e41c315ccdcb1b4","max_memory":1049612288,"cpu_time":83.36,"pull_request":null},"memory_data":[[0.003427,8192],[0.012186,2809856],[0.144265,5390336],[0.463712,16035840],[0.929021,32174080],[1.195759,41148416],[1.519005,52662272],[1.987629,68534272],[2.486955,85225472],[2.612834,108593152],[2.900932,160911360],[3.335482,160931840],[3.368567,166825984],[3.480533,167440384],[4.561779,167395328],[4.649567,174374912],[4.693239,179384320],[4.885892,179687424],[4.978143,181792768],[5.001738,183844864],[5.103727,183984128],[5.207095,185147392],[5.229345,194957312],[5.263749,195297280],[5.278121,203739136],[5.310295,204992512],[5.31705,217919488],[5.418469,218980352],[5.740292,219099136],[9.035511,219115520],[9.153615,219193344],[9.226661,220663808],[9.277836,224387072],[9.27953,228589568],[9.319327,228597760],[9.378105,233574400],[9.465752,234627072],[9.469792,242110464],[9.490514,243113984],[9.747875,250535936],[9.915985,251318272],[10.022585,253661184],[10.515693,258469888],[10.811489,259760128],[10.959482,261218304],[11.209812,262025216],[11.229326,263294976],[11.392754,263667712],[11.598171,264998912],[11.88872,269434880],[12.070784,269574144],[12.215969,270503936],[12.263646,272060416],[12.557385,272805888],[12.592522,275501056],[12.712463,276160512],[13.015298,278716416],[13.365031,279547904],[13.753871,282566656],[14.027874,283615232],[14.284073,285929472],[14.508228,286015488],[14.683334,286830592],[14.756339,289525760],[14.908024,289529856],[15.108701,290500608],[15.338238,291033088],[15.636237,293101568],[15.880569,293793792],[15.971279,294871040],[16.110354,294944768],[16.264322,296165376],[16.26806,300269568],[16.772617,300523520],[16.990921,301314048],[17.126582,303079424],[17.377056,303865856],[17.780631,306360320],[18.091934,307048448],[18.412991,308621312],[18.76354,311390208],[18.992984,311877632],[19.258117,313143296],[19.302295,314314752],[19.727498,315314176],[20.137656,317358080],[20.439448,317927424],[20.618619,319803392],[20.77885,320004096],[20.969941,321179648],[21.072995,322543616],[21.21283,322576384],[21.34975,324997120],[21.559457,325251072],[21.655989,326463488],[21.861888,327389184],[21.976128,327393280],[22.078338,328716288],[22.304538,329388032],[22.368466,330207232],[22.526363,340443136],[22.530172,344637440],[22.604732,345956352],[22.990481,346009600],[23.14251,351490048],[23.144726,353558528],[23.237176,355012608],[23.449567,355155968],[23.591878,356151296],[23.592726,358219776],[23.732685,360353792],[23.737429,358256640],[24.014076,358330368],[24.308253,361725952],[25.238522,361881600],[25.289804,363188224],[25.394923,363630592],[25.401516,374181888],[25.479307,374808576],[25.586884,376971264],[25.59913,379068416],[25.704819,379084800],[25.85489,384819200],[25.931868,385769472],[26.051396,391180288],[26.298284,397205504],[26.589778,409493504],[26.630664,412807168],[26.837059,418582528],[26.949494,419733504],[27.056109,421941248],[27.124694,424607744],[27.479302,431198208],[27.671279,436727808],[27.773273,438865920],[28.205334,450748416],[28.212783,459169792],[28.253478,454971392],[28.496044,462004224],[28.718109,467005440],[29.069668,477036544],[29.351929,485912576],[29.537994,490049536],[29.90696,500334592],[29.984622,501886976],[30.233577,508768256],[30.553243,516579328],[30.685067,520970240],[31.422517,541523968],[31.429854,542580736],[31.605233,548884480],[31.843714,554868736],[31.897052,555585536],[32.079408,560410624],[32.240504,563671040],[32.536886,571826176],[32.70442,576790528],[32.860992,579833856],[32.94748,583340032],[33.235874,590336000],[33.489433,595202048],[33.645751,599625728],[33.665548,601808896],[33.846306,606199808],[34.268707,618090496],[34.520048,624439296],[34.703589,627044352],[34.781721,629223424],[34.927696,631836672],[35.100873,635662336],[35.235221,639541248],[35.31271,640786432],[35.44422,644476928],[35.512067,645111808],[35.744321,651218944],[36.146394,662388736],[36.158405,667062272],[36.390074,672366592],[36.539353,677097472],[36.54633,685449216],[36.738794,685465600],[36.84665,687677440],[36.998617,692289536],[37.151117,695382016],[37.208157,697618432],[37.336353,700276736],[37.508277,705073152],[37.648911,708063232],[37.934563,716054528],[38.103975,721252352],[38.275764,724746240],[38.332789,726589440],[38.584934,732057600],[38.76979,736772096],[38.817346,737345536],[39.152358,746098688],[39.176943,751038464],[39.580277,764080128],[39.691485,768458752],[40.089431,778317824],[40.125196,779755520],[40.155857,789016576],[40.389162,795774976],[40.389243,797872128],[40.92038,813371392],[40.921553,814419968],[41.099056,817598464],[41.482719,828100608],[41.699988,833466368],[41.762307,835604480],[41.962,840814592],[41.963317,845008896],[42.132943,848945152],[42.662919,863817728],[42.697286,864247808],[42.911784,870244352],[42.922425,871297024],[43.115846,876294144],[43.186336,877477888],[43.483903,885088256],[43.779556,894361600],[43.825782,896946176],[44.009148,902561792],[44.009242,904658944],[44.070094,905953280],[44.124689,909692928],[44.240214,911663104],[44.585616,914038784],[44.611779,917495808],[44.783852,915218432],[44.788849,912490496],[45.040559,912203776],[45.041383,868446208],[45.180774,868499456],[45.295447,871489536],[45.480318,871645184],[47.274987,871682048],[47.296344,872128512],[48.316576,874229760],[48.318093,888909824],[48.527075,892891136],[48.533771,960004096],[48.556014,943222784],[48.576628,943706112],[48.578221,949997568],[48.624419,951103488],[49.08967,948789248],[49.097186,872259584],[49.772949,872484864],[52.312347,872615936],[54.503129,872620032],[54.728175,873181184],[63.814672,873185280],[66.683699,873201664],[71.709148,873291776],[71.714063,889913344],[72.384972,889933824],[131.216513,892035072],[131.219655,923492352],[131.230345,922873856],[131.230776,906846208],[150.319029,906919936],[150.80905,906977280],[150.810513,910999552],[150.8461,911056896],[150.847651,915193856],[150.939427,915431424],[150.946923,936239104],[151.172442,939638784],[151.17419,948027392],[151.220897,948752384],[151.224001,959238144],[151.353455,961335296],[151.363485,963436544],[151.37001,1028448256],[151.507093,1030545408],[151.878584,1036976128],[151.987365,1035046912],[151.987444,1028587520],[152.007992,1030684672],[152.081473,961474560],[152.082311,930013184],[152.090975,951963648],[152.091159,929075200],[153.427486,927735808],[153.427971,920887296],[153.53068,919273472],[153.536804,755720192],[153.539791,715489280],[153.548069,511684608],[153.553613,429445120],[153.554552,347979776],[153.558307,307888128],[153.564264,174436352],[153.568427,134238208],[153.572282,55267328],[153.574749,42983424]],"pass_timing":[["parsing",2.364],["configuration",0.419],["maybe building test harness",0.387],["expansion",1.249],["intrinsic injection",0.042],["core injection",0],["building lint settings table",0.054],["ast indexing",0.208],["external crate/lib resolution",0.285],["language item collection",0.046],["resolution",3.622],["freevar finding",0.145],["region resolution",0.2],["region parameterization inference",0.06],["typechecking",12.909],["const marking",0.255],["const checking",0.051],["privacy checking",0.294],["loop checking",0.04],["mode computation",0.246],["match checking",0.214],["liveness checking",0.522],["borrow checking",0.631],["kind checking",0.216],["lint checking",0.399],["translation",19.621],["LLVM passes",107.855]]}