{"summary":{"timestamp":1394710596,"hash":"2c8bce1c768a59e2ad4a05042ff88e910fa3ae89","max_memory":1414864896,"cpu_time":161.58,"pull_request":12845},"memory_data":[[0.001896,12288],[0.038485,499712],[0.063485,8593408],[0.155427,11399168],[0.171488,13930496],[0.220251,14389248],[0.238439,18558976],[0.369813,20422656],[0.462812,25796608],[0.47877,28004352],[0.600971,31559680],[0.641254,34222080],[0.79918,37224448],[0.811125,40955904],[0.878377,48467968],[0.931016,52641792],[0.959283,57532416],[1.008853,60035072],[1.056787,66744320],[1.076163,66932736],[1.13238,75866112],[1.15693,75923456],[1.185197,80490496],[1.264963,87375872],[1.28486,90624000],[1.319653,90910720],[1.457496,103403520],[1.531373,111366144],[1.558328,112783360],[1.745526,131674112],[1.831345,132333568],[1.87011,147435520],[1.982669,188592128],[2.186297,189579264],[2.217073,191176704],[2.799788,191467520],[2.88817,192495616],[3.269218,192688128],[3.357266,194822144],[3.548664,208031744],[3.645536,216322048],[3.765063,224976896],[3.872761,231456768],[3.88676,233443328],[4.063442,233451520],[4.205817,286941184],[4.685158,286953472],[5.067921,287219712],[5.13038,289320960],[5.130533,291418112],[5.206243,291422208],[5.206392,293519360],[5.280001,293527552],[5.340404,295305216],[5.444928,295428096],[5.617202,298205184],[5.743331,298684416],[5.770202,301060096],[5.879082,305164288],[5.949785,305868800],[6.111265,310808576],[6.151551,312688640],[6.236535,312737792],[6.334535,314691584],[6.420685,317927424],[6.483518,322600960],[6.573745,324874240],[6.674095,329392128],[6.777181,336502784],[6.85109,338780160],[6.930273,343367680],[7.022393,345690112],[7.18737,348225536],[7.195087,350261248],[7.343684,350482432],[7.349252,354021376],[7.629692,354385920],[7.639975,359362560],[8.163114,359575552],[8.16796,372080640],[8.185147,373710848],[8.441341,374239232],[8.447532,378376192],[8.760423,378822656],[8.778709,381222912],[9.122837,381538304],[9.127465,384671744],[9.196393,384765952],[9.206213,393060352],[9.372069,394342400],[9.720297,394862592],[9.771176,396980224],[9.966846,400441344],[10.106566,400703488],[10.239349,402685952],[10.241545,403730432],[10.384871,403808256],[10.3853,406876160],[10.853279,406962176],[10.989852,408715264],[11.053187,412196864],[11.053619,409268224],[11.128688,409518080],[11.185113,411844608],[11.195354,416014336],[12.178395,416088064],[12.229841,416710656],[12.885264,416796672],[12.885726,419860480],[12.926196,419966976],[12.936331,432443392],[13.013566,432967680],[14.170481,432979968],[14.192545,434180096],[14.324773,434831360],[14.49666,438460416],[14.693334,443924480],[15.033064,448094208],[15.053921,448913408],[15.388382,451547136],[15.544306,453115904],[15.633057,454815744],[15.639332,460910592],[15.926605,461103104],[16.001107,462831616],[16.131366,463753216],[16.397062,467955712],[16.657817,470364160],[16.764759,472166400],[16.766629,493109248],[16.783733,497295360],[17.533706,497352704],[17.589117,498896896],[17.670398,498917376],[17.850106,501907456],[17.933792,504721408],[17.994699,505192448],[17.996697,507543552],[18.23729,508186624],[18.300047,510791680],[18.448877,511094784],[18.549055,513753088],[18.669424,513949696],[18.734077,515334144],[18.763999,517758976],[18.925737,518524928],[18.943766,519716864],[19.157515,521596928],[19.21844,524337152],[19.327551,524722176],[19.351713,526204928],[19.513626,528416768],[19.57946,531046400],[19.693043,531357696],[19.742452,532447232],[19.895406,533716992],[20.307017,538439680],[20.523854,540344320],[20.534114,552751104],[20.977552,552759296],[21.216898,554909696],[21.306422,556920832],[21.407437,561692672],[21.410053,560087040],[21.621688,560717824],[21.889604,564502528],[22.047462,565186560],[22.087961,566579200],[22.22227,567881728],[22.424749,568909824],[22.540164,570343424],[22.573639,571953152],[22.752918,572416000],[22.816964,573984768],[22.922737,574148608],[23.062225,576520192],[23.177945,577101824],[23.209654,578441216],[23.357774,578961408],[23.540148,580636672],[23.650918,582344704],[23.67953,584142848],[23.848028,584998912],[23.998579,590983168],[23.999162,587603968],[24.403446,591904768],[24.40699,596606976],[24.637862,596701184],[24.656432,598097920],[24.80136,598736896],[24.840255,600395776],[24.987465,602435584],[25.07128,602832896],[25.143411,605155328],[25.213783,605351936],[25.387894,608210944],[25.638576,610267136],[25.663432,611020800],[25.866802,612974592],[25.936794,614227968],[26.000875,617033728],[26.003746,646410240],[26.011969,648507392],[26.020909,663187456],[26.03813,667361280],[26.03849,642187264],[26.118142,646578176],[26.118581,649555968],[26.195591,649814016],[26.603077,649818112],[26.766133,652910592],[26.881469,653897728],[26.902545,655523840],[27.008479,656101376],[27.08696,657862656],[27.234991,658866176],[27.264861,660967424],[27.471631,661725184],[27.506438,662913024],[27.712081,663666688],[27.763238,665640960],[27.768985,669827072],[27.867586,670052352],[27.868456,676192256],[27.898443,678072320],[27.898906,663740416],[28.600601,663355392],[28.600757,652214272],[30.069914,652218368],[30.203259,654102528],[30.382673,654876672],[30.845778,656195584],[30.921189,656965632],[30.922741,658501632],[31.214161,658948096],[31.303045,659488768],[31.303266,661585920],[31.582139,661594112],[31.729128,662999040],[32.046102,663072768],[32.050531,664920064],[32.109911,663199744],[32.683705,663367680],[33.813064,663281664],[34.179228,665006080],[34.281497,664403968],[35.126427,664412160],[35.570767,664657920],[35.658978,665964544],[35.845129,666800128],[35.880529,668426240],[36.152531,674930688],[36.380257,680755200],[36.383505,683900928],[36.448755,683905024],[36.595325,687284224],[36.632393,689496064],[36.77182,692629504],[37.075749,700944384],[37.157268,705531904],[37.577381,716181504],[37.721068,720658432],[38.082281,729206784],[38.182587,732078080],[38.293875,733917184],[38.758261,745398272],[38.773012,746213376],[39.028514,752439296],[39.264218,757215232],[39.360512,760561664],[39.579464,765657088],[39.585384,767623168],[39.652467,768315392],[39.996107,776011776],[40.211248,781307904],[40.378938,786280448],[40.747424,794705920],[40.74782,795492352],[41.001603,801288192],[41.324165,808132608],[41.446251,811429888],[41.664904,814981120],[41.866445,819511296],[42.016596,824184832],[42.420335,832851968],[42.424101,836009984],[42.491453,836022272],[42.726188,840929280],[42.921938,845668352],[43.008931,847220736],[43.121209,850444288],[43.124483,853549056],[43.188956,853557248],[43.632302,864100352],[43.942574,873533440],[44.163715,879714304],[44.2782,882302976],[44.332077,884551680],[44.5072,887832576],[44.708409,892907520],[44.711711,895909888],[44.780483,895913984],[44.926685,899235840],[44.970417,901140480],[45.250842,908877824],[45.710788,919609344],[46.225089,932474880],[46.494548,940249088],[46.773827,949395456],[46.81443,951709696],[46.996844,957227008],[47.02627,959725568],[47.163044,963178496],[47.248245,966578176],[47.33911,968962048],[47.385907,971472896],[47.60026,977666048],[47.893227,984252416],[47.922783,985362432],[48.210438,991932416],[48.286044,994263040],[48.434796,997371904],[48.688513,1003859968],[48.868649,1009205248],[49.234204,1015848960],[49.674436,1027534848],[49.924597,1033760768],[49.925187,1036906496],[49.984647,1036926976],[50.181511,1041825792],[50.188124,1048014848],[50.323202,1048027136],[50.453214,1050841088],[50.650733,1056014336],[50.653743,1059127296],[50.71048,1059139584],[51.013923,1065967616],[51.230369,1071263744],[51.254603,1079107584],[51.384299,1079123968],[51.751751,1087307776],[51.972394,1093353472],[52.042236,1093869568],[52.113758,1096130560],[52.151021,1100767232],[52.289068,1105616896],[52.459507,1110667264],[52.712892,1116405760],[53.045253,1125093376],[53.048628,1125646336],[53.383669,1133486080],[53.717851,1140592640],[53.875128,1144365056],[54.17273,1152565248],[54.381446,1157353472],[54.734968,1166401536],[54.766491,1167929344],[54.975985,1173372928],[54.982706,1179578368],[55.090754,1179586560],[55.290124,1184423936],[55.417287,