{"summary":{"timestamp":1406434874,"hash":"2de3fad72c7e845e0ba8c29d68003b163161576d","max_memory":1862098944,"cpu_time":200.27,"pull_request":16021},"memory_data":[[0.003442,8192],[0.020683,17858560],[0.048954,21897216],[0.095158,24825856],[0.126863,29216768],[0.182233,41164800],[0.234961,47783936],[0.280983,57184256],[0.322076,67805184],[0.381878,79306752],[0.381929,81408000],[0.450654,89108480],[0.495322,100184064],[0.547569,102617088],[0.586464,128512000],[0.639059,160817152],[0.648664,160813056],[0.673591,144637952],[0.691066,140746752],[0.952462,144007168],[0.953792,146104320],[1.213344,149155840],[1.213477,151252992],[1.313027,152551424],[1.465928,165187584],[1.491688,169918464],[1.595939,179515392],[1.820976,197459968],[1.821039,199561216],[1.970311,212692992],[2.05179,219078656],[2.051843,221179904],[2.19357,231981056],[2.203963,224821248],[2.283315,229711872],[2.344956,261840896],[2.390911,290148352],[2.569259,292270080],[2.623681,325857280],[2.659622,325636096],[2.686484,313815040],[2.72863,315568128],[2.835493,325844992],[2.921076,325849088],[2.966514,330973184],[3.040026,333611008],[3.075344,338432000],[3.132156,338206720],[3.154684,328790016],[3.259126,328826880],[3.300279,340398080],[3.31179,349827072],[3.352049,363405312],[3.410603,369745920],[3.465785,371879936],[3.466509,378171392],[3.574406,378187776],[3.590988,380284928],[3.594363,392867840],[3.654192,392896512],[3.666192,399187968],[3.835716,399253504],[3.84462,418127872],[3.848876,411836416],[3.90044,411865088],[3.934028,416059392],[4.258501,416223232],[4.294515,405737472],[4.398511,405733376],[4.459745,414121984],[4.583865,414126080],[4.655623,415240192],[4.813823,415682560],[4.836051,417792000],[4.852352,426205184],[4.928608,432525312],[4.934322,443023360],[4.994161,443199488],[5.006355,441110528],[5.112149,447401984],[5.299999,453693440],[5.44409,457887744],[5.46319,464179200],[5.504854,468373504],[5.853514,474664960],[6.036803,478859264],[6.247109,485150720],[6.309582,485154816],[6.332827,489345024],[6.422342,489349120],[6.554107,495640576],[6.818043,499834880],[6.88761,501932032],[6.887765,504029184],[7.039727,506126336],[7.129816,510320640],[7.133949,533389312],[7.143382,520806400],[7.180261,525000704],[7.29282,527097856],[7.292922,529195008],[7.543653,531292160],[7.726008,535486464],[7.759599,537583616],[7.844839,539680768],[7.981156,545972224],[8.454196,548069376],[8.473896,550166528],[8.609465,552263680],[8.801582,554360832],[8.902327,556457984],[9.084014,558555136],[9.243642,562749440],[9.383446,564846592],[9.476591,569040896],[9.47686,573235200],[9.69301,575332352],[9.694259,579526656],[9.967544,583720960],[10.046121,585818112],[10.282426,587915264],[10.408983,590012416],[10.488887,594206720],[10.510334,598401024],[10.811716,600498176],[10.96218,602595328],[11.027618,604692480],[11.24003,606789632],[11.46035,610983936],[11.463413,634052608],[11.480652,652926976],[11.486981,634052608],[11.5215,636149760],[11.670053,638246912],[11.727644,640344064],[11.781153,644538368],[11.782546,646635520],[11.864122,648732672],[11.873596,652926976],[11.936466,655024128],[11.941049,657121280],[12.038645,663412736],[12.137504,673898496],[12.144792,667607040],[12.705324,669704192],[12.769167,671801344],[12.921166,673898496],[13.03426,678092800],[13.041924,680189952],[13.382586,682287104],[13.463304,684384256],[13.475466,690675712],[13.568941,692772864],[13.60603,696967168],[13.610834,701161472],[13.842076,703258624],[13.911137,705355776],[14.032539,707452928],[14.178391,711647232],[14.204108,713744384],[14.350376,715841536],[14.611997,717938688],[14.745438,720035840],[14.746416,724230144],[15.020776,726327296],[15.139188,728424448],[15.420797,730521600],[15.553672,732618752],[15.607125,734715904],[15.806721,736813056],[16.019729,741007360],[16.158828,745201664],[16.160498,747298816],[16.485083,749395968],[16.70407,751493120],[16.771868,753590272],[16.953609,755687424],[16.980254,757784576],[17.115762,759881728],[17.191439,759947264],[17.279585,761782272],[17.430203,762228736],[17.464717,765394944],[17.558764,767148032],[17.685929,768221184],[17.732233,770748416],[17.85762,770850816],[17.916739,771878912],[17.918752,776585216],[18.152558,776687616],[18.299202,778104832],[18.335206,779268096],[18.484667,780316672],[18.598891,781881344],[18.632956,783454208],[18.729744,783523840],[18.887015,785633280],[19.138993,788119552],[19.277814,791506944],[19.414321,791855104],[19.556384,793923584],[19.724882,794759168],[19.793939,797794304],[19.860518,797958144],[19.918278,800763904],[20.029449,801288192],[20.04588,802598912],[20.286939,804503552],[20.406953,806592512],[20.462975,810754048],[20.527411,812769280],[20.537308,846209024],[20.588071,913326080],[20.588136,863035392],[20.65139,869154816],[20.795493,869269504],[20.800657,871550976],[21.325595,873652224],[21.359054,875749376],[21.592831,877846528],[21.685085,879943680],[21.6916,890429440],[21.799978,894623744],[22.204016,898818048],[22.32012,900915200],[22.326386,923983872],[22.330504,911400960],[22.363699,915595264],[22.945008,917692416],[22.969871,919789568],[22.970192,923983872],[23.017582,924024832],[23.022606,926605312],[23.063373,926359552],[23.063683,917692416],[23.431631,903012352],[24.26232,905109504],[24.395171,909303808],[24.396987,907206656],[25.583702,909303808],[25.583858,911400960],[27.525311,913498112],[27.809185,915595264],[28.059049,915607552],[28.107404,916226048],[28.123389,939294720],[28.123442,926711808],[28.209656,928624640],[28.222388,931631104],[28.594892,934797312],[28.61773,935739392],[28.788178,936275968],[28.796223,946769920],[28.975145,947396608],[29.138937,948604928],[29.139246,950931456],[29.331374,951001088],[29.336676,953098240],[29.509033,953110528],[29.561483,955207680],[29.909096,955211776],[30.289696,970657792],[30.289747,972754944],[30.431691,977461248],[30.480106,979869696],[30.880164,994009088],[30.934816,996745216],[31.475869,1015685120],[31.488803,1025396736],[31.604779,1029918720],[31.685204,1035579392],[31.808432,1039556608],[31.809673,1042726912],[32.037532,1050234880],[32.216575,1058783232],[32.335737,1062526976],[32.384919,1065291776],[32.494643,1068290048],[32.814964,1080037376],[33.05861,1088348160],[33.23613,1095725056],[33.415613,1102528512],[33.425469,1103527936],[33.756754,1115058176],[34.218532,1133572096],[34.361857,1138544640],[34.480603,1141714944],[34.481993,1144864768],[34.559017,1148030976],[34.655854,1150443520],[34.828391,1156153344],[34.830061,1157726208],[35.147137,1168506880],[35.420622,1179504640],[35.515761,1182744576],[35.518698,1189015552],[35.661204,1193668608],[35.720757,1196388352],[35.863349,1199919104],[36.150809,1209995264],[36.248203,1212325888],[36.521181,1220894720],[36.524049,1227165696],[36.659807,1230819328],[36.985803,1240666112],[37.033971,1243897856],[37.036812,1250168832],[37.218282,1256181760],[37.366824,1258786816],[37.550596,1265037312],[37.681953,1268633600],[37.92687,1277317120],[38.034683,1280290816],[38.203646,1286524928],[38.278165,1288138752],[38.603352,1297580032],[38.891792,1307217920],[39.052462,1311592448],[39.056362,1318154240],[39.274213,1324191744],[39.412049,1328996352],[39.694655,1336676352],[39.905315,1342808064],[40.04961,1348255744],[40.240951,1350602752],[40.55943,1360736256],[40.560529,1362833408],[40.909964,1373179904],[40.910121,1375277056],[41.106313,1380360192],[41.281103,1385701376],[41.281154,1387798528],[41.389247,1391300608],[41.579499,1398587392],[41.789072,1407483904],[41.964837,1412952064],[42.125903,1418760192],[42.222071,1421406208],[42.223073,1423503360],[42.46171,1431932928],[42.464064,1438224384],[42.538024,1440481280],[42.787924,1450274816],[42.829968,1451474944],[43.106644,1462169600],[43.215227,1465114624],[43.482705,1474895872],[43.534421,1475948544],[43.766563,1482878976],[43.772364,1486032896],[43.983136,1494110208],[44.175939,1500196864],[44.288499,1504993280],[44.288756,1507090432],[44.370101,1509851136],[44.779839,1525526528],[45.022152,1533771776],[45.784885,1563000832],[45.900459,1565704192],[46.061594,