{"summary":{"timestamp":1365688501,"hash":"2f8b36fc16178b298b23dfa199067ec2dd91df93","max_memory":1307418624,"cpu_time":102.74,"pull_request":5819},"memory_data":[[0.001488,4096],[0.005442,7122944],[0.072116,8830976],[0.093152,10989568],[0.357313,21245952],[0.749738,37109760],[0.972622,45436928],[1.071378,49647616],[1.702858,73744384],[2.06638,87310336],[2.172943,90632192],[2.254137,111415296],[2.468455,163729408],[2.555911,185806848],[2.773566,238526464],[2.824207,239837184],[2.919984,245358592],[3.087768,259829760],[3.128494,261644288],[3.161979,266469376],[3.250865,274075648],[3.325307,275509248],[3.563494,287322112],[3.621276,292642816],[3.848109,303083520],[3.94598,310550528],[4.023098,314855424],[4.107341,321077248],[4.247731,329560064],[4.30464,335257600],[4.380973,335753216],[4.405395,340807680],[4.407219,350248960],[4.431323,345829376],[4.434768,364707840],[4.450078,364617728],[4.450162,355266560],[4.485031,356134912],[4.490878,393887744],[4.521664,375009280],[4.590731,376614912],[4.602657,452112384],[4.66425,414359552],[4.68297,415084544],[4.856686,416350208],[4.880074,426237952],[4.885754,439889920],[4.924359,440713216],[4.937376,446488576],[4.983099,448061440],[4.985187,452333568],[5.081158,452726784],[5.195289,455626752],[5.263216,458256384],[5.423347,461139968],[5.467088,464228352],[5.519652,471547904],[5.708493,474509312],[5.709477,476991488],[5.874017,477118464],[5.875304,482234368],[6.258787,482295808],[6.261455,492720128],[7.282954,492736512],[7.286828,513695744],[7.306773,513171456],[7.307,497864704],[7.512939,498319360],[7.518357,501067776],[7.639508,501092352],[7.662458,509480960],[7.686703,509485056],[7.688914,516354048],[7.739527,516501504],[7.743296,533131264],[7.840131,534749184],[8.102038,535080960],[8.102447,535957504],[8.410647,537051136],[8.562976,538959872],[8.57836,541163520],[8.700554,541212672],[8.837,542830592],[9.06753,544157696],[9.0686,547831808],[9.340783,547966976],[9.444906,549113856],[9.619431,549339136],[9.993989,551796736],[10.183509,554168320],[10.186518,561500160],[10.858816,561881088],[11.041557,563597312],[11.086482,564903936],[11.192264,565182464],[11.349586,566804480],[11.519414,567717888],[11.532798,568709120],[11.875438,568848384],[11.89773,569573376],[12.046425,569864192],[12.072455,570736640],[12.457248,572674048],[12.460212,587141120],[14.003336,587173888],[14.263171,588673024],[14.264226,590000128],[14.437733,590229504],[14.571446,591028224],[14.677312,592609280],[14.846628,592633856],[15.069903,594288640],[15.189519,594321408],[15.19379,595496960],[15.297344,595537920],[15.559775,597053440],[15.678674,597118976],[15.745939,598507520],[15.968105,598671360],[16.16422,600084480],[16.182752,601223168],[16.40868,602185728],[16.523328,602193920],[16.95582,604844032],[17.000286,605564928],[17.150522,605609984],[17.259229,606334976],[17.600023,607059968],[17.896989,609259520],[18.265993,610660352],[18.271205,640024576],[20.778233,640032768],[20.963342,640380928],[20.964074,642248704],[21.165586,642478080],[21.227502,643502080],[21.540537,644628480],[21.572823,645337088],[21.897558,646213632],[22.028985,647565312],[22.286431,648323072],[22.360429,649011200],[22.446744,654135296],[22.448299,659185664],[22.573473,659263488],[22.575908,669675520],[24.714745,669679616],[24.911815,670015488],[25.285419,670019584],[25.311373,672481280],[25.426223,674574336],[25.428284,672710656],[25.50872,671850496],[25.857532,671944704],[25.952082,673591296],[26.069913,674025472],[26.132163,675332096],[26.139143,687464448],[26.179918,691658752],[26.320303,691789824],[26.395946,693895168],[26.412418,696606720],[26.483692,698703872],[26.589943,698765312],[26.634028,700170240],[26.665487,704376832],[26.67721,710668288],[26.74917,714862592],[26.855067,716959744],[26.856859,719609856],[26.969962,723804160],[27.013439,723812352],[27.24463,734699520],[27.246167,738328576],[27.280679,740618240],[27.402504,745115648],[27.537815,745967616],[27.702073,750358528],[27.927763,754483200],[27.928122,756580352],[28.106619,758886400],[28.185013,760885248],[28.323975,766140416],[28.324328,768237568],[28.484561,772907008],[28.626662,773853184],[28.791522,778784768],[28.871053,779649024],[28.871651,783843328],[29.056327,788254720],[29.08275,795205632],[29.091056,801718272],[29.120102,804212736],[29.304335,807079936],[29.370503,809357312],[29.449642,810106880],[29.58103,815218688],[29.694367,817287168],[29.87777,824377344],[29.936136,824455168],[30.12763,829399040],[30.215443,830418944],[30.30502,834162688],[30.513295,841228288],[30.587866,841809920],[30.896764,850563072],[31.010396,852865024],[31.114288,856133632],[31.239582,858648576],[31.244243,862953472],[31.292469,864591872],[31.292808,866689024],[31.504785,873906176],[31.539336,874045440],[31.653546,877989888],[31.737486,878829568],[31.824125,881831936],[32.139781,882991104],[32.240767,884469760],[32.320595,887209984],[32.428468,888913920],[32.428728,891011072],[32.550811,895754240],[32.551731,897851392],[32.603976,897859584],[32.777776,903593984],[32.951797,905613312],[33.07702,909148160],[33.178387,909697024],[33.475177,918077440],[33.475694,920174592],[33.636577,926138368],[33.712903,926896128],[33.80921,931057664],[33.903609,933539840],[33.965033,933720064],[34.027282,936345600],[34.13014,936882176],[34.159388,938172416],[34.309977,939483136],[34.356559,941735936],[34.429071,942071808],[34.511941,945123328],[34.589697,945741824],[34.589786,947838976],[34.658474,949301248],[34.659301,951271424],[34.771798,953147392],[34.936621,959053824],[35.022118,960131072],[35.082282,962342912],[35.08314,965488640],[35.132157,965505024],[35.226586,968634368],[35.302814,969220096],[35.303201,971317248],[35.397188,972627968],[35.470768,974917632],[35.656198,977293312],[35.749884,979800064],[35.750143,981897216],[35.841862,983207936],[35.949887,987107328],[36.12298,989040640],[36.124955,993259520],[36.183096,995254272],[36.246704,995512320],[36.300723,997376000],[36.359285,997457920],[36.48716,1002184704],[36.752173,1003757568],[36.877808,1006391296],[36.946094,1006686208],[37.036301,1009950720],[37.228965,1013686272],[37.296887,1016184832],[37.433021,1019047936],[37.565199,1023627264],[37.681984,1025933312],[37.825241,1030172672],[37.853887,1030176768],[38.029768,1035329536],[38.097704,1035730944],[38.169657,1038680064],[38.260712,1039888384],[38.341823,1042931712],[38.550879,1044373504],[38.646534,1046765568],[38.829539,1053380608],[38.931314,1053908992],[39.026778,1057128448],[39.068508,1057218560],[39.173952,1060954112],[39.339657,1063710720],[39.515375,1068527616],[39.620344,1070292992],[39.717036,1073696768],[39.793288,1075212288],[39.795168,1077571584],[39.853952,1078976512],[39.854127,1081073664],[39.903456,1081765888],[39.904528,1083863040],[40.089594,1089011712],[40.15437,1090158592],[40.333474,1095872512],[40.592145,1100476416],[40.778609,1104494592],[40.815473,1106079744],[40.847159,1115377664],[41.003934,1120096256],[41.005306,1122246656],[41.10213,1124020224],[41.102387,1126117376],[41.171022,1128951808],[41.351276,1134022656],[41.399907,1136222208],[41.726337,1145372672],[42.016786,1152053248],[42.123666,1155354624],[42.124906,1159483392],[42.223489,1159487488],[42.359993,1163018240],[42.360761,1167212544],[42.392941,1167347712],[42.483673,1171001344],[42.642214,1173598208],[42.963433,1185103872],[43.064058,1187618816],[43.151027,1188429824],[43.228807,1190961152],[43.24212,1193828352],[43.513414,1202024448],[43.645579,1203699712],[43.763748,1207300096],[44.030097,1217400832],[44.089448,1217490944],[44.196599,1222389760],[44.199856,1226600448],[44.234563,1227685888],[44.239671,1231978496],[44.271574,1233076224],[44.286907,1239769088],[44.40871,1242435584],[44.411172,1246658560],[44.474124,1250471936],[44.569363,1252626432],[45.019411,1256267776],[45.022329,1261441024],[45.286475,1261727744],[45.288497,1251450880],[45.426156,1253548032],[45.480136,1222086656],[45.481015,1100447744],[45.545956,1100939264],[45.627029,1104596992],[46.588874,1104736256],[49.380876,1104850944],[49.383929,