{"summary":{"timestamp":1394095308,"hash":"2fba2fea121b616793287f33aa3ee05e8d8893b0","max_memory":1469513728,"cpu_time":133.97,"pull_request":12705},"memory_data":[[0.001607,4096],[0.044527,647168],[0.065031,8937472],[0.184852,14532608],[0.203008,18423808],[0.309862,22556672],[0.348954,28160000],[0.463076,30945280],[0.485276,32899072],[0.687389,37502976],[0.714057,43237376],[0.735069,43540480],[0.769812,49225728],[0.822381,54177792],[0.851281,59904000],[0.894248,62320640],[0.945359,70389760],[0.9638,70676480],[1.020693,80936960],[1.043771,81219584],[1.073611,86736896],[1.150253,94277632],[1.171879,98111488],[1.205104,98463744],[1.339984,113053696],[1.413487,122466304],[1.464372,126726144],[1.527752,136282112],[1.561032,138506240],[1.615586,146128896],[1.722934,147046400],[1.80748,179793920],[1.886938,209276928],[2.124007,210128896],[2.164869,211161088],[2.567612,211378176],[2.669025,211849216],[2.703502,213049344],[3.314155,213467136],[3.48275,226672640],[3.575219,235180032],[3.696668,244908032],[3.79768,251736064],[3.811588,253915136],[3.993194,253952000],[4.146744,313724928],[4.469846,313733120],[5.050344,314101760],[5.092316,318177280],[5.172651,318181376],[5.172828,320278528],[5.252788,320286720],[5.313498,321966080],[5.4155,322129920],[5.562249,324669440],[5.668916,325025792],[5.706893,327491584],[5.945225,334635008],[6.040862,339296256],[6.173997,340025344],[6.362774,346845184],[6.416792,351588352],[6.463342,353665024],[6.517441,364228608],[6.584119,367308800],[6.650994,372301824],[6.872527,375762944],[6.874979,379629568],[6.95942,380665856],[6.979349,386449408],[7.102088,386519040],[7.104857,388702208],[7.154844,389099520],[7.16696,396865536],[7.387575,397012992],[7.569529,399114240],[7.572117,413794304],[7.57973,406450176],[7.584037,420085760],[7.595377,412741632],[7.688684,412913664],[7.694774,416882688],[8.142652,417783808],[8.143764,419790848],[8.301028,419917824],[8.378314,422895616],[8.384745,454348800],[8.400048,439676928],[8.4079,466931712],[8.430799,466665472],[8.430873,452366336],[8.686477,452780032],[8.699043,457371648],[8.721437,457486336],[8.723802,463663104],[8.769694,463708160],[8.773988,476246016],[8.910123,477155328],[9.267735,477622272],[9.358828,480313344],[9.359935,482328576],[9.417193,482508800],[9.72031,489349120],[9.723081,493543424],[9.957641,494391296],[9.960581,496635904],[10.105779,497590272],[10.423245,498044928],[10.426839,506433536],[10.604403,508542976],[10.647452,511483904],[10.75284,512081920],[11.840804,512335872],[12.212216,515072000],[12.217325,529756160],[12.591185,531775488],[12.595381,530849792],[14.369419,530919424],[14.684401,531374080],[14.684826,532213760],[14.981802,532287488],[15.01183,532758528],[15.733457,532901888],[15.842605,534376448],[15.854748,567934976],[17.157031,567963648],[17.158172,570413056],[17.319723,570556416],[17.395425,573378560],[17.507992,573108224],[17.549966,574550016],[17.740914,575574016],[17.828655,576724992],[17.857067,578748416],[17.93435,579579904],[18.010903,582107136],[18.138913,583176192],[18.174346,585854976],[18.270847,585986048],[18.325014,588247040],[18.395456,588320768],[18.460478,592842752],[18.536147,592224256],[18.586497,594862080],[18.758671,595230720],[18.812681,596287488],[18.814992,613048320],[19.058251,613179392],[19.107887,615628800],[19.233847,616251392],[19.412455,620023808],[19.642185,623038464],[19.892583,628080640],[20.004412,629493760],[20.089845,632053760],[20.124916,635981824],[20.172102,635203584],[20.292959,635559936],[20.437624,638545920],[20.556597,639938560],[20.661179,642232320],[20.78481,643350528],[20.872515,646283264],[20.984861,646705152],[20.986168,651534336],[21.138544,651616256],[21.174495,652947456],[21.358581,655216640],[21.540594,658411520],[21.57122,660410368],[21.676575,661413888],[21.697589,728530944],[21.717265,728109056],[21.717316,694972416],[21.777902,696963072],[21.923925,698511360],[22.012429,700276736],[22.052432,702795776],[22.15113,703045632],[22.243324,704901120],[22.309945,707633152],[22.535741,709431296],[22.619251,712032256],[22.850497,714948608],[23.146981,717484032],[23.213666,717492224],[23.418777,721055744],[23.551232,727482368],[23.554059,730554368],[23.655979,730685440],[23.691739,732266496],[23.691826,727642112],[23.819067,727691264],[23.856577,730931200],[24.179259,731004928],[24.296386,731635712],[24.350733,733282304],[24.487646,734380032],[24.538126,736284672],[24.666899,737607680],[24.819462,738217984],[24.883796,740593664],[24.891126,773971968],[25.431596,774512640],[25.436061,791101440],[25.503835,790282240],[25.50391,774524928],[25.613444,774537216],[26.138339,741990400],[26.138413,740978688],[28.336733,743075840],[28.337237,746131456],[28.688966,746254336],[28.732819,748351488],[28.735963,745811968],[28.859964,747909120],[28.864919,746102784],[29.037484,746213376],[30.788622,746217472],[30.789406,747655168],[30.891506,746221568],[31.583981,746455040],[31.777282,748777472],[31.874347,748941312],[32.041677,753287168],[32.067805,755384320],[32.238576,759582720],[32.319492,759586816],[32.44787,762806272],[32.587557,767262720],[32.927113,776396800],[33.00859,781410304],[33.137593,785616896],[33.158595,789225472],[33.19361,789630976],[33.434911,795615232],[33.699374,803594240],[33.926882,809111552],[34.097103,812646400],[34.329602,818913280],[34.330563,821010432],[34.38406,821014528],[34.562965,826056704],[34.603922,828104704],[34.7254,831385600],[34.727125,835579904],[34.817329,835584000],[34.963767,838758400],[34.966115,839802880],[35.087607,842784768],[35.123081,844886016],[35.316384,849494016],[35.820196,862162944],[36.143116,871022592],[36.152882,874160128],[36.272433,876019712],[36.769254,887627776],[36.770734,891822080],[36.84787,891830272],[37.039448,895709184],[37.265111,901406720],[37.266547,905515008],[37.350507,905527296],[37.508774,909209600],[37.957109,920354816],[38.014542,923054080],[38.120798,925421568],[38.122651,929619968],[38.207262,929628160],[38.274486,931819520],[38.62503,941113344],[38.881508,948215808],[39.151902,956329984],[39.371651,961478656],[39.696444,969699328],[39.878946,974938112],[39.907687,976515072],[40.056428,980897792],[40.283774,986853376],[40.479338,991293440],[41.016309,1005297664],[41.203868,1010798592],[41.519975,1021358080],[41.606526,1025236992],[41.608376,1029431296],[41.721848,1031188480],[41.804638,1035325440],[41.805756,1037369344],[41.877057,1038127104],[42.065162,1045184512],[42.315939,1052893184],[42.318643,1061285888],[42.490754,1061294080],[43.023889,1074417664],[43.319873,1082560512],[43.322431,1090949120],[43.470426,1090957312],[43.732929,1095979008],[43.847078,1098670080],[44.24864,1110204416],[44.369069,1112576000],[44.579582,1118597120],[44.867231,1125498880],[44.898974,1129709568],[44.907073,1152774144],[45.227235,1152913408],[45.229316,1161183232],[45.584821,1161187328],[45.889919,1169526784],[45.890377,1172660224],[45.961096,1172676608],[46.099055,1176166400],[46.28665,1182388224],[46.339491,1182806016],[46.470387,1188134912],[46.473419,1196519424],[46.570028,1196630016],[46.84255,1205059584],[46.954796,1207582720],[47.251815,1215320064],[47.275955,1216733184],[47.439888,1220792320],[47.440832,1222393856],[47.506544,1223184384],[47.850511,1231245312],[47.983367,1234804736],[48.119903,1237610496],[48.222702,1241665536],[48.719475,1254858752],[48.720599,1256935424],[48.828108,1258569728],[48.912014,1261219840],[49.348492,1272807424],[49.51341,1277792256],[49.934095,1287618560],[50.04435,1290969088],[50.712459,1307295744],[50.81674,1311768576],[50.848227,1311805440],[51.338162,1323040768],[51.989405,1338724352],[52.302705,1348558848],[52.376255,1349419008],[52.504154,1354190848],[52.50876,1370816512],[52.863584,1370853376],[53.060581,1376182272],[53.222864,1379569664],[53.444963,1385689088],[53.554743,1388052480],[53.689852,1392381952],[53.804236,1392537600],[53.908958,1395085312],[53.91008,1397334016],[54.35521,1406115840],[54.363534,1417084928],[54.365156,1406017536],[54.437823,1407475712],[54.437911,1409572864],[54.5277,1409630208],[54.533117,