{"summary":{"timestamp":1398036386,"hash":"30348f46757ad0e68f69eccd31e5de345a010ac0","max_memory":1594511360,"cpu_time":240.11,"pull_request":13647},"memory_data":[[0.001977,8192],[0.057032,450560],[0.075572,8962048],[0.111657,9502720],[0.131947,13512704],[0.191113,14667776],[0.316905,26689536],[0.502232,33492992],[0.516936,35012608],[0.627604,38453248],[0.702732,52989952],[0.771857,63356928],[0.792548,69832704],[0.86374,80723968],[0.931296,89575424],[0.946419,93122560],[1.050046,108773376],[1.115942,121323520],[1.151683,122220544],[1.167586,131833856],[1.292695,175136768],[1.400458,176373760],[1.466259,178196480],[1.650351,178262016],[1.868214,179134464],[1.913607,185262080],[2.127672,222351360],[2.141897,230281216],[2.173427,231620608],[2.328924,258527232],[2.516589,293228544],[2.63114,293244928],[2.728719,349024256],[3.489003,349163520],[3.569841,349757440],[3.727981,353431552],[3.72825,355528704],[3.812063,357625856],[3.890959,357634048],[3.891072,359731200],[4.014964,359800832],[4.149572,362037248],[4.279745,363315200],[4.353202,367747072],[4.460041,367976448],[4.53864,370970624],[4.618172,372162560],[4.734193,376373248],[4.831216,376856576],[4.900783,379863040],[5.009829,383008768],[5.02673,385433600],[5.098311,389771264],[5.16497,402325504],[5.256422,405659648],[5.339197,410386432],[5.544796,413908992],[5.54735,417185792],[5.612789,418115584],[5.678964,422690816],[5.885775,423157760],[5.886699,428707840],[5.928481,432197632],[6.030035,432390144],[6.192492,434491392],[6.195197,446910464],[6.203402,445489152],[6.34263,445665280],[6.448535,448163840],[6.453927,451305472],[6.522768,452030464],[6.754417,452096000],[6.845548,452861952],[6.848221,443920384],[7.088445,446140416],[7.127519,449998848],[7.208857,452304896],[7.280767,452489216],[7.308181,456290304],[7.431402,457551872],[7.595684,457633792],[7.614866,459730944],[7.806163,460521472],[7.839483,463462400],[7.934346,464166912],[8.072218,468815872],[8.300721,469250048],[8.304159,472395776],[8.467354,472682496],[8.577162,473559040],[8.577331,475926528],[8.758585,475930624],[8.991425,476868608],[9.09463,479399936],[9.101134,485691392],[9.1629,486096896],[9.164129,491134976],[9.372292,493101056],[9.403389,495566848],[9.404432,490659840],[9.553231,491159552],[10.272228,491446272],[10.66272,493547520],[10.663614,502829056],[10.675674,504025088],[10.676176,490401792],[10.778534,490405888],[10.874274,492687360],[11.06676,494518272],[11.067435,495886336],[11.184695,496984064],[11.185734,499920896],[11.405806,501911552],[11.407771,511201280],[11.494976,501911552],[11.497274,492867584],[11.671184,493535232],[12.091963,493805568],[12.09443,496549888],[12.392223,498651136],[12.396152,520519680],[12.405352,521699328],[12.405587,509128704],[12.799458,509325312],[12.898837,511266816],[12.94062,514711552],[13.011042,514101248],[13.184487,516132864],[13.20354,519774208],[13.26204,518651904],[13.322407,520298496],[13.368528,524574720],[13.381544,522870784],[13.498684,522903552],[13.563959,523874304],[13.87498,526159872],[13.926523,527396864],[14.510478,530907136],[14.515682,537190400],[14.82887,537296896],[14.981515,537726976],[15.043136,539627520],[15.253768,539648000],[15.469009,541417472],[15.739265,544555008],[16.163657,548548608],[16.224634,549400576],[16.46913,550973440],[16.619668,552644608],[16.703869,554889216],[16.788682,554209280],[16.86969,556400640],[16.875613,558882816],[17.212004,559398912],[17.388871,561528832],[17.467643,563826688],[17.623251,564559872],[17.685581,566013952],[17.841175,566583296],[17.909975,567951360],[18.039277,567955456],[18.168331,569368576],[18.206348,570908672],[18.288151,570847232],[18.327991,572125184],[18.519305,573423616],[18.605191,575410176],[18.681688,574996480],[18.746373,576135168],[18.929033,576573440],[18.998496,578682880],[19.072997,578269184],[19.270054,579284992],[19.40549,580694016],[19.449262,582483968],[19.648981,582615040],[19.767758,584687616],[19.770207,608661504],[19.7755,617050112],[19.801646,633827328],[19.821652,635015168],[19.821809,609853440],[20.000591,610775040],[20.144864,615038976],[20.152398,613629952],[20.385453,615534592],[20.450884,619413504],[20.569068,618721280],[20.604257,620494848],[20.71875,620670976],[20.818236,621703168],[20.921447,623939584],[21.283676,625971200],[21.558068,628645888],[21.780348,629936128],[21.826939,630759424],[21.831311,641433600],[21.841588,643432448],[22.535709,643514368],[22.73458,645128192],[22.853543,646885376],[23.067607,648941568],[23.30677,650203136],[23.379081,651550720],[23.632808,653139968],[23.810002,653832192],[24.011706,656162816],[24.141394,660561920],[24.151649,659279872],[24.461655,659849216],[24.771794,662515712],[24.793125,663035904],[25.129223,664739840],[25.248112,666185728],[25.395311,666755072],[25.436858,667643904],[25.650353,668221440],[25.915552,669921280],[26.098594,672186368],[26.231807,672030720],[26.329312,673382400],[26.464917,673828864],[26.467552,678166528],[26.65868,678293504],[26.685121,679034880],[26.853157,679129088],[26.923273,680083456],[27.122836,680669184],[27.488042,683073536],[27.641454,685047808],[27.726453,688603136],[27.855096,688062464],[27.919869,689541120],[27.990033,688787456],[28.0661,691515392],[28.144455,692723712],[28.145244,695754752],[28.248205,695939072],[28.249857,692854784],[28.377163,693014528],[28.407572,694878208],[28.893623,695808000],[28.95039,697200640],[29.222667,698183680],[29.270909,699437056],[29.461905,700170240],[29.534871,701751296],[29.665677,702754816],[29.800198,705765376],[29.883427,706531328],[29.953651,708935680],[30.119327,711856128],[30.256002,712560640],[30.436011,715825152],[30.528816,721776640],[30.529268,725016576],[30.578946,727683072],[30.977183,727953408],[31.271692,731930624],[31.299372,733843456],[31.478263,735105024],[31.538203,737734656],[31.640313,737824768],[31.722751,739479552],[31.870756,740823040],[31.873024,742842368],[31.927205,744943616],[31.927465,747139072],[32.009236,749395968],[32.014909,756215808],[32.055932,747388928],[32.056097,740941824],[32.725954,740237312],[32.726054,726269952],[40.379449,726274048],[40.76377,728268800],[40.76508,730365952],[41.004775,732463104],[41.802586,732467200],[41.803479,733102080],[41.976382,733106176],[42.415533,735395840],[42.582938,737050624],[43.145785,737308672],[44.93884,737349632],[45.041251,737550336],[45.04419,740364288],[46.574883,740376576],[46.814461,740618240],[46.845219,741371904],[47.023903,741502976],[47.114424,742961152],[47.231356,745996288],[47.408655,749469696],[47.777826,756101120],[48.000193,761565184],[48.132231,763916288],[48.235617,768700416],[48.386743,771981312],[48.83396,780034048],[49.072612,785539072],[49.887672,801210368],[50.110693,803512320],[50.323623,807510016],[50.430447,810369024],[50.602002,812896256],[50.914106,818688000],[50.915487,820256768],[51.043578,821620736],[51.351955,827695104],[51.353209,829317120],[51.447923,831614976],[51.765675,841486336],[51.79288,843063296],[52.432683,865013760],[52.734363,873897984],[52.934976,880459776],[53.056289,882348032],[53.150048,885059584],[53.152167,888205312],[53.206462,888217600],[53.630856,901521408],[53.632894,904667136],[53.688776,904671232],[53.922325,911056896],[54.071175,917139456],[54.204857,921464832],[54.213474,923013120],[54.646657,939782144],[54.66702,944119808],[54.696911,944123904],[54.804052,948248576],[54.975192,953450496],[55.306043,965005312],[55.546479,975798272],[55.88497,986611712],[56.276169,1000280064],[56.419876,1006919680],[56.552753,1014345728],[56.617694,1016311808],[56.6901,1021190144],[56.863095,1027399680],[56.915934,1031393280],[56.975491,1033756672],[57.030867,1038180352],[57.175717,1042857984],[57.281142,1047736320],[57.526007,1055588352],[57.640937,1059930112],[57.641415,1063075840],[57.685323,1063084032],[57.840301,1068957696],[58.017259,1074257920],[58.020589,1080545280],[58.120168,1080549376],[58.245343,1085272064],[58.361609,1088819200],[58.478256,1093918720],[58.712836,1101254656],[59.025712,1113034752],[59.207816,1119457280],[59.211286,1125752832],[59.295193,