{"summary":{"timestamp":1373546436,"hash":"323ac9931b9636a3989c408f5d142803240192d0","max_memory":1594691584,"cpu_time":399.18,"pull_request":7708},"memory_data":[[0.017433,4096],[0.042264,8212480],[0.102048,12972032],[0.140697,18567168],[0.2322,22958080],[0.279691,28168192],[0.339094,29487104],[0.363833,33931264],[0.404357,34033664],[0.464875,37548032],[0.558169,48283648],[0.624402,48742400],[0.646087,52051968],[0.696243,52453376],[0.776867,56836096],[0.837536,65613824],[0.89223,65662976],[0.979562,70008832],[1.133683,85823488],[1.208196,85385216],[1.229435,91602944],[1.327746,101150720],[1.457162,101027840],[1.494197,102215680],[1.572961,109793280],[1.59623,109875200],[1.63605,117088256],[1.771968,117469184],[1.840758,123154432],[1.93166,125902848],[1.997382,131903488],[2.030153,131928064],[2.049832,135004160],[2.083802,135020544],[2.109686,138051584],[2.240733,143765504],[2.259615,147070976],[2.339259,150147072],[2.359325,153751552],[2.40858,153772032],[2.464564,157167616],[2.543531,163778560],[2.584798,164163584],[2.65249,168964096],[2.698442,170287104],[2.75367,174264320],[2.803428,180748288],[2.915946,184590336],[3.065383,195772416],[3.074457,200110080],[3.122159,202457088],[3.237131,235749376],[3.390635,279302144],[3.584366,336904192],[3.734871,381071360],[3.867526,417857536],[3.882974,418897920],[3.976233,432463872],[4.124645,458752000],[4.147065,459915264],[4.239645,474820608],[4.285737,484212736],[4.425231,507183104],[4.504233,511410176],[4.58834,522153984],[4.748116,546263040],[4.824056,560414720],[4.916265,573009920],[5.019653,589361152],[5.03288,589447168],[5.076844,597860352],[5.174428,612241408],[5.424161,652771328],[5.453405,655515648],[5.598447,680099840],[5.631025,687878144],[5.898685,761630720],[6.42595,912510976],[6.8443,1027420160],[7.369086,1178066944],[7.512697,1217204224],[8.222361,1217208320],[8.301148,1218101248],[8.454386,1224364032],[8.564148,1231118336],[8.680038,1239572480],[8.712702,1243144192],[8.952069,1243152384],[8.998712,1248894976],[9.047249,1250701312],[9.127257,1250742272],[9.149744,1254551552],[9.31095,1255010304],[9.313634,1261305856],[9.364617,1326317568],[9.53879,1327157248],[9.581662,1337229312],[9.616099,1342578688],[9.752016,1343045632],[9.763956,1348755456],[10.015554,1348759552],[10.128554,1351426048],[10.227252,1352785920],[10.379102,1353183232],[10.40852,1354321920],[10.640053,1355321344],[10.713288,1356156928],[10.92498,1356546048],[11.432641,1356738560],[11.441487,1362022400],[12.378249,1362079744],[13.118804,1362247680],[13.206004,1362448384],[13.74537,1362468864],[13.754285,1363230720],[14.273321,1363234816],[14.37641,1363783680],[14.526103,1367109632],[14.678646,1367277568],[15.113426,1369825280],[15.296289,1371926528],[15.775839,1372106752],[15.907007,1372815360],[15.908595,1373745152],[16.210811,1373872128],[16.25649,1374265344],[16.607882,1374785536],[16.617368,1375109120],[16.968075,1375498240],[17.17702,1376174080],[17.372871,1378406400],[17.376424,1380954112],[18.075396,1381199872],[18.194937,1381859328],[18.408673,1381990400],[18.721034,1384783872],[19.13525,1384996864],[19.302891,1386115072],[19.588054,1386512384],[19.589044,1387016192],[19.885061,1387106304],[20.220063,1387573248],[20.455757,1388613632],[20.699197,1388896256],[21.120308,1388900352],[21.420144,1390346240],[21.741358,1390931968],[21.791258,1391431680],[22.096556,1391779840],[22.098436,1392697344],[22.291859,1393635328],[22.570676,1393758208],[22.637165,1394274304],[23.013692,1394827264],[23.219312,1395404800],[23.343842,1396830208],[23.708593,1396908032],[23.931899,1397370880],[23.934196,1398751232],[24.280082,1399050240],[24.655209,1399074816],[25.155313,1400594432],[25.582321,1401237504],[25.757242,1402523648],[25.972343,1402634240],[26.314654,1403330560],[26.32458,1404456960],[26.545717,1405427712],[26.817849,1405464576],[26.891173,1405853696],[26.955549,1408339968],[27.2957,1408344064],[27.31899,1408794624],[27.840553,1409028096],[28.225491,1409761280],[28.405032,1410457600],[28.63696,1410523136],[28.892382,1411899392],[29.68864,1412673536],[29.710947,1412972544],[30.301712,1412976640],[30.514641,1413459968],[31.530003,1413550080],[31.567446,1414754304],[33.562387,1414795264],[33.924198,1415680000],[35.137308,1415868416],[35.142017,1417990144],[39.263426,1417998336],[39.426048,1419169792],[39.663411,1422479360],[39.712073,1423650816],[39.90858,1425903616],[40.126705,1427046400],[40.353706,1427050496],[40.569413,1430245376],[40.807533,1430261760],[40.920997,1432686592],[41.194584,1433907200],[41.412245,1436270592],[41.475107,1435996160],[41.696566,1439670272],[41.852871,1441062912],[41.990731,1443471360],[42.185477,1445105664],[42.301729,1446653952],[42.477036,1447149568],[42.867461,1451986944],[42.980982,1453703168],[43.062521,1453973504],[43.444654,1453998080],[43.524413,1454395392],[43.962115,1462841344],[44.076605,1463332864],[44.161475,1464623104],[44.16655,1466834944],[44.280365,1468051456],[44.476446,1468198912],[44.617074,1470238720],[44.995324,1473654784],[45.094933,1475186688],[45.280229,1475604480],[45.547392,1478782976],[45.726548,1481510912],[45.77013,1481584640],[46.183923,1486606336],[46.421063,1488769024],[46.746114,1489633280],[47.752814,1491763200],[48.05743,1492062208],[48.796677,1493508096],[49.107305,1494355968],[49.316067,1494601728],[49.586497,1495871488],[49.845021,1496621056],[50.98282,1499189248],[51.839416,1500286976],[52.10967,1501093888],[52.420364,1501597696],[52.680601,1502687232],[52.954574,1503113216],[52.957122,1503981568],[53.083421,1503985664],[53.416233,1504927744],[54.408347,1506586624],[54.745502,1507332096],[54.767515,1509855232],[54.991365,1510404096],[55.569968,1510412288],[55.919154,1511645184],[56.925261,1514160128],[57.032103,1514577920],[58.102113,1516302336],[58.488368,1517588480],[58.931153,1518432256],[59.487741,1519857664],[60.050633,1520775168],[60.576915,1521451008],[60.992303,1522249728],[61.427245,1522462720],[61.439908,1523298304],[61.91319,1523609600],[63.578901,1452302336],[65.788571,1452310528],[115.092433,1452331008],[115.887115,1452351488],[126.76051,1452371968],[139.106118,1452376064],[139.106268,1452388352],[213.594199,1452400640],[235.682273,1452433408],[246.634129,1452486656],[256.457094,1452498944],[258.500417,1452527616],[268.913955,1452535808],[269.328989,1452580864],[272.29294,1452584960],[273.673645,1452634112],[284.605574,1452642304],[288.236747,1452695552],[293.585827,1452699648],[293.788257,1452724224],[298.981265,1452728320],[299.361513,1452785664],[303.00153,1452789760],[304.664138,1452859392],[311.042253,1452920832],[313.18665,1453006848],[320.010753,1453031424],[320.201108,1453076480],[325.525213,1453117440],[332.800124,1453146112],[333.276832,1453273088],[348.970624,1453289472],[348.97417,1453928448],[351.60046,1453957120],[352.281059,1454370816],[353.585133,1454522368],[353.708258,1454616576],[353.717844,1456254976],[357.158991,1456316416],[357.161834,1456414720],[358.403724,1456418816],[358.487765,1456529408],[359.536425,1456574464],[360.030305,1456889856],[360.78713,1456910336],[361.007666,1457283072],[362.19057,1457414144],[362.375714,1457774592],[363.392902,1457889280],[363.503424,1458102272],[364.28829,1458147328],[364.799068,1458376704],[366.268491,1458462720],[366.766762,1458814976],[367.916883,1459007488],[368.236696,1459339264],[369.016085,1459474432],[369.479863,1459789824],[370.410743,1459949568],[371.544735,1459961856],[371.783193,1460092928],[371.92364,1460633600],[373.318546,1460858880],[376.194893,1461022720],[376.90224,1461116928],[377.971574,1461428224],[378.472536,1461850112],[379.375929,1461923840],[379.848963,1462525952],[380.520607,1462607872],[381.267123,1462857728],[381.687101,1463189504],[382.458233,1463296000],[384.343784,1463808000],[384.575196,1464111104],[386.224093,1464254464],[386.881433,1464401920],[387.035804,1464721408],[387.414224,1464750080],[387.601061,1465073664],[388.049778,1465171968],[389.376637,1465176064],[389.809333,1465434112],[391.264981,1465536512],[391.42206,1465815040],[391.811543,1465856000],