{"summary":{"timestamp":1374225934,"hash":"32586faa6adb890bc25caa8b5cb692e8c37e4a89","max_memory":1734610944,"cpu_time":199.51,"pull_request":7868},"memory_data":[[0.003363,4096],[0.030821,28672],[0.069491,3915776],[0.223224,4579328],[0.36855,10412032],[0.471236,11436032],[0.494706,13094912],[0.70301,19103744],[0.943459,23920640],[0.964464,31498240],[1.14219,34099200],[1.184939,43044864],[1.218809,47403008],[1.24409,53915648],[1.285789,57896960],[1.319916,63885312],[1.374674,77926400],[1.395714,77762560],[1.456069,84951040],[1.476393,90198016],[1.537476,98082816],[1.613701,116858880],[1.649436,117628928],[1.689267,127655936],[1.717192,128045056],[1.825234,150007808],[1.862908,150409216],[1.894192,156807168],[1.931073,160870400],[2.004036,173338624],[2.013344,173408256],[2.113477,190160896],[2.127301,190173184],[2.269479,211234816],[2.324089,223125504],[2.366066,226541568],[2.420415,235532288],[2.450359,242524160],[2.482575,241819648],[2.532595,258998272],[2.539797,259145728],[2.649636,305635328],[2.825368,383127552],[2.933295,429707264],[3.01395,463360000],[3.032301,464531456],[3.092585,478801920],[3.183733,505835520],[3.196089,507031552],[3.319264,540745728],[3.363681,554319872],[3.397293,557764608],[3.456598,570232832],[3.564143,596434944],[3.619455,613224448],[3.661397,622350336],[3.764632,649129984],[3.827502,664023040],[3.9417,694374400],[3.966298,702283776],[4.005921,710868992],[4.094911,735715328],[4.115211,743546880],[4.286666,815734784],[4.434398,879697920],[4.460291,890224640],[4.748561,1014501376],[4.873791,1069010944],[5.042197,1141338112],[5.201288,1211363328],[5.276165,1245122560],[5.365587,1283465216],[5.674234,1283584000],[5.736318,1289740288],[5.787751,1300074496],[5.812066,1307136000],[5.880936,1307168768],[5.92534,1314738176],[5.931864,1321320448],[5.969903,1322156032],[5.984549,1338662912],[6.043125,1339211776],[6.060664,1341313024],[6.071283,1410519040],[6.274256,1413304320],[6.295338,1426669568],[6.330123,1436471296],[6.374633,1436913664],[6.453565,1440018432],[6.859217,1441075200],[7.026912,1445335040],[7.30942,1445679104],[7.311314,1447391232],[8.324016,1447497728],[8.333455,1457156096],[8.911884,1457340416],[8.91446,1460236288],[9.145054,1460809728],[9.158548,1461538816],[9.398259,1461719040],[9.476683,1462661120],[9.603477,1466531840],[9.711155,1468276736],[9.802016,1471033344],[10.135115,1471614976],[10.162514,1472004096],[10.63431,1472045056],[10.892984,1473347584],[11.005603,1473351680],[11.079429,1474666496],[11.29131,1474965504],[13.015907,1475018752],[13.016886,1475395584],[13.553639,1475416064],[13.929011,1476390912],[16.594594,1476395008],[16.676773,1477517312],[16.958129,1478193152],[16.96736,1488007168],[17.918298,1488011264],[18.056623,1488826368],[18.449772,1489620992],[18.525476,1490776064],[18.735324,1491652608],[18.837449,1493745664],[19.053648,1494081536],[19.054959,1495179264],[19.339574,1496227840],[19.696869,1498771456],[19.855821,1499009024],[19.878041,1500061696],[20.088374,1500123136],[20.32616,1501327360],[20.349611,1502068736],[20.571998,1502388224],[20.574709,1505042432],[20.640512,1505058816],[20.647865,1507917824],[20.818516,1508093952],[20.858684,1511198720],[20.979201,1517006848],[21.235879,1522528256],[21.486483,1526853632],[21.583878,1530146816],[21.632642,1537523712],[21.637296,1542303744],[21.674195,1542316032],[21.72331,1548189696],[21.814655,1556746240],[22.44786,1556951040],[22.673316,1557368832],[22.810423,1558462464],[23.162093,1558818816],[23.163015,1559994368],[23.604135,1560363008],[23.731102,1560813568],[24.309754,1560817664],[24.318204,1561387008],[24.847431,1561391104],[24.847935,1561837568],[25.531201,1562095616],[25.661081,1563496448],[25.931536,1565192192],[26.238623,1566629888],[26.545601,1568960512],[26.846368,1570164736],[26.852844,1569353728],[27.042992,1570586624],[27.265614,1571500032],[27.552,1572048896],[27.918839,1573609472],[28.340321,1574674432],[28.57936,1575628800],[28.653041,1578549248],[29.015936,1586397184],[29.101748,1587101696],[29.335826,1591459840],[29.430843,1591861248],[29.813167,1596538880],[30.02202,1601884160],[30.200611,1603117056],[30.241108,1604235264],[30.717398,1606369280],[30.742391,1607012352],[31.253764,1609601024],[32.12393,1612431360],[32.68754,1615122432],[33.308803,1617002496],[33.823792,1619767296],[34.027338,1620504576],[34.285134,1622454272],[34.295311,1623097344],[34.475764,1624186880],[34.567631,1627869184],[34.573736,1629802496],[35.200642,1652441088],[35.423669,1660006400],[35.425864,1664192512],[35.487255,1664200704],[35.880454,1678159872],[36.460016,1699840000],[36.509173,1702694912],[36.764408,1712275456],[36.810905,1716232192],[37.027465,1721872384],[37.027966,1722658816],[37.193423,1726390272],[37.434533,1727987712],[37.436455,1716670464],[37.450745,1712472064],[37.899308,1641164800],[38.021682,1643708416],[38.112012,1644060672],[38.247886,1646673920],[39.256951,1646682112],[39.33734,1646833664],[40.234159,1646837760],[40.418738,1646997504],[40.473203,1647886336],[42.221629,1647980544],[44.269561,1647984640],[45.334158,1648082944],[45.675978,1648279552],[46.516194,1648369664],[54.85523,1648406528],[55.149359,1648455680],[68.786422,1648467968],[69.248951,1648533504],[99.353485,1648541696],[112.514536,1648553984],[116.020109,1648599040],[120.902185,1648615424],[123.014258,1648648192],[130.071567,1648660480],[130.417039,1648685056],[132.002507,1650782208],[132.004078,1648685056],[134.87027,1648693248],[141.913547,1648771072],[142.006505,1650868224],[142.012635,1648795648],[149.72469,1648852992],[149.906597,1652379648],[151.865675,1652387840],[152.013238,1654501376],[152.016336,1652457472],[154.851158,1652506624],[155.135933,1652584448],[159.738758,1652641792],[162.018445,1654738944],[162.023834,1652641792],[165.789725,1652748288],[170.508605,1652805632],[171.991197,1652887552],[172.458835,1653022720],[175.634652,1653075968],[176.915632,1653268480],[180.357795,1653329920],[183.382714,1653469184],[183.767911,1653596160],[185.646835,1653612544],[187.554251,1653760000],[188.548168,1653772288],[189.835086,1654013952],[191.566047,1654046720],[192.03547,1656143872],[192.041715,1654095872],[195.44945,1654116352],[195.828452,1654165504],[201.488608,1654235136],[202.041516,1656332288],[202.046751,1654743040],[204.730245,1654771712],[204.941094,1654824960],[208.131042,1654861824],[208.664382,1654931456],[211.636228,1654972416],[211.873475,1655013376],[212.05225,1657114624],[212.053017,1655017472],[214.816302,1655246848],[216.370352,1655255040],[216.651093,1655906304],[216.655465,1681076224],[217.013166,1681874944],[218.819418,1682010112],[219.503573,1682153472],[219.575057,1697476608],[219.669632,1697488896],[219.78516,1700245504],[220.441561,1700401152],[220.501203,1704321024],[220.501634,1708777472],[220.584745,1709563904],[220.585915,1706827776],[220.674093,1706848256],[220.754386,1712467968],[220.779581,1710276608],[220.805906,1717125120],[220.912065,1725444096],[220.936855,1734180864],[221.002904,1731981312],[221.00307,1726783488],[221.127179,1726787584],[222.007586,1702686720],[222.013076,1668268032],[222.027103,1672503296],[222.032899,1711173632],[222.033165,1675550720],[222.044946,1679142912],[222.061031,1671217152],[222.071714,1684049920],[222.238277,1684602880],[222.276233,1688809472],[222.337264,1690628096],[222.388201,1697153024],[222.390288,1704583168],[222.406071,1704615936],[222.417193,1712758784],[222.448235,1720307712],[222.496486,1720922112],[222.497371,1689190400],[222.505273,1671585792],[222.801813,1671499776],[222.867224,1669390336],[222.867679,1524191232],[222.873086,1450287104],[222.873968,1412083712],[222.878371,1369780224],[222.884457,1253224448],[222.891688,1173528576],[222.8926,1134022656],[222.897766,1054576640],[222.899621,1051521024],[222.90312,975130624],[222.912682,854261760],[222.916309,777052160],[222.929516,578945024],[222.93128,576217088],[222.937523,458731520],[222.95674,180670464],[222.958584,180338688],[222.962749,99131392],[222.96789,66535424]],