{"summary":{"timestamp":1400830287,"hash":"33c3eddd111bd708940f2e2fd84180cfae80e856","max_memory":1606541312,"cpu_time":161.7,"pull_request":14362},"memory_data":[[0.003414,4096],[0.050257,811008],[0.072636,9916416],[0.180575,13365248],[0.193252,15855616],[0.342922,22712320],[0.38471,30191616],[0.585752,35135488],[0.604599,43495424],[0.710325,46477312],[0.724035,49418240],[0.806898,55648256],[0.834853,61374464],[0.89903,65183744],[0.922894,70725632],[1.003867,76906496],[1.029659,82010112],[1.062001,82812928],[1.126011,91484160],[1.18786,94195712],[1.187958,96301056],[1.244522,99364864],[1.25207,102273024],[1.307299,104800256],[1.3074,106901504],[1.355255,109441024],[1.359383,111972352],[1.403083,114163712],[1.44316,120188928],[1.50091,123609088],[1.54329,130138112],[1.606935,130932736],[1.653022,141422592],[1.719432,162217984],[1.79457,182771712],[1.810783,181555200],[1.844643,162619392],[1.861075,159596544],[2.164901,165761024],[2.331537,170434560],[2.664498,181063680],[2.874226,200740864],[2.874512,202838016],[2.985929,211812352],[3.031571,218951680],[3.08859,222871552],[3.088685,224968704],[3.143391,228745216],[3.187885,234188800],[3.202883,241078272],[3.308666,247091200],[3.308954,249188352],[3.363238,252878848],[3.363663,254980096],[3.419482,258826240],[3.419877,260923392],[3.493054,265859072],[3.493154,267968512],[3.556431,272736256],[3.604782,280182784],[3.656661,283930624],[3.657052,286031872],[3.719315,290430976],[3.721497,292687872],[3.779913,296611840],[3.859553,306868224],[4.06785,306872320],[4.171344,332894208],[4.171437,334999552],[4.277139,363405312],[4.737078,365502464],[4.813726,365264896],[4.84739,356110336],[4.980961,358100992],[5.098807,363962368],[5.153326,365572096],[5.293942,365645824],[5.347735,367742976],[5.349372,371937280],[5.476522,378232832],[5.522414,378191872],[5.547975,366866432],[5.645156,367230976],[5.772042,369614848],[5.924527,370008064],[6.009639,374398976],[6.135345,377032704],[6.313383,383021056],[6.366922,387383296],[6.412115,401514496],[6.678097,408702976],[6.707059,413532160],[6.792932,418013184],[6.860642,430735360],[6.919833,432996352],[6.949708,437678080],[7.023,440872960],[7.023094,442970112],[7.131464,445145088],[7.133471,447348736],[7.186734,448716800],[7.189937,450813952],[7.24424,452911104],[7.250793,455008256],[7.355605,457928704],[7.356752,464220160],[7.453082,464375808],[7.539542,466530304],[7.542115,479113216],[7.671747,479227904],[7.930451,481456128],[7.937646,498233344],[7.943437,491941888],[8.073615,492183552],[8.112227,495161344],[8.112486,499355648],[8.181989,500097024],[8.405364,500117504],[8.418337,501792768],[8.520737,501829632],[8.523206,492888064],[8.708887,493264896],[8.759907,497479680],[8.799855,497627136],[8.816674,502722560],[8.938562,502874112],[9.029089,505237504],[9.153518,506798080],[9.332994,508047360],[9.389216,510570496],[9.466614,510799872],[9.481238,516980736],[9.566465,518148096],[9.618781,520491008],[9.618872,522588160],[9.673641,524984320],[9.68098,537575424],[9.860882,539901952],[9.934506,542134272],[9.963834,544440320],[9.96481,540499968],[10.187102,541597696],[10.188357,543694848],[10.449428,544088064],[10.541443,546410496],[10.541622,548507648],[10.70843,550862848],[10.774214,552960000],[11.028635,555057152],[11.098995,557154304],[11.10674,561348608],[11.208328,567640064],[11.349262,571834368],[11.390745,578125824],[11.505925,580222976],[11.558697,584417280],[11.651907,588611584],[11.665407,590708736],[11.676201,582320128],[12.198636,584966144],[12.36396,587063296],[12.364172,589160448],[12.587632,593354752],[12.783799,595451904],[12.785483,618520576],[12.799748,605937664],[12.852625,610131968],[13.010886,612233216],[13.030537,614330368],[13.13637,616427520],[13.259267,620621824],[13.337049,620630016],[13.389514,622727168],[13.470315,622878720],[13.490511,624975872],[13.689338,631443456],[14.052555,631545856],[14.145859,634458112],[14.424092,636555264],[14.428944,642846720],[14.472578,644943872],[14.474381,649138176],[15.498389,651235328],[15.646121,653332480],[15.852075,655429632],[16.02137,659623936],[16.021459,661721088],[16.511878,663818240],[16.74793,665915392],[16.865375,668012544],[17.226458,672206848],[17.297565,674304000],[17.732717,676401152],[18.019637,680595456],[18.051763,682692608],[18.054402,714149888],[18.070018,730927104],[18.084705,705761280],[18.381504,707858432],[18.42225,709955584],[18.787311,712052736],[19.05788,714149888],[19.089607,716247040],[19.560681,720441344],[19.581789,722538496],[19.857795,724635648],[19.984456,726732800],[20.372615,728829952],[20.492838,730927104],[20.499985,735121408],[20.625187,737218560],[20.672033,741412864],[20.943886,743510016],[21.117849,745607168],[21.418975,747704320],[21.419066,749801472],[22.166365,756092928],[22.408641,756121600],[22.471838,758218752],[22.59786,760315904],[22.613708,762413056],[23.172505,764510208],[23.319251,766607360],[23.31944,770801664],[23.920065,772898816],[24.278502,774995968],[24.374635,777093120],[24.658058,779190272],[25.144708,781287424],[25.237121,781418496],[25.38123,783515648],[25.506942,787709952],[25.795204,789807104],[25.946701,794001408],[26.326557,796098560],[26.973744,798195712],[27.211326,798363648],[27.216147,800485376],[27.402064,802582528],[27.509961,802619392],[27.581779,804716544],[27.887938,808914944],[28.375563,811012096],[28.540532,813109248],[28.622818,817303552],[28.668161,821497856],[28.716857,823595008],[29.432374,825692160],[30.089101,827789312],[30.315239,829886464],[30.891978,830017536],[30.989773,837373952],[30.990096,841568256],[31.05676,843665408],[31.058422,852054016],[31.071539,845811712],[31.120985,835325952],[31.783358,820715520],[32.475861,820813824],[32.512248,825200640],[32.625565,827297792],[32.628413,825200640],[35.082619,827473920],[35.101173,829571072],[37.177135,829706240],[37.217085,830627840],[37.405749,830758912],[37.443697,831696896],[37.693963,832307200],[37.759305,834404352],[38.082991,834408448],[38.144975,834736128],[38.172245,836833280],[38.599692,836853760],[38.863829,838950912],[39.179759,841048064],[40.058122,841187328],[40.094036,841961472],[40.384387,844058624],[41.014781,846155776],[41.367382,848252928],[41.469063,848449536],[41.770091,850546688],[41.782516,898781184],[41.810229,923947008],[41.827676,934432768],[41.841458,949112832],[41.856374,934432768],[41.856458,898781184],[42.172397,900878336],[42.710932,901144576],[42.816429,903249920],[43.110404,908083200],[43.110593,910180352],[43.434146,915943424],[44.086024,926429184],[44.277772,930115584],[44.420378,930992128],[44.420566,933089280],[44.566758,934387712],[44.567148,938582016],[44.91506,944635904],[45.289214,950304768],[45.289492,954499072],[45.883058,963837952],[46.109413,966807552],[46.214077,969728000],[46.408877,973148160],[46.444193,974725120],[46.832125,981856256],[46.854773,982626304],[46.857688,1007792128],[46.870482,995209216],[46.988462,997871616],[46.988654,1002065920],[47.210252,1006108672],[47.43052,1011388416],[47.674973,1016311808],[47.804953,1017946112],[48.367607,1028636672],[48.385823,1028640768],[48.865613,1038807040],[49.122429,1043386368],[49.353723,1048236032],[49.562273,1051717632],[49.562557,1053814784],[49.844394,1059164160],[50.135636,1065316352],[50.954455,1079787520],[50.981206,1082843136],[51.532259,1093632000],[51.74623,1098190848],[52.048274,1103495168],[52.391118,1110724608],[52.391721,1117016064],[52.525577,1119621120],[52.527651,1121198080],[52.621311,1123422208],[52.761096,1125416960],[53.118803,1131905024],[53.21934,1134362624],[53.390145,1137213440],[53.588275,1141932032],[53.97286,1149571072],[54.253938,1155612672],[54.254367,1161904128],[54.546015,1168224256],[54.80016,1172729856],[55.237077,1181650944],[55.2398,1187942400],[55.571614,1193779200],[55.775459,1198551040],[55.946594,1201975296],[56.110325,1204547584],[56.547205,1214136320],[56.864064,1219571712],[57.087371,1223774208],[57.105617,1246842880],[57.113203,1234259968],[57.179255,1235427328],[57.191598,1256398848],[57.194653,1245913088],[57.535275,1253072896],