{"summary":{"timestamp":1389383481,"hash":"33e866339126df3806f9cae95f2b91d38abaab32","max_memory":1371275264,"cpu_time":164.46,"pull_request":11449},"memory_data":[[0.002142,8192],[0.011044,7217152],[0.18716,9945088],[0.260138,21852160],[0.279812,27738112],[0.308474,29917184],[0.347297,36548608],[0.37424,44572672],[0.480134,59322368],[0.554799,71024640],[0.594342,78589952],[0.640054,84754432],[0.706856,97288192],[0.808625,98521088],[1.027755,170176512],[1.110683,170786816],[1.349236,170946560],[1.495991,171794432],[1.622404,173420544],[1.873805,173432832],[1.937201,182046720],[1.950428,189612032],[2.014574,196382720],[2.08171,205533184],[2.104376,206819328],[2.170322,215875584],[2.20123,218480640],[2.313566,234266624],[2.42571,234307584],[2.440129,245542912],[2.507415,288382976],[3.01452,288690176],[3.091311,296058880],[3.14177,298168320],[3.146519,310743040],[3.177475,303398912],[3.277836,305516544],[3.286728,332767232],[3.349123,318083072],[3.545952,320184320],[3.561551,376807424],[3.686453,374693888],[3.686654,347443200],[3.842753,348573696],[3.987308,350937088],[4.083905,351166464],[4.287524,356909056],[4.689016,365109248],[4.789194,365256704],[4.9624,369610752],[5.102393,372101120],[5.114504,373235712],[5.42253,377876480],[5.478363,379437056],[5.638325,386068480],[5.888745,391909376],[6.556745,392175616],[6.835915,396181504],[7.415409,397504512],[7.483277,398565376],[7.863843,399466496],[7.939725,400797696],[8.119579,401129472],[8.30255,402120704],[8.414171,403951616],[8.930412,404660224],[9.521051,404819968],[9.526446,419401728],[9.779066,419471360],[9.82764,420339712],[10.019105,420691968],[10.618083,421105664],[10.623095,433623040],[10.696355,434188288],[11.271493,434749440],[11.367349,436871168],[11.478292,441798656],[11.639813,443342848],[11.769514,445669376],[11.890593,446283776],[12.725776,446517248],[13.690183,446656512],[13.801149,448712704],[14.166806,448729088],[14.225733,450945024],[14.499409,451084288],[14.527546,451518464],[14.533026,468058112],[14.549796,468324352],[15.212778,468455424],[15.26652,470155264],[15.42203,471085056],[15.465236,472510464],[15.576662,472416256],[15.622464,474574848],[15.680752,473849856],[15.761962,474697728],[15.765862,482963456],[16.007279,483008512],[16.12069,483713024],[16.179542,485814272],[16.410998,488411136],[16.432202,489447424],[16.811497,492109824],[16.914305,493756416],[16.915738,495394816],[17.060973,496541696],[17.236485,496693248],[17.273798,497565696],[17.657281,500510720],[17.733572,502104064],[17.916471,503808000],[18.124926,505081856],[18.269803,507179008],[18.352441,507260928],[18.403775,509071360],[18.5688,510001152],[18.570275,512151552],[18.687846,512290816],[18.841495,514011136],[18.874662,515506176],[18.948605,515756032],[18.95731,517857280],[18.967476,549314560],[19.320816,549695488],[20.554299,549699584],[20.761076,550957056],[20.765684,567664640],[20.809178,567885824],[21.649397,567930880],[21.845036,569393152],[21.868117,570900480],[21.973029,571281408],[21.974737,574427136],[22.196781,574464000],[22.316027,574976000],[22.714133,578682880],[22.790597,579661824],[22.976314,580513792],[23.126445,583053312],[23.213429,585510912],[23.477088,585687040],[23.689283,587849728],[23.840887,588591104],[23.881538,589471744],[24.156397,590987264],[24.324619,592375808],[24.388265,594800640],[24.476158,594305024],[24.879344,596901888],[24.882332,601636864],[25.102718,601653248],[25.458088,603439104],[25.652514,606187520],[25.78721,606965760],[25.880384,609062912],[26.023964,609259520],[26.246131,610848768],[26.295202,611917824],[26.500046,612614144],[26.521941,613543936],[26.682125,614494208],[26.739965,616714240],[27.027458,618270720],[27.382599,622317568],[27.768365,624451584],[27.82763,627269632],[27.871129,625922048],[28.014743,627097600],[28.142368,627200000],[28.209996,628199424],[28.439824,629383168],[28.488345,630431744],[28.644819,631640064],[28.6996,633188352],[28.708779,666746880],[28.728068,666271744],[29.372821,666619904],[29.375824,674873344],[29.449328,676974592],[29.453012,691654656],[29.510666,666615808],[30.110889,666619904],[33.737044,668725248],[33.759276,733732864],[33.809419,700174336],[35.071353,700264448],[35.723362,700538880],[38.061429,700588032],[38.173239,702025728],[38.477888,702640128],[38.491566,705265664],[38.595201,707391488],[38.62445,709488640],[38.70096,710197248],[38.970321,718372864],[39.038508,721960960],[39.366325,731099136],[39.827355,742047744],[39.865963,743469056],[40.202738,751124480],[40.438658,761442304],[40.52553,764366848],[40.733817,768421888],[40.948063,774537216],[41.069606,776605696],[41.353214,783994880],[41.637026,789962752],[41.666356,791298048],[41.882223,797163520],[42.027819,799858688],[42.153314,803311616],[42.34872,807301120],[42.49703,811159552],[42.902998,820609024],[42.904617,822706176],[42.955215,822710272],[43.042036,825851904],[43.158204,827637760],[43.417896,833908736],[43.458323,836009984],[43.619607,840548352],[43.810529,845062144],[43.968691,850071552],[44.120849,853303296],[44.585088,865173504],[44.714841,867905536],[45.190234,879067136],[45.19193,881164288],[45.241997,881278976],[45.537198,888877056],[45.583991,890683392],[45.825717,895500288],[46.043933,900403200],[46.08598,902287360],[46.308795,907329536],[46.309508,908877824],[46.416953,910381056],[46.42561,939745280],[47.0495,939790336],[47.266505,944775168],[47.268516,948969472],[47.362325,948981760],[47.550871,953114624],[47.614849,955822080],[47.698427,957263872],[47.94754,966942720],[47.987863,969396224],[47.989321,973529088],[48.043953,973582336],[48.299609,984109056],[48.542385,993542144],[48.548844,994349056],[48.7425,1002487808],[48.914637,1008852992],[48.915716,1009958912],[49.13376,1018109952],[49.165084,1020219392],[49.423979,1031700480],[49.446637,1033293824],[49.659295,1041543168],[49.787011,1048535040],[49.824096,1051471872],[50.128829,1063907328],[50.312376,1073324032],[50.411459,1076719616],[50.594568,1085726720],[50.786288,1093099520],[51.077887,1105235968],[51.200041,1108348928],[51.202377,1112547328],[51.246779,1113018368],[51.385006,1117466624],[51.386621,1119563776],[51.524875,1122816000],[51.785652,1130168320],[51.901933,1134219264],[52.028467,1136394240],[52.029349,1139539968],[52.088286,1139560448],[52.172714,1142489088],[52.174176,1146597376],[52.231731,1146654720],[52.362857,1153921024],[52.586852,1162571776],[52.834482,1172959232],[52.941446,1175154688],[53.273094,1183285248],[53.459894,1187311616],[53.552769,1190092800],[53.619335,1190862848],[53.62272,1199251456],[53.791071,1199267840],[53.937905,1202434048],[54.454562,1215012864],[54.457482,1223282688],[54.637926,1223294976],[54.761068,1225773056],[54.8872,1229312000],[55.039046,1232175104],[55.071409,1233752064],[55.403395,1241858048],[55.405066,1243955200],[55.455431,1243971584],[55.67982,1249267712],[55.687386,1257660416],[55.8906,1257693184],[56.354202,1267593216],[56.658112,1274445824],[57.073527,1284407296],[57.210916,1288196096],[57.401486,1291579392],[57.658319,1297768448],[57.76357,1300783104],[57.792062,1303891968],[58.0099,1307619328],[58.01217,1310842880],[58.082482,1312194560],[58.083948,1316757504],[58.459513,1323528192],[59.2677,1339482112],[59.3861,1341624320],[59.391482,1371049984],[59.394563,1338773504],[59.932953,1350180864],[59.935254,1353195520],[59.97954,1354014720],[59.983286,1349423104],[60.946612,1353043968],[60.964339,1356697600],[61.50853,1291517952],[61.51386,1256026112],[61.83221,1197301760],[62.035602,1200033792],[62.097074,1201664000],[62.265428,1204445184],[63.34575,1204539392],[72.380565,1204547584],[73.093561,1206673408],[73.096733,1238130688],[73.694206,1204572160],[74.688131,1204596736],[74.706479,1204850688],[75.93811,1204953088],[83.600805,1204961280],[200.721366,1204965376],[205.261416,1207062528],[205.262945,1215455232],[205.423857,1219653632],[205.426669,1251110912],[205.461358,1253208064],[205.828323,1261596672],[205.878292,1263702016],[205.884848,1328709632],[205.901302,1295151104],[205.940899,1297248256],[206.031283,1299345408],[206.071111,