{"summary":{"timestamp":1391107307,"hash":"3427137f667e7def78f12a69af7d8beb2fcd5e65","max_memory":1353854976,"cpu_time":176.41,"pull_request":11217},"memory_data":[[0.001538,4096],[0.067864,417792],[0.085416,5529600],[0.12469,8900608],[0.182396,9318400],[0.320605,15228928],[0.369934,19038208],[0.533269,22421504],[0.539435,23810048],[0.63746,27541504],[0.964327,34230272],[0.997428,36429824],[1.132712,39280640],[1.2657,63537152],[1.356955,83529728],[1.373878,83718144],[1.511844,107704320],[1.569802,119369728],[1.616583,120004608],[1.642327,130187264],[1.697304,163577856],[1.793788,165257216],[1.943161,166588416],[2.061402,166883328],[2.192659,168525824],[2.475179,169340928],[2.588242,181235712],[2.629288,181772288],[2.653115,184868864],[2.817314,201330688],[2.932327,201338880],[2.997824,241082368],[3.59835,241278976],[3.59948,248602624],[3.705513,264331264],[3.826363,264491008],[3.996438,266002432],[4.136045,270094336],[4.35523,275283968],[4.604,280092672],[4.670579,280231936],[4.875894,284160000],[5.137819,292659200],[5.333027,296079360],[5.469547,299384832],[5.542541,302452736],[5.616281,302862336],[5.810242,307621888],[5.873694,308637696],[6.00108,314408960],[6.104495,315539456],[6.274867,319746048],[6.448751,320487424],[6.855182,320720896],[6.884685,321572864],[7.032382,322338816],[7.327743,322818048],[7.493947,324923392],[7.49766,335405056],[7.584273,336158720],[7.826899,336605184],[7.853984,340000768],[7.938337,340365312],[7.942443,341868544],[8.104099,343236608],[8.627804,344465408],[8.664225,347217920],[8.80256,348274688],[8.84301,350777344],[8.928115,351375360],[8.951906,353533952],[9.160919,354648064],[9.19379,355897344],[9.308327,356167680],[9.318852,357449728],[9.422259,357539840],[9.524216,360181760],[9.650087,361029632],[9.69205,366612480],[9.823975,367386624],[9.959781,371179520],[9.960338,373170176],[10.023455,373342208],[10.252169,379711488],[10.257017,383905792],[10.46478,389820416],[10.465237,393621504],[10.553396,393760768],[10.65081,396828672],[10.755146,405778432],[10.786127,407220224],[10.933529,408031232],[10.936866,423030784],[10.942866,416419840],[11.018225,420016128],[11.132535,421523456],[11.318714,426909696],[11.369374,427200512],[11.500858,431124480],[11.502466,439435264],[11.624423,439554048],[11.907809,446660608],[12.126038,449486848],[12.15859,451690496],[12.247018,451829760],[12.336104,454328320],[12.446632,456146944],[12.48832,457908224],[12.659148,460771328],[12.785221,464941056],[12.868185,465944576],[12.986669,469721088],[12.993861,503279616],[13.004111,487563264],[13.206089,490553344],[13.231511,492302336],[13.448979,495681536],[13.474194,497246208],[13.546223,497598464],[13.607919,499789824],[13.663505,499818496],[13.731616,503492608],[13.733856,520196096],[13.980972,520425472],[14.021006,523960320],[14.021108,520560640],[14.163172,522452992],[14.203758,524877824],[14.279552,525574144],[14.279601,527671296],[14.364034,527794176],[14.51438,530518016],[14.514733,531525632],[14.68731,533487616],[14.706594,534511616],[14.898234,538071040],[14.99446,538959872],[15.09971,543936512],[15.220545,544043008],[15.318885,546177024],[15.426544,547147776],[15.543559,549650432],[15.666851,551165952],[15.707516,553177088],[15.803488,553828352],[15.938398,555966464],[15.942978,558555136],[16.016679,558714880],[16.247266,561967104],[16.323001,564453376],[16.386103,564776960],[16.432867,567074816],[16.494089,567156736],[16.721622,570519552],[16.805869,572260352],[16.832948,574365696],[16.950543,576233472],[17.135058,580521984],[17.32635,582639616],[17.426811,584577024],[17.4444,587751424],[17.449744,619208704],[17.459138,618684416],[17.933784,620789760],[17.949351,685797376],[17.968959,652238848],[18.165535,652681216],[18.166697,656691200],[18.196136,658792448],[18.197463,665083904],[18.247553,665190400],[18.251039,681861120],[18.290541,672845824],[18.29077,652627968],[20.615862,652632064],[21.307716,652812288],[21.414285,653000704],[22.212565,653053952],[22.213416,657063936],[22.806429,657195008],[23.011441,659460096],[23.10852,659513344],[23.256156,666660864],[23.409584,672514048],[23.501954,676851712],[23.507322,706215936],[23.811975,706752512],[23.951739,714407936],[24.089978,720007168],[24.129886,722558976],[24.347691,732086272],[24.403069,732418048],[24.483204,735444992],[24.659912,743792640],[24.660618,745844736],[24.756057,749125632],[24.855944,759431168],[25.007269,767262720],[25.239502,776642560],[25.264666,778698752],[25.558328,791146496],[25.565731,816361472],[25.574284,803774464],[25.862159,816312320],[25.921931,820633600],[26.103592,827740160],[26.103643,829841408],[26.184021,834183168],[26.185279,838381568],[26.229222,838406144],[26.453887,847818752],[26.477833,853852160],[26.53168,853856256],[26.872417,869150720],[27.090713,879767552],[27.091878,883937280],[27.137787,883945472],[27.386579,897298432],[27.607184,906780672],[27.623106,908357632],[27.93104,922443776],[28.044577,927051776],[28.327685,940171264],[28.428415,945528832],[28.595993,956067840],[28.64365,960753664],[28.697977,962957312],[28.709169,965275648],[28.778353,968577024],[28.88227,976580608],[29.033992,984440832],[29.117417,987906048],[29.138975,994201600],[29.186074,994222080],[29.377524,1002209280],[29.427067,1004851200],[29.429178,1013223424],[29.513065,1013235712],[29.610631,1018355712],[29.754748,1023545344],[29.922818,1031815168],[29.923729,1035915264],[29.968655,1035931648],[30.092898,1041764352],[30.094337,1050157056],[30.180373,1050198016],[30.210909,1052352512],[30.376784,1058852864],[30.568465,1068232704],[30.836952,1080504320],[30.913843,1085698048],[30.97412,1087680512],[31.080857,1093160960],[31.182902,1097355264],[31.1835,1100447744],[31.244159,1101107200],[31.345361,1107456000],[31.363823,1112137728],[31.407275,1112768512],[31.483607,1117716480],[31.568459,1121796096],[31.570539,1130184704],[31.682496,1130446848],[31.848425,1138069504],[31.861691,1139445760],[32.063365,1148968960],[32.063416,1151066112],[32.185952,1156075520],[32.187659,1164468224],[32.278632,1164476416],[32.354753,1168474112],[32.574397,1178157056],[32.716299,1185005568],[33.05948,1202733056],[33.270439,1212416000],[33.362591,1217265664],[33.581187,1227259904],[33.652357,1231044608],[33.90384,1240690688],[34.023599,1246195712],[34.531731,1268396032],[34.576948,1271005184],[34.767944,1278160896],[34.853752,1282007040],[34.864848,1284210688],[34.949539,1284714496],[35.006552,1287315456],[35.007214,1289322496],[35.354615,1302437888],[35.360815,1317957632],[35.36264,1301917696],[35.370453,1331990528],[35.374814,1332961280],[35.376969,1302065152],[35.385784,1333227520],[35.414129,1334366208],[35.419801,1353261056],[35.420257,1318936576],[35.796394,1335808000],[35.977486,1339817984],[36.145536,1346899968],[36.148251,1333268480],[36.335414,1333272576],[36.33572,1334222848],[36.859486,1337180160],[36.872955,1341194240],[37.314277,1276022784],[37.320008,1244717056],[37.322469,1185988608],[37.353506,1184411648],[37.54788,1183416320],[37.548285,1157144576],[37.87824,1162502144],[37.991923,1164877824],[41.510471,1164906496],[42.646485,1165107200],[42.649041,1177489408],[42.664081,1179590656],[42.666819,1211047936],[43.023167,1209085952],[43.027386,1196494848],[43.02744,1165037568],[43.370095,1165107200],[43.505866,1165426688],[43.583952,1167548416],[43.585527,1165451264],[43.718328,1165541376],[45.38554,1165615104],[46.662762,1165783040],[53.583958,1167880192],[53.58782,1165783040],[63.587261,1167880192],[63.591079,1165783040],[73.590573,1167880192],[73.593731,1165783040],[83.59394,1167880192],[83.596567,1165783040],[93.593958,1167880192],[93.595753,1165783040],[103.597316,1167880192],[103.600394,1165783040],[113.60057,1167880192],[113.605496,1165783040],[123.603933,1167880192],[123.608713,1165783040],[133.113993,1165811712],[133.116796,1174024192],[133.268147,1177522176],[133.270917,1211080704],[133.483827,1215987712],[133.487947,1218220032],[133.610041,1220317184],[133.685259,1224515584],[133.690993,1289527296],[133.707696,1255968768],[133.851588,1260163072],[133.867187,