{"summary":{"timestamp":1403462501,"hash":"34bd1691718346b4e9d0d3508f3c48940c8ec954","max_memory":1982656512,"cpu_time":177.07,"pull_request":15091},"memory_data":[[0.003339,4096],[0.062723,1093632],[0.086364,10964992],[0.145819,14290944],[0.194219,15052800],[0.209442,17620992],[0.303972,22863872],[0.350796,27246592],[0.364995,31604736],[0.40728,31858688],[0.554403,35999744],[0.579659,37625856],[0.609554,45195264],[0.775554,49119232],[0.802326,54288384],[0.849163,57065472],[0.876048,62328832],[0.945555,66629632],[0.966995,71168000],[1.090666,81338368],[1.104805,84934656],[1.200151,93929472],[1.200245,96030720],[1.306165,101130240],[1.306342,103227392],[1.371428,106467328],[1.417365,113016832],[1.480035,116146176],[1.523552,122515456],[1.625066,130031616],[1.675988,136798208],[1.740896,137043968],[1.764696,138952704],[1.838935,157962240],[1.86533,168013824],[1.900372,175579136],[1.954909,192782336],[1.984989,169234432],[2.096446,171618304],[2.388864,176353280],[2.552408,180109312],[2.925685,189808640],[2.98882,196644864],[3.121964,207593472],[3.203477,215183360],[3.223425,218537984],[3.300278,223531008],[3.300371,225628160],[3.350883,228708352],[3.350974,230805504],[3.409971,234852352],[3.410064,236949504],[3.474208,241025024],[3.502842,245190656],[3.52308,253239296],[3.542767,255713280],[3.585593,255721472],[3.645137,259756032],[3.645228,261857280],[3.703712,265629696],[3.703807,267730944],[3.762826,271654912],[3.763586,273752064],[3.841297,278908928],[3.886156,286281728],[3.939776,289607680],[3.939872,291717120],[3.996969,296108032],[3.997156,298213376],[4.055946,302174208],[4.056041,304271360],[4.114471,308039680],[4.155257,315113472],[4.22413,319672320],[4.282291,325644288],[4.305788,329912320],[4.529896,329916416],[4.584495,341774336],[4.612811,352002048],[4.651424,360607744],[4.687508,373116928],[4.760189,391806976],[5.279279,393904128],[5.38664,393797632],[5.431115,384020480],[5.541589,385703936],[5.735396,393895936],[5.916779,393981952],[6.008231,398176256],[6.009801,402370560],[6.097285,404467712],[6.161151,404475904],[6.184459,406589440],[6.268433,408686592],[6.411522,408645632],[6.45993,399958016],[6.649935,402554880],[6.796817,402890752],[6.895273,407306240],[7.229905,415178752],[7.290744,418619392],[7.332865,430891008],[7.551011,435286016],[7.610171,435621888],[7.760416,440320000],[7.834742,441663488],[7.882529,444596224],[7.927979,445165568],[7.934935,447651840],[7.981638,448335872],[8.037328,452255744],[8.123776,468447232],[8.202894,470458368],[8.282566,477642752],[8.340135,478928896],[8.345028,481026048],[8.410789,481546240],[8.456068,486227968],[8.550048,487280640],[8.575997,489381888],[8.577141,495673344],[8.686017,496082944],[8.752462,498180096],[8.77647,502386688],[8.779027,514969600],[8.93368,515133440],[9.16813,517230592],[9.17577,534007808],[9.182682,527716352],[9.377153,529903616],[9.377464,534097920],[9.483234,534859776],[9.773213,535212032],[9.824751,537272320],[9.909289,530980864],[10.092958,531329024],[10.131819,537657344],[10.182161,541851648],[10.39569,541958144],[10.517664,544473088],[10.850764,545607680],[10.851119,551899136],[10.985977,553644032],[10.998283,559939584],[11.066793,561524736],[11.072434,565723136],[11.114867,566018048],[11.141646,570097664],[11.174353,570683392],[11.238272,577028096],[11.250046,589611008],[11.286802,592338944],[11.411111,594272256],[11.418695,596369408],[11.477203,597331968],[11.500926,600084480],[11.637516,603762688],[11.637759,597471232],[11.681578,597839872],[11.719186,600981504],[11.801637,601239552],[11.846099,607576064],[12.048152,607879168],[12.09446,612253696],[12.145049,612593664],[12.149479,614690816],[12.212501,616787968],[12.267596,616882176],[12.449176,621076480],[12.500079,621142016],[12.533842,623304704],[12.541807,627499008],[12.578255,631693312],[12.611422,631709696],[12.766867,635904000],[12.868247,637702144],[12.900475,640585728],[12.995834,642695168],[13.111768,646889472],[13.197853,651083776],[13.20319,655278080],[13.310539,657375232],[13.327789,661569536],[13.381344,665763840],[13.445416,667860992],[13.507179,674152448],[13.571466,678346752],[13.644004,686735360],[13.654924,678346752],[13.780741,679100416],[14.029897,679337984],[14.039256,681435136],[14.11427,681443328],[14.13861,683540480],[14.228137,685637632],[14.263027,691929088],[14.264821,714997760],[14.279766,702414848],[14.384545,704512000],[14.384636,706609152],[14.537419,710803456],[14.67348,712900608],[14.857073,717094912],[14.956114,723386368],[15.02021,725483520],[15.20357,727580672],[15.41905,731774976],[15.467843,733872128],[15.705974,740163584],[15.737532,742260736],[16.012093,746487808],[16.10249,748584960],[16.139701,750682112],[16.304707,754876416],[16.415725,759070720],[16.463346,759283712],[16.523019,763478016],[16.698479,765816832],[16.771342,767913984],[16.774167,774205440],[16.841113,776302592],[16.841425,780496896],[17.265489,782594048],[17.45133,784691200],[17.702921,788885504],[17.882791,790982656],[18.111725,795176960],[18.127344,799371264],[18.433414,803565568],[18.71036,809857024],[18.933867,811954176],[19.154149,816148480],[19.200835,818245632],[19.437655,822439936],[19.565891,826634240],[19.568516,858091520],[19.584287,874868736],[19.599229,872771584],[19.599308,849702912],[19.663901,851800064],[19.797649,853897216],[19.848571,855994368],[19.977089,858091520],[20.061619,862285824],[20.33031,868577280],[20.449936,870674432],[20.696038,872771584],[20.767968,874868736],[20.789044,876965888],[20.891272,879063040],[21.055573,881160192],[21.098944,885354496],[21.354795,887451648],[21.395511,889548800],[21.620803,891645952],[21.733485,893743104],[21.905041,895840256],[22.027302,900034560],[22.167527,902131712],[22.185279,904228864],[22.273892,906326016],[22.307358,908423168],[22.54619,910520320],[22.770845,916811776],[22.878587,918908928],[22.935947,921006080],[22.941673,935686144],[22.945797,927297536],[23.030258,931491840],[23.051618,937783296],[23.53567,944074752],[23.64667,946171904],[24.039714,952463360],[24.135215,954560512],[24.568425,960851968],[24.745095,965046272],[24.959638,967143424],[25.062858,969240576],[25.409775,973434880],[25.416163,979726336],[25.458087,981880832],[25.461542,988172288],[25.609469,990269440],[26.099301,992366592],[26.327106,996560896],[27.030767,1004949504],[27.128979,1007046656],[27.35202,1009143808],[27.386507,1011240960],[27.638478,1013338112],[27.673114,1015435264],[28.086004,1019629568],[28.257377,1021726720],[28.468974,1025921024],[28.581003,1032212480],[28.866407,1034309632],[28.914726,1036406784],[28.925783,1040601088],[29.425647,1042698240],[29.61482,1044795392],[29.720814,1046892544],[30.015284,1051086848],[30.179759,1055281152],[30.191094,1063669760],[30.352174,1065766912],[30.720521,1067864064],[30.955736,1072074752],[31.031973,1074171904],[31.102579,1074257920],[31.140863,1076355072],[31.276646,1078452224],[31.360702,1080549376],[31.625082,1084743680],[31.732153,1086840832],[31.787764,1088937984],[32.24367,1093132288],[32.527006,1099423744],[32.592218,1103618048],[32.648822,1105715200],[32.649828,1107812352],[32.698789,1109909504],[32.70304,1158144000],[32.742309,1193795584],[32.750474,1208475648],[32.765448,1158144000],[32.791413,1162338304],[33.447426,1164435456],[33.498219,1166532608],[33.644624,1168629760],[33.714551,1170726912],[33.89843,1172824064],[34.132548,1177018368],[34.158791,1179115520],[34.40141,1181212672],[34.466915,1183309824],[34.503021,1187504128],[34.504531,1206378496],[34.511311,1210572800],[34.517808,1197989888],[34.640706,1200087040],[34.641791,1208475648],[34.657156,1231544320],[34.660293,1214767104],[35.05136,1214971904],[35.142109,1220091904],[35.142423,1224286208],[35.208906,1226383360],[35.214836,1228480512],[35.282619,1217994752],[35.920784,1203314688],[36.655567,1203429376],[36.695946,1203879936],[36.715768,1208074240],[36.817973,1210171392],[36.820675,1208074240],[36.953397,1208127488],[37.997355,1210224640],[38.479287,1212321792],[38.901705,1214418944],[39.41032,1216516096],[40.434768,1218613248],[41.546682,