{"summary":{"timestamp":1391884293,"hash":"35518514c472e0b7bb4dd3588c4c80bd6dd5a627","max_memory":1231544320,"cpu_time":139.24,"pull_request":12109},"memory_data":[[0.002285,8192],[0.011007,9199616],[0.153821,32477184],[0.185446,40554496],[0.286614,54145024],[0.430603,76152832],[0.509186,90263552],[0.540256,90284032],[0.55939,97734656],[0.638412,134975488],[0.959193,136179712],[1.108796,137826304],[1.266319,137990144],[1.27129,138645504],[1.427215,138817536],[1.600048,154525696],[1.784737,169771008],[1.793646,171339776],[1.913467,171347968],[1.998867,211521536],[2.611326,211537920],[2.612681,218865664],[2.725628,234606592],[3.065215,234651648],[4.161012,236752896],[4.164231,247238656],[4.459626,247287808],[4.477918,250916864],[4.521814,250990592],[4.630677,254427136],[4.633758,256536576],[4.756064,260407296],[4.941917,264146944],[5.02815,266833920],[5.070536,270184448],[5.076048,274444288],[5.174903,279117824],[5.379025,283684864],[5.379851,285581312],[5.443393,285958144],[5.518069,288731136],[5.590272,289689600],[5.684922,292446208],[5.708197,294330368],[5.796427,294735872],[5.846495,296226816],[5.847718,300335104],[5.937865,300363776],[6.055332,303677440],[6.059417,319954944],[6.065663,312066048],[6.17806,317526016],[6.179407,320581632],[6.218702,317665280],[6.307131,317669376],[6.341093,320798720],[6.447868,321310720],[6.651139,326569984],[6.804745,329154560],[6.903529,334569472],[6.921433,338169856],[7.116752,338202624],[7.144625,338767872],[7.146248,347082752],[7.330388,347856896],[7.436306,350998528],[7.552883,353038336],[7.703901,354394112],[7.813918,356380672],[7.862724,358440960],[7.940222,358473728],[8.168138,363274240],[8.175355,396828672],[8.185697,396337152],[8.185755,380096512],[8.275204,382304256],[8.400211,383983616],[8.481229,386662400],[8.573743,388399104],[8.596463,390774784],[8.678272,390782976],[8.760088,393080832],[8.786203,395124736],[8.93666,396484608],[9.057776,400531456],[9.242784,402829312],[9.271226,404492288],[9.348588,404840448],[9.413708,407105536],[9.515412,408141824],[9.554341,411660288],[9.558218,428535808],[9.978389,428855296],[10.060017,430501888],[10.060723,432463872],[10.17042,432898048],[10.312193,435351552],[10.312603,436232192],[10.558738,439394304],[10.653785,441868288],[10.790983,443944960],[10.930386,445227008],[11.014036,447668224],[11.069419,450646016],[11.202861,450650112],[11.44173,453791744],[11.541944,455852032],[11.716914,457744384],[11.743467,459882496],[11.870197,460464128],[11.911522,464175104],[12.04357,464318464],[12.150338,466350080],[12.378422,468664320],[12.450884,471420928],[12.541499,471642112],[12.59901,474116096],[12.681876,474382336],[13.042257,480002048],[13.07622,482234368],[13.313404,486346752],[13.331634,553525248],[13.354086,526258176],[13.354152,519966720],[13.459531,521957376],[13.674778,524075008],[13.70279,526921728],[13.750039,525639680],[13.757502,559198208],[14.575294,559144960],[14.576834,563204096],[14.61017,563388416],[14.612706,571592704],[14.66887,571650048],[14.673706,588369920],[14.718862,586792960],[14.71906,559140864],[15.084351,561238016],[15.089139,559140864],[15.693426,559144960],[16.740267,561242112],[16.826545,560504832],[16.830662,559144960],[17.830582,559149056],[17.832141,563208192],[18.048594,563281920],[18.049529,564781056],[18.128803,564776960],[18.128872,563339264],[18.735704,563355648],[18.774975,567205888],[18.871627,571412480],[18.926127,571424768],[18.976886,573513728],[18.987927,577720320],[18.993659,604979200],[19.269418,604999680],[19.334196,609198080],[19.3801,609202176],[19.406557,613396480],[19.466258,613400576],[19.466388,615497728],[19.519106,617607168],[19.645134,628531200],[19.853108,636235776],[19.853976,637284352],[20.337349,655486976],[20.364098,657559552],[20.505811,663400448],[20.513388,688123904],[20.524331,676044800],[20.577298,679309312],[20.85105,689721344],[20.880247,691789824],[21.045157,698445824],[21.045215,700547072],[21.23285,708141056],[21.454719,717791232],[21.531722,722706432],[21.607941,726011904],[21.785926,732291072],[21.846968,735387648],[21.848612,739581952],[21.894881,739598336],[22.093894,747024384],[22.190409,751173632],[22.191865,755310592],[22.260189,756482048],[22.579841,769708032],[22.739639,777170944],[22.741064,781332480],[22.78693,781336576],[22.984985,790458368],[23.111238,796987392],[23.112429,801185792],[23.160209,801202176],[23.307751,807858176],[23.86976,830681088],[24.241245,847736832],[24.387701,856334336],[24.435604,861073408],[24.501967,863584256],[24.514499,865914880],[24.587426,869117952],[24.768322,881278976],[24.769874,885473280],[24.811883,885485568],[25.022244,894676992],[25.213911,902017024],[25.216427,910405632],[25.30218,910426112],[25.47076,918011904],[25.68436,925212672],[25.808926,931000320],[25.942048,938094592],[25.99455,939540480],[25.99761,947957760],[26.090847,947974144],[26.256553,954114048],[26.449965,962297856],[26.644118,969928704],[26.654568,972566528],[26.739024,974544896],[26.902455,982204416],[26.973673,984317952],[27.107805,990171136],[27.108409,993320960],[27.145449,993337344],[27.238908,996757504],[27.370074,1005260800],[27.424296,1007423488],[27.426865,1015812096],[27.515324,1015832576],[27.596762,1019633664],[27.598878,1028030464],[27.70413,1028059136],[27.867729,1035120640],[27.874465,1039020032],[28.206528,1050935296],[28.24783,1054171136],[28.448245,1062674432],[28.749737,1074630656],[29.142975,1092419584],[29.38351,1101754368],[29.669282,1114800128],[29.803955,1119830016],[30.086432,1129394176],[30.194835,1134149632],[30.323927,1138466816],[30.494208,1145229312],[30.618984,1149419520],[30.910819,1161953280],[31.098085,1168756736],[31.154463,1171664896],[31.217858,1171673088],[31.26685,1174999040],[31.467015,1181216768],[31.473276,1197408256],[31.765299,1206620160],[31.768315,1223495680],[31.769801,1192480768],[32.258285,1205542912],[32.535896,1216069632],[32.537308,1219211264],[32.722014,1225814016],[32.727008,1222967296],[33.540541,1226928128],[33.55702,1230987264],[34.061941,1163874304],[34.069684,1134424064],[34.071241,1075781632],[34.102633,1074204672],[34.305684,1074184192],[34.306217,1046933504],[35.094337,1049030656],[35.098601,1046933504],[39.241413,1049030656],[39.242816,1063714816],[39.488314,1063776256],[39.489841,1076297728],[39.508468,1078398976],[39.511563,1109856256],[39.888531,1091334144],[39.892832,1046933504],[45.098301,1049030656],[45.101428,1046933504],[55.103317,1049030656],[55.108494,1046933504],[65.108364,1049030656],[65.11025,1046933504],[75.113347,1049030656],[75.115866,1046933504],[85.118332,1049030656],[85.123308,1048100864],[95.122369,1050198016],[95.127532,1048436736],[105.127358,1050533888],[105.128672,1048436736],[115.13239,1050533888],[115.159758,1048436736],[125.137332,1050533888],[125.139985,1048436736],[136.629364,1050533888],[136.630436,1061023744],[138.497663,1048436736],[139.074772,1050533888],[139.076158,1065218048],[139.151068,1065222144],[139.153328,1075703808],[139.324484,1079902208],[139.327518,1111359488],[139.359601,1113456640],[139.548605,1117655040],[139.55146,1132335104],[139.552366,1100873728],[139.744311,1105068032],[139.784534,1107169280],[139.790973,1172180992],[139.80931,1138622464],[139.864555,1140719616],[139.927131,1094578176],[139.927197,1073606656],[139.934681,1098002432],[139.934855,1072922624],[140.769287,1072779264],[140.776609,1062535168],[140.779296,1019625472],[140.823738,1015386112],[140.828137,934232064],[140.834701,846962688],[140.838455,751534080],[140.845575,671268864],[140.846887,623992832],[140.8514,579645440],[140.86145,381526016],[140.867203,297295872],[140.867323,94756864],[140.876227,24485888]],