{"summary":{"timestamp":1391991393,"hash":"35b4115ef8dc4d78559c492d7251235c17cdb4e7","max_memory":1397137408,"cpu_time":140.92,"pull_request":12126},"memory_data":[[0.003208,12288],[0.045159,421888],[0.061242,4984832],[0.103392,8863744],[0.259665,12476416],[0.331029,15675392],[0.44058,22278144],[0.574777,22933504],[0.690143,28590080],[1.105289,35672064],[1.158163,39931904],[1.32546,42700800],[1.353477,45314048],[1.403812,45371392],[1.426258,49229824],[1.460849,50675712],[1.49106,57589760],[1.530399,59899904],[1.558018,65777664],[1.607697,67497984],[1.633193,74383360],[1.708061,82698240],[1.737263,88215552],[1.769026,88813568],[1.817572,93171712],[1.84475,97804288],[1.881551,98656256],[1.927489,104206336],[1.987329,108843008],[2.074911,120446976],[2.107315,126386176],[2.206028,127123456],[2.237094,133382144],[2.390268,171810816],[2.526573,172269568],[2.610705,173801472],[2.87109,174841856],[3.098707,175091712],[3.359972,176766976],[3.637719,176930816],[3.6464,177586176],[3.92094,177774592],[4.171844,190296064],[4.281039,196702208],[4.427192,203976704],[4.540848,208719872],[4.555795,210288640],[4.753562,210313216],[4.910344,250470400],[5.799047,250593280],[5.894205,252715008],[5.910184,259006464],[5.978605,261111808],[5.978723,263208960],[6.072366,269500416],[6.141384,272105472],[6.290154,272277504],[6.460138,274718720],[6.564663,274939904],[6.766626,280150016],[6.947167,283353088],[7.043232,286060544],[7.156908,287670272],[7.251696,290197504],[7.301361,290328576],[7.571704,295366656],[7.667675,295739392],[7.861267,299175936],[7.990375,303538176],[8.06505,304623616],[8.220603,311930880],[8.331069,319307776],[8.462019,322973696],[8.485709,324407296],[8.590137,325570560],[8.760765,328744960],[9.077338,329531392],[9.796457,329658368],[9.92818,329822208],[9.963397,330739712],[10.15764,331259904],[10.757025,331788288],[10.762314,344272896],[10.895341,345137152],[11.298742,345587712],[11.300027,347160576],[11.372784,350257152],[11.493728,351211520],[11.495512,353288192],[11.57952,353374208],[11.782634,357838848],[11.800802,360546304],[11.891466,361607168],[11.949794,363454464],[12.342818,370331648],[12.436983,374304768],[12.584454,376844288],[12.636672,380096512],[12.668169,378179584],[12.794977,382193664],[12.803145,386375680],[12.998943,391290880],[13.091805,391802880],[13.380763,395898880],[13.382028,397848576],[13.496483,398213120],[13.61214,400134144],[13.787163,404946944],[13.80805,406736896],[13.892337,407203840],[13.96483,408842240],[13.966565,412954624],[14.14066,412966912],[14.342159,416284672],[14.348585,432791552],[14.358533,424656896],[14.592404,430120960],[14.59606,433061888],[14.656658,430260224],[14.818407,430264320],[14.881495,431173632],[14.881616,433270784],[14.998079,433053696],[15.08139,433868800],[15.140279,436076544],[15.197917,435781632],[15.374795,437792768],[15.696964,442351616],[15.733798,442195968],[15.931686,447631360],[15.965478,450260992],[16.311448,450568192],[16.376491,451788800],[16.380884,460177408],[16.716658,460947456],[16.912687,464171008],[17.161833,466661376],[17.436029,467910656],[17.471702,469000192],[17.626648,469716992],[17.728916,471834624],[17.877163,471883776],[18.082159,474562560],[18.22381,475623424],[18.253119,476790784],[18.266036,509964288],[18.285695,508985344],[18.286431,492912640],[18.406121,494440448],[18.698238,497053696],[18.800471,497520640],[18.951421,499900416],[19.034581,500211712],[19.091022,502116352],[19.136437,501817344],[19.184315,504311808],[19.342405,504328192],[19.515668,507068416],[19.582578,509136896],[19.653996,508694528],[19.918762,511344640],[20.038691,511655936],[20.128139,512856064],[20.224205,515506176],[20.27273,514895872],[20.535077,516714496],[20.592405,518340608],[20.741668,518680576],[20.866496,520929280],[20.986797,520957952],[21.069774,522043392],[21.139579,525377536],[21.145435,542359552],[21.245065,542609408],[21.945788,542687232],[21.996258,544186368],[22.105191,544546816],[22.106731,546455552],[22.319299,546951168],[22.595627,549416960],[22.596407,550285312],[23.071501,553447424],[23.290077,556224512],[23.492886,557289472],[23.563285,558239744],[23.769089,559144960],[23.934881,561717248],[24.028005,564584448],[24.272155,564588544],[24.476736,566763520],[24.707923,567844864],[24.892052,569913344],[25.093994,570732544],[25.212087,571813888],[25.283612,574447616],[25.353297,573898752],[25.497639,574550016],[25.564832,575975424],[25.565591,578310144],[25.807376,578465792],[25.942793,579371008],[26.008222,580739072],[26.164724,581021696],[26.442817,582909952],[26.547001,585035776],[26.73865,585953280],[26.847501,588333056],[27.007514,588615680],[27.258054,590471168],[27.298164,591872000],[27.404075,591695872],[27.51199,593248256],[27.679862,594112512],[27.74371,596410368],[27.813397,596566016],[28.089751,600317952],[28.115033,667426816],[28.151079,666525696],[28.151181,633868288],[28.32429,635531264],[28.797858,638320640],[28.848603,640450560],[28.939518,640024576],[28.947569,673431552],[29.811285,673398784],[30.369131,673521664],[30.422341,673910784],[30.425455,677974016],[30.474673,678146048],[30.477874,686469120],[30.557499,686559232],[30.563106,703266816],[30.633504,702308352],[30.633957,674226176],[33.330295,674336768],[34.269989,674672640],[35.225538,674676736],[35.227288,678735872],[35.445746,678748160],[35.446669,680308736],[35.528181,678866944],[36.048565,678916096],[36.129489,680574976],[36.279952,681619456],[36.377441,681627648],[36.438035,682921984],[36.439537,685293568],[36.611058,689496064],[36.707233,689508352],[36.788967,691126272],[36.790452,693702656],[36.848067,693972992],[36.856759,723304448],[36.933843,723488768],[36.93492,725585920],[37.158592,726331392],[37.38771,726347776],[37.420524,728444928],[37.501417,730546176],[37.587467,730722304],[37.590363,732819456],[37.654474,734941184],[37.736884,734945280],[37.742168,737042432],[37.851928,739147776],[37.953722,744058880],[38.111798,750600192],[38.41262,756998144],[38.49471,759541760],[38.683093,763408384],[38.831609,767492096],[38.97678,769191936],[39.414686,778416128],[39.463438,780496896],[39.670015,784908288],[39.722014,786579456],[39.729364,809656320],[39.749065,811261952],[39.749265,799162368],[39.783699,802426880],[39.842272,802435072],[40.341028,812785664],[40.342533,814833664],[40.392678,814858240],[41.110993,830337024],[41.340578,835739648],[41.486718,840384512],[41.520478,842448896],[41.676519,848580608],[41.843081,853655552],[41.909898,856662016],[41.911539,860839936],[41.956526,860848128],[42.278866,872325120],[42.283618,877285376],[42.347896,877301760],[42.558628,884944896],[42.885907,898277376],[42.88751,902447104],[42.944808,902459392],[43.057276,907321344],[43.400498,915492864],[43.529199,919298048],[43.531604,923402240],[43.623771,923414528],[43.832656,927821824],[43.869545,929398784],[44.26356,937984000],[44.267247,938606592],[44.594719,945238016],[44.846548,950743040],[45.406332,963629056],[45.446624,965132288],[45.646082,969871360],[45.722991,972726272],[45.833683,975511552],[46.037804,982069248],[46.047756,983666688],[46.131398,985354240],[46.215612,990150656],[46.315969,992768000],[46.318465,996884480],[46.394398,996904960],[46.546991,1001242624],[46.587898,1003470848],[46.898465,1011265536],[47.044475,1014161408],[47.192507,1017942016],[47.518293,1024667648],[47.521719,1033060352],[47.689575,1033072640],[47.889029,1037627392],[48.029889,1041408000],[48.438007,1048903680],[48.642839,1054228480],[48.785085,1059151872],[48.948545,1062531072],[48.951861,1070850048],[49.13129,1070878720],[49.207314,1072881664],[49.507654,1079160832],[49.50926,1081180160],[49.568054,1081184256],[49.766258,1086111744],[50.318107,1098199040],[50.518511,1102893056],[50.625361,1106051072],[50.747761,1108078592],[50.903224,1111609344],[50.9043,1114759168],[50.98013,1115521024],[51.236075,1121144832],[51.338232,1124454400],[51.373654,1127370752],[51.383055,1132494848],[51.484113,1137311744],[51.486918,1145630720],[51.58903,1145659392],[51.66994,1148727296],[51.672423,1157079040],[51.860107,1157115904],