{"summary":{"timestamp":1360254729,"hash":"37a610a7d9506764141997fef746d528ed529bfc","max_memory":1173712896,"cpu_time":77.8,"pull_request":4831},"memory_data":[[0.003527,8192],[0.011483,2895872],[0.128326,4710400],[0.342314,12103680],[0.575345,19681280],[0.849672,29192192],[1.206704,52518912],[1.702067,84029440],[1.723389,84680704],[1.835682,105472000],[1.994434,133898240],[2.141029,159453184],[2.583635,159469568],[2.619449,165752832],[2.748027,173338624],[2.82197,181805056],[2.920155,187232256],[2.971511,194347008],[3.02394,198557696],[3.18549,202928128],[3.353577,211644416],[3.402495,216076288],[3.536528,221581312],[3.693062,230170624],[3.988033,249810944],[4.042088,255098880],[4.095292,255234048],[4.176959,279326720],[4.179871,283537408],[4.202707,281436160],[4.26629,302768128],[4.386372,303919104],[4.406703,313819136],[4.464597,314470400],[4.478118,323141632],[4.510539,324227072],[4.523957,339087360],[4.63665,339488768],[4.64366,340480000],[4.79525,340447232],[4.833825,346173440],[5.157844,349622272],[5.32144,351019008],[5.325746,353079296],[5.549763,353083392],[5.896041,356265984],[5.90559,360435712],[6.313395,360448000],[6.315711,361484288],[6.431693,361488384],[6.671976,363728896],[6.943283,367095808],[6.962957,375480320],[7.075406,375525376],[7.102324,376598528],[7.109651,380768256],[7.13535,381104128],[7.152819,389484544],[7.197413,389488640],[7.260007,392073216],[7.272799,399540224],[7.521404,406745088],[7.64565,407408640],[7.664065,408563712],[7.861537,410152960],[8.028692,412041216],[8.032598,413126656],[8.135336,413163520],[8.284901,414715904],[8.561319,416129024],[8.592137,417107968],[8.79567,418095104],[8.801756,420126720],[9.079288,420151296],[9.374754,422158336],[9.669057,426647552],[9.996378,427950080],[10.076003,429527040],[10.089107,433586176],[10.420827,433651712],[10.85626,437764096],[11.075894,437923840],[11.227554,439148544],[11.657218,441282560],[11.74903,444940288],[12.01557,445054976],[12.19487,445693952],[12.440335,447557632],[12.766534,448655360],[12.959974,448888832],[13.170579,450187264],[13.196285,450826240],[13.388483,451399680],[13.525194,452333568],[13.551394,460709888],[14.643277,460787712],[14.683438,461582336],[14.846212,461602816],[15.07453,462962688],[15.225562,464384000],[15.228739,465408000],[15.496382,465780736],[15.768884,467570688],[15.835316,468463616],[16.021195,469274624],[16.360191,470061056],[16.380984,470999040],[16.596504,471789568],[16.661158,473427968],[17.102675,474558464],[17.184878,475324416],[17.404965,476119040],[17.442464,477306880],[17.72292,477736960],[17.950799,479072256],[18.284085,479739904],[18.533925,480657408],[18.695017,482574336],[18.867368,482852864],[19.059997,484220928],[19.160975,485511168],[19.337806,485752832],[19.465504,487211008],[19.528825,488935424],[19.79488,489472000],[20.035472,491282432],[20.144908,491294720],[20.321985,492941312],[20.518486,493428736],[20.557623,494067712],[20.590244,497963008],[20.625608,498765824],[20.636788,502960128],[20.710794,504561664],[20.735332,512954368],[21.296901,513007616],[21.407242,516042752],[21.593865,516145152],[21.726333,517099520],[21.729222,519426048],[22.154185,519634944],[22.452569,522842112],[22.917034,523198464],[23.114735,523608064],[23.178607,524820480],[23.30247,525406208],[23.3042,534601728],[23.326303,537096192],[23.449544,537268224],[23.509953,541659136],[23.601812,541671424],[23.703781,545927168],[23.704692,549269504],[23.752944,550825984],[23.760047,559218688],[23.803228,555098112],[23.80454,563408896],[24.073904,563412992],[24.111361,566640640],[24.177633,567832576],[24.178822,572026880],[24.246578,573812736],[24.553057,587534336],[24.613716,591024128],[24.813854,596570112],[24.989178,599154688],[25.071962,601755648],[25.257316,605896704],[25.258458,610091008],[25.454787,613679104],[25.690449,620396544],[25.697407,628727808],[25.741558,628985856],[25.742755,637116416],[25.79154,637120512],[26.07436,639217664],[26.208915,639279104],[26.26735,643211264],[26.27788,649760768],[26.353252,652099584],[26.539818,656244736],[26.814636,664805376],[26.815166,666902528],[27.043589,674422784],[27.223265,678535168],[27.365417,683139072],[27.807657,694669312],[28.070162,701939712],[28.179925,705703936],[28.501468,715493376],[28.65031,716468224],[28.850766,722309120],[28.875065,723894272],[29.060813,730873856],[29.254612,736112640],[29.454318,740954112],[29.487792,741064704],[29.721305,747802624],[29.722603,749899776],[29.93477,756326400],[30.067502,758882304],[30.151533,762580992],[30.320281,767123456],[30.355893,767299584],[30.439551,770654208],[30.514537,770928640],[30.767988,776024064],[30.865764,779075584],[30.884635,781258752],[31.262547,792539136],[31.507434,798363648],[31.560618,799047680],[31.561122,801144832],[31.721802,805068800],[31.864945,807735296],[32.026064,811446272],[32.148455,815206400],[32.262568,817180672],[32.264919,821391360],[32.346879,823894016],[32.427658,824537088],[32.62524,830492672],[32.792898,831938560],[32.979162,837136384],[32.986138,839233536],[33.039286,839237632],[33.147001,842604544],[33.147608,844701696],[33.357018,849756160],[33.514058,854970368],[33.762308,861065216],[33.90639,865763328],[34.060244,868950016],[34.109624,871137280],[34.289222,875151360],[34.342368,877105152],[34.521874,880635904],[34.727665,886616064],[34.743991,888147968],[34.880359,891961344],[34.951283,893153280],[35.06362,896757760],[35.274252,900546560],[35.385397,903741440],[35.551353,906825728],[35.744227,912338944],[35.746401,914796544],[35.81307,916443136],[35.839171,921415680],[36.126954,930238464],[36.154173,933474304],[36.224531,933482496],[36.348989,937840640],[36.717195,947093504],[36.75429,948654080],[36.79717,960360448],[37.111014,969621504],[37.122461,970465280],[37.362313,976998400],[37.454723,980058112],[37.557146,982040576],[37.874433,990859264],[37.881214,992927744],[37.941622,992935936],[38.01524,994836480],[38.015619,996933632],[38.199854,1002573824],[38.319312,1005477888],[38.340055,1007710208],[38.433886,1011064832],[38.566279,1013555200],[38.745134,1018400768],[39.047633,1027358720],[39.062772,1027362816],[39.357235,1035948032],[39.357655,1036996608],[39.530273,1040359424],[39.781186,1047035904],[40.024872,1055383552],[40.069955,1057935360],[40.174087,1061240832],[40.21307,1064607744],[40.233073,1072099328],[40.372661,1075113984],[40.445286,1081335808],[40.633958,1083088896],[40.634561,1084149760],[41.229366,1087774720],[41.237663,1084547072],[41.502925,1083977728],[41.503382,996462592],[41.6572,996827136],[41.726997,999755776],[43.646426,999845888],[43.669785,1000222720],[44.557814,1000398848],[44.560419,1017004032],[44.72092,1019973632],[44.721793,1022074880],[44.772965,1023148032],[44.780053,1090256896],[44.802852,1074151424],[44.812313,1073692672],[44.816192,1086169088],[45.252367,1084936192],[45.260076,1042362368],[45.260561,1000353792],[45.891219,1000611840],[47.933121,1000734720],[49.661945,1000763392],[49.862876,1001070592],[61.25884,1001091072],[61.258924,1001156608],[68.846345,1003253760],[68.850048,1019854848],[73.078309,1019867136],[123.286528,1020059648],[123.289726,1052143616],[123.301408,1052844032],[123.301852,1036779520],[130.956528,1036783616],[132.293863,1036853248],[132.687887,1037000704],[132.703006,1042825216],[132.715554,1036857344],[132.772897,1036898304],[132.774146,1040920576],[132.859534,1040990208],[132.869428,1059889152],[132.999213,1061896192],[132.999852,1063993344],[133.086937,1066094592],[133.087504,1072390144],[133.138392,1072599040],[133.140443,1082916864],[133.266699,1085014016],[133.27542,1087115264],[133.280283,1135349760],[133.297934,1152126976],[133.438377,1152126976],[133.438651,1154224128],[133.560114,1154228224],[133.561494,1156321280],[133.684056,1156325376],[133.696034,1173102592],[133.696855,1158553600],[133.819657,1160650752],[133.915825,1152126976],[133.915983,1139671040],[133.932963,1072558080],[133.935326,1055891456],[133.943287,1076256768],[133.943384,1055371264],[135.426765,1055125504],[135.427149,1046716416],[135.527607,1046548480],[135.528586,