{"summary":{"timestamp":1367932002,"hash":"38a6a7a394fa55235ff0b3cab4d0903d7ba5a5a3","max_memory":1451143168,"cpu_time":116.88,"pull_request":6276},"memory_data":[[0.001678,8192],[0.006811,8232960],[0.116285,12115968],[0.355477,15269888],[0.69571,17399808],[0.699319,21872640],[0.728501,19283968],[0.849749,19283968],[0.890932,21123072],[0.984436,22048768],[1.483312,24834048],[1.558945,25501696],[1.564205,35098624],[1.60822,34537472],[1.608372,29773824],[1.824081,29806592],[1.97637,30699520],[2.10006,32243712],[2.169855,34566144],[2.272612,35405824],[2.347172,37380096],[2.576671,37941248],[2.864829,39333888],[3.432899,41193472],[3.439523,52707328],[3.490039,50860032],[3.490214,45350912],[6.121755,45355008],[6.2059,45486080],[6.228132,48287744],[6.232142,55713792],[6.277193,55721984],[6.284068,48586752],[8.51169,48586752],[9.115234,48930816],[9.870447,49549312],[9.888137,59785216],[9.939934,59019264],[9.940086,52658176],[10.487799,52391936],[10.712378,53145600],[10.719374,54616064],[10.89673,54648832],[10.902067,64397312],[11.13223,64397312],[11.296606,62435328],[11.296708,59953152],[11.386349,59961344],[11.387657,61431808],[11.649685,62955520],[11.717023,64757760],[11.923267,66314240],[12.110093,69345280],[12.11071,70684672],[12.327156,71503872],[12.481229,73146368],[12.609598,73244672],[12.784414,74629120],[12.787544,78655488],[12.824531,76890112],[13.158911,77828096],[13.161896,81416192],[13.190826,78004224],[13.273683,78872576],[13.276779,80187392],[13.434361,80445440],[13.611957,83058688],[13.810006,84742144],[13.813332,89051136],[13.851175,88170496],[13.851334,85172224],[13.971347,86122496],[13.973801,89686016],[14.00475,86380544],[14.068146,87613440],[14.290691,90234880],[14.724534,91631616],[14.796411,93081600],[14.799522,97062912],[14.832301,96628736],[14.832528,91930624],[14.888792,92348416],[14.977969,114192384],[15.190192,163000320],[15.28722,186384384],[15.500304,235188224],[15.549482,236032000],[15.659156,242622464],[15.764205,252207104],[15.847794,257495040],[15.896341,263598080],[15.982569,269864960],[16.096633,270974976],[16.190013,274653184],[16.242737,278073344],[16.355858,283455488],[16.408519,288280576],[16.542862,294588416],[16.595795,298106880],[16.745198,305233920],[16.918813,316739584],[17.046645,324571136],[17.110918,330428416],[17.208568,355749888],[17.414186,407072768],[17.473891,422531072],[17.579392,422699008],[17.614627,431919104],[17.631656,432189440],[17.634589,450019328],[17.650995,448704512],[17.651071,441102336],[17.688223,441806848],[17.694344,477462528],[17.726129,477458432],[17.726223,459632640],[17.801325,461008896],[17.8162,532320256],[17.880287,531857408],[17.880372,496664576],[18.015282,499027968],[18.033457,512770048],[18.048512,518012928],[18.052294,534794240],[18.056949,520245248],[18.062418,541446144],[18.062501,520531968],[18.098049,521453568],[18.116943,530518016],[18.120317,538632192],[18.153792,539762688],[18.164447,559599616],[18.30095,560590848],[18.641195,561156096],[18.670073,567554048],[19.009422,567750656],[19.010345,570347520],[19.320284,570507264],[19.321848,575590400],[19.986108,577687552],[19.987741,586080256],[21.133101,588177408],[21.13753,586080256],[21.635389,588185600],[21.639895,607055872],[21.660398,591228928],[22.145207,591962112],[22.151462,593199104],[22.335776,593334272],[22.366797,597553152],[22.368456,601657344],[22.399013,603758592],[22.400681,610050048],[22.464721,610181120],[22.469361,626827264],[22.591516,627245056],[22.611069,629043200],[22.791324,629047296],[23.086308,630124544],[23.37626,633749504],[23.651169,635781120],[24.202928,638226432],[24.203818,640311296],[24.437816,640413696],[24.737816,643342336],[25.056229,644214784],[25.073581,644837376],[25.349986,645885952],[25.575604,648085504],[25.576828,652193792],[26.16293,652324864],[26.344749,653701120],[26.959573,655626240],[27.023786,656318464],[27.2683,656580608],[27.453491,657424384],[27.45391,658411520],[27.823345,659144704],[28.004991,660389888],[28.139305,660488192],[28.380902,661688320],[28.381316,662712320],[28.566948,662876160],[28.567744,664285184],[28.916536,664592384],[29.618963,667869184],[29.641706,669966336],[29.644068,676257792],[30.719859,676397056],[30.720774,678821888],[31.131657,678850560],[31.287312,680054784],[31.499333,680075264],[31.709031,681033728],[32.241675,682082304],[32.284037,684437504],[32.511852,684511232],[32.763519,685940736],[33.027631,687968256],[34.046057,691503104],[34.047741,694530048],[34.294092,694603776],[34.358646,695095296],[34.382634,698998784],[34.425645,699088896],[34.427671,704241664],[34.562722,706420736],[34.566018,714727424],[34.696262,716906496],[34.697605,723197952],[34.795291,723374080],[35.852397,723451904],[35.853729,723623936],[36.845935,725803008],[36.849658,723755008],[39.030556,723759104],[39.136568,725413888],[39.231551,725544960],[39.342167,727928832],[39.348076,732123136],[39.390753,732524544],[39.395436,736284672],[39.5008,736419840],[39.569852,738516992],[39.584138,742711296],[39.62135,744808448],[39.704926,744812544],[39.739356,748949504],[39.88693,757338112],[39.913155,765726720],[39.974072,769921024],[40.019993,769925120],[40.122179,776216576],[40.279756,784756736],[40.32451,787996672],[40.325427,792190976],[40.458997,797257728],[40.575923,799621120],[40.643569,802680832],[40.742604,804433920],[40.829408,807325696],[40.830169,809422848],[40.930285,811847680],[41.127522,819273728],[41.128591,823468032],[41.287354,828825600],[41.325451,829157376],[41.468069,833691648],[41.468577,835788800],[41.570319,839118848],[41.570958,841216000],[41.670468,845262848],[41.706397,847749120],[41.718957,856158208],[41.734233,856530944],[41.746787,864927744],[41.89167,868655104],[41.992148,872218624],[42.141547,878583808],[42.284388,883515392],[42.284811,885612544],[42.574013,895205376],[42.844254,905711616],[42.904475,907354112],[43.132783,915914752],[43.267384,921460736],[43.273713,925786112],[43.329995,927854592],[43.330936,932048896],[43.518135,939520000],[43.707784,944496640],[43.771206,946950144],[43.94586,949153792],[44.081893,953507840],[44.082319,955604992],[44.217775,960827392],[44.375501,967950336],[44.485664,970412032],[44.586822,974143488],[44.632694,974721024],[44.886729,984014848],[44.887962,988209152],[45.044398,994312192],[45.082704,995065856],[45.180194,999976960],[45.370371,1006456832],[45.631054,1012953088],[45.713939,1016336384],[45.818711,1018843136],[45.989032,1025912832],[46.166894,1032179712],[46.167762,1035325440],[46.269213,1036435456],[46.269978,1038532608],[46.547081,1046769664],[46.547916,1048866816],[46.702055,1054203904],[46.793581,1056141312],[46.796278,1060360192],[46.964117,1065414656],[47.081004,1070133248],[47.197678,1071734784],[47.3437,1076232192],[47.463351,1080745984],[47.61145,1085259776],[47.612493,1087283200],[47.680654,1088507904],[47.847249,1094828032],[48.311951,1110986752],[48.371012,1113907200],[48.526174,1117999104],[48.631751,1122230272],[48.64821,1124536320],[48.761243,1128271872],[48.921488,1135230976],[48.924668,1151610880],[49.001056,1152905216],[49.405908,1167605760],[49.439819,1168117760],[49.706556,1177681920],[49.70764,1181876224],[49.767968,1183350784],[49.802019,1188270080],[50.042107,1195216896],[50.115064,1198260224],[50.115157,1200357376],[50.405633,1208074240],[50.587783,1214414848],[50.619253,1223680000],[50.842907,1230987264],[50.85777,1234137088],[51.088811,1241899008],[51.107041,1241907200],[51.340714,1248862208],[51.396726,1251012608],[51.583458,1256034304],[51.74121,1261834240],[51.742634,1263931392],[51.793933,1264234496],[51.89972,1267761152],[51.900865,1271955456],[52.128314,1280401408],[52.176116,1281363968],[52.364116,1289056256],[52.572038,1296568320],[52.701766,1300434944],[52.702424,1302532096],[52.859576,1307865088],[53.075144,1315823616],[53.156532,1319661568],[53.163471,1323995136],[53.306239,1329803264],[53.407628,1333125120],[53.411963,1339428864],[53.44647,1340715008],[53.45397,1344995328],[53.498436,1350545408],[53.51179,1357168640],[53.622583,1359990784],[53.625663,1364213760],