{"summary":{"timestamp":1375242378,"hash":"38d62feec1e65ba5ed57235355053782ca15b5ff","max_memory":1415118848,"cpu_time":150.63,"pull_request":8111},"memory_data":[[0.003013,4096],[0.060597,860160],[0.09526,5316608],[0.199044,5386240],[0.390607,10858496],[0.603318,11370496],[0.704777,12177408],[0.79502,16228352],[1.058186,22118400],[1.196884,24436736],[1.197196,26648576],[1.246923,26931200],[1.247419,29192192],[1.473275,32251904],[1.602678,61448192],[1.643025,75694080],[1.693548,81289216],[1.708053,86532096],[1.749396,94240768],[1.802857,112898048],[1.825988,113602560],[1.85335,123031552],[1.872019,123494400],[1.926893,136953856],[1.947125,143994880],[1.973162,144105472],[1.994345,149790720],[2.041249,157495296],[2.178339,188841984],[2.196283,190595072],[2.257468,204120064],[2.276174,210755584],[2.326987,214454272],[2.384388,229564416],[2.393587,228810752],[2.421298,239603712],[2.449894,239607808],[2.581397,291520512],[2.645528,318103552],[2.848786,399319040],[2.860492,400072704],[2.922837,412872704],[3.01298,436682752],[3.080512,450265088],[3.127643,463478784],[3.188073,477818880],[3.218863,480837632],[3.312055,499978240],[3.378848,512589824],[3.421865,524623872],[3.4826,535965696],[3.573172,557428736],[3.633039,569577472],[3.762425,601165824],[3.860952,621813760],[3.906745,634716160],[4.064894,699756544],[4.378207,829739008],[4.465668,865079296],[4.491918,865177600],[4.698108,950124544],[4.959091,1059524608],[5.046265,1094717440],[5.208345,1164521472],[5.492628,1288704000],[5.581674,1327050752],[6.342781,1327177728],[6.487567,1329278976],[6.497893,1398484992],[6.635655,1399918592],[6.680346,1402671104],[6.805131,1406373888],[6.94215,1407250432],[7.19709,1407569920],[9.272594,1407741952],[9.356274,1408872448],[9.806932,1409093632],[9.873397,1409470464],[20.104339,1409540096],[20.104743,1409650688],[21.348346,1409708032],[21.351036,1409990656],[22.233057,1409994752],[22.721566,1410134016],[24.078489,1410220032],[24.334784,1410330624],[26.125311,1410408448],[26.242907,1411866624],[26.363663,1412509696],[26.674818,1412796416],[27.441743,1411743744],[34.311453,1411833856],[34.545745,1412411392],[34.55031,1414565888],[37.307681,1414619136],[38.050728,1414705152],[38.866457,1393729536],[38.866541,1343397888],[39.060908,1343275008],[39.064145,1284624384],[39.066739,1284415488],[39.070795,1217826816],[39.073543,1216974848],[39.077454,1151193088],[39.083292,1111285760],[39.204891,1113223168],[39.286584,1116340224],[41.401518,1116418048],[41.458793,1117487104],[45.032279,1117667328],[46.332305,1117696000],[46.36676,1117876224],[47.192544,1117966336],[150.173017,1117970432],[150.30988,1118658560],[150.370497,1121353728],[150.413114,1121562624],[152.091283,1121603584],[220.75415,1121607680],[221.828368,1121619968],[221.901389,1124233216],[221.931725,1126858752],[222.002879,1128960000],[222.0987,1129005056],[222.169007,1131683840],[222.205679,1135050752],[222.239342,1135017984],[222.286069,1140457472],[222.415363,1148792832],[222.446999,1157464064],[222.530065,1157160960],[222.530151,1154846720],[223.833424,1154306048],[223.833991,1142067200],[223.866232,1150287872],[223.868514,1142083584],[223.885011,1146880000],[223.905628,1162461184],[223.987096,1162878976],[224.026271,1166868480],[224.069078,1166925824],[224.141249,1175252992],[224.144066,1182568448],[224.159581,1182617600],[224.175312,1192218624],[224.202743,1198292992],[224.251245,1199030272],[224.252169,1168060416],[224.262638,1145569280],[224.355667,1145028608],[224.396554,1141825536],[224.397611,1095827456],[224.401568,1055916032],[224.402387,1016381440],[224.414306,817766400],[224.423473,698138624],[224.426891,619151360],[224.431039,579334144],[224.43448,500371456],[224.438733,459747328],[224.439656,420536320],[224.451668,260898816],[224.455248,180105216],[224.459983,137519104],[224.463563,70729728],[224.466147,66646016]],"pass_timing":[["parsing",0.913],["std macros injection",0.004],["configuration 1",0.465],["expansion",1.052],["configuration 2",0.559],["maybe building test harness",0.58],["std injection",0.781],["ast indexing",0.42],["external crate/lib resolution",0.305],["language item collection",0.073],["resolution",2.035],["looking for entry point",0.025],["freevar finding",0.109],["region resolution",0.168],["region parameterization inference",0.07],["type collecting",0.172],["coherence checking",0.291],["type checking",11.532],["const marking",1.087],["const checking",0.047],["privacy checking",0.239],["effect checking",0.066],["loop checking",0.037],["compute moves",1.046],["match checking",0.207],["liveness checking",0.254],["borrow checking",1.236],["kind checking",0.154],["reachability checking",0.067],["lint checking",0.336],["translation",12.236],["LLVM passes",184.753],["linking",0.425]]}