{"summary":{"timestamp":1363230232,"hash":"3cee6763d1acc14b8e46117766730ca3a07dbf6b","max_memory":1288011776,"cpu_time":94.58,"pull_request":5336},"memory_data":[[0.003204,8192],[0.011101,3084288],[0.197852,7860224],[0.54868,19525632],[0.900032,31731712],[1.181631,40738816],[1.522964,52600832],[2.45212,82608128],[2.599042,127586304],[2.809682,225816576],[2.868812,230313984],[2.938584,233201664],[3.055124,243388416],[3.150283,248586240],[3.217742,256311296],[3.274244,260198400],[3.443426,264384512],[3.611555,272166912],[3.673876,277073920],[3.819941,282357760],[3.981861,290639872],[4.005021,292970496],[4.087353,296792064],[4.173767,302534656],[4.320689,310308864],[4.374817,315637760],[4.424913,315645952],[4.47707,327573504],[4.490824,328617984],[4.539459,339701760],[4.54228,343904256],[4.571113,341803008],[4.667356,363872256],[4.67253,372273152],[4.714207,371286016],[4.731832,376025088],[4.735584,368930816],[4.883155,370257920],[4.904151,380170240],[4.9853,381796352],[4.998859,390529024],[5.033591,391581696],[5.047178,406966272],[5.151478,408092672],[5.275928,407646208],[5.573552,408121344],[5.609014,412573696],[5.953593,417406976],[5.957771,419504128],[6.088561,419508224],[6.414394,422768640],[6.423381,426921984],[6.793928,426979328],[6.796063,427970560],[6.903025,427974656],[7.178757,430682112],[7.429818,433717248],[7.447725,442109952],[7.590112,442253312],[7.607315,447447040],[7.630363,448233472],[7.647289,456626176],[7.696688,458194944],[7.700355,466591744],[7.73141,466599936],[7.733002,474980352],[7.808229,476266496],[7.937302,476614656],[8.039705,480116736],[8.150809,480841728],[8.169169,482222080],[8.322496,482398208],[8.489993,483287040],[8.7192,485416960],[8.72174,486387712],[8.838277,486395904],[9.200637,489701376],[9.378119,490725376],[9.400548,493449216],[9.616275,493457408],[9.66878,494030848],[9.917768,494751744],[10.057616,496287744],[10.173868,496467968],[10.377608,498171904],[10.69393,502824960],[10.706034,507011072],[11.14784,507121664],[11.491167,508710912],[11.579568,511049728],[11.727803,511995904],[12.092067,515100672],[12.295714,515231744],[12.548941,517169152],[12.759017,518336512],[13.150314,519933952],[13.251992,524046336],[13.533764,523816960],[13.667373,524447744],[13.692449,532815872],[14.930687,532856832],[15.121002,534167552],[15.397747,535527424],[15.494057,536805376],[15.663957,537141248],[15.925196,539164672],[16.217784,540225536],[16.264794,541175808],[16.507671,542461952],[16.611231,542470144],[16.676986,543744000],[16.794086,543875072],[16.798908,545030144],[16.986232,545062912],[17.138786,545943552],[17.190071,547258368],[17.286546,547409920],[17.399537,548683776],[17.693947,549453824],[17.799993,550465536],[18.230408,552624128],[18.251746,553164800],[18.472288,553381888],[18.643391,554106880],[18.668303,555069440],[18.911979,556027904],[18.991306,557531136],[19.272287,558813184],[19.524764,559357952],[19.576533,559915008],[19.85254,560820224],[19.898059,562397184],[20.276676,562622464],[20.310211,563396608],[20.514032,563417088],[20.59792,564117504],[20.924709,564830208],[21.216685,565952512],[21.405933,568111104],[21.575838,568274944],[21.924509,571027456],[21.983803,571875328],[21.987719,580227072],[22.03047,580272128],[22.032022,588615680],[22.649491,588759040],[23.973599,588820480],[24.022058,589529088],[24.044632,593072128],[24.07927,593866752],[24.089255,598065152],[24.164973,599654400],[24.18752,608047104],[25.405354,608210944],[25.463861,608841728],[25.635454,608845824],[26.015277,610480128],[26.015767,611516416],[26.113167,612093952],[26.312995,612245504],[26.369707,613953536],[26.594668,614686720],[26.597087,617029632],[26.928271,617172992],[27.25174,621023232],[27.789033,621195264],[27.868365,622604288],[28.011067,623423488],[28.074903,627142656],[28.076742,637632512],[28.199772,637837312],[28.322899,644128768],[28.328967,648323072],[28.517732,650301440],[28.635922,656187392],[28.726179,658907136],[28.739337,665628672],[28.835888,668774400],[28.836624,670871552],[28.919778,672636928],[29.061971,678899712],[29.070628,680480768],[29.273573,688783360],[29.277404,693149696],[29.416324,698580992],[29.521132,700862464],[29.719834,702148608],[29.782751,704008192],[29.852582,704217088],[29.925222,706883584],[30.2114,711954432],[30.211907,714051584],[30.420266,716607488],[30.522971,718815232],[30.737755,724791296],[30.738873,728985600],[30.849249,731348992],[30.957198,734720000],[31.060343,735019008],[31.124018,736874496],[31.194624,737116160],[31.298875,740450304],[31.352704,741158912],[31.353513,743256064],[31.474474,745021440],[31.581083,748355584],[31.611548,753475584],[31.62132,760004608],[31.71092,762793984],[31.834663,764735488],[32.186118,774946816],[32.217797,774950912],[32.506138,784642048],[32.749079,789270528],[33.109338,800206848],[33.27571,803241984],[33.524831,810016768],[33.655198,812810240],[33.657314,817016832],[33.690979,818069504],[33.721026,825249792],[34.151716,838356992],[34.242358,839086080],[34.347644,842338304],[34.519369,842780672],[34.681451,843866112],[34.857945,849186816],[34.86907,852377600],[35.093241,860090368],[35.167114,861388800],[35.307339,865529856],[35.392958,866209792],[35.567265,870871040],[35.636187,870879232],[35.76005,873844736],[35.967155,880029696],[35.967515,882126848],[36.168116,888156160],[36.28541,888942592],[36.474437,895905792],[36.543618,896090112],[36.616985,898535424],[36.72869,899072000],[36.761677,900317184],[36.892648,901427200],[37.035006,905125888],[37.100937,905211904],[37.204231,908406784],[37.239996,910585856],[37.564369,920588288],[37.596897,920592384],[37.855847,927019008],[37.942632,927719424],[37.977542,930914304],[38.067945,931241984],[38.138156,933285888],[38.144277,935378944],[38.255354,935690240],[38.256239,941674496],[38.346866,941678592],[38.439786,943718400],[38.440106,945815552],[38.542835,947101696],[38.663566,950956032],[38.821604,952823808],[38.823512,957038592],[38.905775,959590400],[38.977491,959856640],[39.038337,961744896],[39.103558,961822720],[39.248117,966496256],[39.461928,967311360],[39.551309,968151040],[39.551662,970248192],[39.612574,971186176],[39.90744,980226048],[40.011674,981422080],[40.146295,984657920],[40.297099,989577216],[40.423807,991707136],[40.545453,994541568],[40.701029,999260160],[40.829812,1002360832],[40.905399,1002762240],[40.995708,1006051328],[41.027425,1006055424],[41.155596,1010221056],[41.156565,1012273152],[41.389188,1013567488],[41.612331,1020096512],[41.707691,1023442944],[41.89655,1026486272],[42.016116,1030598656],[42.102749,1032253440],[42.237059,1033375744],[42.399412,1037381632],[42.562198,1039773696],[42.727335,1044762624],[42.72916,1047220224],[42.793519,1048731648],[42.82229,1055977472],[42.928502,1059205120],[43.227682,1066770432],[43.356696,1071058944],[43.834939,1080963072],[43.882945,1083002880],[43.917104,1092325376],[44.445651,1106890752],[44.567544,1110638592],[44.707217,1113255936],[45.060069,1122676736],[45.243693,1126576128],[45.247872,1128673280],[45.374758,1132556288],[45.489682,1134858240],[45.620262,1138634752],[45.65794,1140867072],[45.764547,1144397824],[45.934605,1146703872],[46.167651,1154056192],[46.441661,1162244096],[46.583471,1165291520],[46.62711,1171587072],[46.706078,1171603456],[46.826558,1174360064],[46.919949,1177980928],[46.985822,1178071040],[47.251965,1183498240],[47.587742,1194201088],[47.692133,1198653440],[47.696758,1204998144],[47.738535,1206259712],[47.745165,1210585088],[47.782291,1211707392],[47.809688,1221042176],[47.943616,1223606272],[48.017642,1229848576],[48.11525,1231646720],[48.341872,1233547264],[48.343581,1238056960],[48.599018,1239953408],[48.815603,1237835776],[48.817193,1230761984],[49.124911,1104928768],[49.124991,1102831616],[49.257776,1103093760],[49.335751,1106194432],[51.969365,1106288640],[51.971888,1106554880],[52.827391,1108652032],[52.829672,1123332096],[52.9435,1123422208],[52.944419,1125335040],[53.036724,1127325696],[53.040695,1133666304],[53.047389,1200779264],[53.074722,1200869376],[53.076297,1207160832],[53.352409,