{"summary":{"timestamp":1376530149,"hash":"3dde8e0f29a11b4ec77c62a654f35aeb759db3cd","max_memory":1946324992,"cpu_time":null,"pull_request":8480},"memory_data":[[0.001533,4096],[0.048746,32768],[0.108777,6115328],[0.253486,8351744],[0.329569,11304960],[0.627297,15216640],[0.647667,17993728],[0.709245,18006016],[0.906837,23117824],[1.063615,24612864],[1.114364,26017792],[1.260297,27389952],[1.281982,32174080],[1.375994,65060864],[1.417,75206656],[1.470614,92790784],[1.488839,101806080],[1.503938,102584320],[1.523401,112082944],[1.535834,112545792],[1.598019,131878912],[1.8098,195977216],[1.848614,209354752],[1.881293,217903104],[1.897162,230113280],[1.923025,230125568],[1.935326,236417024],[2.090206,387559424],[2.121739,388161536],[2.157608,399298560],[2.20378,424935424],[2.236817,438812672],[2.289209,468828160],[2.310158,473669632],[2.386312,506826752],[2.405979,518500352],[2.452038,536424448],[2.481803,551968768],[2.540982,577904640],[2.587418,602066944],[2.625468,618348544],[2.646375,631087104],[2.740507,723632128],[2.852824,837365760],[2.887144,870387712],[2.906537,870641664],[2.918818,877559808],[3.002008,961118208],[3.114407,1078939648],[3.144889,1108983808],[3.209977,1179803648],[3.328429,1311698944],[3.364528,1350283264],[3.813408,1352384512],[3.82349,1421590528],[3.925138,1421598720],[4.063301,1423233024],[4.11168,1426329600],[4.389912,1430573056],[4.583377,1431015424],[5.868338,1431019520],[6.152675,1431285760],[6.175367,1432150016],[6.489271,1432358912],[6.674556,1432825856],[13.684833,1432891392],[14.575096,1433075712],[14.577155,1433362432],[17.400226,1433681920],[17.768284,1433829376],[17.934173,1435508736],[18.330085,1435918336],[19.409528,1436033024],[22.987414,1436041216],[23.1326,1436553216],[23.135866,1438670848],[25.551969,1438720000],[25.68077,1441955840],[26.31274,1442222080],[27.048926,1442373632],[27.076666,1443213312],[29.159958,1443319808],[29.957324,1443438592],[36.209005,1443438592],[67.54468,1443504128],[67.548409,1476997120],[77.294799,1477046272],[77.370292,1479639040],[77.44121,1479553024],[77.463126,1477980160],[77.544182,1478438912],[77.811075,1478443008],[77.838116,1479249920],[78.054125,1479036928],[78.094327,1480048640],[78.381627,1480089600],[78.425476,1481400320],[78.607409,1480474624],[78.91925,1482342400],[79.217684,1482575872],[79.394503,1483390976],[79.496205,1486602240],[79.520758,1485561856],[79.655731,1485582336],[79.708804,1486467072],[80.1449,1486565376],[80.245159,1486938112],[80.272518,1490722816],[80.324537,1493221376],[80.650059,1493536768],[81.982871,1493458944],[82.098916,1497284608],[83.293605,1497317376],[83.444265,1498148864],[83.653675,1498198016],[83.682674,1498873856],[84.032511,1499074560],[84.137592,1502425088],[84.315013,1504657408],[84.776407,1504788480],[84.776653,1505714176],[85.835544,1505787904],[85.858669,1507352576],[86.247256,1507487744],[86.349802,1508548608],[86.350544,1510039552],[86.736431,1510125568],[86.736938,1512140800],[87.344334,1512300544],[87.526059,1513074688],[87.765596,1513394176],[88.45294,1515175936],[88.614922,1515413504],[88.620666,1516462080],[88.73886,1516691456],[88.739556,1519681536],[89.341984,1519689728],[89.65218,1520877568],[89.923846,1522806784],[90.037017,1526972416],[90.094142,1527742464],[90.438168,1527758848],[90.503068,1530568704],[90.503941,1532149760],[90.627474,1532231680],[90.6286,1535377408],[91.222603,1535512576],[91.224604,1537490944],[91.480674,1537511424],[91.658872,1539010560],[91.684753,1540038656],[91.983014,1541001216],[91.984819,1543098368],[92.14875,1543548928],[92.207832,1544519680],[92.430386,1544986624],[92.511554,1546354688],[92.826301,1548132352],[92.98797,1553883136],[93.111641,1554120704],[93.668492,1554153472],[93.808488,1554497536],[93.970973,1556209664],[94.128014,1557196800],[94.195572,1559838720],[94.582975,1560498176],[94.737837,1562234880],[94.873966,1562415104],[94.925179,1564631040],[95.31826,1565261824],[95.322836,1566130176],[95.711118,1567121408],[95.766207,1568198656],[95.837186,1571766272],[95.928704,1571983360],[95.931947,1574916096],[96.233201,1574944768],[96.237557,1575731200],[96.610439,1577005056],[96.786172,1578852352],[96.824105,1580748800],[97.158239,1581555712],[97.181387,1584914432],[97.513647,1585057792],[97.669678,1586102272],[97.689921,1586946048],[97.841636,1587388416],[97.842499,1591533568],[98.04164,1591635968],[98.12083,1594912768],[98.410737,1595121664],[98.41442,1598267392],[98.47624,1598271488],[98.561405,1601576960],[99.142844,1601916928],[99.174235,1602973696],[99.399366,1603383296],[99.423302,1604370432],[99.800571,1605156864],[99.901056,1606422528],[99.916246,1611046912],[100.004209,1611104256],[100.038414,1612992512],[100.352835,1613328384],[100.427453,1615900672],[100.708868,1616482304],[100.729114,1617219584],[100.996686,1617530880],[101.071286,1621393408],[101.119933,1621950464],[101.555529,1622204416],[101.601546,1623941120],[101.742338,1624121344],[101.784427,1625935872],[102.177807,1626492928],[102.203078,1626959872],[102.456218,1627394048],[102.571829,1628311552],[102.644529,1631342592],[103.323915,1632833536],[103.404196,1635905536],[103.634473,1636343808],[103.68469,1638617088],[104.143039,1639690240],[104.181561,1641205760],[104.395229,1641648128],[104.489741,1643896832],[104.831367,1644638208],[104.941468,1649160192],[105.135067,1649659904],[105.431396,1649831936],[105.534574,1653493760],[105.541579,1655517184],[105.649861,1658974208],[105.811272,1659346944],[106.695121,1659510784],[106.931414,1660063744],[107.103113,1662377984],[107.340627,1663381504],[107.407924,1665916928],[107.723565,1666801664],[107.800634,1668788224],[107.805695,1672970240],[108.027102,1674268672],[108.032872,1680379904],[108.11392,1682841600],[108.3169,1683333120],[108.426071,1687031808],[108.926224,1688199168],[108.952421,1689325568],[109.317059,1690345472],[109.383503,1692250112],[109.620656,1692827648],[109.637505,1693614080],[109.829037,1695113216],[109.873787,1697419264],[110.019021,1697701888],[110.040982,1698738176],[110.194637,1699094528],[110.197583,1705390080],[110.695852,1705488384],[111.056293,1706848256],[111.143663,1708376064],[111.188025,1710301184],[111.481679,1711001600],[111.637133,1711935488],[111.692633,1713934336],[112.128488,1714987008],[112.179334,1717170176],[112.455635,1717665792],[112.610865,1718591488],[112.686822,1721835520],[113.178889,1722150912],[113.233467,1724743680],[113.6768,1724768256],[113.780847,1726181376],[114.150651,1726799872],[114.180368,1727983616],[114.309743,1728860160],[114.334441,1730072576],[114.465518,1730318336],[114.536191,1733537792],[114.733055,1734000640],[114.73899,1740263424],[114.911138,1740382208],[114.926335,1741504512],[115.346619,1742151680],[115.421203,1744572416],[115.671938,1745047552],[115.724538,1747279872],[116.006567,1747922944],[116.008712,1748770816],[116.216024,1749127168],[116.386586,1750822912],[116.670911,1751343104],[116.694992,1752465408],[116.700507,1768935424],[116.704576,1760542720],[116.833832,1760768000],[116.887342,1763139584],[117.613127,1764835328],[117.714488,1765281792],[117.842792,1767043072],[117.877241,1768525824],[118.006241,1768747008],[118.058739,1771069440],[118.431369,1771757568],[118.584192,1772535808],[118.637532,1774858240],[118.893922,1775570944],[119.151281,1775591424],[119.257291,1777283072],[119.378344,1777512448],[119.439223,1780441088],[119.72843,1780899840],[119.752246,1782247424],[120.188773,1782456320],[120.247635,1783287808],[120.35453,1787793408],[121.155453,1789231104],[121.203013,1789747200],[121.269705,1792581632],[122.145759,1794093056],[122.145908,1794600960],[122.412031,1794961408],[122.835726,1796689920],[122.948385,1797771264],[123.071165,1800298496],[123.369796,1800933376],[123.411946,1801539584],[123.981877,1804738560],[124.02653,1805606912],[124.306711,1806659584],[124.346306,1808146432],[124.532685,1808465920],[124.598997,1810833408],[124.793384,1811152896],[124.817371,1812115456],[125.176899,1812869120],[125.315825,1814454272],[125.355475,1816182784],[125.697097,1816883200],