{"summary":{"timestamp":1397790085,"hash":"3f8e68686f826ed333321a6650481162c95911f6","max_memory":1495404544,"cpu_time":174.04,"pull_request":13576},"memory_data":[[0.00347,8192],[0.013721,6348800],[0.077087,13639680],[0.187188,30474240],[0.207109,37023744],[0.300055,50708480],[0.420741,70774784],[0.508714,87154688],[0.540639,87158784],[0.631896,139976704],[1.077753,140722176],[1.177633,157376512],[1.319372,182046720],[1.352492,193458176],[1.376833,193482752],[1.493271,213966848],[1.550502,222371840],[1.727287,254791680],[1.840398,254820352],[1.935733,310247424],[2.5329,310280192],[2.626141,314945536],[2.626239,317042688],[2.697758,318689280],[2.980409,318717952],[3.031062,320159744],[3.034355,323694592],[3.157163,323706880],[3.16311,328675328],[3.386903,328761344],[3.389797,342257664],[3.399102,343871488],[3.528637,343941120],[3.532588,348069888],[3.678548,349642752],[3.745156,348188672],[3.9705,348291072],[3.976285,354480128],[4.555989,354529280],[4.557931,357625856],[4.659343,357744640],[4.659629,360628224],[4.869375,361005056],[4.884891,369528832],[4.972359,368979968],[4.972407,365494272],[5.775471,365506560],[5.78237,373895168],[5.975499,373927936],[5.976302,378089472],[6.00761,380186624],[6.105156,380190720],[6.15084,382853120],[6.199051,382717952],[6.199099,374026240],[7.073123,374202368],[7.081361,399097856],[7.80045,399261696],[7.942921,404897792],[8.328291,411271168],[8.531047,413249536],[8.535229,419340288],[8.747313,419512320],[8.813433,422047744],[8.932786,422100992],[9.160214,426971136],[9.368734,430174208],[9.603252,434262016],[9.648432,436514816],[9.824225,438571008],[9.825159,440561664],[9.910392,440926208],[10.007983,443191296],[10.046657,445435904],[10.276141,449470464],[10.344518,449478656],[10.427018,452141056],[10.595388,454860800],[10.706624,457334784],[10.798123,457764864],[10.835091,459927552],[10.976194,460509184],[11.058274,463060992],[11.140832,463093760],[11.250191,466223104],[11.366594,468176896],[11.369271,499654656],[11.381315,516431872],[11.402761,518553600],[12.357827,518565888],[12.364753,526815232],[12.780153,526905344],[12.895817,529117184],[13.070298,531189760],[13.082401,532049920],[13.266227,533827584],[13.420696,536977408],[13.4808,541028352],[13.487036,539783168],[13.651187,540381184],[13.870666,544342016],[14.005208,545193984],[14.160643,548171776],[14.325318,549195776],[14.424967,551874560],[14.594192,552951808],[14.819404,556806144],[14.821058,560906240],[15.0033,561094656],[15.154455,562843648],[15.274359,565116928],[15.320488,568954880],[15.388209,568291328],[15.457648,569151488],[15.583672,576192512],[15.586561,573218816],[15.689519,573263872],[15.906575,576200704],[15.936433,577572864],[16.067477,578506752],[16.149308,579928064],[16.216571,582320128],[16.491173,587083776],[16.592742,590106624],[16.705626,591634432],[16.810992,592158720],[16.973017,595333120],[17.061276,601219072],[17.061621,604090368],[17.109553,605360128],[17.112404,601509888],[17.221349,602349568],[17.221397,604446720],[17.334085,603766784],[17.384764,605089792],[17.497461,605876224],[17.544393,607617024],[17.620955,608071680],[17.678363,610983936],[17.696231,609980416],[17.782991,610713600],[17.819459,612679680],[18.027555,614453248],[18.053811,616493056],[18.157911,616562688],[18.283808,618737664],[18.380364,618913792],[18.413381,620789760],[18.425348,624988160],[18.49011,625217536],[18.496338,633397248],[18.530608,633470976],[18.535224,618917888],[18.997304,607866880],[18.997353,607379456],[24.580782,607383552],[24.696898,608174080],[25.624286,609337344],[25.625963,610906112],[25.776237,610918400],[26.195375,612892672],[26.35597,614379520],[26.685046,614514688],[27.892385,614604800],[27.894502,617570304],[28.186064,617701376],[29.014115,617730048],[29.20341,624918528],[29.306347,628092928],[29.575292,638492672],[29.625317,643203072],[29.757359,648257536],[29.8936,652509184],[30.124915,661618688],[30.530431,675700736],[30.643441,677834752],[30.75369,681488384],[30.810585,684621824],[30.905664,687091712],[30.998273,690704384],[31.179587,696352768],[31.199631,697929728],[31.381085,704098304],[31.399087,705679360],[31.738932,716197888],[31.821697,719814656],[32.160432,730869760],[32.430858,740130816],[32.774531,750247936],[32.938845,755970048],[32.940005,757542912],[33.0763,758964224],[33.2853,765767680],[33.287394,768913408],[33.331698,768921600],[33.745403,781254656],[33.747561,784396288],[33.797472,784404480],[34.005289,790290432],[34.253254,799563776],[34.273581,802250752],[34.494987,810713088],[34.581634,813547520],[34.76477,821481472],[34.766947,824631296],[34.804919,824639488],[35.139827,835362816],[35.173588,836968448],[35.383194,843268096],[35.606628,853344256],[36.17658,872091648],[36.340589,877903872],[36.454038,882888704],[36.623804,891977728],[36.688357,893984768],[36.759372,898867200],[36.933796,905269248],[37.043146,910999552],[37.128442,916844544],[37.234814,920473600],[37.356237,926011392],[37.544054,932253696],[37.77274,940843008],[37.773423,943988736],[37.814052,943992832],[38.045313,952057856],[38.197979,956190720],[38.319684,960749568],[38.323741,967032832],[38.413013,967053312],[38.543067,972210176],[38.73183,977649664],[38.898221,983650304],[38.900337,986796032],[38.936783,986812416],[39.026786,990552064],[39.196594,995475456],[39.38827,1002541056],[39.472384,1006989312],[39.47646,1013157888],[39.577254,1013182464],[39.679382,1016434688],[40.017458,1030348800],[40.17971,1035255808],[40.364118,1042440192],[40.527563,1047871488],[40.609599,1049890816],[40.759696,1055662080],[40.759842,1057861632],[40.96497,1067118592],[40.966602,1090191360],[40.972704,1092284416],[41.327567,1092464640],[41.408817,1094639616],[41.409691,1105145856],[41.42256,1117691904],[41.422717,1109311488],[41.524804,1109340160],[41.573976,1110765568],[41.991068,1129877504],[41.995221,1136168960],[42.067669,1136189440],[42.117592,1138384896],[42.122052,1144680448],[42.191737,1144700928],[42.235062,1146441728],[42.245135,1150177280],[42.248979,1194246144],[42.261106,1204731904],[42.267522,1219411968],[42.298405,1248743424],[42.298746,1198399488],[42.403856,1202823168],[42.411977,1205522432],[42.555005,1209012224],[42.630811,1213485056],[43.067499,1232859136],[43.32437,1243672576],[43.52514,1251487744],[43.613148,1254219776],[43.698607,1258168320],[43.928137,1265524736],[44.051392,1268940800],[44.240092,1275011072],[44.293506,1277263872],[44.60754,1287524352],[44.777696,1291796480],[44.777746,1293893632],[44.840642,1294958592],[45.139938,1304477696],[45.246274,1308753920],[45.799407,1326444544],[45.961966,1334308864],[46.210785,1344090112],[46.477151,1352134656],[46.570019,1355878400],[46.731246,1361006592],[46.732024,1367298048],[46.840323,1367318528],[47.031616,1373687808],[47.032982,1386319872],[47.042139,1390505984],[47.201248,1390653440],[47.201346,1392967680],[47.250861,1394716672],[47.259066,1399037952],[47.347891,1401135104],[47.475817,1406840832],[47.53286,1407430656],[47.53613,1426305024],[47.747969,1436790784],[48.070642,1451470848],[48.109711,1451491328],[48.148182,1493053440],[48.153056,1495134208],[48.153104,1451102208],[48.933946,1451188224],[48.935056,1455202304],[49.042034,1454460928],[49.449388,1422958592],[49.449822,1353785344],[49.454315,1337004032],[50.281898,1335758848],[50.282199,1324666880],[158.749356,1324670976],[160.270788,1324646400],[163.360744,1324478464],[167.463068,1324371968],[169.050426,1324216320],[169.053077,1323982848],[170.613508,1323962368],[170.990739,1323819008],[172.152374,1323737088],[172.279575,1323118592],[174.31056,1322967040],[174.510332,1322852352],[175.694232,1322766336],[175.755127,1322549248],[176.60775,1322463232],[176.608641,1322266624],[177.577855,1322233856],[177.578893,1322037248],[178.524834,1322004480],[178.525877,1321807872],[179.965901,1321811968],[180.347257,1321619456],[183.060315,1323720704],[183.065395,1338400768],[183.21255,1340497920],[183.212789,1342595072],[183.463792,1346789376],[183.498635,1348890624],[183.503351,1367597056],[183.510761,1369792512],[183.525149,1412702208],