{"summary":{"timestamp":1389042698,"hash":"400070ae55f78f9a7a66caf880207473ebc5aa93","max_memory":1368190976,"cpu_time":145.2,"pull_request":10826},"memory_data":[[0.001651,8192],[0.008181,7213056],[0.060266,10010624],[0.15254,11386880],[0.291197,38363136],[0.315112,46342144],[0.412066,61042688],[0.55584,85848064],[0.621923,99110912],[0.717255,100175872],[0.881456,171601920],[0.968202,172212224],[1.179565,172494848],[1.367242,173395968],[1.486203,175017984],[1.725238,175046656],[1.781783,183562240],[1.791239,190697472],[1.848982,197459968],[1.908823,206606336],[1.929331,207867904],[1.981968,216182784],[2.110998,233029632],[2.117589,235282432],[2.227515,235302912],[2.238241,246362112],[2.291498,288927744],[3.146867,289169408],[3.210045,292982784],[3.212178,300183552],[3.227161,296509440],[3.280701,296558592],[3.285022,311193600],[3.316071,303849472],[3.423478,305950720],[3.430864,333213696],[3.494515,318529536],[3.590718,318533632],[3.705009,320638976],[3.721375,377257984],[3.846015,362573824],[3.85287,348590080],[4.011984,349007872],[4.159856,351367168],[4.252849,351592448],[4.662005,361148416],[4.818097,363634688],[4.894168,365617152],[4.98292,365633536],[5.075303,367951872],[5.338053,373067776],[5.487792,378908672],[5.61256,380731392],[5.801037,384602112],[5.888416,385826816],[6.04123,389230592],[6.084382,390967296],[6.386284,395419648],[6.476882,397524992],[6.813036,398151680],[6.849748,398827520],[7.221107,399286272],[7.552864,400519168],[7.805333,402989056],[8.13016,403365888],[8.235433,404148224],[8.627917,404742144],[9.01522,405020672],[9.898831,405213184],[9.906645,428118016],[9.968013,428195840],[9.970162,436543488],[10.188813,436547584],[10.260369,437497856],[10.601675,437891072],[11.081993,437977088],[11.439465,438272000],[11.443142,450719744],[11.690742,451440640],[12.297845,452001792],[12.450101,453554176],[12.635937,459808768],[12.716975,460165120],[12.865846,462622720],[13.257952,463331328],[13.996878,463368192],[14.000002,471728128],[14.653768,471949312],[14.737061,474017792],[14.859309,474062848],[15.601437,476160000],[15.606042,490844160],[17.221033,491069440],[17.672035,491200512],[17.775202,491835392],[18.31602,492048384],[18.316722,493408256],[18.430353,494469120],[18.615765,494641152],[18.745192,496361472],[18.967363,498143232],[19.069523,499867648],[19.452332,502906880],[19.605721,505188352],[19.661041,504930304],[19.719484,506945536],[19.88705,507568128],[19.88811,509865984],[19.988626,509898752],[20.146041,511799296],[20.198327,513748992],[20.299957,513658880],[20.337318,514650112],[20.491009,515018752],[20.604205,516247552],[20.635237,517529600],[20.645577,551088128],[20.704198,550969344],[22.039797,550998016],[22.044849,567623680],[23.158496,567627776],[23.159061,568672256],[23.27639,568856576],[23.278177,572002304],[23.600103,572182528],[23.644321,573190144],[23.92611,575123456],[23.99856,576180224],[24.262931,577900544],[24.377714,578162688],[24.501929,581472256],[24.590158,582541312],[24.797763,582549504],[24.964126,584335360],[25.163405,585256960],[25.199556,586633216],[25.278584,586350592],[25.399225,587751424],[25.486942,587829248],[25.655382,589385728],[26.305794,589389824],[26.369779,591687680],[26.398587,590995456],[26.633045,591917056],[26.878209,594006016],[26.879858,598507520],[27.221968,599003136],[27.45456,600494080],[27.618476,603017216],[27.750646,603865088],[27.833762,605720576],[27.963584,605962240],[28.178438,607514624],[28.226114,608575488],[28.425627,609185792],[28.446605,610131968],[28.599708,610918400],[28.657441,613146624],[28.83162,614735872],[28.918868,614727680],[29.270551,618696704],[29.651032,620892160],[29.711282,623751168],[29.754763,622407680],[29.884452,623419392],[30.04222,623665152],[30.256129,625823744],[30.337063,625893376],[30.428974,627662848],[30.654164,629571584],[30.683167,632602624],[30.690987,664059904],[31.152982,664281088],[31.272825,664625152],[31.275338,672788480],[31.348337,674889728],[31.351905,689569792],[31.408095,664530944],[34.972505,664535040],[35.769611,664567808],[36.431176,664768512],[38.685553,664899584],[38.872753,666492928],[39.246834,666910720],[39.283982,669523968],[39.348209,669655040],[39.352508,671940608],[39.403056,674037760],[39.516722,675328000],[39.539146,742531072],[39.588139,708972544],[39.692016,711790592],[39.757706,715218944],[39.969065,721260544],[40.126949,726253568],[40.585626,738304000],[40.672192,740986880],[40.841296,745058304],[41.08603,755961856],[41.431092,763445248],[41.793169,773488640],[42.118922,781783040],[42.370082,788725760],[42.395121,788729856],[42.823912,799248384],[43.008444,804106240],[43.07234,806371328],[43.350701,812953600],[43.477572,816816128],[43.705467,822513664],[43.748554,824479744],[44.063857,832323584],[44.10817,834428928],[44.351626,841543680],[44.602532,847003648],[44.673689,849166336],[45.096826,859394048],[45.122087,860454912],[45.342812,865738752],[45.928356,881061888],[46.08808,884719616],[46.089412,886816768],[46.140898,886833152],[46.622876,898461696],[46.757659,902189056],[47.44388,918437888],[47.444634,919486464],[47.544116,921329664],[47.835237,927801344],[47.895014,930476032],[48.0686,934129664],[48.070123,938299392],[48.163736,938307584],[48.403917,943820800],[48.607901,949211136],[48.818659,953962496],[48.820346,958156800],[48.906406,958169088],[49.165475,964308992],[49.879526,980774912],[50.227506,988413952],[50.336004,992219136],[50.571255,997056512],[50.781492,1002438656],[50.792542,1031892992],[51.43471,1031913472],[51.77782,1040138240],[51.82146,1042243584],[51.99313,1046609920],[52.223456,1051766784],[52.22441,1053769728],[52.353719,1055760384],[52.478781,1059491840],[52.479924,1061593088],[52.542455,1061597184],[52.77737,1067462656],[53.199819,1077235712],[53.229934,1078763520],[53.692578,1089531904],[53.812086,1093124096],[53.85455,1093492736],[53.958296,1097334784],[53.974852,1099509760],[54.129722,1104609280],[54.142415,1106001920],[54.302062,1109975040],[54.30391,1114169344],[54.350283,1116311552],[54.42295,1116327936],[54.610107,1122447360],[54.720043,1124294656],[54.953615,1130106880],[55.088342,1134034944],[55.092024,1134891008],[55.346616,1141252096],[55.423781,1143857152],[55.553287,1145954304],[55.55375,1149083648],[55.626971,1149100032],[55.800138,1152917504],[55.874301,1155497984],[55.875957,1159614464],[55.976767,1159749632],[56.01415,1161404416],[56.165099,1164623872],[56.277607,1168011264],[56.861317,1180991488],[57.529479,1197240320],[57.532128,1205628928],[57.718239,1205653504],[57.909198,1209921536],[58.031203,1213333504],[58.243169,1217818624],[58.271232,1219436544],[58.457557,1224151040],[58.784445,1231556608],[58.787082,1239949312],[58.992078,1239965696],[59.097375,1242329088],[59.09993,1250631680],[59.282331,1250652160],[59.694515,1259753472],[59.695851,1261850624],[59.743948,1261862912],[60.031713,1268363264],[60.381839,1277370368],[60.519547,1279651840],[60.748127,1285378048],[60.81758,1286266880],[60.92302,1289375744],[60.947676,1292382208],[61.190745,1296797696],[61.192506,1300701184],[61.690008,1310167040],[61.699289,1323667456],[61.701273,1307885568],[61.760609,1308966912],[61.763571,1323651072],[62.511048,1338413056],[62.516967,1367859200],[62.518595,1326108672],[63.067999,1337999360],[63.340431,1338159104],[63.340782,1338949632],[64.009463,1341497344],[64.018989,1345204224],[64.202037,1347203072],[64.204325,1345204224],[64.546264,1278091264],[64.551208,1244532736],[64.857739,1185939456],[65.072888,1188507648],[65.249706,1192103936],[65.352192,1192955904],[65.829316,1193009152],[74.202017,1195020288],[74.203844,1193009152],[76.305754,1193037824],[77.034222,1195139072],[77.03765,1226596352],[77.628733,1224495104],[77.628846,1193037824],[78.615814,1193136128],[78.704345,1193316352],[79.940612,1193414656],[84.201963,1195511808],[84.205803,1193414656],[87.15957,1193422848],[94.205284,1195520000],[94.206688,1193422848],[104.208688,1195335680],[104.212349,1193422848],[114.211986,1195511808],[114.215718,1193422848],[124.215314,1195520000],[124.216264,1193422848],[134.215318,