{"summary":{"timestamp":1384184778,"hash":"4059b5c4b3b8a57a645982b0770d25f0283dfb06","max_memory":1472708608,"cpu_time":180.28,"pull_request":10409},"memory_data":[[0.001585,8192],[0.007886,10043392],[0.082322,26161152],[0.102876,33382400],[0.135444,37076992],[0.178083,46014464],[0.206129,55570432],[0.221371,56373248],[0.29768,75177984],[0.314655,75354112],[0.484513,108855296],[0.507323,115609600],[0.556474,125227008],[0.573208,125267968],[0.6726,226816000],[0.894022,226914304],[1.015708,227749888],[1.084373,229421056],[1.282056,230363136],[1.28443,231673856],[1.428576,231899136],[1.493224,240472064],[1.564881,253816832],[1.63968,264962048],[1.709952,278360064],[1.775246,286490624],[1.890265,306941952],[1.99248,306970624],[2.062279,375754752],[2.662729,375898112],[2.665432,393658368],[2.68939,395759616],[2.694331,429314048],[2.706617,429084672],[2.706666,411484160],[2.74338,413589504],[2.754192,482791424],[2.778919,447135744],[2.862838,447205376],[2.866207,466219008],[2.894285,484982784],[2.90117,520859648],[2.901781,483139584],[2.92358,483274752],[2.926086,497381376],[2.954239,497733632],[3.53633,497836032],[3.541972,514527232],[4.135845,516624384],[4.145678,548089856],[5.000845,548212736],[5.00445,564871168],[6.817961,564912128],[6.822574,581648384],[7.740142,581681152],[7.783277,582975488],[7.887574,583753728],[7.942145,585863168],[7.947442,588451840],[8.093768,588521472],[8.247515,590712832],[8.292186,592117760],[8.459263,594321408],[8.620489,598593536],[8.698713,598908928],[8.786307,601141248],[8.811909,603316224],[8.955218,604184576],[9.106053,608526336],[9.25586,610025472],[9.282234,614391808],[9.50648,615231488],[9.531065,618078208],[9.540754,649535488],[9.723392,649551872],[9.727592,666247168],[10.793171,666296320],[10.948798,667860992],[11.058434,672608256],[11.135769,672612352],[11.447059,677343232],[11.622407,679063552],[11.652811,681041920],[11.787185,681656320],[12.302333,688852992],[12.335155,690708480],[12.391636,690806784],[12.444576,692928512],[12.5562,693129216],[12.827815,697438208],[12.849688,698990592],[13.018603,701841408],[13.04446,703152128],[13.046102,708554752],[13.291517,708698112],[13.479011,710627328],[13.691646,713719808],[13.774992,717000704],[13.910106,717701120],[13.995439,718995456],[14.019529,722853888],[14.02095,728051712],[14.057726,728170496],[14.060045,738537472],[14.12907,738545664],[14.133501,759513088],[14.142006,759078912],[14.142205,739983360],[14.161667,719007744],[14.226515,720449536],[14.476058,720334848],[14.476107,719532032],[16.515922,719536128],[16.690321,720121856],[17.009301,720351232],[17.359264,721002496],[17.385342,721760256],[17.70535,721731584],[17.744784,726274048],[17.811918,728379392],[17.811969,730476544],[17.871883,732581888],[17.923526,736845824],[17.950175,736940032],[18.055637,743006208],[18.154928,751345664],[18.231278,754499584],[18.294815,758759424],[18.691532,779296768],[18.781137,788197376],[18.982906,797401088],[19.083852,803037184],[19.091104,836595712],[19.367008,836612096],[19.675114,850235392],[19.815776,858353664],[19.980267,866353152],[20.003537,868147200],[20.265801,879869952],[20.44975,890494976],[20.489034,893624320],[20.810074,907153408],[21.031111,917753856],[21.045397,919887872],[21.237669,929112064],[21.320785,932421632],[21.661354,948187136],[21.768764,952500224],[21.889937,959582208],[22.18777,972541952],[22.271087,977883136],[22.404685,983367680],[22.584542,992624640],[22.853492,1004253184],[22.85439,1008451584],[22.902964,1008476160],[22.997434,1012293632],[23.274775,1024659456],[23.276097,1028853760],[23.326496,1028907008],[23.417952,1033506816],[23.521666,1037619200],[23.900372,1056313344],[23.921391,1198940160],[23.972771,1180057600],[23.972869,1127632896],[24.198078,1138556928],[24.366857,1145630720],[24.596864,1156845568],[24.708515,1161789440],[24.729136,1228894208],[24.757869,1195335680],[25.091598,1210523648],[25.150268,1214799872],[25.294147,1229950976],[25.465166,1239007232],[25.465933,1241067520],[25.66098,1249542144],[25.779492,1256976384],[25.956842,1266708480],[26.205716,1277181952],[26.282066,1281609728],[26.567292,1294225408],[26.963207,1312514048],[27.143041,1319587840],[27.262145,1325539328],[27.379289,1332363264],[27.565319,1339068416],[27.758604,1347940352],[27.759927,1352110080],[27.856391,1354100736],[27.856991,1357250560],[27.908568,1357963264],[27.918235,1399914496],[27.945105,1378938880],[28.059779,1383866368],[28.230527,1392361472],[28.303623,1394626560],[28.305158,1403019264],[28.398871,1403035648],[28.583283,1411792896],[28.592074,1413742592],[28.709668,1417150464],[28.719273,1420054528],[28.918797,1425870848],[29.311557,1438023680],[29.316616,1460604928],[29.664008,1472311296],[30.194062,1472139264],[30.19556,1418858496],[30.199534,1421742080],[30.573716,1356312576],[30.57831,1279123456],[30.738013,1136513024],[36.365503,1138614272],[36.368639,1170071552],[36.747601,1140707328],[36.747651,1136513024],[90.926462,1138614272],[90.92923,1170071552],[173.568025,1170182144],[173.573092,1195237376],[179.310734,1195241472],[179.415062,1204195328],[179.429825,1213607936],[179.666152,1213607936],[179.6666,1188577280],[180.618405,1187549184],[180.623221,1148989440],[180.657503,1149870080],[180.690986,1166770176],[180.711642,1169993728],[180.726412,1188900864],[180.736562,1193852928],[180.773053,1196630016],[180.776328,1145393152],[180.776429,1109860352],[180.828194,1109823488],[180.837588,895758336],[180.840574,854765568],[180.84326,770609152],[180.851955,607309824],[180.854773,504762368],[180.856178,504029184],[180.857126,423178240],[180.86314,342089728],[180.864065,278892544],[180.867558,238886912],[180.870614,160497664],[180.872033,158396416],[180.877461,40570880],[180.880962,15208448]],"pass_timing":[["parsing",0.549],["gated feature checking",0.013],["std macros injection",0.001],["configuration 1",0.13],["expansion",1.218],["configuration 2",0.214],["maybe building test harness",0.174],["std injection",0.171],["assigning node ids",0.157],["ast indexing",0.203],["external crate/lib resolution",0.138],["language item collection",0.024],["resolution",1.857],["lifetime resolution",0.027],["looking for entry point",0],["freevar finding",0.055],["region resolution",0.101],["type collecting",0.106],["variance inference",0.05],["coherence checking",0.12],["type checking",8.661],["const marking",0.175],["const checking",0.037],["privacy checking",0.277],["effect checking",0.048],["loop checking",0.025],["stack checking",0.033],["compute moves",1.632],["match checking",0.1],["liveness checking",0.194],["borrow checking",0.763],["kind checking",0.082],["reachability checking",0.008],["lint checking",0.303],["translation",12.579],["LLVM passes",149.83],["linking",0.148]]}