{"summary":{"timestamp":1373419726,"hash":"41dcec2fe16e272016ae77d10a6a5ff3a737f192","max_memory":1649049600,"cpu_time":171.93,"pull_request":7265},"memory_data":[[0.002938,4096],[0.037764,3391488],[0.192085,10203136],[0.316981,11395072],[0.331947,13733888],[0.436231,17387520],[0.610816,20508672],[0.674007,22675456],[0.777067,23896064],[0.782225,29061120],[0.975028,32083968],[1.048687,42201088],[1.081777,44683264],[1.108775,49893376],[1.138765,51212288],[1.153647,55652352],[1.204583,59281408],[1.254945,69066752],[1.289113,70451200],[1.369604,78569472],[1.403715,87343104],[1.429449,87384064],[1.475089,91766784],[1.555237,106995712],[1.596205,107139072],[1.610247,113348608],[1.663659,122904576],[1.723762,122769408],[1.772401,128106496],[1.82097,138842112],[1.885475,139223040],[1.922966,144912384],[1.970206,147738624],[2.005121,153624576],[2.132466,165511168],[2.143972,168833024],[2.219732,175521792],[2.292346,185532416],[2.312267,185888768],[2.402501,196034560],[2.430427,202493952],[2.487195,206274560],[2.565615,217563136],[2.5856,224182272],[2.629736,224903168],[2.815302,304795648],[3.046567,407162880],[3.126489,441303040],[3.230426,469790720],[3.278837,484757504],[3.29061,485916672],[3.462515,534429696],[3.496589,539377664],[3.550143,550838272],[3.64612,575143936],[3.692935,589406208],[3.74624,602185728],[3.896926,641560576],[4.044285,682602496],[4.061221,685453312],[4.150196,710909952],[4.168849,718069760],[4.345059,793128960],[4.440819,835416064],[4.690349,944402432],[4.964037,1061539840],[5.320843,1218523136],[5.403391,1253728256],[5.701219,1254113280],[5.737547,1258471424],[5.794929,1269829632],[5.833552,1281220608],[5.897883,1281241088],[5.939801,1289199616],[5.948132,1298558976],[5.985208,1298960384],[5.99162,1302183936],[6.065731,1302986752],[6.071308,1340739584],[6.097409,1374294016],[6.250779,1376043008],[6.27156,1383526400],[6.306266,1385287680],[6.314814,1393164288],[6.380339,1395331072],[6.384823,1399812096],[6.448482,1401663488],[6.45344,1406709760],[6.597521,1406976000],[6.643432,1408544768],[6.717057,1408864256],[6.805535,1412804608],[6.913935,1414852608],[7.094499,1414893568],[7.096887,1417216000],[7.380089,1417363456],[7.385779,1423646720],[7.700848,1424265216],[8.096808,1424318464],[8.10596,1433374720],[8.517578,1434099712],[8.52099,1435238400],[8.661626,1435422720],[8.676036,1436205056],[8.892681,1436545024],[8.917274,1437544448],[9.136984,1438527488],[9.272191,1439997952],[9.511691,1444646912],[9.819071,1444818944],[9.820498,1446068224],[9.969602,1446088704],[9.971375,1447669760],[10.1215,1447739392],[10.218777,1448542208],[10.580115,1448632320],[10.655959,1449414656],[10.658318,1451982848],[10.807802,1452589056],[10.998342,1452662784],[11.404989,1453621248],[11.616652,1453649920],[11.737881,1454669824],[12.365138,1454694400],[12.418356,1455353856],[12.422668,1459650560],[12.87707,1459851264],[13.026612,1460166656],[13.130231,1461395456],[13.302502,1461927936],[13.404181,1463296000],[13.519976,1463336960],[13.914598,1465675776],[13.983711,1466507264],[13.990715,1472933888],[14.303045,1473777664],[14.303715,1474383872],[14.742602,1474744320],[14.976194,1475592192],[15.227201,1477259264],[15.444418,1478209536],[15.621982,1478447104],[15.631988,1489313792],[15.957992,1490432000],[15.983803,1492013056],[16.17452,1492037632],[16.334487,1493102592],[16.599168,1493237760],[16.919327,1494163456],[17.103887,1495150592],[17.145477,1496080384],[17.353968,1496092672],[17.534607,1497337856],[17.56671,1499197440],[18.49675,1499332608],[18.498478,1499488256],[19.222321,1499557888],[21.908753,1499635712],[22.485095,1499750400],[22.553141,1500975104],[22.702646,1501757440],[22.928783,1501765632],[23.04516,1504440320],[23.110879,1506820096],[23.446307,1514463232],[23.568199,1516093440],[23.698308,1519419392],[23.82362,1520627712],[23.952234,1523515392],[24.014532,1523433472],[24.137371,1527115776],[24.462273,1532792832],[24.608901,1534476288],[24.661786,1536131072],[25.36179,1538813952],[26.13435,1538818048],[26.867814,1541345280],[27.171474,1543380992],[27.672484,1545453568],[27.764351,1546051584],[28.314692,1547788288],[28.684131,1549639680],[29.072782,1550819328],[29.582197,1552801792],[29.806795,1553240064],[30.068727,1554419712],[30.687186,1556307968],[30.906171,1557753856],[30.917947,1561186304],[31.051183,1561845760],[31.285297,1561862144],[31.410413,1563979776],[31.779291,1566437376],[32.210996,1567981568],[32.518856,1570222080],[32.826728,1571663872],[33.178692,1573814272],[33.67271,1574854656],[33.982385,1536901120],[33.9833,1503547392],[34.126332,1506091008],[34.226544,1509056512],[36.227905,1509142528],[36.369867,1510268928],[41.488228,1510498304],[41.504156,1510629376],[52.104551,1510637568],[71.62395,1510641664],[85.97454,1510662144],[85.974877,1510862848],[113.065145,1510871040],[121.089097,1510920192],[121.18723,1514418176],[121.232487,1514455040],[124.952281,1514516480],[127.106179,1514647552],[131.437325,1514692608],[134.959705,1514704896],[136.756456,1514770432],[140.933398,1514848256],[148.036664,1514909696],[150.420581,1514967040],[154.302206,1514999808],[155.346055,1515044864],[158.2049,1515061248],[158.821057,1515114496],[163.149893,1515147264],[163.151471,1516175360],[164.910843,1516183552],[165.53831,1516285952],[165.540429,1517240320],[167.368303,1517256704],[167.369671,1517412352],[168.094795,1517420544],[168.195976,1517740032],[168.83166,1517891584],[168.937899,1518133248],[170.051992,1518555136],[170.113327,1518952448],[170.736478,1519255552],[172.238091,1519566848],[172.99309,1520013312],[173.031955,1520443392],[173.741913,1521020928],[173.805966,1521446912],[174.853395,1521594368],[175.042102,1521971200],[176.200019,1522180096],[176.868248,1522499584],[177.926922,1522675712],[178.426244,1523150848],[178.893399,1523236864],[179.523628,1523777536],[180.215041,1523912704],[181.179602,1524621312],[181.269526,1525518336],[181.887061,1525608448],[181.907587,1525882880],[182.339521,1526177792],[182.394649,1526489088],[183.196224,1526616064],[183.80092,1526943744],[184.126694,1528037376],[185.074715,1528258560],[185.556538,1528508416],[186.293313,1530044416],[186.502797,1531826176],[186.534199,1532887040],[186.929091,1534504960],[187.034751,1535705088],[187.106206,1538281472],[187.357488,1538646016],[187.410074,1540419584],[187.828287,1541373952],[187.837615,1558061056],[188.237868,1558888448],[188.380482,1558913024],[188.393776,1584058368],[188.898445,1584078848],[188.966883,1605906432],[189.058559,1605918720],[189.170613,1608585216],[189.637007,1608622080],[189.650651,1610649600],[189.801273,1610657792],[189.98462,1617068032],[190.029727,1617072128],[190.106248,1621487616],[190.136886,1627119616],[190.177908,1627193344],[190.201673,1630879744],[190.298412,1638506496],[190.318248,1641308160],[190.333683,1648627712],[190.401075,1646899200],[190.401157,1645002752],[190.52838,1645006848],[191.474677,1642749952],[191.477871,1601331200],[191.481069,1601486848],[191.481984,1566826496],[191.500783,1563504640],[191.510026,1574776832],[191.524874,1565724672],[191.539753,1566437376],[191.551301,1576398848],[191.592415,1577975808],[191.604209,1581498368],[191.647652,1582776320],[191.700557,1589665792],[191.70429,1597231104],[191.721331,1597251584],[191.731549,1604829184],[191.766293,1613578240],[191.816188,1614757888],[191.817426,1581305856],[191.825667,1563025408],[192.266159,1562824704],[192.270382,1478721536],[192.275045,1437274112],[192.278857,1360310272],[192.286522,1279295488],[192.293089,1161175040],[192.301593,1041768448],[192.317437,843153408],[192.32247,803205120],[192.330228,684261376],[192.335309,643100672],[192.342648,526098432],[192.348867,445923328],[192.35078,444661760],[192.358245,326754304],[192.360098,326750208],[192.367658,207585280],[192.375875,127905792],[192.377235,88416256],[192.381683,65912832]],