{"summary":{"timestamp":1360274312,"hash":"42727658304b04babff6dd384637398c17331bbe","max_memory":1169129472,"cpu_time":76.41,"pull_request":4791},"memory_data":[[0.002689,8192],[0.00968,2895872],[0.133472,4706304],[0.230024,8298496],[0.422599,20041728],[0.954489,53493760],[1.461187,84242432],[1.481721,84783104],[1.552237,109350912],[1.705419,159535104],[2.068068,159555584],[2.089219,164274176],[2.155362,170156032],[2.210624,173096960],[2.27824,181878784],[2.366836,187310080],[2.409764,194424832],[2.455486,198619136],[2.601946,203014144],[2.742976,211030016],[2.790013,215650304],[2.917124,221655040],[3.057446,230244352],[3.315183,249864192],[3.344889,255180800],[3.395213,255188992],[3.457126,267116544],[3.472813,268185600],[3.529685,279298048],[3.531829,283410432],[3.565057,281387008],[3.674411,302718976],[3.759962,303869952],[3.783277,313659392],[3.822444,314646528],[3.835933,323313664],[3.885017,324304896],[3.898318,339259392],[4.013769,339533824],[4.044088,340566016],[4.241694,340541440],[4.284326,346271744],[4.616459,349720576],[4.781614,351117312],[4.786027,353177600],[5.023686,353181696],[5.386535,356347904],[5.396471,360534016],[5.809511,360558592],[5.811824,361586688],[5.931815,361590784],[6.183118,363827200],[6.461376,367194112],[6.481137,375582720],[6.611489,375701504],[6.630731,380870656],[6.656806,381194240],[6.674939,389582848],[6.720515,389586944],[6.783819,392089600],[6.785521,399810560],[7.048292,407683072],[7.176401,408350720],[7.195494,409505792],[7.554717,413077504],[7.557674,414126080],[7.658469,414171136],[7.810358,415723520],[8.083276,417124352],[8.112639,418091008],[8.318882,419074048],[8.324981,421130240],[8.602267,421154816],[8.898931,423161856],[9.196132,427655168],[9.525705,428957696],[9.602605,430542848],[9.615377,434601984],[9.946972,434659328],[10.383126,438759424],[10.731692,439447552],[11.028529,441536512],[11.210359,442314752],[11.296629,445927424],[11.502119,445943808],[11.767663,446705664],[12.023671,448561152],[12.560035,449892352],[12.786481,451698688],[13.012018,452321280],[13.15702,453365760],[13.183779,461705216],[14.345394,461778944],[14.385747,462569472],[14.550802,462594048],[14.780323,463904768],[14.928701,465256448],[14.937768,466403328],[15.204744,466771968],[15.728118,470269952],[16.06614,471056384],[16.088332,471998464],[16.317816,472883200],[16.365181,474419200],[16.51048,474480640],[16.804241,475545600],[16.885708,476315648],[17.100628,477093888],[17.140369,478298112],[17.421867,478826496],[17.641414,479617024],[17.642966,480079872],[17.977781,480722944],[18.232378,481722368],[18.383062,483561472],[18.554867,483840000],[18.747287,485208064],[18.847786,486502400],[19.021809,486731776],[19.148881,488202240],[19.205681,490082304],[19.473006,490455040],[19.510226,491278336],[19.712721,492269568],[19.821094,492273664],[19.995737,493932544],[20.187693,494415872],[20.303136,499752960],[20.314946,503947264],[20.396159,505552896],[20.421702,513941504],[20.994382,513998848],[21.105951,517058560],[21.294706,517074944],[21.424881,518037504],[21.427679,520347648],[21.853838,520724480],[22.14457,523927552],[22.602522,524218368],[22.800865,524718080],[23.003101,526635008],[23.005077,536924160],[23.024137,539414528],[23.196177,539783168],[23.209559,541880320],[23.322674,541896704],[23.400288,545161216],[23.401324,549412864],[23.450454,551018496],[23.457712,559362048],[23.500843,555421696],[23.502051,563552256],[23.765955,563556352],[23.803017,566784000],[23.869408,567975936],[23.870045,572170240],[23.936488,573960192],[24.243991,587685888],[24.304187,591163392],[24.507101,596713472],[24.684377,599298048],[24.750752,601890816],[24.956675,606040064],[24.957232,610234368],[25.150145,613822464],[25.25898,617144320],[25.405746,620490752],[25.412936,628879360],[25.458665,629104640],[25.460041,637267968],[25.806417,639369216],[25.943746,639430656],[26.003129,643354624],[26.012537,649904128],[26.089985,652242944],[26.272993,656392192],[26.54534,664948736],[26.545667,667045888],[26.775181,674570240],[26.955902,678678528],[27.101475,683278336],[27.372759,690356224],[27.389391,690360320],[27.636123,697081856],[27.840934,702087168],[27.976123,706531328],[28.289066,715640832],[28.442999,716607488],[28.646489,722427904],[28.6726,724037632],[28.852645,730746880],[29.056328,736256000],[29.112633,737021952],[29.261908,741097472],[29.303242,741199872],[29.554846,747950080],[29.556035,750047232],[29.771524,756473856],[29.907371,759025664],[29.991445,762728448],[30.160097,767266816],[30.196892,767451136],[30.281656,770797568],[30.48678,773357568],[30.612926,776163328],[30.712849,779218944],[30.73477,781402112],[31.118662,792686592],[31.367452,798511104],[31.420898,799191040],[31.421059,801288192],[31.591015,805347328],[31.892311,811589632],[32.015115,815349760],[32.129433,817324032],[32.130846,821534720],[32.2128,824037376],[32.29497,824680448],[32.492445,830627840],[32.662452,832073728],[32.849053,837337088],[32.855624,839360512],[32.911113,839409664],[33.015043,842633216],[33.015993,844840960],[33.225021,849899520],[33.383179,855105536],[33.637064,861200384],[33.784695,865910784],[33.938482,869093376],[33.986731,871231488],[34.169053,875286528],[34.224926,877244416],[34.40709,880779264],[34.61343,886751232],[34.629324,888295424],[34.764399,892104704],[34.83587,893292544],[34.95102,896954368],[35.156795,900681728],[35.265856,903864320],[35.458859,907853824],[35.615372,912470016],[35.617539,914931712],[35.684759,916574208],[35.710041,921546752],[36.000523,930361344],[36.027983,933605376],[36.099674,933613568],[36.224937,937869312],[36.437564,942911488],[36.631959,948678656],[36.672335,960385024],[37.021146,970903552],[37.334771,980058112],[37.437244,982016000],[37.75804,990855168],[37.765219,992931840],[37.826145,992944128],[37.90047,994840576],[37.900634,996937728],[38.045619,1001435136],[38.203706,1005481984],[38.228013,1007714304],[38.322045,1011068928],[38.441457,1013268480],[38.631879,1018413056],[38.935147,1027366912],[38.957293,1027371008],[39.253816,1035956224],[39.254172,1037000704],[39.428946,1040359424],[39.594732,1044430848],[39.925673,1055375360],[39.971938,1057943552],[40.078563,1061249024],[40.118723,1064615936],[40.137064,1072107520],[40.280693,1075122176],[40.280907,1077219328],[40.391321,1082322944],[40.450201,1084076032],[40.848583,1087700992],[40.854941,1084473344],[41.068235,1084379136],[41.068632,996388864],[41.167641,996392960],[41.258695,999682048],[43.16337,999772160],[43.184276,1000148992],[44.076914,1000255488],[44.07933,1016930304],[44.240116,1019899904],[44.240785,1021997056],[44.291211,1023066112],[44.298223,1090179072],[44.322578,1088307200],[44.322653,1073397760],[44.332003,1073614848],[44.335526,1085296640],[44.774533,1085194240],[44.782431,1052774400],[44.782931,1000280064],[45.408061,1000538112],[47.470696,1000669184],[49.198931,1000689664],[49.398743,1000996864],[57.426815,1001013248],[60.833911,1001082880],[68.438473,1003180032],[68.442029,1018982400],[72.593104,1018994688],[123.091642,1019191296],[123.09565,1052471296],[123.106891,1051963392],[123.107334,1035907072],[132.035383,1035980800],[132.442447,1036148736],[132.457997,1041645568],[132.471407,1035984896],[132.533384,1038655488],[132.534935,1042849792],[132.626392,1044344832],[132.634611,1048530944],[132.639614,1064050688],[132.926801,1068158976],[132.930768,1076551680],[133.073143,1078788096],[133.081446,1106038784],[133.105293,1124929536],[133.122608,1145901056],[133.262834,1147858944],[133.26293,1149952000],[133.520469,1154150400],[133.544218,1168830464],[133.54781,1129111552],[133.677348,1131208704],[133.784644,1131417600],[133.789929,1147854848],[133.804851,1147330560],[133.8058,1080741888],[133.809901,1055707136],[133.819578,1076264960],[133.819671,1055297536],[135.318117,1054208000],[135.318561,1046855680],[135.40524,1046650880],[135.408825,1006841856],[135.409819,967274496],[135.416047,886837248],[135.419268,808382464],[135.424072,729731072],[135.427929,687423488],[135.43716,497061888],[135.438802,496185344],[135.447237,355373056],