{"summary":{"timestamp":1407000069,"hash":"432042ac149804c8d6b59b8cdf537ce39493796c","max_memory":1883078656,"cpu_time":200.8,"pull_request":16183},"memory_data":[[0.005034,8192],[0.022348,18092032],[0.050892,22220800],[0.096671,25169920],[0.153523,33816576],[0.182339,41402368],[0.280992,57544704],[0.321805,68161536],[0.378568,79126528],[0.391404,83701760],[0.441927,88612864],[0.495832,100618240],[0.544844,103055360],[0.582212,128339968],[0.635606,161435648],[0.671001,144990208],[0.747419,145424384],[0.747874,141578240],[0.898756,144343040],[0.991991,145301504],[0.992257,147398656],[1.191721,150020096],[1.191771,152117248],[1.28548,153604096],[1.436753,166719488],[1.455994,171446272],[1.543175,180588544],[1.806545,201736192],[1.917757,212254720],[1.966763,215752704],[1.966813,217849856],[2.141823,231301120],[2.14612,226623488],[2.220754,229888000],[2.262268,251662336],[2.279376,264593408],[2.327063,292458496],[2.503559,294559744],[2.558367,328757248],[2.594771,328699904],[2.622765,315793408],[2.68664,319369216],[2.76729,328749056],[2.880637,330850304],[2.899627,333946880],[2.971804,336568320],[3.007617,341336064],[3.066504,341098496],[3.091674,329867264],[3.194684,329895936],[3.232681,341966848],[3.250235,356270080],[3.298374,370036736],[3.324536,370073600],[3.353045,374276096],[3.383011,374300672],[3.408372,378503168],[3.409419,384794624],[3.514566,384819200],[3.530999,386916352],[3.533208,399499264],[3.600192,399556608],[3.605944,405848064],[3.776152,405925888],[3.782991,420605952],[3.790127,418508800],[3.863333,418541568],[3.871409,422735872],[4.210043,422977536],[4.255945,409837568],[4.361397,410243072],[4.384117,415477760],[4.408576,415637504],[4.418863,420720640],[4.548537,420724736],[4.619392,422187008],[4.784443,422707200],[4.82162,426962944],[4.838963,435367936],[4.896386,441790464],[4.900541,450179072],[4.983366,454508544],[4.983671,448217088],[5.032408,452415488],[5.190787,458706944],[5.391847,464998400],[5.397341,469192704],[5.478258,475484160],[5.60351,477581312],[5.637459,479678464],[5.797169,481775616],[5.988109,485969920],[6.076973,490164224],[6.381766,498552832],[6.502329,502747136],[6.786953,509038592],[6.787057,511135744],[6.955779,513232896],[6.999796,515330048],[7.001569,534204416],[7.01121,525815808],[7.076272,530010112],[7.194738,534204416],[7.194842,536301568],[7.405951,538398720],[7.46778,538402816],[7.46794,540495872],[7.600626,542593024],[7.680552,544690176],[7.687504,546787328],[7.800515,548884480],[7.826765,553078784],[7.906967,555175936],[7.942085,553078784],[8.370968,557273088],[8.396919,559370240],[8.790384,565661696],[9.075408,569856000],[9.121867,571953152],[9.224152,574050304],[9.224816,580341760],[9.481188,582438912],[9.574172,584536064],[9.576203,590827520],[9.83101,592924672],[9.883313,595021824],[10.230143,599216128],[10.313652,601313280],[10.384268,607604736],[10.650529,609701888],[10.838015,611799040],[10.959574,615993344],[11.079233,618090496],[11.082138,641159168],[11.098256,660033536],[11.103255,641159168],[11.169455,643256320],[11.4744,647450624],[11.574661,649547776],[11.638772,653742080],[11.640253,655839232],[11.724738,660033536],[11.724841,662130688],[11.783134,664227840],[11.811944,668422144],[11.893985,674713600],[11.899988,676810752],[11.997752,685199360],[12.005383,683102208],[12.643992,685199360],[12.811509,687296512],[12.881611,689393664],[12.906523,693587968],[13.262452,697782272],[13.266411,701976576],[13.322752,704073728],[13.328549,708268032],[13.432738,712462336],[13.451505,714559488],[13.723729,716656640],[13.823548,718753792],[14.033486,725045248],[14.051896,727142400],[14.302623,729239552],[14.464053,731336704],[14.545528,733433856],[14.546745,737628160],[14.913583,739725312],[15.137583,741822464],[15.255167,743919616],[15.549079,748113920],[15.918742,756502528],[15.964785,760696832],[16.289388,762793984],[16.51807,764891136],[16.687741,766988288],[16.755358,769085440],[16.89433,771182592],[16.982074,775376896],[17.219251,777474048],[17.237834,779571200],[17.471684,783765504],[17.509698,785862656],[17.680349,787959808],[17.681294,792154112],[17.949019,794251264],[18.310915,798445568],[18.39459,800542720],[18.658982,802639872],[18.860715,802643968],[18.86133,804737024],[18.934022,806834176],[19.18785,808931328],[19.51565,813125632],[19.612522,815222784],[19.658166,817319936],[19.786119,819417088],[19.84387,821514240],[19.848604,865554432],[19.869839,892817408],[19.885684,920080384],[19.890383,869748736],[20.069515,871845888],[20.208342,876040192],[20.279062,880234496],[20.280997,884428800],[20.841498,886525952],[21.00978,888623104],[21.139863,892817408],[21.145928,915886080],[21.147196,903303168],[21.389827,907497472],[21.42707,909594624],[21.665262,911691776],[21.721779,913788928],[21.728302,936857600],[21.732512,924274688],[22.003806,928468992],[22.023448,930566144],[22.571708,932663296],[22.571966,936857600],[22.62398,941051904],[22.665071,930566144],[23.03571,915886080],[23.668301,917983232],[23.90102,922177536],[23.901279,924274688],[23.957769,926371840],[23.959714,924274688],[25.143368,926371840],[25.143521,928468992],[27.315587,930566144],[27.537377,932663296],[27.544088,953634816],[27.549586,941051904],[27.595718,943149056],[27.707804,945246208],[27.774153,949440512],[28.005328,953634816],[28.060155,955731968],[28.066564,962023424],[28.255466,964120576],[28.57528,966217728],[28.778327,968314880],[28.862733,972509184],[29.365285,972513280],[29.444729,976072704],[29.637523,982433792],[29.637674,984530944],[29.766157,989118464],[29.766309,991215616],[29.928322,997494784],[29.932739,1003786240],[30.273218,1015894016],[30.340246,1018728448],[30.340396,1020825600],[30.617628,1030402048],[30.825307,1036886016],[30.825665,1041080320],[30.939001,1045372928],[31.015977,1050697728],[31.119942,1054113792],[31.120146,1058308096],[31.350448,1066274816],[31.455796,1071591424],[31.639894,1078202368],[31.709028,1081364480],[31.788821,1083490304],[32.067873,1094111232],[32.06808,1096212480],[32.350209,1106243584],[32.51497,1112801280],[32.704389,1119719424],[32.714082,1122660352],[33.028917,1133383680],[33.471126,1150644224],[33.505954,1153777664],[33.670118,1158873088],[33.670435,1163067392],[33.799141,1167622144],[33.868046,1169207296],[33.869758,1170784256],[34.023958,1175588864],[34.217539,1182371840],[34.466493,1191985152],[34.467066,1198280704],[34.555509,1202016256],[34.863084,1213407232],[35.018955,1217740800],[35.238391,1226027008],[35.469599,1233068032],[35.591335,1237241856],[35.593273,1243533312],[35.662488,1245597696],[35.664214,1253986304],[36.072667,1266475008],[36.073079,1272762368],[36.297591,1280237568],[36.428097,1282846720],[36.652768,1290670080],[36.760794,1293737984],[36.948221,1300074496],[37.052692,1302794240],[37.21453,1308643328],[37.283335,1310244864],[37.600775,1320075264],[37.860831,1329197056],[38.116864,1336811520],[38.116914,1338908672],[38.262394,1343291392],[38.344053,1346465792],[38.606432,1354104832],[38.809724,1360490496],[38.809824,1362587648],[38.947328,1367900160],[39.102033,1370107904],[39.357605,1379049472],[39.555033,1384955904],[39.555085,1387053056],[39.823941,1395769344],[39.902332,1397620736],[40.060956,1402920960],[40.061109,1405018112],[40.295553,1413566464],[40.565433,1425391616],[40.774081,1432629248],[40.774637,1434730496],[41.014724,1442451456],[41.166623,1448493056],[41.16709,1454784512],[41.256997,1457786880],[41.493028,1467539456],[41.530306,1470701568],[41.738839,1479319552],[41.896982,1484431360],[42.110934,1492152320],[42.150263,1494163456],[42.273117,1497739264],[42.276508,1500880896],[42.474003,1507160064],[42.618768,1514078208],[42.778691,1519202304],[42.985513,1526947840],[43.364431,1542262784],[43.599108,1550733312],[44.320011,1579851776],[44.406916,1582075904],[44.407068,1584173056],[44.61295,1590431744],[44.752787,1595367424],[44.900273,1599275008],[45.068809,1604427776],[45.068962,1606524928],[45.320683,1615020032],[45.404589,1618464768],[45.794041,1631199232],[45.794092,1633296384],[46.105069,1643507712],[46.557986,1656774656],