{"summary":{"timestamp":1389126392,"hash":"4329fc6730e381b3b06f9987327072c50a739ad4","max_memory":1411731456,"cpu_time":207.28,"pull_request":11045},"memory_data":[[0.001653,12288],[0.048805,643072],[0.049478,2875392],[0.117865,8163328],[0.270525,10702848],[0.407734,16306176],[0.60024,19685376],[0.705143,24956928],[1.096812,30416896],[1.118993,32202752],[1.23052,34316288],[1.383358,61202432],[1.408455,69193728],[1.423045,69816320],[1.490659,83587072],[1.51002,83898368],[1.580649,95608832],[1.657219,109793280],[1.672975,109543424],[1.737933,122077184],[1.834488,122949632],[1.870507,137527296],[1.944232,194404352],[2.277431,196018176],[2.399812,197644288],[2.644299,197664768],[2.70449,206327808],[2.714824,213540864],[2.860047,231079936],[2.915961,239382528],[2.952583,242765824],[3.058455,258523136],[3.167514,258535424],[3.179255,269574144],[3.236748,312602624],[3.737683,312774656],[3.789166,320200704],[3.818657,320319488],[3.822589,334884864],[3.846085,333901824],[3.846187,327540736],[3.90531,327618560],[3.913221,356904960],[3.961255,342220800],[4.070104,342228992],[4.084739,400949248],[4.179554,399937536],[4.179606,371585024],[4.358586,374575104],[4.467072,374919168],[4.482323,375971840],[4.633391,379498496],[4.850798,383561728],[5.097153,387399680],[5.17218,387538944],[5.530163,393060352],[5.558529,394825728],[5.750614,397467648],[5.900167,398049280],[6.233845,398344192],[6.379465,400928768],[6.463116,403935232],[6.766583,406216704],[7.213474,407089152],[7.455295,409874432],[7.657849,410578944],[8.468369,411762688],[8.554872,414445568],[8.674157,414507008],[8.899428,415698944],[9.347148,416854016],[10.107759,418033664],[10.176722,418967552],[10.434363,419762176],[10.457876,420622336],[10.601358,421122048],[11.070899,421769216],[11.780837,421928960],[11.784793,436555776],[11.847276,436658176],[11.849473,444944384],[12.109496,445091840],[12.147715,445882368],[12.377816,446431232],[12.765511,446574592],[12.930845,446922752],[12.934721,459485184],[13.018875,460259328],[13.316817,460763136],[13.436839,462888960],[13.569568,467992576],[13.773333,470630400],[13.901569,471457792],[14.516301,471859200],[14.518928,480124928],[14.877607,480284672],[14.947513,481726464],[15.428151,481869824],[15.433358,498642944],[16.209008,498810880],[16.406653,503386112],[16.592603,505495552],[16.673397,507736064],[16.74169,508391424],[16.807807,511082496],[16.91323,511242240],[17.166762,514949120],[17.310269,518320128],[17.422567,519667712],[17.502148,522006528],[17.552296,522121216],[17.619786,524730368],[17.670386,524619776],[17.671153,526819328],[17.815691,528715776],[17.84592,530702336],[18.037709,532344832],[18.047871,565903360],[18.086018,566067200],[18.907887,566140928],[18.912328,582778880],[19.491138,582840320],[19.491922,584876032],[19.612738,585949184],[19.614123,589070336],[19.767463,589107200],[20.016394,593383424],[20.157569,594726912],[20.243352,597266432],[20.278659,599613440],[20.417199,599863296],[20.518661,601747456],[20.625402,602611712],[20.649863,604057600],[20.812423,605184000],[20.995401,608497664],[21.107986,609247232],[21.139509,610377728],[21.266369,611532800],[21.26757,616075264],[21.458397,616509440],[21.570435,617811968],[21.64736,620675072],[21.747654,621334528],[21.79404,623181824],[21.862891,623374336],[22.013908,626163712],[22.125207,626716672],[22.221391,628482048],[22.253912,630751232],[22.396172,632324096],[22.591475,636469248],[22.814317,638586880],[22.847534,641392640],[22.874712,640049152],[23.025414,641298432],[23.304429,645791744],[23.339307,648945664],[23.346422,680402944],[23.766371,680718336],[23.76857,688951296],[23.820736,691052544],[23.82401,705732608],[23.860626,688803840],[23.860678,680693760],[26.378234,680742912],[26.785474,680939520],[27.615023,683044864],[27.635394,748052480],[27.660135,714493952],[28.252696,714612736],[28.426552,716251136],[28.653793,716730368],[28.684948,720330752],[28.720965,720437248],[28.769223,724897792],[28.833926,725180416],[28.938649,730206208],[29.013352,735989760],[29.122965,739684352],[29.306438,749277184],[29.622497,763375616],[29.738767,773791744],[29.842618,777601024],[29.902874,778625024],[30.069722,786571264],[30.4211,802054144],[30.476603,804950016],[30.795261,818102272],[30.932519,824623104],[31.090965,831107072],[31.150626,834514944],[31.291004,840331264],[31.318049,842436608],[31.49818,850202624],[31.524223,852295680],[31.670088,859693056],[31.831469,865722368],[31.975945,872665088],[32.0951,877232128],[32.252232,884649984],[32.392816,890368000],[32.689803,904429568],[33.033826,918384640],[33.086982,921563136],[33.34838,931672064],[33.48479,937697280],[33.678277,945213440],[33.730865,948629504],[33.828406,952086528],[33.829942,956280832],[33.886644,956289024],[33.982493,959979520],[33.989798,989343744],[34.273423,989388800],[34.27462,993542144],[34.39554,993550336],[34.889001,1013628928],[35.020154,1018511360],[35.132955,1024270336],[35.291488,1030496256],[35.522816,1040691200],[35.698385,1047220224],[35.879774,1056190464],[36.248056,1071702016],[36.271112,1073782784],[36.373347,1078169600],[36.373553,1080266752],[36.445479,1082368000],[36.755538,1095217152],[36.772321,1096777728],[37.092197,1109770240],[37.30705,1117552640],[37.447231,1126191104],[37.535132,1129668608],[37.541353,1135824896],[37.607911,1135910912],[37.685816,1138491392],[37.767049,1142833152],[37.925422,1148899328],[37.926191,1152045056],[37.969177,1152061440],[38.046845,1156374528],[38.269641,1165889536],[38.472301,1173856256],[38.47364,1178050560],[38.517135,1178062848],[38.596657,1181941760],[38.711845,1186217984],[38.939196,1195900928],[39.091347,1201549312],[39.458104,1217093632],[39.46028,1225482240],[39.560342,1225498624],[40.015116,1245450240],[40.170292,1251524608],[40.172494,1259876352],[40.287195,1259888640],[40.352898,1262333952],[40.355416,1270738944],[40.454016,1270743040],[40.699417,1280086016],[40.72979,1282154496],[40.90035,1288847360],[41.10806,1298186240],[41.183161,1300393984],[41.289859,1305100288],[41.348247,1305968640],[41.431653,1310052352],[41.462856,1312931840],[41.605662,1317347328],[41.607012,1321246720],[41.834096,1328693248],[41.985922,1334222848],[41.992496,1351233536],[41.994557,1332252672],[42.013259,1332736000],[42.022888,1368055808],[42.35779,1379790848],[42.363597,1411268608],[42.364937,1362313216],[42.688109,1374568448],[43.809706,1309429760],[43.814078,1273896960],[44.041847,1215172608],[44.292794,1219395584],[44.427155,1220931584],[44.472849,1222213632],[44.762063,1222254592],[50.625096,1222283264],[51.115335,1224384512],[51.11818,1255841792],[51.542907,1241157632],[51.542958,1222283264],[52.185563,1222565888],[52.773855,1222651904],[56.406208,1222709248],[56.669605,1222778880],[157.410926,1224880128],[157.413729,1256337408],[157.628937,1258438656],[157.6321,1275215872],[157.812866,1279410176],[157.858242,1279414272],[157.864521,1346523136],[157.881534,1312964608],[158.014077,1317158912],[158.059936,1250148352],[158.065848,1275973632],[158.065899,1248833536],[158.153825,1250594816],[158.235664,1250902016],[160.075933,1251033088],[217.175914,1251037184],[217.179398,1267679232],[219.530392,1267683328],[219.637816,1276481536],[219.644511,1282002944],[219.882488,1282007040],[219.887726,1265360896],[219.897626,1269051392],[220.91379,1266868224],[220.914417,1229668352],[220.949808,1221996544],[220.958298,1036251136],[220.962797,886538240],[220.966635,806096896],[220.973703,684601344],[220.976483,605614080],[220.982676,498044928],[220.982931,437002240],[220.989264,337702912],[220.99355,297078784],[221.000159,178810880],[221.003703,158359552]],