{"summary":{"timestamp":1373583345,"hash":"4478ded57c3a6cd86ad2e6b8cac1f6b4d46d1130","max_memory":1630990336,"cpu_time":180.79,"pull_request":7623},"memory_data":[[0.002911,4096],[0.049864,368640],[0.084526,5697536],[0.198652,8683520],[0.221409,10342400],[0.350587,11513856],[0.42019,14999552],[0.569152,19066880],[0.763689,23220224],[0.832126,24035328],[0.849033,29196288],[0.985799,32018432],[1.007002,33542144],[1.117487,55623680],[1.151947,59244544],[1.187753,69820416],[1.209764,70414336],[1.264363,78557184],[1.288109,87322624],[1.336211,91746304],[1.394455,107556864],[1.421837,107839488],[1.427956,113299456],[1.464296,122884096],[1.504538,122757120],[1.555152,131833856],[1.572041,139059200],[1.614821,139481088],[1.640626,145133568],[1.672314,147910656],[1.789862,169078784],[1.840384,175767552],[1.889065,185774080],[1.902524,186142720],[1.963159,196268032],[1.982629,202743808],[2.020893,206540800],[2.074293,217841664],[2.088275,224440320],[2.137228,225325056],[2.233671,281853952],[2.233756,283983872],[2.489839,441421824],[2.548087,459898880],[2.607292,484716544],[2.615257,485888000],[2.731463,533114880],[2.757036,536715264],[2.793494,548089856],[2.851061,569135104],[2.891723,586530816],[2.929214,599142400],[3.035398,638222336],[3.138923,678834176],[3.150273,681615360],[3.210218,706043904],[3.22454,713867264],[3.526897,898969600],[3.567613,921178112],[3.77267,1044783104],[3.995043,1183080448],[4.09556,1243889664],[4.367626,1244000256],[4.435509,1245519872],[4.534856,1258225664],[4.602284,1271480320],[4.693086,1271504896],[4.734784,1280540672],[4.741419,1286840320],[4.777955,1286860800],[4.784931,1290674176],[4.852959,1290997760],[4.858478,1293099008],[4.868924,1362305024],[5.027787,1363894272],[5.046065,1370853376],[5.087082,1375043584],[5.183029,1377030144],[5.186914,1380892672],[5.246152,1382678528],[5.250897,1387618304],[5.36863,1387884544],[5.48691,1391939584],[5.590275,1392816128],[5.615901,1395286016],[5.778282,1396805632],[5.779663,1398190080],[5.898451,1398255616],[5.90054,1399746560],[6.190293,1399848960],[6.193829,1402839040],[6.450181,1403297792],[6.866,1403301888],[7.041273,1403822080],[7.33897,1404030976],[7.341359,1405104128],[7.618044,1405456384],[7.755237,1406816256],[7.795755,1408352256],[7.933081,1408425984],[8.152467,1409744896],[8.250244,1411768320],[8.315099,1415839744],[8.570688,1416237056],[8.696517,1418498048],[8.838527,1418784768],[9.380972,1419042816],[9.51291,1421447168],[9.902387,1421684736],[9.986654,1422860288],[10.241652,1424838656],[10.259177,1425797120],[10.474194,1426014208],[10.582957,1427783680],[10.694013,1427804160],[10.744685,1428987904],[11.234132,1429868544],[11.580824,1431506944],[11.650149,1432403968],[11.900245,1433034752],[12.163004,1434349568],[12.283004,1435586560],[12.557307,1435807744],[12.686267,1436864512],[12.693207,1438330880],[12.817321,1438912512],[12.874161,1440653312],[13.046103,1441595392],[13.176014,1442902016],[13.177357,1444118528],[13.69594,1444691968],[13.708034,1445281792],[14.064502,1447108608],[14.199317,1448935424],[14.497622,1450311680],[14.501414,1452003328],[14.633467,1452765184],[14.843187,1453088768],[14.863673,1455398912],[15.213289,1455607808],[15.529205,1457577984],[15.900296,1459040256],[15.99344,1460584448],[16.392553,1461248000],[17.203218,1461268480],[17.209542,1461915648],[17.53164,1462222848],[17.589677,1462927360],[17.775548,1463013376],[17.848617,1464303616],[17.850149,1465982976],[18.15917,1466101760],[19.411577,1466138624],[19.412321,1466744832],[19.677412,1466830848],[19.740287,1467609088],[19.742671,1469415424],[19.814258,1470369792],[21.137825,1470451712],[23.717953,1471053824],[24.041811,1471803392],[24.542527,1471807488],[24.721698,1472020480],[24.860738,1473007616],[25.035005,1477115904],[25.16996,1477246976],[25.400043,1481289728],[25.551502,1485017088],[25.675687,1485033472],[25.821471,1486921728],[25.947295,1490403328],[26.049951,1491410944],[26.112866,1493897216],[26.286319,1496432640],[26.497435,1497231360],[26.598954,1498214400],[26.862159,1503547392],[26.936247,1505435648],[27.136604,1509027840],[27.141434,1513037824],[27.195987,1513680896],[27.669094,1513684992],[28.00777,1520406528],[28.303647,1523646464],[28.559634,1532055552],[28.618383,1532960768],[28.985635,1532968960],[29.384794,1534664704],[29.532962,1534922752],[30.185768,1537413120],[30.507333,1539854336],[30.616549,1539952640],[31.018615,1541541888],[31.256795,1542774784],[31.264217,1545764864],[31.69976,1545859072],[31.862927,1546567680],[32.501683,1550159872],[32.797542,1551228928],[32.810171,1551704064],[33.055007,1552928768],[33.204383,1554219008],[33.68363,1556840448],[33.789654,1557127168],[34.210873,1559691264],[34.855219,1561612288],[35.056053,1562755072],[36.200762,1567080448],[36.54057,1567744000],[36.541315,1568129024],[36.843575,1568452608],[37.503702,1564254208],[37.503789,1497145344],[37.636531,1499688960],[37.739246,1502654464],[38.802458,1502658560],[39.956387,1502863360],[40.072931,1503772672],[45.385879,1504002048],[45.401999,1504133120],[46.522646,1504239616],[84.080006,1504247808],[104.52374,1504272384],[117.136129,1504276480],[123.149924,1504309248],[128.895513,1504317440],[132.137063,1504350208],[142.087781,1504395264],[142.230073,1507934208],[146.058866,1507971072],[148.067109,1508085760],[151.251839,1508134912],[158.821394,1508184064],[159.735274,1508265984],[163.925377,1508302848],[167.350285,1508442112],[170.846447,1508487168],[172.070042,1508593664],[179.048986,1508691968],[179.058308,1508753408],[184.33035,1508790272],[184.330775,1509003264],[185.732657,1509007360],[185.906869,1509191680],[186.827322,1509359616],[186.829923,1510821888],[188.466765,1510866944],[188.938381,1511022592],[189.143585,1511342080],[189.643608,1511501824],[189.742938,1511739392],[190.842269,1512067072],[190.938058,1512480768],[191.906566,1512800256],[192.450591,1513517056],[193.099068,1513730048],[193.135268,1514000384],[193.791851,1514254336],[193.862008,1514512384],[194.540807,1514696704],[194.606625,1514921984],[195.643739,1515106304],[195.779165,1515487232],[196.291872,1515642880],[197.226598,1515716608],[198.682606,1516003328],[199.254321,1516445696],[200.151667,1516601344],[201.609706,1516978176],[202.356861,1517699072],[203.21548,1517846528],[203.821674,1518190592],[203.916801,1518465024],[204.435465,1518469120],[205.069,1518718976],[205.764872,1518788608],[206.17601,1519288320],[206.753033,1519460352],[208.230165,1519554560],[208.753773,1520295936],[208.754708,1523388416],[209.122294,1524031488],[209.347561,1524080640],[209.494767,1524604928],[209.534366,1525637120],[209.844821,1525952512],[210.060462,1526800384],[210.205084,1528049664],[210.302933,1530576896],[210.642257,1530961920],[210.716841,1532751872],[211.604179,1534136320],[211.74136,1535143936],[211.8124,1537118208],[211.905888,1537806336],[211.909622,1554587648],[212.403942,1555460096],[212.682287,1555476480],[212.813093,1585446912],[212.907778,1585463296],[213.040765,1588125696],[213.567515,1588162560],[213.584359,1590173696],[213.755225,1590177792],[213.947537,1595580416],[213.949972,1597689856],[214.03388,1597693952],[214.133608,1602093056],[214.171883,1605615616],[214.173146,1609146368],[214.22431,1609236480],[214.251771,1612881920],[214.381357,1621499904],[214.414668,1630560256],[214.497898,1629675520],[214.49798,1626972160],[215.828208,1626943488],[215.833271,1603092480],[215.837203,1554444288],[215.862071,1558679552],[215.874858,1567182848],[215.884632,1558802432],[215.905878,1563516928],[215.908327,1569804288],[215.954887,1571020800],[215.96859,1574580224],[216.122802,1574637568],[216.193616,1582641152],[216.196603,1590259712],[216.21368,1590267904],[216.225381,1598697472],[216.256886,1606459392],[216.307673,1607680000],[216.308675,1574371328],[216.319674,1556135936],[216.570171,1556062208],[216.866881,1555124224],[216.913091,1553870848],[216.914634,1491415040],[216.919219,1450676224],[216.920238,1411239936],[216.933149,1249923072],[216.9397,1133178880],[216.947214,1052311552],[216.95096,974409728],[216.95826,