{"summary":{"timestamp":1390370780,"hash":"47660f74fcbacb9405fed9a1a023a0bb0443c10d","max_memory":1281277952,"cpu_time":199.37,"pull_request":11719},"memory_data":[[0.001652,4096],[0.105577,376832],[0.130565,5783552],[0.175877,8556544],[0.283692,9707520],[0.467974,18173952],[0.662846,22089728],[0.703468,24907776],[0.784413,27791360],[1.034864,31531008],[1.250991,36405248],[1.251441,38526976],[1.386992,40898560],[1.526927,65118208],[1.547974,72011776],[1.639677,85282816],[1.814813,114360320],[1.841936,120049664],[1.921037,120958976],[1.948399,132149248],[2.000481,164249600],[2.21682,166068224],[2.302327,167358464],[2.57853,167919616],[2.730319,168779776],[2.825019,178745344],[2.866004,179257344],[2.994458,193634304],[3.055209,199553024],[3.169076,199573504],[3.231134,237436928],[3.808601,237690880],[3.809317,244031488],[3.914535,258367488],[4.006817,258527232],[4.107276,260939776],[4.187771,261230592],[4.247117,263606272],[4.322587,264491008],[4.605583,264929280],[4.624413,265322496],[4.898087,265715712],[5.008091,266661888],[5.127324,268980224],[5.274598,269836288],[5.333527,271147008],[5.66052,271671296],[5.857277,275095552],[5.925161,275226624],[6.12596,278732800],[6.28876,280952832],[6.395496,283746304],[6.519567,289652736],[6.557219,290156544],[6.690815,297541632],[6.826062,301113344],[6.890658,304119808],[7.068346,309678080],[7.219946,311771136],[7.258722,313085952],[7.383797,313909248],[7.678501,314413056],[7.931667,314482688],[8.095734,315650048],[8.508406,315981824],[8.512265,328511488],[8.619455,329469952],[8.743742,329592832],[8.744596,332095488],[8.904166,332554240],[8.91292,335007744],[9.027655,335933440],[9.028362,337510400],[9.119693,339189760],[9.189274,342441984],[9.340249,342814720],[9.405878,345501696],[9.644647,345882624],[10.033052,345886720],[10.137036,346320896],[10.14827,347758592],[10.27217,348561408],[10.667407,348913664],[10.766858,351326208],[10.862728,351330304],[10.922991,353222656],[11.114081,353226752],[11.216358,354557952],[11.258629,359182336],[11.317717,361652224],[11.414652,361791488],[11.548783,365199360],[11.549488,367128576],[11.667123,369147904],[11.726092,369295360],[11.918853,374534144],[11.923505,378671104],[11.982967,381112320],[12.131776,381886464],[12.156818,387338240],[12.250966,387358720],[12.343452,390004736],[12.449079,399040512],[12.496261,400449536],[12.612361,400617472],[12.70118,402477056],[12.705224,419192832],[12.710232,410800128],[12.745922,413380608],[12.818545,413683712],[13.020682,418340864],[13.055182,421564416],[13.156953,421818368],[13.227932,423985152],[13.230032,432250880],[13.367852,432353280],[13.483948,434839552],[13.484544,435884032],[13.617958,438722560],[13.892432,443047936],[13.92115,445079552],[13.993915,445108224],[14.402356,453050368],[14.547334,457478144],[14.6412,458829824],[14.641781,461029376],[14.722115,461295616],[14.800175,464764928],[14.867265,465289216],[14.87126,467390464],[14.878336,498847744],[14.888797,482066432],[14.997715,483848192],[15.132304,483856384],[15.237435,487038976],[15.385134,488808448],[15.411508,490369024],[15.596313,492670976],[15.684955,495996928],[15.689206,512589824],[16.101535,512761856],[16.179446,513265664],[16.189377,515919872],[16.28364,516096000],[16.374949,518598656],[16.608692,521605120],[16.630209,522522624],[16.830646,526045184],[16.919502,526897152],[17.031187,531902464],[17.142555,531738624],[17.239343,533786624],[17.346524,534724608],[17.36453,536121344],[17.533605,537608192],[17.628644,540475392],[17.722807,541106176],[17.822049,543109120],[17.885885,543248384],[17.887867,547704832],[17.992983,547708928],[18.200638,550006784],[18.274052,552456192],[18.368691,553111552],[18.413662,555335680],[18.480433,555479040],[18.610348,558198784],[18.702624,558678016],[18.787704,560398336],[18.813907,562446336],[18.967179,564178944],[19.016243,565911552],[19.152498,568422400],[19.34103,570470400],[19.391041,571936768],[19.57523,574377984],[19.583228,607936512],[20.093154,608038912],[20.198918,608600064],[20.203299,618995712],[20.252943,621096960],[20.256129,635777024],[20.293233,618995712],[20.293336,610738176],[20.671169,610742272],[22.448629,612851712],[22.464122,677855232],[22.483892,644296704],[23.043002,644321280],[23.444147,644562944],[24.876927,644694016],[25.080952,647061504],[25.157902,647127040],[25.19776,651055104],[25.273196,655249408],[25.335256,655732736],[25.502605,663220224],[25.558052,668762112],[25.726017,675631104],[25.730525,704999424],[26.053674,705167360],[26.204976,711159808],[26.287993,713134080],[26.62117,728330240],[26.717184,738516992],[26.960424,748777472],[26.961125,750751744],[27.017443,751955968],[27.135285,758558720],[27.246098,763342848],[27.786319,763367424],[28.078292,775467008],[28.102372,777547776],[28.364009,788901888],[28.484432,793014272],[28.590534,798646272],[28.703157,802881536],[28.803265,807751680],[29.04835,818122752],[29.05059,822317056],[29.094753,822390784],[29.256156,829280256],[29.329876,833269760],[29.331261,837476352],[29.358118,837578752],[29.369454,841728000],[29.411522,841736192],[29.765692,856428544],[29.844568,860286976],[29.906272,861065216],[29.987454,864784384],[30.244393,874979328],[30.245616,879165440],[30.29721,879169536],[30.396277,883179520],[30.465503,887963648],[30.821888,902754304],[30.864752,905232384],[31.116117,915890176],[31.8457,944873472],[32.085412,955662336],[32.235905,961671168],[32.358458,967753728],[32.782644,985014272],[32.797445,996012032],[32.923975,996139008],[33.253335,1010286592],[33.255513,1018654720],[33.356585,1018679296],[33.603003,1029894144],[33.6104,1055047680],[33.622448,1046745088],[33.698504,1047666688],[33.709007,1051447296],[33.762121,1052774400],[33.762878,1054863360],[33.841347,1056776192],[33.896637,1060491264],[34.147142,1072185344],[34.36088,1080868864],[34.444246,1085571072],[34.769606,1098629120],[34.843283,1100951552],[34.84478,1105080320],[34.892386,1105231872],[35.051337,1111965696],[35.053628,1120362496],[35.158346,1120382976],[35.263303,1124757504],[35.265489,1133133824],[35.363114,1133142016],[35.735619,1149394944],[35.760209,1151184896],[35.961457,1159426048],[35.962092,1162559488],[36.020746,1163919360],[36.286384,1174474752],[36.381496,1179398144],[36.506871,1184079872],[36.992023,1203523584],[37.205758,1213190144],[37.383275,1219321856],[37.484536,1224032256],[37.502197,1226715136],[37.600494,1226833920],[37.696297,1230430208],[37.6974,1233543168],[37.972039,1243004928],[37.973764,1255587840],[38.088253,1259782144],[38.094305,1278775296],[38.09478,1247461376],[38.125033,1249677312],[38.506765,1259851776],[38.807426,1266720768],[39.129735,1273417728],[39.130691,1276555264],[39.189352,1277706240],[39.19218,1273118720],[39.864264,1276739584],[39.865488,1280552960],[40.308176,1280536576],[40.308245,1213796352],[40.311797,1184071680],[40.312848,1125343232],[40.341664,1125076992],[40.35516,1121140736],[40.526589,1119465472],[40.526938,1095966720],[40.722603,1098555392],[40.77657,1100234752],[40.999237,1103622144],[46.510936,1103650816],[46.994212,1103740928],[46.997457,1137209344],[47.333211,1137115136],[47.333261,1103650816],[47.882378,1103757312],[48.31447,1104056320],[52.012875,1104064512],[87.984914,1106108416],[87.987803,1104064512],[97.984877,1106161664],[97.988851,1104064512],[107.988217,1106161664],[107.992228,1104064512],[117.991522,1106161664],[117.992302,1104793600],[127.991521,1106890752],[127.992994,1104793600],[137.994902,1106853888],[137.998795,1104793600],[145.973291,1104797696],[147.998189,1106890752],[148.001599,1104793600],[150.90692,1104797696],[150.90973,1112424448],[151.069462,1116041216],[151.072863,1149599744],[151.285863,1154400256],[151.290137,1156632576],[151.468133,1160826880],[151.49877,1162928128],[151.504477,1227939840],[151.520858,1194381312],[151.658357,1198575616],[151.687445,1131462656],[151.693833,1157083136],[151.693882,1129885696],[151.734986,1131347968],[151.831241,1132056576],[153.138479,1132109824],[153.138528,1132187648],[158.001558,1134252032],[158.002982,1132187648],[168.001539,1134284800],