{"summary":{"timestamp":1364271537,"hash":"47ddb59b802faa25b733416caf3d1b5588ab60a3","max_memory":1260654592,"cpu_time":98.12,"pull_request":5525},"memory_data":[[0.001671,8192],[0.005484,7118848],[0.091975,9551872],[0.43852,36028416],[0.720397,56942592],[1.154667,88084480],[1.176794,88444928],[1.257335,109957120],[1.504702,173494272],[1.539793,183087104],[1.739638,233762816],[1.852617,241504256],[2.003677,255778816],[2.038086,257568768],[2.097129,265392128],[2.149679,269778944],[2.203175,270471168],[2.290988,274206720],[2.433291,282640384],[2.48912,288129024],[2.678703,297558016],[2.76722,304967680],[2.838506,309346304],[2.916265,315617280],[3.039635,323776512],[3.088113,329211904],[3.170371,329408512],[3.183884,337371136],[3.195446,334925824],[3.197573,345415680],[3.221207,340471808],[3.224378,361447424],[3.241577,360177664],[3.241651,350957568],[3.276353,351809536],[3.283474,393756672],[3.317222,372781056],[3.386329,374366208],[3.399984,458260480],[3.466955,456155136],[3.467127,416313344],[3.586051,418144256],[3.610414,430292992],[3.617217,440721408],[3.743275,442650624],[3.751285,453713920],[3.840717,454062080],[4.020085,458903552],[4.170797,461262848],[4.221591,464896000],[4.260376,470450176],[4.379606,472502272],[4.380346,473767936],[4.4642,473903104],[4.465568,476389376],[4.641623,476397568],[4.643464,481632256],[5.080786,481656832],[5.084464,492118016],[6.223262,492183552],[6.229958,513089536],[6.596769,513372160],[6.599255,521670656],[6.650428,523771904],[6.653814,538451968],[6.744623,538796032],[6.758845,540090368],[7.348838,540286976],[7.3817,540610560],[7.882946,540712960],[8.011877,541270016],[8.013464,544792576],[8.228587,544854016],[8.50819,546156544],[8.587668,547102720],[8.852461,548601856],[9.033237,551149568],[9.035695,558477312],[9.703562,558841856],[9.821175,560971776],[9.911084,561197056],[10.2571,564183040],[10.555152,564600832],[10.796335,566603776],[11.099895,567320576],[11.176881,570060800],[11.18002,584380416],[11.204052,584712192],[12.896021,584814592],[12.968026,585957376],[13.197674,586027008],[13.332396,586928128],[13.534756,587497472],[13.546023,588570624],[13.909483,589864960],[13.982263,590897152],[14.145305,591175680],[14.369672,592457728],[14.59285,594317312],[14.696058,594325504],[15.054057,596037632],[15.127509,597094400],[15.60899,598310912],[15.628618,599134208],[15.84589,599977984],[16.043105,601591808],[16.32392,602124288],[16.594004,603316224],[16.685466,604950528],[16.711401,607068160],[17.201662,607145984],[17.471028,607510528],[17.808003,608608256],[17.816869,638083072],[20.070933,638234624],[20.124256,643792896],[20.161229,643813376],[20.162679,649035776],[20.291906,649228288],[20.294739,659521536],[22.51376,659656704],[22.692833,659959808],[22.767244,662749184],[23.000195,663588864],[23.118465,665755648],[23.656218,665964544],[23.832937,667996160],[23.93624,668008448],[23.997821,669769728],[24.004708,682041344],[24.050313,686284800],[24.192129,686448640],[24.263724,688553984],[24.281038,691052544],[24.354933,693149696],[24.355338,695246848],[24.488585,695250944],[24.519505,699035648],[24.591983,703229952],[24.657002,705327104],[24.673392,709521408],[24.757752,711639040],[24.772683,715018240],[24.889792,719212544],[24.934481,719216640],[24.97759,722456576],[25.173216,730804224],[25.173551,733667328],[25.291975,738807808],[25.380736,740790272],[25.519334,741642240],[25.570918,743501824],[25.634911,743690240],[25.722019,746012672],[25.960066,750190592],[25.960826,754384896],[26.143727,756715520],[26.242073,759083008],[26.340884,762646528],[26.417531,764313600],[26.417866,766410752],[26.5859,770957312],[26.73592,771944448],[26.850118,773783552],[26.942113,777011200],[27.026302,777871360],[27.02666,779968512],[27.205742,782954496],[27.256049,784510976],[27.268335,793165824],[27.292515,797966336],[27.37355,800636928],[27.515739,802508800],[27.671306,807165952],[28.061498,820948992],[28.122494,821039104],[28.377934,826781696],[28.453421,829968384],[28.69712,837677056],[28.761575,837931008],[28.865274,841306112],[28.932656,842162176],[29.235056,850403328],[29.239583,854712320],[29.4667,862158848],[29.502005,862269440],[29.633951,866639872],[29.715751,867307520],[29.803659,870273024],[29.96051,870699008],[30.165093,872697856],[30.273237,876212224],[30.332082,877072384],[30.332183,879169536],[30.444928,883941376],[30.634459,888795136],[30.737976,892334080],[30.812744,892923904],[30.952224,896716800],[31.057943,897265664],[31.246055,902549504],[31.281049,902647808],[31.381737,905891840],[31.382496,910086144],[31.557631,916172800],[31.666008,916938752],[31.780733,921591808],[31.868143,923881472],[31.931607,924049408],[31.996488,926400512],[32.099169,926912512],[32.128333,928157696],[32.29442,929918976],[32.350215,931799040],[32.464842,932737024],[32.533545,935288832],[32.612872,935854080],[32.651478,938266624],[32.778106,941379584],[32.941894,946917376],[33.030763,947834880],[33.064077,951115776],[33.166973,952418304],[33.264663,955465728],[33.265598,961503232],[33.369009,965709824],[33.466182,965718016],[33.538937,967970816],[33.730097,970326016],[33.827273,972701696],[33.827704,974798848],[33.921435,976031744],[34.031551,979853312],[34.209634,981848064],[34.209728,983945216],[34.282963,986341376],[34.458304,988315648],[34.589329,992952320],[34.867232,994541568],[34.86782,998735872],[34.994437,1000996864],[35.17771,1007116288],[35.276809,1009287168],[35.349393,1009807360],[35.468834,1012838400],[35.603341,1017368576],[35.835143,1022402560],[35.969445,1026711552],[36.083212,1029578752],[36.153633,1029976064],[36.233262,1033068544],[36.331382,1034366976],[36.418497,1037443072],[36.635454,1038901248],[36.8677,1045291008],[36.936769,1048014848],[37.042783,1048559616],[37.205573,1052442624],[37.381808,1057304576],[37.505318,1058410496],[37.657469,1062461440],[37.816681,1065164800],[37.988015,1069981696],[37.988532,1072078848],[38.048138,1073618944],[38.069772,1078632448],[38.461024,1089011712],[38.616658,1092476928],[38.768614,1094733824],[39.015614,1100886016],[39.042649,1109999616],[39.23112,1115344896],[39.231307,1117442048],[39.486183,1124179968],[39.597015,1127538688],[39.650486,1128235008],[39.653743,1130856448],[39.711944,1131057152],[39.712212,1133154304],[39.960096,1139609600],[40.320172,1147588608],[40.446055,1151442944],[40.63326,1155358720],[40.633763,1159553024],[40.666944,1159680000],[40.787904,1163902976],[40.954244,1166487552],[41.153959,1173258240],[41.155426,1177423872],[41.22483,1177436160],[41.412779,1182654464],[41.502071,1183391744],[41.595089,1187385344],[41.59572,1189535744],[41.736865,1193816064],[41.93343,1200504832],[42.03079,1201205248],[42.128151,1203396608],[42.428469,1213767680],[42.526406,1218084864],[42.530024,1224450048],[42.57159,1225654272],[42.607613,1230946304],[42.628543,1238310912],[42.748252,1240571904],[42.749863,1244778496],[42.843652,1249280000],[42.918347,1250922496],[43.345324,1254424576],[43.347421,1258815488],[43.573139,1258856448],[43.575017,1249566720],[43.751968,1220202496],[43.752845,1092272128],[43.807976,1092837376],[43.862772,1095618560],[46.123249,1095712768],[46.127152,1096056832],[46.922432,1096089600],[46.926891,1112702976],[47.134253,1112788992],[47.137599,1121095680],[47.144199,1186107392],[47.612876,1185890304],[47.61352,1163169792],[47.621151,1096056832],[48.27159,1096441856],[51.734532,1096646656],[51.738798,1113088000],[52.704539,1113206784],[67.993953,1113210880],[67.994044,1113276416],[82.488622,1113280512],[96.226552,1115377664],[96.229312,1146834944],[96.236986,1146421248],[96.23732,1130188800],[124.946659,1130319872],[125.654089,1130491904],[125.665625,1137324032],[125.678256,1130397696],[125.736527,1130401792],[125.737775,1134460928],[125.818031,1134592000],[125.831564,1138855936],[125.83469,1155633152],[125.911595,1156788224],[125.911762,1158885376],[126.054006,1158897664],[126.095708,1159626752],[126.098065,1170116608],[126.241423,1172213760],[126.250256,1174315008],[126.255956,1230938112],[126.258924,1239326720],[126.395248,1239330816],