{"summary":{"timestamp":1388264218,"hash":"482f75f595d5f3e89cc2c5cecd3f382828c08838","max_memory":1269460992,"cpu_time":213.76,"pull_request":11171},"memory_data":[[0.001895,4096],[0.006971,6336512],[0.102279,25325568],[0.133167,27607040],[0.173703,34312192],[0.202223,42217472],[0.217762,42827776],[0.292881,56664064],[0.312777,56975360],[0.476474,81817600],[0.550543,95047680],[0.578675,95055872],[0.687947,166617088],[0.794246,166629376],[1.029353,167620608],[1.166882,169242624],[1.437661,169250816],[1.509643,178176000],[1.519723,184377344],[1.685665,202149888],[1.750342,210558976],[1.803197,215339008],[1.913119,229789696],[2.021652,229801984],[2.035936,240603136],[2.10368,283742208],[2.970922,283848704],[3.016098,285949952],[3.030697,342573056],[3.507684,342646784],[5.967877,342654976],[6.495336,342736896],[6.574926,345161728],[6.578199,353583104],[6.756777,355831808],[6.758245,357924864],[6.889216,357928960],[7.072923,362696704],[7.19399,372064256],[7.345997,371957760],[7.404317,374132736],[7.408298,389197824],[7.41683,382488576],[7.761239,389287936],[7.7619,390467584],[7.918114,392228864],[7.958981,394543104],[8.025014,394584064],[8.029742,398651392],[8.140016,400879616],[8.398504,407818240],[8.558147,409780224],[8.684805,412585984],[8.685626,414113792],[8.776305,415436800],[8.87998,415600640],[9.10172,419442688],[9.239797,422395904],[9.347119,423575552],[9.491744,426356736],[9.514028,427995136],[9.633844,429289472],[9.6348,431566848],[9.720388,431779840],[9.791634,434802688],[9.967732,436146176],[9.978081,469704704],[9.992854,452923392],[10.10967,456073216],[10.325941,458649600],[10.360164,460218368],[10.442114,460517376],[10.505149,462348288],[10.626499,463548416],[10.652003,465805312],[10.726158,465731584],[10.75338,467619840],[10.854678,467697664],[10.859353,484532224],[10.931617,484827136],[11.404925,484896768],[11.494803,486211584],[11.524425,489275392],[11.569367,489332736],[11.570978,492421120],[11.751482,492482560],[11.996539,496852992],[12.111977,497524736],[12.231329,502157312],[12.372218,502411264],[12.729918,507731968],[12.8693,508956672],[12.92219,510849024],[13.057686,511504384],[13.290223,514973696],[13.291731,519561216],[13.524368,519958528],[13.588203,522518528],[13.701236,523407360],[13.750234,525508608],[13.818791,525549568],[13.96632,528265216],[14.086681,528924672],[14.097463,530284544],[14.184061,530649088],[14.275481,533471232],[14.337444,533610496],[14.378546,535322624],[14.543192,537845760],[14.766851,540057600],[14.802438,542846976],[14.827698,541507584],[14.983724,542703616],[15.15494,544907264],[15.184949,546553856],[15.320028,548163584],[15.38912,551841792],[15.396333,583299072],[15.684653,583475200],[15.687053,591728640],[15.740071,593829888],[15.743369,608509952],[15.779358,591728640],[15.779477,583471104],[20.016961,583479296],[20.16069,583507968],[20.170509,585613312],[20.190984,650620928],[20.21911,617062400],[20.269695,617115648],[20.30299,622960640],[20.368182,625065984],[20.369503,628752384],[20.452418,630456320],[20.506075,635088896],[20.82856,650559488],[21.164126,665042944],[21.288767,675504128],[21.428435,681377792],[21.6872,693350400],[21.874511,701169664],[21.929862,704225280],[22.300833,719220736],[22.435158,725655552],[22.605561,732426240],[22.659929,735379456],[22.820308,741941248],[22.84561,744022016],[23.038941,751947776],[23.194373,760598528],[23.389189,767754240],[23.406075,768921600],[23.821118,785973248],[24.305686,807280640],[24.464049,813838336],[24.639237,820412416],[24.660651,821989376],[25.340396,849346560],[25.374697,851869696],[25.499468,856465408],[25.500972,860655616],[25.55248,860663808],[25.845335,872656896],[25.852072,902021120],[26.18114,902045696],[26.575433,917622784],[26.7168,922705920],[26.903477,931508224],[26.970268,933507072],[27.253001,945963008],[27.434646,952651776],[27.572306,959496192],[27.69193,964124672],[27.72214,966234112],[27.85212,971821056],[28.001025,977166336],[28.002042,979267584],[28.321449,992792576],[28.521265,1000431616],[28.539374,1002012672],[28.956213,1019166720],[29.094754,1029820416],[29.295036,1039949824],[29.364536,1044160512],[29.49142,1048780800],[29.492953,1052954624],[29.551867,1052979200],[29.711707,1060851712],[29.712198,1064001536],[29.754834,1064026112],[29.8654,1068765184],[30.247859,1083969536],[30.250117,1088241664],[30.299779,1088253952],[30.489451,1095630848],[30.58256,1099878400],[30.769648,1106984960],[31.029361,1117859840],[31.186526,1124052992],[31.189048,1132441600],[31.292817,1132449792],[31.522693,1141841920],[31.544262,1143394304],[31.725118,1150787584],[32.040805,1162162176],[32.181121,1167568896],[32.183593,1175928832],[32.247025,1176006656],[32.249449,1184333824],[32.399111,1184350208],[32.460319,1187508224],[32.691346,1196773376],[32.780144,1200902144],[32.863194,1203290112],[33.090125,1213120512],[33.105201,1215979520],[33.233101,1219641344],[33.234774,1222479872],[33.501256,1230987264],[33.65379,1236406272],[33.760571,1239162880],[33.761239,1240600576],[33.958258,1245618176],[34.268852,1252245504],[34.620186,1258844160],[34.730897,1262948352],[34.732944,1261506560],[35.416055,1265291264],[35.430938,1269161984],[35.88272,1204142080],[35.886888,1139126272],[36.064373,1139122176],[36.064431,1080401920],[36.653836,1080406016],[42.842518,1082507264],[42.845384,1113964544],[43.296931,1099280384],[43.296998,1080406016],[43.423506,1080426496],[157.332024,1080430592],[157.334926,1113985024],[157.47858,1116086272],[157.481997,1132863488],[157.742964,1139154944],[157.813445,1141256192],[157.819276,1206267904],[157.836457,1172709376],[157.852274,1174806528],[158.016943,1179000832],[158.071373,1151733760],[158.071433,1111887872],[158.080359,1142210560],[158.080547,1110933504],[215.521276,1110974464],[215.52896,1136099328],[222.219969,1136103424],[222.33459,1145225216],[222.342611,1151627264],[222.593534,1151598592],[222.594204,1126596608],[222.610108,1130491904],[223.663004,1129230336],[223.671956,1122631680],[223.673112,1083129856],[223.693661,1079521280],[223.710294,1071357952],[223.711643,1020350464],[223.716014,979025920],[223.717359,936718336],[223.721581,894402560],[223.734048,688377856],[223.735551,686645248],[223.742509,568745984],[223.746691,528760832],[223.752352,440602624],[223.75378,386969600],[223.762117,306720768],[223.763435,261451776],[223.77372,142553088],[223.778824,102313984],[223.780719,62767104],[223.784115,49934336]],"pass_timing":[["parsing",0.542],["gated feature checking",0.024],["std macros injection",0.001],["configuration 1",0.141],["expansion",1.229],["configuration 2",0.22],["maybe building test harness",0.199],["std injection",0.196],["assigning node ids",0.196],["ast indexing",0.362],["external crate/lib resolution",0.03],["language item collection",0.029],["resolution",2.242],["lifetime resolution",0.03],["looking for entry point",0],["freevar finding",0.061],["region resolution",0.104],["type collecting",0.112],["variance inference",0.06],["coherence checking",0.128],["type checking",9.698],["const marking",0.157],["const checking",0.043],["privacy checking",0.406],["effect checking",0.054],["loop checking",0.032],["compute moves",1.858],["match checking",0.156],["liveness checking",0.219],["borrow checking",0.778],["kind checking",0.121],["reachability checking",0.01],["death checking",0.139],["lint checking",0.389],["translation",15.503],["llvm function passes",6.135],["llvm module passes",114.124],["codegen passes",64.53],["LLVM passes",-0]]}