{"summary":{"timestamp":1386690097,"hash":"4ab6a0856ff4ce59ae39ce067110446576ab227f","max_memory":1413668864,"cpu_time":233.25,"pull_request":10886},"memory_data":[[0.001982,4096],[0.167409,507904],[0.169417,3309568],[0.236691,9011200],[0.289864,10043392],[0.37692,14544896],[0.41489,14958592],[0.473173,18817024],[0.572108,21602304],[0.622176,21938176],[0.664844,25681920],[0.90343,30044160],[1.073146,34115584],[1.139388,36769792],[1.25813,38486016],[1.330913,50860032],[1.350826,56401920],[1.373949,57679872],[1.421421,65122304],[1.452485,72847360],[1.495854,78073856],[1.539633,87023616],[1.559269,87326720],[1.628739,95944704],[1.66178,98516992],[1.702955,105570304],[1.835589,123572224],[1.93865,124547072],[2.019468,164605952],[2.067083,193720320],[2.144531,194449408],[2.338832,194633728],[2.421479,195596288],[2.612682,196255744],[2.613564,196911104],[2.788731,197406720],[2.789548,198455296],[2.949418,198602752],[2.999074,203083776],[3.044313,209399808],[3.192684,224665600],[3.24876,231944192],[3.31945,238026752],[3.416175,251289600],[3.532377,251318272],[3.598613,299175936],[4.512235,299376640],[4.611929,300085248],[4.674959,302882816],[4.848974,325816320],[4.883186,332238848],[4.917393,334483456],[4.946907,340631552],[5.011839,349020160],[5.073746,355180544],[5.140439,365797376],[5.190396,369856512],[5.237164,377188352],[5.254867,375918592],[5.317854,378355712],[5.482325,379273216],[5.588616,386306048],[5.597124,397967360],[5.628333,399933440],[5.662683,406355968],[5.723935,411955200],[5.791063,413691904],[5.921832,422178816],[5.929117,433913856],[5.9958,442302464],[6.02916,444497920],[6.051289,449568768],[6.111445,455729152],[6.1132,457957376],[6.176709,466345984],[6.500814,467570688],[7.372019,467697664],[7.376103,482254848],[7.981311,482258944],[8.211801,482594816],[8.216056,495108096],[8.297433,495935488],[8.912984,496738304],[9.027087,499290112],[9.028047,501391360],[9.093171,501407744],[9.376079,507908096],[9.378966,516251648],[9.501933,516288512],[9.504752,518348800],[9.613434,519438336],[9.774494,523366400],[9.905455,532246528],[10.017339,532353024],[10.036955,533606400],[10.165314,535621632],[10.191318,537112576],[10.198741,553893888],[10.206252,545837056],[10.29692,546340864],[10.437772,549068800],[10.608043,551378944],[10.650992,553447424],[10.740118,554037248],[10.745217,558092288],[10.858627,562135040],[11.027291,565923840],[11.176371,568602624],[11.354139,570298368],[11.3782,571432960],[11.486617,572219392],[11.539535,574197760],[11.55439,576684032],[11.692439,576864256],[12.083133,582356992],[12.247211,586584064],[12.329978,586878976],[12.426325,589234176],[12.447607,590893056],[12.622498,591990784],[12.745677,596062208],[12.920627,597573632],[12.931359,618549248],[12.945564,631132160],[12.961374,614350848],[12.984862,617586688],[13.111478,617787392],[13.213777,618770432],[13.290042,621850624],[13.337339,621895680],[13.377892,624160768],[13.428712,623661056],[13.433575,640262144],[13.905048,640290816],[14.267341,644665344],[14.272671,648146944],[14.350917,648278016],[14.351744,650268672],[14.500483,650366976],[14.695673,652587008],[14.853534,657887232],[14.943822,657895424],[15.049973,659587072],[15.173775,660504576],[15.275934,662347776],[15.401916,662999040],[15.508801,665845760],[15.663297,666267648],[15.816278,668041216],[15.846031,669421568],[16.07705,671240192],[16.292881,674795520],[16.349693,677015552],[16.523697,677679104],[16.601566,679424000],[16.714281,679989248],[16.735483,681492480],[16.938365,684613632],[16.975207,686518272],[17.060199,687726592],[17.06117,692256768],[17.289848,692490240],[17.382882,694214656],[17.531939,695369728],[17.576616,696639488],[17.719253,697790464],[17.935491,701526016],[18.073565,702341120],[18.183516,703991808],[18.20339,710139904],[18.240243,710184960],[18.249118,718528512],[18.315956,718626816],[18.327985,735305728],[18.353508,734089216],[18.353892,703979520],[20.532064,704036864],[20.639726,704983040],[20.802124,705245184],[20.805159,707190784],[20.880247,707215360],[20.883328,705589248],[21.552047,706625536],[21.935075,707018752],[22.068535,708935680],[22.068596,707330048],[22.385592,707375104],[22.556984,709550080],[22.647469,714395648],[22.647521,716500992],[22.703394,716640256],[22.841193,723001344],[22.879997,727203840],[22.924545,727212032],[23.004171,731410432],[23.027545,735600640],[23.068725,737701888],[23.159096,739438592],[23.178202,758312960],[23.182516,768798720],[23.196748,772993024],[23.584367,773033984],[23.777346,781508608],[23.890846,790630400],[24.049751,796790784],[24.051078,800960512],[24.130747,802414592],[24.394237,813658112],[24.54953,818884608],[24.694093,824451072],[24.802874,827101184],[24.988638,833703936],[25.197716,843415552],[25.400199,851910656],[25.425899,853549056],[25.605121,860848128],[25.607543,869236736],[25.624097,875528192],[25.644875,900694016],[25.668371,919568384],[26.450786,919601152],[26.579068,924037120],[26.60332,951304192],[26.630388,972275712],[26.645353,991150080],[26.676465,957591552],[26.847201,964435968],[27.140257,977072128],[27.57675,992260096],[27.646692,993943552],[27.846347,1001988096],[27.850368,1004613632],[27.889473,1004621824],[27.970684,1008218112],[28.182394,1015549952],[28.263166,1017511936],[28.408445,1022615552],[28.432432,1024331776],[28.57711,1028886528],[28.711016,1033850880],[28.925427,1042993152],[29.093168,1049006080],[29.094556,1053200384],[29.145058,1053208576],[29.5424,1067958272],[29.543692,1072119808],[29.600017,1072123904],[29.770196,1078132736],[29.966684,1086476288],[30.064257,1089961984],[30.284046,1098854400],[30.608097,1112743936],[30.755675,1118294016],[30.87867,1123700736],[31.267222,1138753536],[31.278954,1139949568],[31.674843,1155383296],[31.708504,1157554176],[31.873816,1164386304],[31.981248,1172185088],[31.9813,1174310912],[32.100968,1181069312],[32.25685,1187803136],[32.333156,1191948288],[32.385333,1192992768],[32.530531,1198530560],[32.569464,1200750592],[32.577401,1230118912],[32.596593,1215434752],[32.673945,1219551232],[32.909204,1228644352],[33.21659,1239703552],[33.328591,1244729344],[33.420009,1247719424],[33.967347,1268985856],[34.100311,1274830848],[34.132474,1277534208],[34.204417,1279057920],[34.205173,1282203648],[34.241852,1282260992],[34.673224,1299005440],[34.674656,1303203840],[34.732772,1303212032],[34.831847,1307049984],[34.957169,1310797824],[34.980146,1312378880],[35.268332,1323257856],[35.376508,1327734784],[35.37883,1336098816],[35.487783,1336119296],[35.660321,1342758912],[35.770052,1347842048],[35.853925,1350238208],[36.001822,1356296192],[36.175869,1364664320],[36.372492,1369812992],[36.374141,1374425088],[36.625028,1381142528],[36.80988,1386729472],[36.819821,1403555840],[36.820295,1383841792],[36.930742,1386303488],[36.931362,1387864064],[37.288485,1395601408],[37.620513,1402056704],[37.7445,1406255104],[37.937619,1406312448],[37.93793,1407209472],[38.379051,1409617920],[38.391737,1413095424],[38.841733,1391169536],[38.841839,1345982464],[38.845626,1316618240],[38.846607,1270472704],[38.977007,1211748352],[39.107676,1211867136],[39.286053,1214439424],[39.329519,1216475136],[39.490885,1219403776],[39.798874,1219485696],[45.889682,1219493888],[46.444577,1221611520],[46.447737,1253068800],[46.924088,1219510272],[47.503386,1219842048],[48.236994,1219944448],[52.053903,1219952640],[52.055164,1220014080],[116.382047,1219993600],[117.726665,1218580480],[117.957804,1218560000],[118.996938,1217617920],[120.062153,1216921600],[120.516085,1216385024],[121.4187,1215823872],[121.792652,1215393792],[122.292053,1215127552],[122.463341,1214820352],[122.962098,1214554112],[123.662105,1213960192],[124.089151,1213386752],[132.536663,1213366272],[132.537646,1213091840],[133.698495,1213071360],[133.999501,1212690432],[134.285925,1212669952],[134.935375,1212157952],[135.783011,1211215872],[136.082057,1211113472],[136.940154,1210089472],[137.702708,1209475072],[138.108705,1209454592],[138.211156,1209061376],[138.720837,1208971264],[138.725179,1208700928],[139.122772,1208426496],[139.629243,