{"summary":{"timestamp":1382500565,"hash":"4cbc8ad3979918fafb0527cc3326dc27b21936b0","max_memory":1399635968,"cpu_time":175.32,"pull_request":9654},"memory_data":[[0.002955,4096],[0.01204,8478720],[0.107569,27475968],[0.132593,34541568],[0.159355,37888000],[0.225629,50872320],[0.263959,61497344],[0.280337,62312448],[0.3745,82956288],[0.387639,83079168],[0.465026,98508800],[0.526367,109379584],[0.613268,126451712],[0.68891,142749696],[0.708316,142766080],[0.909438,262225920],[1.1495,262303744],[1.313944,263176192],[1.466682,265592832],[1.624935,265809920],[1.625843,267120640],[1.711371,267247616],[1.742886,272990208],[1.838544,286752768],[1.86191,291463168],[1.978051,309084160],[2.034106,319606784],[2.074963,324784128],[2.191922,344113152],[2.304075,344129536],[2.427351,416743424],[3.032783,416874496],[3.085854,418988032],[3.092115,452530176],[3.141626,454631424],[3.152199,523837440],[3.177034,494460928],[3.17712,488181760],[3.255505,488218624],[3.259934,507613184],[3.286193,523907072],[3.29377,558030848],[3.294467,522395648],[3.338627,522489856],[3.341475,538025984],[4.425441,538136576],[4.436139,571588608],[5.149917,571621376],[5.153863,588369920],[7.356148,588374016],[7.360107,605151232],[8.647793,605159424],[8.763093,606646272],[8.896562,610004992],[9.013577,611409920],[9.112838,614354944],[9.142539,616587264],[9.301188,618151936],[9.412323,622358528],[9.579121,624025600],[9.607885,625602560],[9.696022,626077696],[9.711095,629211136],[9.85605,629915648],[9.930226,631091200],[9.989371,633819136],[10.03111,633466880],[10.109518,635715584],[10.218386,637251584],[10.224037,654032896],[10.482663,656146432],[10.488069,685506560],[10.501121,681291776],[10.50121,670810112],[10.72097,670867456],[10.973636,673964032],[11.048791,676360192],[11.286181,679485440],[11.287232,682532864],[11.367684,682635264],[11.368943,684630016],[11.450455,685215744],[11.499609,687898624],[11.586424,688082944],[11.760069,691720192],[11.834739,691924992],[11.976601,694562816],[12.064985,694898688],[12.215481,698191872],[12.305478,698372096],[12.485008,700817408],[12.504535,702099456],[12.767827,704745472],[12.935981,707424256],[12.973721,709390336],[13.031645,709484544],[13.092605,711630848],[13.161496,711757824],[13.395156,714829824],[13.539662,718929920],[13.820408,724160512],[13.821891,729624576],[14.071322,729899008],[14.445959,734834688],[14.522325,737202176],[14.683996,737972224],[14.746175,739155968],[14.770391,742936576],[14.771703,748154880],[14.807398,748220416],[14.810064,758640640],[14.879189,758661120],[14.88214,777535488],[14.890082,776949760],[14.890257,760086528],[14.903096,739110912],[14.957286,739504128],[15.194085,738631680],[15.194345,726523904],[15.416711,726581248],[15.677271,727261184],[15.928797,730693632],[15.929056,732790784],[16.117996,734887936],[16.251043,734892032],[16.252015,736337920],[16.468935,736985088],[16.46945,739082240],[16.597416,741179392],[16.81855,740794368],[16.822323,741380096],[17.101838,741994496],[17.418531,742080512],[17.743089,742866944],[17.782157,745373696],[18.419402,745381888],[18.523476,752398336],[18.70846,761761792],[18.756937,766152704],[18.820264,768831488],[18.965588,777072640],[19.150307,785784832],[19.192369,788410368],[19.375338,796827648],[19.497481,806526976],[19.664159,813662208],[19.719841,816906240],[19.85754,822804480],[20.12964,836763648],[20.373894,847163392],[20.375651,851357696],[20.425518,851365888],[20.720512,865062912],[20.771335,868265984],[21.118161,883335168],[21.281464,891719680],[21.416488,896679936],[21.506307,901124096],[21.645441,906407936],[21.672048,908517376],[21.86366,916582400],[22.054521,926969856],[22.626437,950865920],[22.9376,964251648],[23.02931,969146368],[23.273613,979312640],[23.274432,980844544],[23.393597,986136576],[23.528965,991301632],[23.971832,1009639424],[23.998965,1011695616],[24.322525,1024798720],[24.697691,1041522688],[24.715786,1042874368],[24.904143,1050705920],[25.27308,1067347968],[25.274826,1071542272],[25.326274,1071550464],[25.899347,1095446528],[25.987599,1099915264],[26.01199,1105350656],[26.121803,1114906624],[26.1273,1146363904],[26.138905,1142140928],[26.138994,1131663360],[26.179443,1135439872],[26.26423,1139003392],[26.455739,1149444096],[26.477128,1292087296],[26.529409,1262723072],[26.529496,1220780032],[26.660712,1226018816],[26.795422,1233817600],[27.000418,1244176384],[27.10432,1247834112],[27.353786,1259089920],[27.409929,1262649344],[27.55948,1268215808],[27.937638,1284055040],[27.966087,1286176768],[28.103589,1292185600],[28.286572,1298894848],[28.536201,1310367744],[28.67324,1315274752],[29.036231,1330470912],[29.060331,1332555776],[29.241092,1340133376],[29.248929,1343864832],[29.293685,1343942656],[29.406889,1348292608],[29.503989,1353543680],[29.638808,1358962688],[29.648919,1360891904],[29.841728,1366261760],[29.851264,1371348992],[29.938649,1373753344],[29.946847,1369260032],[29.958412,1384144896],[29.964925,1369427968],[29.976407,1385046016],[29.977623,1369698304],[30.006563,1370472448],[30.012231,1379250176],[30.020882,1370640384],[30.032848,1388204032],[30.034158,1370750976],[30.043185,1379704832],[30.05235,1370894336],[30.063761,1388912640],[30.070184,1371021312],[30.082387,1389776896],[30.083869,1371275264],[30.097783,1390276608],[30.099266,1371443200],[30.155555,1373126656],[30.155739,1375223808],[30.214322,1375707136],[30.225714,1377832960],[30.299125,1380700160],[30.360094,1380704256],[30.428713,1382801408],[30.428883,1384898560],[30.535521,1386999808],[30.566919,1389096960],[30.627091,1389244416],[30.636145,1391341568],[30.700655,1391357952],[30.703522,1393455104],[31.178302,1396170752],[31.204119,1398677504],[31.59282,1364926464],[31.594147,1293803520],[31.756942,1203621888],[31.757028,1151193088],[37.313391,1151213568],[37.317284,1184751616],[37.681777,1173311488],[37.681863,1151193088],[46.4087,1153290240],[46.410434,1151193088],[56.409704,1153290240],[56.41057,1151193088],[66.409759,1153290240],[66.416641,1151193088],[76.415764,1153290240],[76.421672,1151193088],[86.420754,1153290240],[86.427624,1151193088],[89.530613,1151234048],[89.534585,1184751616],[96.426736,1186848768],[96.429507,1186639872],[106.42877,1188737024],[106.43379,1186639872],[116.434723,1188737024],[116.441608,1186639872],[126.440746,1188737024],[126.443382,1186639872],[157.169846,1186635776],[163.812965,1186615296],[167.159663,1186557952],[170.495924,1186553856],[171.608953,1186500608],[175.972666,1186467840],[177.074829,1186435072],[178.055021,1186578432],[178.067455,1209401344],[178.079354,1211547648],[180.039213,1211568128],[180.179586,1220476928],[180.202379,1229930496],[180.467539,1229934592],[180.471578,1204764672],[181.576859,1204731904],[181.583344,1198473216],[181.583428,1165402112],[181.604875,1167343616],[181.612856,1174663168],[181.62017,1165246464],[181.671226,1182396416],[181.701504,1186934784],[181.719029,1206542336],[181.730873,1211105280],[181.770553,1213566976],[181.771274,1181900800],[181.777412,1161584640],[181.777938,1112170496],[181.876196,1112088576],[181.877344,1107202048],[181.877607,980942848],[181.881034,904269824],[181.884973,863580160],[181.885777,824823808],[181.895683,666259456],[181.900057,622485504],[181.90095,584392704],[181.90523,542879744],[181.906275,494481408],[181.910934,452349952],[181.912064,412942336],[181.923412,293224448],[181.927922,214327296],[181.94378,20946944],[181.94785,15216640]],