{"summary":{"timestamp":1387201892,"hash":"4e77c1148f0cf702310e5c2cd85b369100ff8ec6","max_memory":1437011968,"cpu_time":229.86,"pull_request":10966},"memory_data":[[0.001637,4096],[0.057752,581632],[0.073133,4558848],[0.134492,9232384],[0.325377,15446016],[0.380074,18993152],[0.503374,20500480],[0.507381,21643264],[0.603896,22958080],[0.61955,25710592],[0.684331,27959296],[0.907952,32026624],[1.064047,35352576],[1.066733,36306944],[1.18751,38068224],[1.282576,40603648],[1.314288,43700224],[1.378046,57454592],[1.407157,59797504],[1.446109,66588672],[1.47073,73904128],[1.572825,88330240],[1.763614,119078912],[1.794348,125243392],[1.900249,125902848],[1.919113,127012864],[1.949927,140161024],[2.02111,195719168],[2.238657,196612096],[2.550259,199151616],[2.656705,199258112],[2.662015,200306688],[2.814882,200470528],[2.889812,210128896],[3.036037,226373632],[3.095623,234622976],[3.14817,239431680],[3.248086,253325312],[3.353703,253349888],[3.417658,301387776],[4.548194,301592576],[4.644938,302157824],[4.728426,305213440],[4.879805,305938432],[5.003599,314064896],[5.006911,324685824],[5.06882,333074432],[5.131026,339365888],[5.162781,345661440],[5.23499,354705408],[5.36534,355229696],[5.442312,366632960],[5.504571,372920320],[5.504786,375017472],[5.559437,378654720],[5.809965,379678720],[5.916044,380862464],[5.95053,383090688],[6.462798,383221760],[6.501932,383815680],[6.58649,389251072],[6.58979,399872000],[6.68268,410226688],[6.717162,416653312],[6.824839,416313344],[6.934543,419364864],[7.055001,419758080],[7.170814,427360256],[7.174164,437981184],[7.270967,450564096],[7.303727,452661248],[7.335224,458956800],[7.400694,465117184],[7.43493,471539712],[7.816817,472363008],[8.676512,474566656],[8.679511,487149568],[9.298582,487215104],[9.388397,487424000],[9.446706,489533440],[9.450638,500011008],[9.526824,500846592],[10.055191,501657600],[10.153933,504168448],[10.155491,506179584],[10.212355,506310656],[10.371475,509849600],[10.461905,513036288],[10.4647,521433088],[10.571036,523554816],[10.66157,523599872],[10.836418,529522688],[10.927531,537096192],[11.036001,537640960],[11.147838,540504064],[11.172068,542064640],[11.177425,558850048],[11.183791,550457344],[11.501962,556339200],[11.536009,558522368],[11.602359,558952448],[11.606995,563105792],[11.710905,567193600],[11.929327,572608512],[12.261198,577159168],[12.311622,579211264],[12.319256,581701632],[12.447769,581881856],[12.599918,584179712],[12.888202,589312000],[12.929756,591269888],[13.004546,591556608],[13.108192,595501056],[13.243737,596389888],[13.385118,600494080],[13.522652,601972736],[13.539538,603074560],[13.549485,636633088],[13.562787,620265472],[13.570598,622653440],[13.696374,622854144],[13.813201,624627712],[13.843089,626618368],[13.967418,628322304],[13.971609,645009408],[14.388076,645021696],[14.563677,647811072],[14.705161,649302016],[14.707476,652713984],[14.766421,652853248],[14.767248,654831616],[14.905265,654970880],[15.074166,657133568],[15.185787,662654976],[15.27178,662409216],[15.471671,665096192],[15.559265,666918912],[15.724212,668610560],[15.761777,670543872],[15.878494,670986240],[16.010089,672620544],[16.037244,673996800],[16.256114,676077568],[16.426508,679280640],[16.476483,681504768],[16.615082,682188800],[16.685141,683970560],[16.784322,684613632],[16.795606,686030848],[16.871243,686170112],[16.894031,687714304],[17.080378,691838976],[17.081675,696545280],[17.248085,696676352],[17.388055,698966016],[17.667764,702308352],[17.81278,705597440],[17.961978,706674688],[18.104398,709648384],[18.120062,715808768],[18.154094,715862016],[18.156345,724197376],[18.218273,724324352],[18.222536,740974592],[18.247942,740896768],[18.248193,709648384],[20.320624,709697536],[20.433856,710742016],[21.240706,712044544],[21.604184,712388608],[21.67525,713957376],[21.73555,712896512],[22.033109,712904704],[22.256155,715120640],[22.366884,721018880],[22.366934,723116032],[22.509729,727519232],[22.637116,738017280],[22.644389,769474560],[22.958002,769523712],[23.070038,775819264],[23.112445,775835648],[23.381747,788299776],[23.488801,797548544],[23.573611,801484800],[23.574952,805679104],[23.634801,805691392],[23.789943,812634112],[23.790365,813682688],[23.918961,818642944],[24.087759,826720256],[24.103747,885690368],[24.878622,885968896],[24.991557,891396096],[25.214065,901099520],[25.242342,903172096],[25.428081,910946304],[25.539875,917635072],[25.726983,924426240],[25.923896,932716544],[25.943849,999829504],[25.970591,966270976],[26.095022,971177984],[26.122917,973123584],[26.29503,980144128],[26.452068,988073984],[26.656597,995778560],[26.771239,1001324544],[26.957931,1008431104],[26.985543,1010634752],[27.138158,1016848384],[27.159438,1018437632],[27.402373,1028726784],[27.565999,1035100160],[27.595508,1037377536],[27.82142,1045929984],[27.996847,1053532160],[27.998089,1057624064],[28.04822,1057632256],[28.453548,1074208768],[28.454258,1078407168],[28.507384,1078415360],[28.886421,1094225920],[29.128531,1103167488],[29.394316,1115320320],[29.499868,1119551488],[29.545298,1122414592],[29.848048,1135464448],[30.067733,1143681024],[30.310317,1154039808],[30.418289,1160069120],[30.570883,1167183872],[30.917566,1181638656],[31.016769,1189187584],[31.01682,1191297024],[31.066101,1194893312],[31.267213,1203752960],[31.347762,1208922112],[31.476615,1213530112],[31.484045,1242898432],[31.501201,1228214272],[31.573516,1230884864],[31.665359,1235861504],[31.819622,1242329088],[31.866722,1244991488],[31.951124,1247096832],[32.517802,1271877632],[32.696903,1278799872],[32.939093,1289220096],[32.939765,1292365824],[32.979508,1292378112],[33.357089,1307877376],[33.358442,1312067584],[33.416286,1312088064],[33.538405,1317015552],[33.634138,1321852928],[33.849455,1329590272],[33.851811,1337982976],[33.962408,1337999360],[34.554141,1361702912],[34.636902,1365655552],[34.717914,1368002560],[34.869948,1374437376],[34.872373,1382825984],[34.971198,1382854656],[35.085485,1387683840],[35.194124,1391075328],[35.199611,1394184192],[35.501018,1402753024],[35.758572,1410920448],[35.75934,1412358144],[36.192358,1426571264],[36.40903,1430704128],[36.411122,1429262336],[37.071934,1432813568],[37.085331,1436483584],[37.51297,1369370624],[37.516413,1350483968],[37.517359,1293860864],[37.636966,1235136512],[37.756248,1235165184],[37.878707,1236938752],[37.989196,1240383488],[38.106863,1242677248],[38.492011,1242718208],[44.723413,1242750976],[44.726256,1276305408],[45.184254,1242746880],[45.749098,1242820608],[45.76666,1243062272],[46.440194,1243160576],[50.234029,1243217920],[159.416829,1243222016],[165.486152,1245319168],[165.488993,1276776448],[165.637108,1276780544],[165.640457,1295654912],[165.970802,1304047616],[165.976707,1369059328],[165.994451,1335500800],[166.006471,1337597952],[166.169381,1341792256],[166.257352,1274679296],[166.265217,1306038272],[166.265266,1274621952],[166.417793,1276776448],[168.196311,1276903424],[182.580951,1276928000],[223.009198,1276964864],[223.014362,1302093824],[233.260481,1302102016],[233.398643,1349271552],[233.43832,1349275648],[233.60799,1352560640],[234.232059,1352601600],[234.2433,1354301440],[234.417464,1354305536],[234.465305,1358241792],[234.514634,1359544320],[234.524913,1364500480],[234.736947,1364811776],[234.793638,1368358912],[234.810138,1367408640],[234.812416,1373630464],[234.832554,1373634560],[234.949806,1382973440],[234.958413,1389391872],[235.038763,1384988672],[235.038812,1383161856],[235.218408,1383165952],[235.227403,1368600576],[235.227973,1336143872],[235.238872,1337167872],[235.239931,1296502784],[236.344604,1294929920],[236.353072,1289097216],[236.357477,1167372288],[236.391519,1161482240],[236.397865,1031675904],[236.400848,944816128],[236.404843,903835648],[236.410318,783052800],[236.414174,742014976],[236.415131,701509632],[236.418957,661041152],[236.41999,599040000],[236.424012,551575552],[236.425027,498663424],[236.430318,419217408],[236.431825,419192832],[236.43879,300048384],[236.44317,260104192],[236.444441,221003776],[236.448876,188596224]],