{"summary":{"timestamp":1370237496,"hash":"4f6285fbf9001bd593e5424cc0f7de5609d8db55","max_memory":1514946560,"cpu_time":null,"pull_request":6903},"memory_data":[[0.001827,4096],[0.076985,548864],[0.077213,3043328],[0.142561,6156288],[0.269224,7188480],[0.356343,9723904],[0.493599,10043392],[0.602014,11038720],[0.684471,12795904],[0.706056,14503936],[0.842086,15155200],[0.899078,17108992],[1.224448,18288640],[1.523986,20594688],[1.730413,20856832],[1.831806,22929408],[2.100191,23740416],[2.100387,25980928],[2.215626,26427392],[2.216654,28774400],[2.460095,29564928],[2.639,31625216],[2.66852,36192256],[2.779665,46956544],[2.803207,52166656],[2.848563,53391360],[2.887699,60112896],[2.922466,60592128],[2.959646,65564672],[2.980163,72089600],[3.015741,72454144],[3.049531,80306176],[3.100783,80437248],[3.142196,87719936],[3.189411,87719936],[3.280093,94883840],[3.425549,108388352],[3.483974,111095808],[3.514857,116170752],[3.588067,122007552],[3.602696,127373312],[3.658005,128245760],[3.768126,159571968],[3.789025,160796672],[3.864689,178667520],[4.0217,214175744],[4.066521,226582528],[4.182515,226918400],[4.192438,230440960],[4.361752,326082560],[4.43637,370376704],[4.446088,373579776],[4.529499,422354944],[4.720141,422563840],[4.847171,424665088],[4.857681,493871104],[5.08797,495185920],[5.146228,498327552],[5.252179,499068928],[5.313944,501493760],[5.40897,501764096],[5.468835,503033856],[5.751884,503427072],[6.609739,503431168],[6.951868,503861248],[6.955488,520364032],[7.05075,522264576],[7.331073,522809344],[7.366377,523411456],[12.032231,523476992],[12.036388,540192768],[13.875672,540454912],[13.965446,541011968],[13.966984,546148352],[14.04108,546152448],[14.047327,551391232],[14.568446,551669760],[14.572044,568397824],[15.133726,568594432],[15.143727,577261568],[15.155422,568758272],[15.22211,568754176],[15.230576,577048576],[15.235291,568754176],[15.251546,577040384],[15.25619,568754176],[15.284128,568754176],[15.297019,576995328],[15.297463,568754176],[15.316402,576983040],[15.330145,568754176],[15.341235,576933888],[15.345595,568754176],[15.374499,568754176],[15.38675,576765952],[15.391257,568754176],[15.403357,576704512],[15.41808,568754176],[15.427397,576659456],[15.433326,568758272],[15.461922,568754176],[15.472582,576589824],[15.481065,568754176],[15.620462,568754176],[15.623594,575950848],[15.635142,568754176],[15.650112,576053248],[15.6576,568754176],[15.71752,568754176],[15.724388,575836160],[15.745075,568754176],[15.795755,569053184],[15.803583,589180928],[15.803888,568754176],[16.322413,568758272],[16.326997,582647808],[16.331377,568754176],[17.382229,568827904],[17.547203,569028608],[17.783865,570298368],[18.043903,570384384],[18.266367,571027456],[18.666293,571289600],[18.738934,574795776],[18.825544,583577600],[18.930448,589406208],[18.984592,593375232],[19.066208,596828160],[19.278339,607178752],[19.342713,612306944],[19.523049,629673984],[19.623847,636018688],[19.660665,636801024],[19.795047,644141056],[19.863201,649060352],[20.027624,658915328],[20.060428,659984384],[20.162263,666398720],[20.257628,673480704],[20.278614,673697792],[20.40872,680067072],[20.536211,689061888],[20.599801,692518912],[20.959885,716787712],[21.103837,724180992],[21.164665,724905984],[21.34714,733724672],[21.494294,743768064],[21.596468,748527616],[21.665199,750702592],[21.8373,760348672],[22.004867,771624960],[22.128887,778756096],[22.178679,780107776],[22.289086,786018304],[22.335583,790532096],[22.394825,792920064],[22.595238,806006784],[22.626535,809148416],[22.815237,816553984],[22.934508,824025088],[23.002769,826544128],[23.098219,831713280],[23.163533,836390912],[23.311066,841199616],[23.371947,846180352],[23.492381,852500480],[23.795375,871923712],[23.821341,872734720],[23.959336,882294784],[24.066559,887541760],[24.137173,892760064],[24.208339,895426560],[24.512935,912941056],[24.65745,922165248],[24.902531,935829504],[24.978643,939147264],[25.076586,945270784],[25.293884,956968960],[25.45668,964321280],[25.654572,976449536],[25.748573,982966272],[25.818747,986013696],[25.819706,990998528],[25.866474,991023104],[26.076285,1000914944],[26.167172,1006510080],[26.250909,1010458624],[26.445343,1022775296],[26.629188,1035624448],[26.7308,1039589376],[27.029372,1056903168],[27.084913,1060880384],[27.086346,1065078784],[27.11144,1065095168],[27.2536,1073766400],[27.337103,1077657600],[27.35547,1079808000],[27.435287,1083002880],[27.478151,1083006976],[27.502309,1086296064],[27.644804,1088843776],[27.645876,1090691072],[27.923101,1096249344],[28.146025,1097080832],[28.147717,1087574016],[28.306295,1087541248],[28.306562,1054011392],[28.321209,1043521536],[28.34258,1041629184],[28.342632,1026740224],[28.409749,955432960],[28.66445,957730816],[28.817518,960520192],[29.61587,960651264],[29.722966,961548288],[30.956707,961728512],[36.089696,961732608],[36.093327,978374656],[36.378757,978571264],[36.381889,1011765248],[36.391051,1011867648],[36.391419,995287040],[36.630283,994365440],[36.630335,961728512],[39.43228,961781760],[39.70315,961998848],[50.100564,962150400],[50.104299,978644992],[88.191621,978804736],[88.194739,1012035584],[88.202761,1011585024],[88.203066,995557376],[121.749639,995676160],[121.962811,999153664],[123.336341,999194624],[132.740424,999198720],[133.434384,1001041920],[133.528046,1002090496],[133.741707,1002188800],[133.831263,1005342720],[133.893759,1005416448],[133.958639,1008357376],[134.108328,1008402432],[134.127559,1009483776],[134.128777,1015435264],[134.262312,1015451648],[134.630401,1024131072],[134.65581,1026310144],[134.667198,1032605696],[134.805586,1032900608],[134.811105,1035411456],[134.888979,1035628544],[134.890869,1038639104],[134.992921,1040257024],[134.996512,1043865600],[135.392424,1044414464],[135.414608,1046683648],[135.502396,1046863872],[136.174707,1046876160],[136.374565,1047130112],[138.101932,1047166976],[138.389726,1049272320],[138.39183,1053458432],[139.538379,1053491200],[139.58029,1053597696],[139.581281,1061879808],[140.0071,1061982208],[140.115687,1068544000],[140.311369,1068589056],[140.489786,1073205248],[140.849276,1081405440],[140.8812,1083854848],[140.891002,1090166784],[141.09074,1090363392],[141.095852,1094885376],[141.207712,1098297344],[141.21695,1102028800],[141.874425,1102082048],[141.887608,1104769024],[142.581889,1104859136],[142.795751,1105063936],[145.750129,1105154048],[145.751464,1117691904],[147.949985,1117728768],[148.058963,1121218560],[148.064763,1123442688],[148.169589,1125814272],[148.920304,1125957632],[148.952846,1127583744],[148.953844,1135943680],[149.962719,1135984640],[150.055358,1136144384],[150.215277,1141637120],[150.410555,1142128640],[150.710562,1142247424],[150.965835,1142902784],[150.987604,1143672832],[151.227371,1144868864],[151.252521,1146056704],[151.440942,1146695680],[151.500962,1148968960],[151.748486,1149415424],[151.820675,1151946752],[152.179156,1152724992],[152.19396,1154859008],[152.301318,1158021120],[152.756124,1158516736],[152.813046,1160970240],[153.092671,1161510912],[153.36111,1170124800],[153.540532,1176657920],[153.555974,1185165312],[153.573461,1185730560],[154.035831,1185841152],[154.073221,1192259584],[154.194389,1193795584],[154.230454,1195761664],[154.324173,1195884544],[154.339396,1202388992],[155.639128,1202438144],[155.764887,1204543488],[155.769182,1215021056],[157.265115,1215033344],[157.27221,1217134592],[157.27345,1231814656],[158.009202,1231826944],[158.017298,1232060416],[160.115405,1232142336],[160.143253,1232855040],[160.624425,1233547264],[160.688934,1235636224],[161.048866,1236332544],[161.087827,1237975040],[161.162685,1238073344],[161.188972,1239916544],[161.330845,1240809472],[161.851076,1241972736],[162.016832,1246773248],[162.666675,1248043008],[162.7205,1250471936],[163.050579,1251065856],[163.083902,1252438016],[163.732759,1253851136],[163.844242,1254948864],[163.995817,1260179456],[164.724864,1261793280],[164.772103,1263394816],[165.032751,1264025600],[165.052392,1264463872],[165.34139,1265098752],[165.424481,