{"summary":{"timestamp":1367951624,"hash":"506392830052ec5da8ad0cdb0afc3439ec69f938","max_memory":1452511232,"cpu_time":124.4,"pull_request":6290},"memory_data":[[0.001534,4096],[0.006802,8237056],[0.098865,10665984],[0.113675,12361728],[0.276458,15278080],[0.501081,17457152],[0.503333,21876736],[0.524899,18948096],[0.652826,19185664],[0.694702,21123072],[0.78827,22052864],[1.291873,24838144],[1.36499,25497600],[1.370457,35098624],[1.414409,33804288],[1.414514,29663232],[1.631642,29716480],[1.79236,30564352],[2.077984,35409920],[2.149549,37359616],[2.395156,37941248],[2.598862,38920192],[3.286042,41193472],[3.292333,52731904],[3.343846,51994624],[3.344058,45305856],[5.258455,47403008],[5.260154,45305856],[6.101677,45309952],[6.185192,45518848],[6.207992,48775168],[6.210747,55717888],[6.255395,55726080],[6.262248,48586752],[8.280374,48648192],[8.887574,48586752],[10.265408,49336320],[10.475016,49545216],[10.492814,59785216],[10.543745,57790464],[10.543901,52662272],[11.212819,52396032],[11.51914,53153792],[11.526196,54616064],[11.710637,54652928],[11.715989,64401408],[12.166963,64368640],[12.167116,59953152],[12.256581,60047360],[12.257832,61427712],[12.480386,62169088],[12.650697,64753664],[12.793133,65355776],[13.135939,68743168],[13.164043,70684672],[13.354002,71458816],[13.465846,73236480],[13.54022,73244672],[13.661283,74731520],[13.683497,76873728],[13.863951,77258752],[13.969992,78823424],[13.972026,80179200],[14.07145,80445440],[14.187969,83210240],[14.308749,84717568],[14.600801,90230784],[14.896273,91598848],[14.944557,92954624],[14.946439,97058816],[14.980222,94158848],[15.078866,138317824],[15.158894,158175232],[15.258316,203591680],[15.266526,205074432],[15.334859,235044864],[15.465183,242319360],[15.575781,252198912],[15.663233,257482752],[15.712648,263585792],[15.80039,269848576],[15.901991,270790656],[16.009869,274632704],[16.063775,278056960],[16.181728,283435008],[16.236522,288260096],[16.494048,300703744],[16.822113,319725568],[16.8966,324534272],[16.961493,330592256],[16.984204,330600448],[17.034276,355823616],[17.170148,422002688],[17.268964,422674432],[17.295003,427438080],[17.296167,435990528],[17.32128,432164864],[17.32498,449994752],[17.341099,441077760],[17.378281,441782272],[17.383689,477437952],[17.415947,476680192],[17.416103,459608064],[17.491362,460984320],[17.506356,532295680],[17.571415,500834304],[17.571508,496640000],[17.680106,498999296],[17.698285,512749568],[17.713121,517992448],[17.717598,536457216],[17.727019,520511488],[17.765434,521428992],[17.782199,538607616],[17.812245,539787264],[17.82269,559558656],[17.924006,560549888],[18.254617,561139712],[18.284521,567529472],[18.525566,567803904],[18.526397,570322944],[18.728482,570482688],[18.729717,575565824],[19.17096,577662976],[19.172478,586055680],[20.251655,586072064],[20.255738,607031296],[20.264984,591216640],[20.621675,591925248],[20.629878,593321984],[20.713734,593326080],[20.734515,601649152],[20.754857,603750400],[20.756191,610041856],[20.796941,610103296],[20.800522,626819072],[20.900593,627204096],[20.923934,629030912],[21.188023,629583872],[21.396994,632807424],[21.64352,635125760],[22.325205,638271488],[22.326038,640282624],[22.518472,640286720],[22.639018,640811008],[22.87923,643309568],[23.208347,644169728],[23.369733,644939776],[23.750754,647950336],[23.752502,652144640],[24.343682,652255232],[24.489795,653451264],[25.160993,655548416],[25.225271,656224256],[25.541952,656658432],[25.662942,657301504],[25.663365,658386944],[26.044737,659054592],[26.230326,660295680],[26.366738,660393984],[26.607263,661569536],[26.609087,662618112],[26.799431,662740992],[26.800243,664190976],[27.146718,664494080],[27.217317,665268224],[27.364962,665440256],[27.595796,666927104],[27.903138,667762688],[27.910475,676204544],[28.630461,676237312],[28.995365,678670336],[29.415798,678793216],[29.575178,679960576],[29.78995,679981056],[30.005894,680935424],[30.549169,681984000],[30.591799,684355584],[30.842662,684478464],[31.082659,685813760],[31.351229,687853568],[31.525564,687951872],[31.780436,689332224],[32.240655,690630656],[32.39511,691367936],[32.396803,694407168],[32.64603,694480896],[32.70081,696315904],[32.702059,698880000],[32.745006,698937344],[32.747153,704122880],[32.88238,704258048],[32.885657,714608640],[33.017238,714616832],[33.018704,723161088],[33.119248,723337216],[33.74066,723415040],[33.741955,723587072],[34.92865,723730432],[35.265109,725815296],[35.267317,723718144],[36.251173,723808256],[36.311802,725381120],[36.421919,725544960],[36.53742,727896064],[36.543405,732090368],[36.586136,732405760],[36.59132,736460800],[36.699264,736595968],[36.742973,738693120],[36.772482,744984576],[36.819235,747110400],[36.925845,759828480],[36.928056,765693952],[37.003208,774082560],[37.035652,776183808],[37.137925,787869696],[37.138761,792064000],[37.201454,796475392],[37.280946,799498240],[37.413231,807198720],[37.413796,809295872],[37.469806,811728896],[37.577867,819150848],[37.578665,823345152],[37.666826,828698624],[37.769952,833572864],[37.770374,835670016],[37.829547,838991872],[37.830201,841089024],[37.908771,847626240],[37.93332,864800768],[38.013341,868528128],[38.149117,878460928],[38.229297,883392512],[38.229609,885489664],[38.388642,895078400],[38.536201,905588736],[38.571877,907378688],[38.767725,921341952],[38.77163,925663232],[38.804487,927735808],[38.805195,931930112],[38.912436,939401216],[39.057746,947007488],[39.151121,949043200],[39.226538,953384960],[39.226899,955482112],[39.400719,968384512],[39.451836,970301440],[39.671883,983896064],[39.672856,988090368],[39.801944,996478976],[39.83025,999563264],[39.939578,1006342144],[40.087769,1012826112],[40.192655,1018781696],[40.286503,1025789952],[40.385895,1032060928],[40.386527,1035206656],[40.441191,1036320768],[40.441724,1038417920],[40.595614,1046654976],[40.596128,1048752128],[40.680598,1054085120],[40.731304,1056026624],[40.733181,1060245504],[40.829998,1065299968],[40.896339,1070014464],[41.026513,1074606080],[41.41336,1101037568],[41.568713,1110814720],[41.599324,1113739264],[41.675517,1117196288],[41.749974,1122283520],[41.750485,1124380672],[41.814372,1128173568],[41.907067,1135439872],[41.975531,1138683904],[41.978282,1155252224],[42.16999,1167261696],[42.189363,1167773696],[42.335388,1177096192],[42.337104,1181532160],[42.371261,1182998528],[42.426048,1191849984],[42.802885,1211457536],[42.820358,1213186048],[42.838457,1222451200],[42.970169,1230249984],[42.99269,1233829888],[43.102606,1240674304],[43.19471,1245024256],[43.37421,1254801408],[43.555887,1266528256],[43.556863,1270722560],[43.811082,1287827456],[44.003644,1299210240],[44.004222,1301307392],[44.096936,1306632192],[44.265079,1318428672],[44.269547,1322762240],[44.40278,1331892224],[44.40566,1338200064],[44.454882,1349316608],[44.462389,1355939840],[44.524229,1358761984],[44.526208,1362984960],[44.586532,1366810624],[44.710284,1369563136],[44.725653,1373724672],[44.974698,1378746368],[45.200602,1378877440],[45.203493,1368064000],[45.268437,1370161152],[45.313559,1364987904],[45.318519,1217064960],[45.347594,1217134592],[45.45086,1221074944],[46.630058,1221218304],[48.390288,1221246976],[49.109824,1221324800],[49.112459,1221562368],[50.096033,1223659520],[50.098177,1229950976],[50.277392,1230057472],[50.281233,1263509504],[50.833311,1231699968],[50.833405,1229950976],[51.649143,1230344192],[55.271744,1232441344],[55.275891,1230344192],[55.684545,1230565376],[56.713651,1230655488],[57.072244,1230786560],[65.275029,1232883712],[65.278146,1230786560],[72.824517,1232883712],[72.82461,1230786560],[75.278326,1232883712],[75.281783,1230786560],[85.281715,1232883712],[85.282771,1230786560],[95.28172,1232781312],[95.281904,1232113664],[97.877268,1232113664],[105.281738,1234128896],[105.281906,1233436672],[134.324405,1233489920],[134.328208,1266995200],[170.29666,1266999296],[171.26258,1267032064],[171.358045,1269059584],[171.41946,1268228096],[171.550066,1268228096],[171.586413,1269342208],[171.703316,1268654080],[171.745188,