{"summary":{"timestamp":1391175391,"hash":"535e806841e1eca7adb9f41796001848f6859637","max_memory":1323831296,"cpu_time":136.83,"pull_request":11929},"memory_data":[[0.002152,8192],[0.010708,7229440],[0.112157,7385088],[0.193399,10014720],[0.267785,24915968],[0.326143,32886784],[0.355396,41013248],[0.449668,54317056],[0.597062,78270464],[0.661124,89935872],[0.716398,90595328],[0.741674,100708352],[0.806077,134148096],[0.912629,136003584],[1.143366,137166848],[1.356861,137478144],[1.589313,139104256],[1.847644,139268096],[1.851949,139923456],[2.093475,139923456],[2.276225,150257664],[2.367457,152289280],[2.410182,155394048],[2.557721,163168256],[2.705534,171855872],[2.877012,171880448],[2.961667,211607552],[3.648041,211783680],[3.749174,213884928],[3.749927,218079232],[3.918509,232763392],[3.918709,234860544],[4.016249,235024384],[4.18242,236380160],[4.323041,240766976],[4.777117,250716160],[4.859701,250847232],[5.08628,254504960],[5.156602,256163840],[5.299257,256360448],[5.416657,260550656],[5.509659,262463488],[5.611784,268808192],[5.639288,269303808],[5.752386,277168128],[5.812391,278233088],[5.971222,285802496],[6.05588,286445568],[6.20506,290279424],[6.362894,291147776],[6.807152,291704832],[7.221803,291774464],[7.264536,292810752],[7.844482,293744640],[8.085169,295849984],[8.090003,306331648],[8.240081,307073024],[8.611713,307515392],[8.665702,308817920],[8.712657,312643584],[8.843784,314560512],[8.898292,318251008],[9.036065,324005888],[9.152181,327217152],[9.301778,330055680],[9.395667,332926976],[9.451689,337879040],[9.687017,340070400],[9.830358,342347776],[9.831631,344420352],[9.948493,344584192],[10.0896,346664960],[10.154742,348545024],[10.297077,350597120],[10.3044,354791424],[10.494089,358088704],[10.602087,358801408],[10.671973,360423424],[10.673197,364417024],[10.836157,364576768],[11.052464,368381952],[11.227724,376586240],[11.279193,378028032],[11.485746,378032128],[11.559398,379129856],[11.564423,395608064],[11.573065,387215360],[11.673068,388648960],[11.713791,390819840],[11.888066,391950336],[12.018268,393912320],[12.239513,396279808],[12.299576,398065664],[12.553648,400424960],[12.613938,402067456],[12.616537,410288128],[12.880973,410468352],[13.072824,412979200],[13.143594,414842880],[13.239323,415154176],[13.378052,417300480],[13.621253,418648064],[13.652702,419762176],[13.779957,420155392],[13.841574,422342656],[14.009376,422490112],[14.176735,424955904],[14.389314,426827776],[14.467263,428576768],[14.602159,430108672],[14.79414,431472640],[14.915554,433864704],[14.974442,433565696],[15.098928,436129792],[15.18946,436621312],[15.415308,440586240],[15.423504,474144768],[15.441185,458895360],[15.449651,457977856],[15.593192,459677696],[15.732678,460103680],[15.92867,462659584],[15.962044,464084992],[16.120752,465850368],[16.28114,466370560],[16.337925,467968000],[16.472484,468316160],[16.582837,470495232],[16.68747,470528000],[16.762154,471605248],[16.816866,473956352],[16.821687,490913792],[17.272205,491143168],[17.297909,494522368],[17.346507,495222784],[17.346781,491278336],[17.433025,491343872],[17.614332,493158400],[17.689631,495484928],[17.832132,496173056],[17.83224,498270208],[17.990777,498388992],[18.274259,501174272],[18.274949,502112256],[18.422619,502677504],[18.600063,504102912],[19.019291,508719104],[19.186494,509530112],[19.317984,511963136],[19.417638,514572288],[19.60902,514600960],[19.794925,516722688],[19.999077,517693440],[20.026935,518619136],[20.218779,520224768],[20.349066,520642560],[20.451468,521891840],[20.522517,523747328],[20.693867,524390400],[20.75898,525713408],[20.953998,526577664],[20.963102,529166336],[21.127102,529481728],[21.505426,532631552],[21.585668,535146496],[21.651049,535470080],[21.700832,537776128],[21.7989,538017792],[21.918574,540667904],[22.008935,541229056],[22.098376,542957568],[22.131508,545206272],[22.243473,546930688],[22.323318,547106816],[22.643151,551260160],[22.882858,552398848],[22.998531,553390080],[23.044669,556195840],[23.071959,554848256],[23.183063,555311104],[23.215091,558497792],[23.221807,589955072],[23.236861,589430784],[24.142128,589541376],[24.160126,656650240],[24.196086,623091712],[24.526104,623534080],[24.527952,627544064],[24.571762,629645312],[24.573278,635936768],[24.644958,635977728],[24.649496,652713984],[24.713726,642998272],[24.714098,623480832],[28.96818,623484928],[30.473693,623603712],[31.263403,623747072],[31.453708,623931392],[32.804831,624017408],[32.806353,627994624],[33.802765,628125696],[33.984395,629977088],[34.169375,630132736],[34.304491,634003456],[34.614138,640876544],[34.837473,647389184],[34.842942,676753408],[34.92552,677150720],[35.310065,677208064],[35.565039,684941312],[35.81702,690565120],[35.889471,693092352],[36.187478,700313600],[36.188607,701358080],[36.346973,704135168],[36.524361,711516160],[36.598246,716316672],[36.680857,719663104],[36.795099,729661440],[36.976874,737812480],[37.064843,740597760],[37.231651,747159552],[37.257673,749207552],[37.403788,755101696],[37.694839,761745408],[37.704172,786956288],[37.719832,774369280],[37.929519,779128832],[38.240668,786751488],[38.34769,791138304],[38.435181,793346048],[38.678484,798269440],[38.678591,800370688],[38.826988,804732928],[38.828946,808910848],[38.909825,808931328],[38.994682,810749952],[39.177863,818343936],[39.203262,824377344],[39.259369,824389632],[39.5683,837222400],[39.856923,850296832],[39.858503,854474752],[39.95703,855969792],[40.193015,867860480],[40.426883,877334528],[40.443726,878915584],[40.893462,897744896],[41.190483,910733312],[41.297597,916082688],[41.527705,931315712],[41.585427,933531648],[41.597914,935837696],[41.671437,939139072],[41.764511,944877568],[41.783079,947146752],[41.898672,953106432],[42.03271,958488576],[42.055545,964751360],[42.104957,964763648],[42.308821,972767232],[42.36144,975462400],[42.363843,983785472],[42.451351,983789568],[42.554549,988909568],[42.753494,996384768],[42.874734,1002283008],[42.875989,1006481408],[42.923221,1006493696],[43.054375,1012310016],[43.055972,1020706816],[43.145867,1020715008],[43.187051,1022918656],[43.354427,1029406720],[43.688707,1044508672],[43.842947,1051000832],[43.930761,1056468992],[43.998057,1058549760],[44.123268,1064538112],[44.165694,1064718336],[44.296032,1067954176],[44.297498,1071026176],[44.372515,1071407104],[44.421216,1073033216],[44.421324,1075175424],[44.572454,1081053184],[44.573971,1082605568],[44.692851,1086091264],[44.69422,1088139264],[44.745513,1088151552],[44.890618,1092186112],[44.893773,1100574720],[45.055314,1100701696],[45.490972,1111908352],[45.654082,1115828224],[45.655126,1117401088],[45.768823,1119154176],[45.768936,1121255424],[45.995183,1126297600],[45.997509,1134661632],[46.163651,1134669824],[46.232933,1137061888],[46.401704,1140961280],[46.469515,1143201792],[46.738865,1149403136],[46.887913,1153744896],[46.963087,1155166208],[47.343488,1165934592],[47.551989,1171435520],[47.962778,1181679616],[48.252081,1189564416],[48.652385,1199140864],[48.695567,1201217536],[49.1462,1210716160],[49.625961,1222254592],[49.966932,1229991936],[50.311524,1238482944],[50.399825,1241182208],[50.567508,1244393472],[50.869541,1252130816],[50.889458,1254232064],[51.001872,1254338560],[51.116757,1257299968],[51.118011,1259331584],[51.337063,1263874048],[51.622115,1269235712],[51.767398,1272459264],[51.776637,1287979008],[51.779095,1272057856],[51.789258,1287294976],[51.791751,1302016000],[51.799658,1302986752],[51.803619,1272164352],[51.81364,1287610368],[51.817198,1303273472],[51.870017,1304387584],[51.87836,1323241472],[51.879413,1288957952],[52.128476,1293144064],[52.659191,1301618688],[53.305775,1310633984],[53.573742,1316925440],[53.579446,1303289856],[53.860227,1303318528],[53.860845,1304248320],[54.644984,1307197440],[54.664561,1311219712],[55.263123,1244917760],[55.270968,1214742528],[55.27459,1156014080],[55.314728,1154437120],[55.584816,1152819200],[55.585699,1127170048],[55.67435,1127989248],[55.92343,1133187072],[56.016087,1134440448],[60.215282,1134465024],[64.861245,