{"summary":{"timestamp":1391591192,"hash":"53864ce5121b1b36679dfb901f85a98172cde19b","max_memory":1258926080,"cpu_time":171.88,"pull_request":12025},"memory_data":[[0.001565,4096],[0.009139,9273344],[0.138037,33992704],[0.1591,40890368],[0.250323,54448128],[0.38154,76435456],[0.452684,90546176],[0.481528,90558464],[0.495314,96780288],[0.559833,135372800],[0.848038,136736768],[0.979016,138412032],[1.258479,139235328],[1.386023,152113152],[1.40753,155103232],[1.563928,170258432],[1.571204,171827200],[1.680872,171843584],[1.748058,212013056],[2.107714,214110208],[2.11072,212226048],[2.314247,212307968],[2.315479,219578368],[2.41645,235290624],[2.496146,235315200],[3.706862,237420544],[3.710652,247902208],[3.98444,248156160],[4.00744,251580416],[4.041155,251584512],[4.201241,255172608],[4.203724,257232896],[4.259649,258793472],[4.432376,265719808],[4.488899,267235328],[4.524543,270512128],[4.529282,274706432],[4.613949,279416832],[4.725418,281694208],[4.792622,284004352],[4.793176,285982720],[4.856857,286273536],[5.070666,293031936],[5.197903,296230912],[5.198447,300269568],[5.283159,300318720],[5.395002,304230400],[5.399118,320983040],[5.403988,312590336],[5.491414,317448192],[5.602574,317595648],[5.724811,321191936],[5.752358,323440640],[5.839139,324526080],[5.900954,326479872],[6.035363,329109504],[6.119643,334516224],[6.134796,338554880],[6.32786,338710528],[6.329158,346943488],[6.498594,347922432],[6.552423,350494720],[6.71251,353193984],[6.918283,355913728],[6.952338,358240256],[7.039607,358387712],[7.260452,363630592],[7.268422,397156352],[7.278188,380375040],[7.47071,383979520],[7.627549,388218880],[7.649527,390709248],[7.725461,390746112],[7.824212,394792960],[7.963669,396427264],[8.071699,400302080],[8.248487,402636800],[8.274259,404287488],[8.346699,404668416],[8.406411,406921216],[8.499774,407998464],[8.502106,424718336],[8.831363,424820736],[8.902782,427954176],[8.952269,428490752],[8.997258,431939584],[9.113164,432386048],[9.222643,434274304],[9.275102,436256768],[9.463196,438669312],[9.565359,441360384],[9.789425,444456960],[9.866787,447012864],[9.901893,449687552],[10.026471,449835008],[10.237192,453128192],[10.351137,455499776],[10.424308,455979008],[10.518107,459091968],[10.631828,460136448],[10.632575,462327808],[10.708195,462426112],[10.858301,465620992],[10.998533,467116032],[11.110521,470110208],[11.201469,470966272],[11.251505,473407488],[11.322802,473665536],[11.638181,479223808],[11.668745,481550336],[11.935903,486928384],[11.950757,554037248],[11.970397,540860416],[11.970448,520577024],[12.190987,523313152],[12.234166,524795904],[12.240973,558354432],[12.464159,560799744],[12.595205,564039680],[12.696356,565641216],[12.726357,567443456],[12.805445,567562240],[12.978407,571215872],[12.993117,577363968],[13.022962,577429504],[13.025126,585752576],[13.076038,585879552],[13.079986,602529792],[13.120429,602468352],[13.120678,571203584],[14.699219,571236352],[14.728446,571768832],[15.001513,572268544],[15.908722,572395520],[15.909817,576507904],[16.065424,576581632],[16.095689,578498560],[16.168363,576270336],[16.676067,576274432],[16.726135,578936832],[16.726235,581033984],[16.802353,585228288],[16.8969,587325440],[16.896998,589422592],[16.966817,593625088],[16.971857,620883968],[17.06129,620945408],[17.238278,623042560],[17.309183,627236864],[17.335167,627261440],[17.389487,631455744],[17.433337,631459840],[17.560658,644624384],[17.741083,652181504],[17.741482,653225984],[18.037691,666038272],[18.044922,691212288],[18.053858,678625280],[18.198193,685006848],[18.224291,687001600],[18.364889,693469184],[18.447668,698454016],[18.447727,700563456],[18.659372,709394432],[18.733915,714080256],[19.120515,730914816],[19.256658,737423360],[19.262628,740052992],[19.485056,747790336],[19.574775,752521216],[19.576066,756715520],[19.629742,756736000],[19.750805,761688064],[19.905829,768864256],[19.907324,773079040],[19.955251,773091328],[20.268654,786771968],[20.31587,789794816],[20.477702,796946432],[20.4789,801034240],[20.556746,802570240],[20.557769,806764544],[20.600047,806772736],[20.820365,818241536],[20.97616,825438208],[21.327332,840818688],[21.736466,859435008],[21.837708,864780288],[22.053552,879886336],[22.283868,893489152],[22.300789,895729664],[22.433503,903503872],[22.434769,907698176],[22.478301,907714560],[22.672203,916701184],[22.791583,921362432],[22.865029,925286400],[22.867124,933613568],[22.955133,933646336],[23.022627,937197568],[23.200776,943960064],[23.308184,949198848],[23.324961,951275520],[23.53337,961363968],[23.535483,969666560],[23.619342,969674752],[23.83383,978788352],[23.858795,980508672],[24.127459,992456704],[24.322138,1002786816],[24.389577,1005056000],[24.514657,1011113984],[24.51521,1014263808],[24.586674,1015820288],[24.69881,1023488000],[24.698859,1025613824],[24.746321,1029021696],[24.849009,1034166272],[24.851252,1042558976],[24.930071,1042583552],[25.065389,1048375296],[25.067093,1056772096],[25.146791,1056792576],[25.15888,1059368960],[25.281607,1064960000],[25.282121,1066532864],[25.503348,1075245056],[25.71283,1085779968],[25.859786,1091932160],[25.93933,1096241152],[26.267023,1111769088],[26.336762,1115688960],[26.552347,1125126144],[26.737055,1134161920],[26.925012,1141932032],[26.955245,1143996416],[27.169356,1152118784],[27.292581,1157623808],[27.770291,1177387008],[27.862595,1182216192],[28.119777,1192955904],[28.131144,1195233280],[28.190054,1195237376],[28.241064,1199153152],[28.424825,1206022144],[28.42935,1221906432],[28.67335,1230688256],[28.677525,1222025216],[28.971347,1230041088],[29.072971,1234812928],[29.457897,1250443264],[29.836844,1250447360],[29.837546,1252442112],[30.181754,1254412288],[30.195398,1258442752],[30.693542,1191329792],[30.701662,1136746496],[30.701762,1103237120],[30.734513,1101660160],[30.91785,1100914688],[30.918249,1074393088],[32.11769,1076490240],[32.119852,1074393088],[32.328831,1074397184],[35.63036,1076498432],[35.633136,1107955712],[35.994458,1074397184],[36.095568,1074405376],[42.121037,1076502528],[42.125318,1075920896],[52.12438,1078018048],[52.129253,1075920896],[62.127669,1078018048],[62.132262,1075920896],[72.131033,1078018048],[72.135232,1075920896],[92.134347,1078018048],[92.137542,1076535296],[102.13432,1078632448],[102.138816,1077288960],[112.137683,1079386112],[112.141932,1077948416],[122.14096,1080045568],[122.145204,1079169024],[123.834388,1081266176],[123.83589,1089658880],[123.994291,1093857280],[123.997065,1125314560],[124.025646,1127411712],[124.110549,1129508864],[124.198388,1129521152],[124.227562,1132191744],[124.399373,1136386048],[124.413159,1138487296],[124.418898,1203499008],[124.43549,1169940480],[124.50605,1172037632],[124.552374,1104924672],[124.558562,1129455616],[124.558663,1103912960],[132.14431,1106010112],[132.145406,1104097280],[169.707401,1106194432],[169.708699,1120878592],[170.687074,1120882688],[170.781281,1129402368],[170.786677,1134096384],[170.993726,1134100480],[170.998885,1117319168],[171.008549,1121386496],[171.876302,1120866304],[171.884667,1113104384],[171.886566,1068138496],[171.927119,1064521728],[171.928672,1004797952],[171.938802,783159296],[171.944115,694530048],[171.945053,649338880],[171.949577,569892864],[171.950974,569147392],[171.954218,490446848],[171.958005,449249280],[171.958906,390070272],[171.961419,341975040],[171.968663,251043840],[171.968763,48529408],[171.970041,42033152]],