{"summary":{"timestamp":1387542992,"hash":"5399c82d56bcd276a026d6fdd2e2b14523c6e01f","max_memory":1282609152,"cpu_time":213.61,"pull_request":11081},"memory_data":[[0.001926,4096],[0.009697,9478144],[0.166899,35860480],[0.194564,43425792],[0.284809,57536512],[0.33919,63119360],[0.495692,88702976],[0.52603,94814208],[0.553096,94842880],[0.657178,164184064],[0.820517,164298752],[1.073281,165761024],[1.073839,166420480],[1.234551,166912000],[1.236623,167960576],[1.388616,168108032],[1.432132,172060672],[1.465885,177618944],[1.615843,193875968],[1.676389,202121216],[1.741823,208310272],[1.75081,211697664],[1.826639,218894336],[1.834651,221106176],[1.939676,221118464],[2.011751,269275136],[2.575641,269352960],[2.753212,271462400],[2.760177,298725376],[3.034876,298790912],[5.216012,298881024],[5.266083,301010944],[5.431518,304742400],[5.521338,307941376],[5.524453,316370944],[5.625794,318509056],[5.709239,318595072],[5.858777,323174400],[5.971725,332029952],[6.076074,332574720],[6.184003,335441920],[6.209941,337342464],[6.218482,353849344],[6.225186,345456640],[6.532465,351432704],[6.555004,353378304],[6.620148,353603584],[6.624927,357711872],[6.66099,360509440],[6.92375,367190016],[7.242904,371798016],[7.301797,376295424],[7.421656,376483840],[7.726434,381583360],[7.866985,385482752],[7.957088,386293760],[8.036805,388456448],[8.058234,390316032],[8.187448,391221248],[8.376145,396058624],[8.45081,396713984],[8.483646,401305600],[8.49305,432762880],[8.506539,415981568],[8.697207,418283520],[8.763306,421343232],[8.877029,423112704],[8.8813,439738368],[9.279338,439795712],[9.580135,444096512],[9.581197,447131648],[9.636206,447266816],[9.637214,449253376],[9.767554,449630208],[9.916811,451887104],[10.004754,454856704],[10.037444,457424896],[10.131362,457297920],[10.208338,459014144],[10.313402,459919360],[10.396543,461709312],[10.554426,463429632],[10.581262,465227776],[10.717176,466145280],[10.921642,469786624],[11.114211,471797760],[11.173228,474415104],[11.22674,474509312],[11.276593,476848128],[11.409804,477495296],[11.476798,479174656],[11.5671,479735808],[11.672156,482861056],[11.837871,486510592],[11.839093,491180032],[11.998775,491368448],[12.116552,492695552],[12.145381,493879296],[12.272581,494944256],[12.426148,497242112],[12.592284,501350400],[12.725733,502398976],[12.843125,504856576],[12.858612,511012864],[12.890941,511016960],[12.893407,519401472],[12.952501,519499776],[12.956878,536178688],[12.981857,535867392],[12.982175,504852480],[14.895157,504856576],[15.012695,505999360],[15.799652,506843136],[16.162575,507551744],[16.297894,509796352],[16.297955,508149760],[16.699862,508153856],[16.765641,511963136],[16.76618,514174976],[16.847413,518373376],[16.927879,520347648],[16.989837,526778368],[16.998015,558231552],[17.246187,558252032],[17.446563,568745984],[17.48619,568750080],[17.720535,580259840],[17.82656,589602816],[17.866951,591564800],[17.868456,595763200],[17.913257,595771392],[18.009013,599437312],[18.156369,606810112],[18.170965,665534464],[18.259084,638267392],[18.259142,636170240],[18.492721,648212480],[18.861392,664182784],[19.043168,673263616],[19.205458,680755200],[19.345515,688029696],[19.545284,696373248],[19.569597,698429440],[19.702278,704532480],[19.760648,709025792],[19.983221,717885440],[20.002851,785006592],[20.030118,751448064],[20.316648,763756544],[20.346015,765825024],[20.554462,775299072],[20.609197,778493952],[20.78817,785453056],[21.076256,799031296],[21.176786,802914304],[21.189157,806584320],[21.224522,806596608],[21.506933,818900992],[21.662779,825253888],[21.692265,827576320],[21.907932,836050944],[22.134839,846729216],[22.267484,852201472],[22.268935,856305664],[22.316394,856326144],[22.408474,860528640],[22.697064,872517632],[22.698525,876630016],[22.748118,876634112],[23.149443,893071360],[23.3001,900558848],[23.496739,909156352],[23.607121,914710528],[23.687904,917561344],[23.841836,925126656],[24.038962,933253120],[24.276194,943886336],[24.276607,944578560],[24.432184,951148544],[24.460558,953225216],[24.594491,959045632],[24.615553,961142784],[24.766366,967049216],[24.851727,971108352],[24.990034,981708800],[25.188179,990740480],[25.256073,994922496],[25.311153,996483072],[25.319157,1025900544],[25.615456,1025945600],[25.863896,1035685888],[25.888716,1037770752],[26.023729,1043251200],[26.425061,1060356096],[26.652569,1070538752],[26.653473,1073672192],[26.686605,1073680384],[26.852477,1081229312],[26.918867,1083539456],[27.102733,1092288512],[27.261161,1098653696],[27.262656,1102823424],[27.317809,1102839808],[27.423168,1108307968],[27.711643,1119379456],[27.847289,1125040128],[27.849886,1133424640],[27.948861,1133445120],[28.145237,1141264384],[28.397416,1152499712],[28.47696,1154875392],[28.584363,1159557120],[28.665233,1161924608],[28.666777,1166077952],[28.719683,1166110720],[28.932391,1175166976],[28.933289,1176961024],[29.271031,1186594816],[29.53691,1194684416],[29.547574,1215778816],[29.659601,1219207168],[29.66667,1244372992],[29.885748,1250664448],[29.891772,1282146304],[29.893059,1227882496],[30.155216,1236348928],[30.157685,1215295488],[30.202627,1215729664],[30.816173,1219223552],[30.829761,1222582272],[31.248206,1155469312],[31.25272,1121910784],[31.366299,1063186432],[37.842194,1065287680],[37.845024,1096744960],[38.290021,1063186432],[38.420753,1063206912],[150.117431,1065308160],[150.120273,1096765440],[150.259598,1098866688],[150.262809,1115643904],[150.589354,1124036608],[150.59515,1189048320],[150.612017,1155489792],[150.622162,1157586944],[150.783614,1161781248],[150.851769,1094668288],[150.860572,1125400576],[150.860757,1094127616],[198.151085,1094123520],[199.919721,1094115328],[204.062506,1094021120],[204.795639,1093971968],[207.655649,1093922816],[209.058402,1093832704],[210.484318,1093816320],[212.114972,1093697536],[214.872425,1093595136],[214.956637,1119674368],[215.001431,1119735808],[215.159221,1123028992],[215.757876,1122996224],[215.769368,1124741120],[215.9419,1124745216],[216.026621,1129623552],[216.038463,1133817856],[216.262273,1135915008],[216.334061,1142210560],[216.357576,1146208256],[216.476066,1155563520],[216.48415,1162055680],[216.56309,1159790592],[216.563209,1156993024],[216.73508,1156997120],[216.738545,1136865280],[216.744175,1136066560],[216.744904,1107324928],[216.754711,1111035904],[217.809627,1110216704],[217.817199,1101795328],[217.817995,1065676800],[217.853336,1061449728],[217.855311,1014976512],[217.860915,972476416],[217.862494,906227712],[217.864525,905097216],[217.869727,820502528],[217.875491,779984896],[217.884489,661610496],[217.901748,496312320],[217.903618,435785728],[217.905886,435388416],[217.90783,390004736],[217.910243,388857856],[217.912159,333316096],[217.919223,293576704],[217.929832,174424064],[217.936971,133615616],[217.944124,57454592],[217.948555,49709056]],"pass_timing":[["parsing",0.517],["gated feature checking",0.023],["std macros injection",0.001],["configuration 1",0.134],["expansion",1.183],["configuration 2",0.203],["maybe building test harness",0.185],["std injection",0.181],["assigning node ids",0.182],["ast indexing",0.243],["external crate/lib resolution",0.029],["language item collection",0.027],["resolution",1.543],["lifetime resolution",0.028],["looking for entry point",0],["freevar finding",0.058],["region resolution",0.098],["type collecting",0.108],["variance inference",0.056],["coherence checking",0.124],["type checking",7.889],["const marking",0.154],["const checking",0.04],["privacy checking",0.373],["effect checking",0.052],["loop checking",0.03],["compute moves",1.536],["match checking",0.098],["liveness checking",0.197],["borrow checking",0.765],["kind checking",0.083],["reachability checking",0.01],["death checking",0.132],["lint checking",0.377],["translation",14.207],["llvm function passes",5.804],["llvm module passes",111.929],["codegen passes",65.894],["LLVM passes",-0]]}