{"summary":{"timestamp":1374010654,"hash":"53e934c2ab773eaf61da331893d176aa3e62230b","max_memory":1600700416,"cpu_time":144.58,"pull_request":7684},"memory_data":[[0.00414,4096],[0.056698,430080],[0.102208,5771264],[0.248194,10407936],[0.385109,10989568],[0.490724,13111296],[0.596548,14143488],[0.672864,17661952],[0.862298,20385792],[0.869455,21422080],[1.038399,23121920],[1.090815,28520448],[1.314447,30908416],[1.389768,41181184],[1.422866,43589632],[1.495835,54439936],[1.545365,57839616],[1.599883,68677632],[1.630403,69107712],[1.708361,76914688],[1.743028,85635072],[1.769583,85684224],[1.816723,90611712],[1.900195,105611264],[1.933154,105148416],[1.947286,111423488],[2.000043,120885248],[2.058903,120778752],[2.130213,129605632],[2.154325,136683520],[2.21704,137039872],[2.253461,142442496],[2.299057,145145856],[2.33452,151060480],[2.376966,154087424],[2.468997,165965824],[2.543439,172580864],[2.613785,182358016],[2.648617,184053760],[2.739303,194564096],[2.767634,201023488],[2.823198,204713984],[2.886546,212750336],[2.922397,222416896],[2.960456,223055872],[3.00372,239976448],[3.016024,239984640],[3.098653,283774976],[3.346367,419344384],[3.390512,442224640],[3.426878,443080704],[3.497039,457302016],[3.598192,483151872],[3.611105,484282368],[3.674953,498974720],[3.705309,508235776],[3.750802,518074368],[3.801078,531771392],[3.837231,534564864],[3.900606,545873920],[4.001526,566923264],[4.060871,582836224],[4.127329,596279296],[4.235358,621031424],[4.369362,650682368],[4.439006,668819456],[4.506677,682881024],[4.562834,696184832],[4.616106,712638464],[4.80851,788066304],[4.951371,845836288],[5.019323,871944192],[5.177967,936103936],[5.472081,1051242496],[5.63007,1115238400],[5.663314,1126404096],[5.851362,1202180096],[5.957252,1243115520],[6.260451,1243262976],[6.288142,1244377088],[6.390735,1256656896],[6.475549,1270808576],[6.587919,1272033280],[6.592977,1277956096],[6.654775,1279696896],[6.66175,1283092480],[6.730529,1283309568],[6.73957,1285410816],[6.750502,1354616832],[6.978345,1355984896],[7.001493,1362857984],[7.044845,1364811776],[7.064792,1376436224],[7.204115,1381023744],[7.21045,1386520576],[7.368808,1386881024],[7.500731,1388654592],[7.693118,1390252032],[8.038012,1390731264],[8.040071,1391775744],[8.56873,1391992832],[8.576561,1401446400],[8.877999,1401757696],[9.305741,1401831424],[9.307923,1402736640],[9.601731,1403031552],[9.66056,1404125184],[9.829205,1405403136],[9.973533,1405587456],[10.168958,1407991808],[10.309993,1408995328],[10.653531,1409261568],[10.877716,1409929216],[11.22502,1411923968],[11.300287,1414393856],[11.60841,1414889472],[11.848656,1417187328],[12.126852,1417695232],[12.133645,1418461184],[12.404958,1418760192],[12.492127,1419624448],[12.727084,1419980800],[12.766935,1420587008],[13.172553,1421303808],[13.318222,1422303232],[13.508806,1422462976],[13.512802,1424961536],[13.81038,1425444864],[14.425412,1425596416],[14.673957,1425969152],[14.679914,1433161728],[14.940067,1433866240],[14.977687,1435258880],[15.615328,1436119040],[15.755829,1438105600],[15.916646,1438117888],[16.030119,1439088640],[16.031688,1441132544],[16.458578,1441337344],[17.151298,1442029568],[17.152486,1443020800],[19.126912,1443295232],[19.175444,1443778560],[19.17783,1446490112],[19.232814,1447141376],[20.901544,1447305216],[20.952879,1448443904],[21.142321,1449697280],[21.33596,1453604864],[21.469491,1454784512],[21.605393,1458798592],[21.699764,1460838400],[21.703175,1464463360],[21.830392,1466404864],[21.98109,1466441728],[22.072107,1467604992],[22.244558,1468338176],[22.334488,1469378560],[22.463751,1472884736],[22.561759,1473777664],[22.786524,1473806336],[22.87462,1476657152],[23.094474,1477586944],[23.214982,1477619712],[23.280942,1478660096],[23.551861,1480421376],[23.627671,1483014144],[23.799392,1483874304],[23.931011,1486872576],[24.037862,1490096128],[24.176105,1491849216],[24.315177,1491861504],[24.47406,1493594112],[24.786685,1494175744],[24.941417,1496272896],[25.126494,1499959296],[25.33748,1500798976],[25.523329,1505325056],[25.801733,1507622912],[25.954108,1510481920],[26.125024,1512628224],[26.253075,1513365504],[26.298605,1514528768],[26.505847,1515491328],[26.655218,1518600192],[26.892772,1519427584],[26.958127,1520201728],[27.109782,1523728384],[27.32568,1524826112],[27.689269,1524830208],[28.092359,1534644224],[28.164227,1535926272],[28.621851,1536778240],[28.710301,1538621440],[28.802465,1542565888],[28.864202,1542774784],[28.864288,1544871936],[28.953711,1545830400],[29.293066,1546878976],[29.341964,1549426688],[29.572447,1551806464],[30.189448,1553784832],[30.460162,1556172800],[30.644519,1562017792],[30.706191,1562038272],[30.820316,1564934144],[31.14262,1564954624],[31.735259,1567498240],[31.909593,1567916032],[32.448139,1568575488],[32.736091,1568698368],[33.176815,1497391104],[33.229499,1497858048],[33.306152,1500581888],[34.79173,1500717056],[34.839587,1501483008],[37.210423,1501487104],[37.210517,1501597696],[38.153043,1501638656],[38.164406,1501765632],[45.374829,1501794304],[57.441792,1501798400],[78.029864,1501822976],[82.015429,1501859840],[88.180655,1501962240],[91.72512,1502040064],[92.396955,1502085120],[97.645077,1502142464],[100.254287,1502212096],[103.264803,1502334976],[103.40818,1506160640],[103.455768,1506267136],[105.141246,1506271232],[106.779504,1506336768],[111.607415,1506340864],[112.614641,1506430976],[119.489699,1506484224],[122.450517,1506529280],[123.071464,1506623488],[124.859619,1506717696],[127.329543,1506738176],[135.397135,1506746368],[135.472027,1507618816],[136.450062,1507684352],[136.511462,1507934208],[137.373552,1508016128],[137.674841,1508261888],[137.676262,1509429248],[138.456975,1509433344],[138.754742,1509720064],[139.222032,1509810176],[139.302493,1510060032],[139.845265,1510342656],[139.847565,1511555072],[140.599811,1511661568],[141.131861,1511919616],[142.737098,1512001536],[142.816703,1512243200],[144.101745,1512448000],[145.104117,1513013248],[145.292149,1513357312],[145.794244,1513398272],[146.252131,1513951232],[146.665153,1514127360],[147.047988,1514561536],[147.512974,1514618880],[148.003012,1515130880],[148.062079,1515900928],[148.936589,1516109824],[149.147662,1516568576],[149.549961,1516625920],[149.976654,1517158400],[150.10176,1517674496],[151.421293,1517871104],[151.730051,1518444544],[152.393333,1518522368],[153.511386,1519169536],[153.547767,1519349760],[154.370673,1519529984],[154.582351,1519845376],[155.05214,1519980544],[155.109333,1520250880],[155.186688,1523527680],[155.374091,1523757056],[155.832756,1523761152],[156.176452,1524887552],[156.177195,1531187200],[156.401669,1531367424],[156.506777,1539379200],[156.533187,1547718656],[156.757068,1547755520],[157.694927,1541455872],[157.714193,1545711616],[157.73643,1560481792],[157.750581,1547816960],[157.760568,1548591104],[157.770627,1562173440],[157.779375,1563488256],[157.876477,1563787264],[157.906828,1567780864],[157.955883,1567850496],[158.016254,1572655104],[158.052558,1592803328],[158.079129,1600237568],[158.11512,1598865408],[158.115916,1567916032],[158.123804,1544949760],[158.450249,1544925184],[158.530663,1542275072],[158.531948,1498370048],[158.544764,1339428864],[158.54573,1299755008],[158.550645,1258254336],[158.554371,1180585984],[158.559828,1101139968],[158.564622,1059815424],[158.565789,1021693952],[158.571511,942682112],[158.573404,941391872],[158.580403,823078912],[158.582504,822231040],[158.586567,744062976],[158.591502,702578688],[158.59541,624517120],[158.60079,582946816],[158.60499,505294848],[158.610002,465162240],[158.613922,386396160],[158.616091,384000000],[158.620147,306679808],[158.622092,305164288],[158.629047,187727872],[158.634776,147488768],[158.639476,66080768],[158.642755,62234624]],