{"summary":{"timestamp":1389486084,"hash":"54a85d4d675a7129087a2c342ac09a14d446c5cc","max_memory":1373286400,"cpu_time":157.14,"pull_request":11480},"memory_data":[[0.002104,4096],[0.011682,7294976],[0.187309,9797632],[0.257701,21581824],[0.279157,27512832],[0.30209,28651520],[0.352517,36450304],[0.381162,44273664],[0.396907,44896256],[0.475037,58777600],[0.497285,59047936],[0.655138,81551360],[0.694156,89239552],[0.747378,97136640],[0.820503,98324480],[0.942457,169598976],[1.287831,171220992],[1.423977,172847104],[1.694682,172867584],[1.761698,181403648],[1.77626,189038592],[1.938953,206024704],[2.004997,214585344],[2.056912,219230208],[2.168334,233766912],[2.286519,233771008],[2.302215,245182464],[2.373884,287916032],[3.069316,288202752],[3.137037,292036608],[3.139759,299261952],[3.156311,295587840],[3.211036,297693184],[3.214989,310276096],[3.249772,302931968],[3.358206,305037312],[3.368045,332296192],[3.436304,317612032],[3.560425,317616128],[3.648227,319717376],[3.665507,376340480],[3.802737,374235136],[3.80294,346976256],[4.035757,348708864],[4.096539,350375936],[4.198422,350605312],[4.425354,356212736],[4.870411,364470272],[4.975644,364617728],[5.126596,367697920],[5.26978,367951872],[5.409551,369999872],[5.601381,375930880],[5.671784,379510784],[5.712238,379998208],[5.847228,387092480],[6.04628,391798784],[6.096386,394121216],[6.222048,397291520],[6.499876,402665472],[6.584563,403193856],[7.159493,403898368],[7.544343,403980288],[7.54845,418643968],[7.576219,418713600],[7.578665,427032576],[7.726531,427180032],[7.879529,428318720],[8.432042,428670976],[8.437619,441249792],[8.541904,442195968],[9.050885,442720256],[9.219474,443613184],[9.422511,449421312],[9.558454,450588672],[9.687788,452841472],[9.850181,453574656],[10.760879,453775360],[10.977382,454021120],[10.981251,462290944],[12.329888,462528512],[13.280464,462577664],[13.943177,462790656],[14.023869,463052800],[14.602935,463667200],[15.025493,464543744],[15.980977,464592896],[15.987808,481366016],[17.175915,481628160],[17.35001,483725312],[17.351844,490020864],[18.025943,490151936],[18.074105,490909696],[18.377956,490921984],[18.619006,492974080],[18.621991,494698496],[18.734227,495718400],[18.931078,495869952],[19.084693,497127424],[19.248452,499572736],[19.307882,501321728],[19.51125,504066048],[19.678156,508293120],[19.788562,509251584],[19.793851,511787008],[19.88571,512036864],[19.988833,515010560],[19.999363,548454400],[20.224256,548876288],[21.572418,548880384],[21.766592,549408768],[21.812482,550166528],[21.817555,566681600],[21.863784,567066624],[22.793357,567111680],[22.983879,568324096],[23.204887,570793984],[23.206474,573825024],[23.534814,574038016],[23.986547,577839104],[24.050312,578887680],[24.289808,580009984],[24.847839,580022272],[24.929592,582004736],[24.982293,584601600],[25.141103,584863744],[25.217182,586489856],[25.334252,587350016],[25.359822,588845056],[25.522697,590106624],[25.756412,593403904],[25.961622,593960960],[26.278124,596279296],[26.280501,600735744],[26.62043,601010176],[26.891247,602501120],[27.016328,604164096],[27.073393,605839360],[27.248339,606003200],[27.356029,608268288],[27.511672,608464896],[27.753618,610037760],[27.808801,611205120],[27.928318,611119104],[28.055905,612724736],[28.230093,613613568],[28.29427,615874560],[28.477221,617439232],[28.574213,617422848],[28.650271,618885120],[29.066695,622039040],[29.392132,623620096],[29.461223,626462720],[29.512731,625119232],[29.83013,626380800],[30.067001,628592640],[30.379476,630890496],[30.444874,632385536],[30.456101,665993216],[30.476088,665513984],[30.874726,665567232],[31.194468,665976832],[31.197737,674136064],[31.278378,676237312],[31.282351,690917376],[31.34548,674136064],[31.345694,665878528],[35.881734,667979776],[35.903976,732991488],[35.947373,732659712],[35.947594,699432960],[37.389212,699453440],[38.10385,699674624],[40.643145,699678720],[40.764272,701140992],[41.00994,701657088],[41.072691,703520768],[41.072816,705617920],[41.125783,705642496],[41.141787,707739648],[41.215267,709894144],[41.293555,710209536],[41.532683,716894208],[41.620936,720920576],[41.784507,725237760],[41.964665,731713536],[42.377849,740564992],[42.415685,742195200],[42.82115,751112192],[43.078426,761856000],[43.377076,767692800],[43.615102,773423104],[43.75942,775598080],[44.083662,782979072],[44.254347,785887232],[44.442041,789880832],[44.486621,792215552],[44.763594,797736960],[44.812954,799772672],[44.996524,804114432],[45.14399,806817792],[45.145634,808898560],[45.205609,808919040],[45.638084,818106368],[45.799616,823750656],[46.35253,844939264],[46.453226,849940480],[46.645287,856875008],[46.789396,862986240],[47.191148,877359104],[47.192464,879456256],[47.242117,880128000],[47.243952,884318208],[47.295348,884334592],[47.461955,891756544],[47.645192,897835008],[47.646264,902012928],[47.696579,902148096],[47.785483,905469952],[48.020076,910364672],[48.054161,911900672],[48.253492,915877888],[48.262984,945242112],[48.966506,945278976],[49.129438,949018624],[49.421038,954613760],[49.489851,957313024],[49.732303,962117632],[49.885199,965685248],[50.052035,968790016],[50.134982,971206656],[50.770768,984256512],[51.190048,992641024],[51.387305,996950016],[51.781698,1004662784],[52.007563,1010298880],[52.112837,1011695616],[52.114727,1013792768],[52.189001,1014362112],[52.590873,1022795776],[52.738328,1026412544],[53.161048,1035612160],[53.244708,1036795904],[53.293183,1038766080],[53.551741,1044418560],[53.636573,1047007232],[53.69631,1047539712],[54.229683,1058799616],[54.234584,1061056512],[54.295901,1061076992],[54.486972,1065132032],[54.641613,1069248512],[54.83619,1072586752],[55.057922,1077755904],[55.193409,1081688064],[55.196666,1089925120],[55.406024,1089933312],[55.567058,1092968448],[55.677225,1096101888],[55.71573,1096253440],[55.984527,1101778944],[56.231674,1108254720],[56.233276,1112420352],[56.285594,1113505792],[56.296771,1122160640],[56.352395,1122377728],[56.356159,1124581376],[56.460598,1126293504],[56.609777,1131819008],[56.698412,1135894528],[56.852296,1140252672],[56.897013,1140752384],[56.898692,1143898112],[56.979114,1143934976],[57.143604,1147588608],[57.146377,1151782912],[57.248494,1151795200],[57.388089,1155497984],[57.392911,1156386816],[57.544145,1160237056],[58.082763,1171361792],[58.16489,1172598784],[58.23001,1174831104],[58.387578,1177903104],[58.429605,1179791360],[58.431573,1188188160],[58.629633,1188204544],[58.677205,1189740544],[58.988438,1195556864],[59.159934,1199779840],[59.231788,1200500736],[59.392684,1203859456],[59.520232,1207177216],[60.249747,1222643712],[60.546007,1233489920],[60.567031,1235079168],[60.704866,1240256512],[60.723361,1243287552],[60.797692,1244655616],[61.40714,1265766400],[61.821315,1281093632],[61.938854,1286045696],[62.02136,1288085504],[62.160815,1293475840],[62.347298,1297371136],[62.37661,1300324352],[62.605141,1303949312],[62.607529,1307074560],[62.731349,1309237248],[62.742512,1306812416],[62.797944,1307623424],[62.803849,1320321024],[63.108439,1325211648],[63.370332,1330044928],[63.967289,1340346368],[64.136485,1343467520],[64.143407,1372807168],[64.145997,1340878848],[64.484084,1345265664],[65.167473,1352994816],[66.251546,1355091968],[66.268283,1356689408],[66.84717,1354588160],[66.847279,1289576448],[66.852873,1256017920],[67.181461,1232945152],[67.18157,1197293568],[67.448379,1202085888],[67.61336,1204527104],[79.818624,1204555776],[80.600463,1206657024],[80.603979,1238114304],[81.185701,1204555776],[82.31298,1204559872],[82.334031,1204776960],[83.66029,1204875264],[91.346931,1204920320],[91.865812,1204989952],[225.227444,1206796288],[225.230706,1204989952],[235.230335,1207087104],[235.234974,1204989952],[245.234446,1206861824],[245.237426,1204989952],[255.237355,1207087104],[255.239139,1204989952],[265.241386,1207087104],[265.24554,1204989952],[273.436189,1204985856],[274.498881,1204957184],[275.245417,1206935552],[275.250015,1204842496],[278.459883,1204760576],[278.463114,1204670464],[279.754596,1204666368],[279.956184,