{"summary":{"timestamp":1372851110,"hash":"55f155521d2f604794d2ab1de2a8d439440af4a8","max_memory":1299427328,"cpu_time":null,"pull_request":7523},"memory_data":[[0.001565,4096],[0.038287,32768],[0.083939,5656576],[0.211997,10166272],[0.303177,11476992],[0.3771,15867904],[0.473907,18599936],[0.684351,22380544],[0.713828,27332608],[0.870069,29937664],[0.993223,43307008],[1.01549,48717824],[1.069945,52219904],[1.083433,56668160],[1.121025,58650624],[1.158258,66453504],[1.17896,66256896],[1.202243,73986048],[1.249835,74690560],[1.282996,81772544],[1.32177,81788928],[1.398479,89735168],[1.514437,103329792],[1.610045,112971776],[1.654881,122900480],[1.697589,123518976],[1.704614,126488576],[1.783596,185262080],[1.83105,218996736],[1.874529,225062912],[1.973744,257318912],[2.012295,263704576],[2.202557,319455232],[2.239166,332701696],[2.28862,365764608],[2.449441,475979776],[2.561319,554483712],[2.900937,554700800],[2.964663,556085248],[3.040061,556097536],[3.055594,559136768],[3.098838,559480832],[3.104544,567685120],[3.159675,569786368],[3.170071,638992384],[3.34374,640372736],[3.393773,644239360],[3.516492,647548928],[3.753356,649093120],[4.580177,649105408],[4.798563,649281536],[5.105806,650268672],[5.139909,651120640],[5.366078,651411456],[5.476586,652750848],[5.968622,652754944],[6.162657,652996608],[6.180433,654295040],[6.406161,654528512],[6.591862,656302080],[6.5934,658649088],[6.874049,658788352],[7.255941,659873792],[7.25779,662712320],[7.594073,663076864],[7.766278,664928256],[7.962075,665149440],[8.126628,666480640],[8.347746,667201536],[8.586025,668479488],[9.059704,668483584],[9.119876,668721152],[9.677114,668741632],[9.903403,669835264],[9.947781,670560256],[10.248421,670978048],[10.774343,671072256],[10.906809,671662080],[12.000359,671784960],[13.01142,671784960],[13.303804,673705984],[13.303904,675803136],[13.361418,676065280],[14.089364,676630528],[14.090293,675577856],[14.216316,675848192],[14.290947,681336832],[14.420081,689397760],[14.469982,693682176],[14.778906,715259904],[15.026813,733921280],[15.205938,745943040],[15.35394,757211136],[15.594539,773115904],[15.670305,779288576],[15.83183,789782528],[16.136188,811393024],[16.167728,814788608],[16.314787,825417728],[16.32662,826994688],[16.472695,837025792],[16.643641,850034688],[16.644947,851607552],[16.735509,857653248],[17.207529,892715008],[17.427795,908009472],[17.530014,914419712],[17.531083,919404544],[17.555558,919408640],[17.655784,926568448],[17.68314,929599488],[17.956803,948477952],[18.128335,961294336],[18.129329,965492736],[18.15802,965500928],[18.496759,987996160],[18.587058,995659776],[18.719513,1005535232],[18.745483,1006612480],[18.746427,1010810880],[18.781704,1010819072],[18.845665,1014861824],[18.95352,1023795200],[18.966037,1025855488],[19.150881,1038348288],[19.268541,1047494656],[19.378465,1054556160],[19.794269,1083838464],[19.796364,1085927424],[20.031255,1101242368],[20.172605,1111363584],[20.372935,1126535168],[20.528575,1136250880],[20.829733,1144414208],[21.033723,1145516032],[21.039549,1135304704],[21.062303,1130807296],[21.062352,1126121472],[21.255509,1122082816],[21.268634,1119821824],[21.321359,1048514560],[21.47775,1051881472],[22.280496,1051885568],[22.483692,1053986816],[22.486519,1085444096],[22.529628,1087549440],[22.532083,1110614016],[23.070186,1086259200],[23.074224,1051885568],[23.692063,1052139520],[23.818809,1052995584],[27.523286,1053011968],[27.588615,1053130752],[33.267605,1053138944],[33.474781,1053159424],[42.437915,1053163520],[42.917997,1053179904],[55.576961,1053212672],[55.577159,1050062848],[84.318446,1050193920],[84.39585,1051000832],[84.476341,1053810688],[93.720231,1053863936],[95.533609,1053913088],[106.145551,1053921280],[107.779672,1058004992],[107.790217,1062199296],[107.983215,1062694912],[108.626581,1062703104],[108.798011,1062866944],[108.935988,1064718336],[109.138967,1065132032],[109.139313,1066631168],[109.715616,1066635264],[110.879525,1069793280],[110.882237,1082306560],[111.894057,1082441728],[111.897166,1088659456],[114.387889,1088679936],[114.819401,1089798144],[115.341153,1090899968],[115.347055,1103446016],[115.565722,1103880192],[117.216478,1103921152],[117.306715,1104101376],[117.310405,1120698368],[118.304451,1120763904],[118.306203,1129091072],[120.869126,1129127936],[120.999116,1129848832],[121.049253,1132011520],[121.317459,1132617728],[121.490518,1133940736],[121.517985,1135169536],[121.771684,1135960064],[121.797475,1137119232],[122.161491,1138032640],[122.267817,1140908032],[122.667421,1141751808],[122.713062,1143660544],[123.153023,1144582144],[123.592226,1146617856],[124.142477,1148780544],[124.491302,1151176704],[124.608941,1152491520],[124.644927,1154039808],[124.966921,1154805760],[124.982711,1155420160],[125.159201,1155923968],[125.929399,1161613312],[126.100554,1163038720],[126.238989,1163317248],[126.522305,1165094912],[126.561169,1166659584],[126.699895,1166954496],[126.771753,1169989632],[127.307532,1171132416],[127.340831,1172361216],[127.557993,1172762624],[127.668351,1173987328],[127.698297,1175339008],[127.81341,1176387584],[128.26591,1177292800],[128.291278,1178259456],[128.417211,1178976256],[128.441712,1180123136],[128.553327,1180364800],[128.586039,1181802496],[128.923683,1182429184],[128.984625,1185148928],[129.114992,1185411072],[129.179482,1189175296],[129.251228,1191161856],[129.43025,1191755776],[130.587618,1194807296],[130.70726,1199210496],[131.412219,1200848896],[131.54505,1202667520],[131.767628,1203535872],[132.037427,1205706752],[132.089393,1207861248],[132.291155,1208160256],[132.355557,1210339328],[132.450209,1210449920],[132.453068,1213464576],[132.614251,1213952000],[133.039033,1213984768],[133.113484,1216229376],[133.535323,1217396736],[133.561026,1220268032],[133.645208,1254805504],[133.725523,1254817792],[133.832761,1257467904],[134.278407,1257496576],[134.290981,1259520000],[134.438708,1259524096],[134.515641,1264762880],[134.516539,1267384320],[134.595502,1270009856],[134.615913,1276084224],[134.804313,1276313600],[134.807235,1279733760],[134.905884,1289076736],[134.929881,1299083264],[134.996013,1297321984],[134.996115,1293467648],[135.123925,1293471744],[136.08073,1292480512],[136.085634,1275138048],[136.09096,1162584064],[136.102696,1164701696],[136.108345,1174577152],[136.122529,1165570048],[136.136277,1176612864],[136.236848,1177124864],[136.276024,1181114368],[136.322924,1182973952],[136.355967,1189847040],[136.36953,1205211136],[136.382978,1212985344],[136.415558,1214283776],[136.416365,1181233152],[136.429344,1180872704],[136.430479,1163640832],[136.630695,1159712768],[136.669219,1157140480],[136.673408,1035882496],[136.677951,956317696],[136.680283,877400064],[136.689022,717807616],[136.691693,638636032],[136.697845,519467008],[136.717839,199589888],[136.722053,158916608],[136.725901,80478208],[136.729565,62459904]],"pass_timing":[["parsing",0.788],["configuration 1",0.173],["expansion",0.408],["configuration 2",0.164],["maybe building test harness",0.159],["extra injection",0.194],["ast indexing",0.201],["external crate/lib resolution",0.321],["language item collection",0.048],["resolution",1.245],["looking for entry point",0],["freevar finding",0.081],["region resolution",0.099],["region parameterization inference",0.08],["type collecting",0.139],["coherence checking",0.14],["type checking",5.382],["const marking",0.227],["const checking",0.028],["privacy checking",0.148],["effect checking",0.042],["loop checking",0.022],["compute moves",0.506],["match checking",0.078],["liveness checking",0.175],["borrow checking",0.777],["kind checking",0.089],["reachability checking",0.041],["lint checking",0.168],["translation",7.986],["LLVM passes",114.77],["linking",0.339]]}