{"summary":{"timestamp":1402054913,"hash":"566b7b93c6ca2c034f110fa670040de1a09195e4","max_memory":1624588288,"cpu_time":172.76,"pull_request":14671},"memory_data":[[0.003418,4096],[0.03516,741376],[0.064149,10268672],[0.162108,13541376],[0.306208,21106688],[0.340456,25071616],[0.404149,27389952],[0.406567,29913088],[0.590939,34668544],[0.629942,38739968],[0.630656,43065344],[0.787248,47263744],[0.819739,50487296],[0.857283,60973056],[0.890602,64983040],[0.935987,77627392],[0.98066,83107840],[1.014167,91824128],[1.106644,104869888],[1.132149,111763456],[1.212115,124002304],[1.238574,130768896],[1.284396,130899968],[1.329605,141074432],[1.393616,161525760],[1.478154,184180736],[1.540037,161902592],[1.759436,166330368],[1.90384,168505344],[2.172493,175857664],[2.259106,177442816],[2.40675,182693888],[2.498691,190758912],[2.498792,192856064],[2.642546,206151680],[2.692774,208728064],[2.69316,210829312],[2.792012,218886144],[2.792124,220999680],[2.851261,224915456],[2.851359,227020800],[2.909079,230883328],[2.954957,236212224],[2.971039,243302400],[2.998307,247185408],[3.046387,247201792],[3.103038,251105280],[3.149969,258355200],[3.207808,262193152],[3.207906,264298496],[3.260423,268005376],[3.260521,270118912],[3.346781,275943424],[3.39473,281321472],[3.394831,283426816],[3.450894,287109120],[3.450991,289210368],[3.515537,293765120],[3.515631,295862272],[3.578163,299868160],[3.578264,301965312],[3.636846,305872896],[3.672256,313049088],[3.886977,313053184],[3.944371,325554176],[3.971357,335654912],[4.046375,354701312],[4.046471,356814848],[4.102398,371585024],[4.65696,371458048],[4.688428,362717184],[4.800107,363843584],[4.934789,369233920],[4.96908,371621888],[5.058748,371732480],[5.126494,375926784],[5.126812,378023936],[5.252019,384315392],[5.30203,384307200],[5.322783,374255616],[5.504996,376971264],[5.653991,377364480],[5.758173,381415424],[5.978259,384598016],[6.071992,386543616],[6.178205,390017024],[6.208632,392626176],[6.247381,400941056],[6.263219,407715840],[6.485293,410611712],[6.625674,415268864],[6.663994,417673216],[6.779034,420147200],[6.779753,422342656],[6.839449,423493632],[6.906431,436133888],[6.94438,440532992],[7.015303,441556992],[7.097633,444239872],[7.128559,450007040],[7.262223,453033984],[7.28065,455131136],[7.371822,457043968],[7.441229,464232448],[7.538262,466329600],[7.539321,472621056],[7.642836,472752128],[7.734024,474849280],[7.73736,487432192],[7.762121,488386560],[8.113468,488714240],[8.134261,490811392],[8.141366,507588608],[8.14846,501297152],[8.289909,501391360],[8.34974,503488512],[8.353681,505671680],[8.489211,506560512],[8.714745,506773504],[8.739787,508608512],[8.870835,508846080],[8.872625,502554624],[9.102811,503128064],[9.113129,507691008],[9.166901,509788160],[9.172778,511885312],[9.300841,511975424],[9.377715,513073152],[9.37817,508878848],[9.561178,511184896],[9.735854,512319488],[9.907901,520495104],[9.914913,524689408],[9.95433,527060992],[10.036018,527556608],[10.076738,532086784],[10.084185,542576640],[10.230639,544079872],[10.257039,546537472],[10.402421,551272448],[10.403599,547319808],[10.478325,547770368],[10.492118,549867520],[10.641555,550600704],[10.645366,552697856],[10.923447,553017344],[10.965861,555089920],[11.121783,555462656],[11.123987,557559808],[11.257243,557715456],[11.25955,559812608],[11.443273,561922048],[11.504579,561926144],[11.611928,566120448],[11.61274,576606208],[11.62502,572411904],[11.679767,574509056],[11.682515,576606208],[11.80049,578703360],[11.814892,582897664],[11.855312,584994816],[11.94728,587091968],[12.066585,595480576],[12.06806,593383424],[12.119876,597577728],[12.134077,601772032],[12.139144,593383424],[12.254447,594051072],[12.899274,596148224],[12.919012,598245376],[13.046218,600342528],[13.046402,602439680],[13.340493,604536832],[13.34196,623411200],[13.349263,627605504],[13.357154,615022592],[13.41145,619216896],[13.766882,621318144],[13.771775,623415296],[14.007718,625512448],[14.111482,625516544],[14.174384,629710848],[14.323258,629714944],[14.464902,631816192],[14.583155,631971840],[14.641821,634068992],[14.765248,636260352],[14.82769,638357504],[15.157722,638365696],[15.173893,640462848],[15.291399,641400832],[15.608288,645595136],[15.628404,656080896],[16.071193,658178048],[16.685177,660275200],[17.0917,664469504],[17.220904,666566656],[17.412323,668663808],[17.710573,672858112],[17.96927,674955264],[18.136488,677052416],[18.253804,679149568],[18.457817,681246720],[18.567999,683343872],[18.942154,685441024],[19.296409,689635328],[19.430418,691732480],[19.432545,714801152],[19.449532,725286912],[19.458274,739966976],[19.46616,714801152],[19.647071,716898304],[19.991573,718995456],[20.211645,721092608],[20.316558,723189760],[20.349134,725286912],[20.817951,729481216],[20.844216,731578368],[21.189552,733675520],[21.735197,737869824],[21.763376,746258432],[21.805906,748355584],[22.03313,750452736],[22.333343,752549888],[22.559853,754647040],[22.808512,758841344],[23.005952,760938496],[23.299649,763035648],[23.67018,765161472],[23.83629,769355776],[24.077356,771452928],[24.172218,773550080],[24.172451,777744384],[24.247148,779841536],[24.521713,781938688],[24.851438,786132992],[24.948462,788230144],[25.162419,790458368],[25.262305,792555520],[25.283656,794652672],[25.448574,798846976],[25.485419,800944128],[25.856349,803041280],[26.114099,807235584],[26.191957,807432192],[26.240044,809529344],[26.497238,809558016],[26.538291,811655168],[26.628347,813752320],[27.071592,817946624],[27.45104,820043776],[27.570332,822140928],[27.6618,828432384],[27.670637,830529536],[27.734816,832626688],[28.147228,834723840],[29.117183,836820992],[29.402581,838918144],[29.993391,838995968],[30.093496,844345344],[30.102691,850636800],[30.170044,852733952],[30.176105,854831104],[30.234611,844345344],[30.908312,829665280],[31.554968,829894656],[31.580342,834088960],[31.694445,836186112],[31.697333,834088960],[33.299984,836354048],[34.416511,838451200],[34.416606,840548352],[36.577672,840744960],[36.798732,840871936],[36.830913,841748480],[37.069039,841879552],[37.105376,842567680],[37.326375,843218944],[37.449076,845316096],[37.684862,845344768],[37.93144,845864960],[37.970896,848080896],[38.419057,848183296],[38.694244,850313216],[39.073554,852410368],[40.024214,852426752],[40.040879,853139456],[40.404031,855236608],[40.573867,855257088],[41.143754,857354240],[41.514767,859451392],[41.612517,859582464],[41.671125,861679616],[41.672848,884748288],[41.681813,872165376],[41.726405,874262528],[41.730038,918302720],[41.740461,928788480],[41.756946,960245760],[41.778245,972804096],[41.778348,922497024],[42.039311,924594176],[42.580379,924860416],[42.927255,930148352],[42.927728,932245504],[43.190999,936263680],[43.343539,939048960],[43.905365,947056640],[43.90546,949153792],[44.251258,954920960],[44.575322,956616704],[44.639645,957554688],[44.640061,959651840],[44.992841,965238784],[45.494164,972201984],[45.494459,976396288],[45.639763,978608128],[46.046754,984080384],[46.16868,985305088],[46.363457,989270016],[46.654532,993673216],[46.683549,997822464],[46.722893,997826560],[47.169105,1005613056],[47.303263,1008480256],[47.30349,1010577408],[47.57107,1015078912],[47.792969,1019940864],[47.934702,1022590976],[48.198006,1026355200],[48.19837,1028452352],[48.529419,1033613312],[48.79806,1038704640],[48.910432,1040179200],[49.394317,1049866240],[49.580259,1053048832],[49.580358,1055145984],[49.924668,1061351424],[50.108371,1063948288],[50.785737,1076346880],[51.054897,1080758272],[51.054993,1082855424],[51.589421,1091395584],[52.073075,1100128256],[52.330978,1104572416],[52.581662,1109397504],[52.888437,1114255360],[52.888727,1116356608],[53.054373,1119285248],[53.496338,1127731200],[53.496758,1134022656],[53.609349,1136005120],[53.611628,1137582080],[53.720083,1138921472],[53.899888,1142124544],[54.119544,1145475072],[54.230408,1147985920],[54.403596,1150676992],[54.983051,1163579392],[55.04906,1164382208],[55.264678,1168769024],[55.505527,1173057536],[55.513149,1189834752],[55.543146,