{"summary":{"timestamp":1405824394,"hash":"56fafe28ee17a4aa48795083ee08be744f068067","max_memory":1666523136,"cpu_time":182.17,"pull_request":15767},"memory_data":[[0.003368,8192],[0.020724,17985536],[0.049848,22032384],[0.099615,24969216],[0.160147,33865728],[0.185766,40902656],[0.241951,47927296],[0.257914,53313536],[0.291254,57470976],[0.339366,69742592],[0.412413,83648512],[0.464033,88899584],[0.511919,99954688],[0.563085,102309888],[0.587562,115961856],[0.637147,148774912],[0.665604,160067584],[0.68634,140099584],[1.026918,143855616],[1.027122,145952768],[1.24032,148762624],[1.240372,150859776],[1.375327,152645632],[1.493925,161787904],[1.493975,163885056],[1.590248,172392448],[1.777193,186474496],[2.005538,202711040],[2.119247,211709952],[2.125631,215031808],[2.289541,226381824],[2.307248,226205696],[2.318049,217968640],[2.396675,223907840],[2.445898,249020416],[2.463922,261906432],[2.510432,287981568],[2.663908,287985664],[2.695356,290095104],[2.751532,323489792],[2.782569,323403776],[2.809023,311816192],[2.877868,315576320],[2.965857,323440640],[3.048462,323272704],[3.09664,327249920],[3.098166,329908224],[3.174339,333094912],[3.210823,338145280],[3.267113,337928192],[3.295132,325984256],[3.401154,325996544],[3.426829,330186752],[3.458334,347103232],[3.508924,360857600],[3.557871,362991616],[3.56496,367185920],[3.617772,367239168],[3.62319,375627776],[3.670993,375652352],[3.67631,377749504],[3.741766,377769984],[3.750384,379867136],[3.753579,392450048],[3.816372,392499200],[3.827365,398790656],[4.004863,398884864],[4.012557,417759232],[4.017456,411467776],[4.071209,411508736],[4.078261,415703040],[4.484073,416059392],[4.48649,402853888],[4.496629,398147584],[4.609362,398524416],[4.625087,405164032],[4.660327,409358336],[4.788227,409362432],[4.89388,410935296],[4.896399,412774400],[5.043556,413265920],[5.064724,417562624],[5.068014,423854080],[5.095683,428138496],[5.134574,430346240],[5.140777,440832000],[5.227472,442970112],[5.228113,438775808],[5.30524,442970112],[5.409383,447164416],[5.670983,455553024],[5.671641,466038784],[5.683433,461844480],[5.763422,466038784],[6.260624,476524544],[6.394461,480718848],[6.430995,482816000],[6.656378,489107456],[6.776906,493301760],[6.908777,495398912],[6.958566,495403008],[6.958676,497496064],[7.0913,499593216],[7.118119,503787520],[7.289346,505884672],[7.292986,528953344],[7.303081,516370432],[7.31593,518467584],[7.415846,522661888],[7.526608,524759040],[7.556903,528953344],[7.784861,531050496],[7.965239,535244800],[8.125601,541536256],[8.146121,543633408],[8.216853,545730560],[8.654814,547827712],[8.676576,549924864],[9.23888,558313472],[9.406004,560414720],[9.407018,562507776],[9.560166,564604928],[9.600462,566702080],[9.606387,572993536],[9.851231,575090688],[9.888725,577187840],[9.888932,581382144],[10.110777,583479296],[10.30516,587673600],[10.48634,589770752],[10.588255,591867904],[10.706746,591872000],[10.707112,596062208],[10.871998,598159360],[10.966681,598159360],[10.967143,600256512],[11.12198,602353664],[11.171761,604450816],[11.389606,606547968],[11.395611,608645120],[11.399044,631713792],[11.412562,648491008],[11.429447,656846848],[11.429497,631713792],[11.48133,633810944],[11.771834,638005248],[11.877717,640102400],[11.943398,644296704],[11.947552,646393856],[12.038396,650588160],[12.052273,654782464],[12.122575,656916480],[12.224211,663724032],[12.298323,674140160],[12.302743,668069888],[12.393345,668147712],[12.409894,669605888],[12.533691,670945280],[12.874782,670949376],[12.964074,672415744],[13.098859,672980992],[13.163629,676020224],[13.208857,676139008],[13.250257,681308160],[13.557342,682049536],[13.688172,685588480],[13.694617,691712000],[13.723714,692256768],[13.741177,700047360],[13.781001,700125184],[13.815399,704319488],[14.237137,707375104],[14.321731,709804032],[14.41841,714641408],[14.557753,716664832],[14.679264,717004800],[14.861359,719597568],[15.055176,721141760],[15.058074,726839296],[15.308087,727285760],[15.359265,729133056],[15.515967,729178112],[15.65404,732143616],[15.74623,732860416],[15.748096,736137216],[15.790184,737165312],[15.9279,737460224],[15.986273,739123200],[16.111288,740352000],[16.133183,741998592],[16.216566,742211584],[16.24992,744697856],[16.299903,744730624],[16.342372,747413504],[16.478088,747851776],[16.499115,749035520],[16.686456,749355008],[16.735738,752689152],[16.934061,753332224],[17.017683,755965952],[17.134618,756166656],[17.205735,757866496],[17.230104,760037376],[17.342381,760193024],[17.45164,765317120],[17.60125,765530112],[17.685818,767107072],[17.7562,770400256],[17.932847,772976640],[17.980718,775667712],[18.05166,776740864],[18.293094,777957376],[18.299483,782995456],[18.553066,783364096],[18.658483,785100800],[18.833072,786776064],[18.886896,788512768],[19.040678,789491712],[19.063753,790650880],[19.247685,791719936],[19.400081,793821184],[19.44761,795648000],[19.681124,797724672],[19.831681,800194560],[20.003214,801042432],[20.073096,803577856],[20.080718,836943872],[20.131854,904069120],[20.132163,853753856],[20.204085,854585344],[20.224624,857391104],[20.290306,857407488],[20.350639,859504640],[20.72835,865796096],[20.829442,872087552],[20.831419,874184704],[20.886573,876281856],[21.502832,880476160],[21.593432,880480256],[21.635326,882216960],[21.765639,882253824],[21.776016,884523008],[21.831959,884670464],[21.860866,886767616],[22.085616,890961920],[22.095243,914030592],[22.097244,902234112],[22.187344,902336512],[22.1972,923406336],[22.205064,915017728],[22.360045,916774912],[22.36046,918872064],[22.553288,921108480],[22.609701,923205632],[23.117592,923209728],[23.143612,927096832],[23.144601,931291136],[23.197706,933912576],[23.240474,928579584],[23.240629,924999680],[23.548783,925286400],[23.626007,910606336],[23.760441,910622720],[24.233786,912719872],[24.409893,916914176],[24.422403,919011328],[25.669723,921108480],[25.669827,923205632],[27.908437,925302784],[27.925914,946257920],[27.925966,933691392],[28.048109,935788544],[28.23337,937885696],[28.31318,939982848],[28.318816,942080000],[28.37497,944177152],[28.380574,950468608],[28.465529,952565760],[28.480363,954662912],[28.681946,956760064],[29.004191,958857216],[29.122435,960954368],[29.32668,963051520],[29.328884,969342976],[29.468606,971440128],[30.036865,971452416],[30.259199,975646720],[30.652915,975650816],[30.902078,982781952],[30.902812,984879104],[31.024166,988450816],[31.245448,993923072],[31.246278,998117376],[31.376252,1001771008],[31.449172,1006694400],[31.645484,1011793920],[31.645639,1015988224],[31.789214,1020354560],[31.797406,1027317760],[31.880006,1030938624],[32.045424,1035800576],[32.082621,1037627392],[32.291476,1043353600],[32.590022,1052422144],[32.590072,1054519296],[32.710585,1057701888],[33.043103,1067888640],[33.054648,1068736512],[33.268433,1074257920],[33.579726,1084219392],[33.800583,1091891200],[33.934514,1095770112],[34.025566,1097658368],[34.038764,1103003648],[34.384835,1111965696],[34.386862,1113542656],[34.581995,1119129600],[34.810047,1127571456],[35.059478,1134899200],[35.060683,1141190656],[35.181508,1144967168],[35.274599,1146736640],[35.468686,1152507904],[35.6729,1157259264],[35.848281,1161879552],[35.850749,1168171008],[35.981655,1171230720],[36.442144,1183268864],[36.549507,1184747520],[36.683034,1188098048],[36.683932,1194389504],[37.287327,1209659392],[37.485359,1214189568],[37.754688,1221087232],[37.872258,1224613888],[38.019473,1227898880],[38.020426,1229996032],[38.248064,1235247104],[38.320797,1237364736],[38.673769,1245450240],[38.67382,1247547392],[38.872915,1253138432],[39.025256,1254486016],[39.247055,1260396544],[39.463315,1265242112],[39.464359,1267339264],[39.714642,1273495552],[39.826655,1275846656],[39.82686,1277943808],[39.949785,1280897024],[40.147701,1286606848],[40.381136,1294544896],[40.640055,1301700608],[40.640108,1303797760],[40.801017,1307684864],[40.980242,1313067008],[40.982506,1319358464],[41.044092,1320976384],[41.383092,1331576832],[41.595893,1337171968],[41.706353,1340801024],[42.002475,