{"summary":{"timestamp":1406962272,"hash":"5793b4211cfeca4c6de6b85a625745fee6b4955f","max_memory":1877614592,"cpu_time":200.79,"pull_request":16163},"memory_data":[[0.003689,8192],[0.020769,18087936],[0.048107,22216704],[0.092534,25165824],[0.148157,33812480],[0.176643,41398272],[0.274161,57540608],[0.339927,74727424],[0.38426,83697664],[0.434486,88608768],[0.487879,100614144],[0.537216,103051264],[0.574348,128335872],[0.627507,161431552],[0.636878,161021952],[0.662935,144986112],[0.738984,145346560],[0.739445,141574144],[0.891199,144338944],[0.983749,145297408],[0.984004,147394560],[1.181944,150016000],[1.182046,152113152],[1.274964,153604096],[1.425161,166723584],[1.444107,171442176],[1.547425,181813248],[1.79729,201723904],[1.907895,212250624],[1.956515,215748608],[1.956565,217845760],[2.132761,231297024],[2.136975,226619392],[2.211488,229810176],[2.254045,252215296],[2.271349,265101312],[2.31827,292454400],[2.494246,294567936],[2.548797,328753152],[2.585259,328613888],[2.613911,315658240],[2.687368,320159744],[2.759646,328744960],[2.873331,330846208],[2.893636,334004224],[2.966742,336547840],[3.001378,341331968],[3.057335,341155840],[3.080818,331517952],[3.111788,328253440],[3.189288,328273920],[3.2049,331685888],[3.234525,346447872],[3.244493,355725312],[3.291532,369889280],[3.344656,374128640],[3.377453,374145024],[3.399772,378339328],[3.400787,384630784],[3.514133,384643072],[3.523878,399323136],[3.591381,399355904],[3.59611,405647360],[3.736671,405692416],[3.767186,407789568],[3.777141,418275328],[3.849675,418320384],[3.858608,422514688],[4.193985,422830080],[4.235229,409686016],[4.331334,410009600],[4.384522,415498240],[4.39463,420524032],[4.517004,420528128],[4.605732,422084608],[4.749096,422453248],[4.78479,426708992],[4.802177,435126272],[4.827883,435236864],[4.856727,441581568],[4.860866,449970176],[4.942375,454463488],[4.943282,448172032],[4.989842,452386816],[5.041708,452386816],[5.041762,454483968],[5.100249,454483968],[5.14591,458678272],[5.340545,464969728],[5.346881,469164032],[5.424643,475455488],[5.546006,477552640],[5.579736,479649792],[5.735569,479653888],[5.736392,481746944],[5.911013,485941248],[6.0104,490135552],[6.306023,498524160],[6.424127,502718464],[6.704474,509009920],[6.704625,511107072],[6.87237,511107072],[6.872557,513204224],[6.921555,515301376],[6.924642,538370048],[6.934017,525787136],[6.991497,529981440],[7.106787,534175744],[7.106887,536272896],[7.318599,538370048],[7.379932,540467200],[7.513304,540467200],[7.513722,542564352],[7.590865,544661504],[7.600607,546758656],[7.698495,546762752],[7.742351,553050112],[7.821549,555147264],[7.856876,553050112],[8.286243,557244416],[8.311965,559341568],[8.609369,563535872],[8.707246,565633024],[8.878738,565637120],[8.8789,567730176],[8.993983,569827328],[9.036459,571924480],[9.136795,574021632],[9.137051,578215936],[9.190187,580313088],[9.388018,582410240],[9.486485,584507392],[9.487042,590798848],[9.766559,592896000],[9.792808,594993152],[9.938109,597090304],[10.166586,599187456],[10.249575,603381760],[10.2848,607576064],[10.560832,609673216],[10.731961,611770368],[10.843959,615964672],[10.992916,615968768],[10.996616,649519104],[11.008568,660004864],[11.018274,641130496],[11.063773,643227648],[11.365889,647421952],[11.465077,649519104],[11.528228,653713408],[11.528846,655810560],[11.612994,660004864],[11.613097,662102016],[11.670141,664199168],[11.789915,676782080],[11.881003,685170688],[11.889521,678879232],[12.409676,680976384],[12.490322,683073536],[12.643842,685170688],[12.756816,689364992],[12.764552,691462144],[13.069217,693559296],[13.128248,695656448],[13.13224,701947904],[13.187748,704045056],[13.193725,708239360],[13.30242,712433664],[13.488098,714530816],[13.687235,718725120],[13.890963,725016576],[14.158254,729210880],[14.390799,731308032],[14.391565,735502336],[14.604788,737599488],[14.765058,737603584],[14.765111,739696640],[15.162386,743890944],[15.241016,745988096],[15.411057,748085248],[15.561405,752279552],[15.749123,756473856],[15.794408,760668160],[16.118648,762765312],[16.375815,764862464],[16.512722,766959616],[16.58673,766963712],[16.586833,769056768],[16.725455,771153920],[16.804407,775348224],[17.041665,777445376],[17.059785,779542528],[17.299424,783736832],[17.488643,785833984],[17.489276,792125440],[17.840206,792129536],[17.840472,794222592],[17.976652,796319744],[18.548577,802611200],[18.686951,802611200],[18.687003,804708352],[18.79365,806805504],[19.212105,810999808],[19.40641,815194112],[19.448138,817291264],[19.666865,819388416],[19.687605,821485568],[19.695251,869720064],[19.705265,886497280],[19.723936,905371648],[19.729684,920051712],[19.738906,869720064],[19.973832,873914368],[20.066048,880205824],[20.066358,882302976],[20.121565,884400128],[20.648322,886497280],[20.782499,888594432],[20.916539,892788736],[20.923837,915857408],[20.925113,903274496],[21.175122,907468800],[21.249749,909565952],[21.465,911663104],[21.491794,913760256],[21.494483,936828928],[21.502642,924246016],[21.770618,928440320],[21.78936,930537472],[22.337962,932634624],[22.338216,936828928],[22.391948,941023232],[22.432641,930537472],[22.794766,915857408],[23.472228,917954560],[23.650826,922148864],[23.651083,924246016],[23.706311,926343168],[23.708143,924246016],[24.869095,926343168],[24.869202,928440320],[27.065867,930537472],[27.239715,932634624],[27.246489,953606144],[27.252136,941023232],[27.407244,945217536],[27.498702,949411840],[27.569099,951508992],[27.751003,953606144],[27.753344,966189056],[27.764228,961994752],[28.2891,966189056],[28.510457,966369280],[28.54913,969867264],[28.753612,970354688],[29.042458,970375168],[29.125196,974270464],[29.441218,987439104],[29.441986,988999680],[29.60387,995880960],[29.61996,1002995712],[30.111931,1020989440],[30.111983,1023086592],[30.285014,1029263360],[30.493222,1035796480],[30.494701,1038966784],[30.605645,1043574784],[30.680828,1049124864],[30.785861,1052991488],[30.787488,1056149504],[30.97293,1063579648],[31.01496,1064607744],[31.181908,1073127424],[31.300204,1077063680],[31.347597,1079644160],[31.448327,1082368000],[31.795089,1095823360],[32.004584,1103511552],[32.353603,1118015488],[32.362907,1118998528],[32.672448,1130471424],[33.112893,1149169664],[33.304582,1155698688],[33.326845,1159168000],[33.502389,1167130624],[33.847956,1179299840],[34.089511,1188810752],[34.093178,1195155456],[34.239309,1201524736],[34.450253,1209454592],[34.483729,1211408384],[34.621392,1215528960],[34.854533,1224904704],[35.083184,1231945728],[35.20371,1236123648],[35.206872,1242415104],[35.273887,1244487680],[35.277045,1251037184],[35.683551,1263718400],[35.68651,1269813248],[35.908654,1277284352],[36.039135,1279889408],[36.261957,1287720960],[36.370352,1290805248],[36.556479,1297129472],[36.659937,1299828736],[36.759773,1303633920],[36.889967,1307308032],[37.205631,1317138432],[37.463399,1326260224],[37.717198,1333874688],[37.717908,1335197696],[37.862061,1339580416],[37.943642,1342754816],[38.204754,1350393856],[38.369862,1355669504],[38.538434,1362653184],[38.703198,1365131264],[39.086425,1379373056],[39.300607,1386831872],[39.572114,1395605504],[39.658465,1398882304],[39.659235,1400426496],[39.771372,1404309504],[39.972934,1412653056],[40.139312,1420529664],[40.682599,1440780288],[40.757835,1444048896],[40.760638,1450340352],[40.848415,1453379584],[41.08341,1463136256],[41.122756,1464336384],[41.382993,1475002368],[41.48377,1477939200],[41.695457,1485631488],[41.735593,1487683584],[41.857457,1491267584],[41.860972,1494413312],[42.111271,1503645696],[42.19929,1508134912],[42.36208,1513848832],[42.95126,1537986560],[43.177048,1546514432],[43.895724,1576316928],[44.189237,1585840128],[44.25666,1588719616],[44.622811,1600569344],[44.883448,1610121216],[45.014691,1615634432],[45.270882,1624506368],[45.379705,1628893184],[45.662066,1638789120],[46.0944,1652654080],[46.171229,1656950784],[46.178846,1663242240],[46.390376,1674080256],[46.558725,1681776640],[46.724023,1688137728],[46.725643,1692332032],[46.875311,1697374208],