{"summary":{"timestamp":1392245508,"hash":"58eeb07c2a128cbba403d6204c2f291af4ddf938","max_memory":1338748928,"cpu_time":143.49,"pull_request":12165},"memory_data":[[0.002102,12288],[0.104563,352256],[0.124015,5316608],[0.169623,9089024],[0.367101,12951552],[0.40719,15925248],[0.539081,20316160],[0.565925,23175168],[0.683243,26550272],[0.832472,29147136],[0.887929,32235520],[0.993878,34131968],[1.135312,57655296],[1.167108,65859584],[1.267823,79441920],[1.405674,100954112],[1.490579,116027392],[1.538198,116125696],[1.568419,122273792],[1.723053,161148928],[2.079236,163110912],[2.311721,163409920],[2.574084,165085184],[2.851291,165249024],[2.857052,165904384],[3.143931,165912576],[3.258391,171491328],[3.489143,190144512],[3.58242,199176192],[3.701158,199184384],[3.782965,240041984],[4.80904,240173056],[4.810402,247517184],[4.856804,251715584],[4.918929,263241728],[5.253504,264601600],[5.445724,269316096],[5.702119,273784832],[5.792254,275963904],[5.849068,276025344],[6.098195,281047040],[6.159566,283852800],[6.37819,287162368],[6.484746,290844672],[6.592579,292286464],[6.624415,293916672],[6.768619,296296448],[6.831627,298156032],[6.964189,300019712],[7.012325,301948928],[7.245815,306364416],[7.615078,307474432],[8.323079,307683328],[8.356518,308465664],[8.596918,309149696],[9.164403,309456896],[9.169787,321998848],[9.665113,322416640],[9.800601,323354624],[9.803532,325640192],[9.853737,325775360],[9.98143,328568832],[10.029152,330616832],[10.134708,332492800],[10.139289,334573568],[10.39346,339845120],[10.739163,343953408],[10.788076,346202112],[10.912926,348696576],[10.969616,351571968],[10.969924,349118464],[11.073563,352018432],[11.082642,356212736],[11.187335,360914944],[11.226225,363823104],[11.256636,362586112],[11.467487,368857088],[11.671126,372703232],[11.775736,375488512],[11.799492,377401344],[11.895513,377827328],[11.9523,379559936],[11.953521,383610880],[12.058901,383623168],[12.172154,386887680],[12.177075,402018304],[12.184433,395157504],[12.35558,402378752],[12.534352,402755584],[12.603313,404389888],[12.644916,407265280],[12.779406,408309760],[12.976574,412663808],[13.0711,418095104],[13.087037,420700160],[13.270752,421064704],[13.305229,422141952],[13.306923,430419968],[13.458839,430886912],[13.561585,433143808],[13.56436,434401280],[13.763627,436367360],[14.084355,438185984],[14.120412,439291904],[14.271578,439865344],[14.378407,442085376],[14.526031,442093568],[14.736011,444735488],[14.997298,446976000],[15.009454,479010816],[15.030485,480370688],[15.030681,463757312],[15.217694,465997824],[15.489689,467816448],[15.643966,470401024],[15.724137,470466560],[15.825223,472096768],[15.855362,474136576],[16.029154,474411008],[16.055838,475463680],[16.196408,476811264],[16.245933,478846976],[16.343757,478736384],[16.391795,479907840],[16.543523,480284672],[16.747055,482922496],[16.784324,484368384],[16.978626,485859328],[17.190769,486932480],[17.241378,488525824],[17.489143,489730048],[17.552487,491257856],[17.67088,491266048],[17.747448,492326912],[17.750946,509108224],[18.307455,509153280],[18.413282,509349888],[18.661041,512733184],[18.707874,515289088],[18.762504,514748416],[18.764107,516685824],[18.958435,516964352],[19.241304,518905856],[19.242183,519819264],[19.693807,523337728],[19.811112,523640832],[19.860036,524718080],[20.2499,528027648],[20.573083,530006016],[20.672578,531808256],[20.773754,534777856],[21.019328,534794240],[21.227238,536936448],[21.482316,538075136],[21.740548,540717056],[21.919537,541212672],[22.032593,542294016],[22.08837,544346112],[22.252494,544849920],[22.254092,547041280],[22.502888,547553280],[22.662128,549527552],[22.760334,549683200],[22.849399,551108608],[23.058379,551882752],[23.345731,554287104],[23.397031,556228608],[23.553487,556179456],[23.668624,558669824],[23.826427,558940160],[24.081468,560844800],[24.122013,562245632],[24.22875,562065408],[24.347938,563552256],[24.50949,564367360],[24.550608,565665792],[24.707837,568152064],[24.813488,568397824],[24.884043,569839616],[25.046859,571031552],[25.072797,638144512],[25.112424,637972480],[25.112624,604585984],[25.289551,606310400],[25.536932,607318016],[25.615702,608305152],[25.622978,640319488],[25.639857,641617920],[26.501786,643604480],[26.502313,641617920],[27.129658,641675264],[27.302722,642002944],[27.318993,648159232],[27.352814,648261632],[27.361163,677523456],[27.381662,676503552],[27.381727,671363072],[27.437394,673460224],[27.441324,688009216],[27.488599,686538752],[27.488729,671363072],[29.175441,671404032],[33.057396,671412224],[33.247467,673345536],[33.723641,673386496],[33.793954,675352576],[33.794072,677449728],[33.869899,677560320],[33.889545,679657472],[33.96932,679677952],[33.974327,681775104],[34.028623,682086400],[34.116658,686669824],[34.235543,688771072],[34.272596,690868224],[34.568865,697810944],[34.721343,701841408],[34.729193,725495808],[34.748547,726650880],[34.748749,714440704],[34.787682,716734464],[35.080958,729034752],[35.366549,734986240],[35.572542,740171776],[35.70374,742727680],[35.81552,746045440],[36.046402,748597248],[36.046766,750698496],[36.25621,758669312],[36.284358,760782848],[36.407671,765255680],[36.485384,769859584],[36.56805,773054464],[36.89192,779317248],[36.914689,782061568],[36.969754,782065664],[37.30517,789573632],[37.642769,796667904],[37.645381,800862208],[37.729693,800870400],[38.108801,809345024],[38.179083,811212800],[38.180863,813309952],[38.228883,813322240],[38.467563,818737152],[38.66519,822296576],[38.803413,825851904],[38.805525,829964288],[38.883121,829976576],[38.889915,832184320],[38.94768,832188416],[39.300915,839356416],[39.425938,842584064],[39.428287,846778368],[39.535366,846790656],[39.593866,848420864],[39.917554,855334912],[40.221145,862208000],[40.396571,866705408],[40.398694,870895616],[40.489763,870916096],[40.869421,880435200],[41.084852,885325824],[41.234896,889573376],[41.419589,893628416],[41.458975,895250432],[41.6792,899657728],[42.004854,906838016],[42.322621,915066880],[42.768019,924332032],[43.096417,931508224],[43.170555,933670912],[43.349523,937541632],[43.557009,942788608],[43.895347,952725504],[43.938729,955920384],[44.12463,960172032],[44.166061,963280896],[44.290391,966225920],[44.421486,970358784],[44.424287,974573568],[44.496556,974696448],[44.498187,976670720],[44.86471,985722880],[45.251444,993992704],[45.254825,1002381312],[45.439533,1002414080],[45.861761,1012015104],[46.003134,1015795712],[46.33268,1021542400],[46.564344,1026617344],[46.701531,1030189056],[46.704905,1038520320],[46.861668,1038622720],[47.034982,1041776640],[47.23944,1046872064],[47.474956,1051586560],[47.830465,1059995648],[48.2309,1068777472],[48.23267,1070874624],[48.29672,1071034368],[48.297596,1074180096],[48.363998,1074188288],[48.520288,1077682176],[48.610604,1080438784],[48.742287,1082642432],[49.050812,1090392064],[49.232974,1094115328],[49.32971,1097392128],[49.415874,1101647872],[49.426854,1109999616],[49.549092,1110274048],[49.551985,1118654464],[49.74115,1118769152],[49.848674,1121722368],[50.168346,1128628224],[50.176912,1131888640],[50.416253,1137926144],[50.418193,1139499008],[50.482816,1139957760],[50.594522,1142710272],[50.595649,1144287232],[50.675116,1144979456],[51.04379,1152028672],[51.215242,1156788224],[51.318976,1158881280],[52.017223,1174945792],[52.293477,1182150656],[52.58927,1188769792],[52.728273,1192538112],[53.28617,1204260864],[53.323528,1205936128],[53.544166,1210859520],[53.545825,1212862464],[53.599162,1212874752],[54.081442,1222922240],[54.462508,1229938688],[54.651676,1234575360],[54.887926,1238929408],[54.911503,1239851008],[55.363507,1248972800],[55.535811,1253113856],[55.783284,1258291200],[55.90305,1261658112],[56.435388,1272217600],[56.58289,1275678720],[56.685602,1276522496],[56.771132,1278337024],[56.772372,1279840256],[56.86533,1281470464],[56.86685,1284603904],[57.413654,1293811712],[57.66048,1298382848],[57.665051,1315172352],[57.667209,1298145280],[58.082636,1306353664],[58.084706,1306918912],[58.295269,1311825920],[58.500163,