{"summary":{"timestamp":1379940054,"hash":"5b6ef090464d9936b238a9524bc291c1134e69cc","max_memory":2094166016,"cpu_time":149.58,"pull_request":9398},"memory_data":[[0.001537,12288],[0.060234,450560],[0.104195,6873088],[0.237328,12025856],[0.497473,13299712],[0.612302,15601664],[0.659249,19849216],[0.740892,20639744],[0.748364,24956928],[0.894977,27447296],[1.04293,27987968],[1.141045,30408704],[1.144775,50253824],[1.171142,54857728],[1.338235,57786368],[1.396031,70397952],[1.436821,85078016],[1.500946,101855232],[1.527438,114438144],[1.58003,127021056],[1.600117,135409664],[1.627534,141701120],[1.757732,179449856],[1.825428,200421376],[1.854825,202780672],[1.879166,219688960],[1.957052,326643712],[1.994804,329187328],[2.05617,337612800],[2.136689,356487168],[2.207457,366972928],[2.265409,377458688],[2.351043,400527360],[2.455251,417304576],[2.503911,427790336],[2.555926,436178944],[2.629915,450859008],[2.839923,499093504],[2.91743,515870720],[2.925545,520065024],[3.065152,702517248],[3.086318,704745472],[3.098509,713134080],[3.21642,876711936],[3.241798,899862528],[3.355747,1071828992],[3.369233,1082437632],[3.486695,1258598400],[3.497075,1254404096],[3.514855,1220849664],[3.520489,1204072448],[3.522357,1174712320],[3.540646,1120186368],[3.548379,1115992064],[3.559145,1095020544],[3.560143,1078243328],[3.571992,1061466112],[3.582725,1019523072],[3.593375,998551552],[3.596583,952414208],[3.610097,927248384],[3.612114,910471168],[3.619619,906252288],[3.629981,871202816],[3.632988,846991360],[3.642423,826015744],[3.651577,791633920],[3.654497,767533056],[3.660085,767201280],[3.687338,698998784],[3.699682,672948224],[3.73325,591245312],[3.738039,528683008],[3.746222,528658432],[3.763711,499298304],[3.771015,461549568],[3.779609,444772352],[3.782263,419606528],[3.788784,418942976],[3.824826,327716864],[3.829989,310317056],[3.856792,322088960],[3.859652,340963328],[3.866152,330477568],[3.885025,331505664],[3.890301,369254400],[3.903556,350380032],[3.942168,353665024],[3.952991,427065344],[3.979285,389316608],[4.025767,394383360],[4.215296,395509760],[4.266909,433324032],[4.271501,460587008],[4.272193,431226880],[4.309502,432193536],[4.327895,443465728],[4.366929,444321792],[4.388456,457822208],[4.512646,459612160],[4.543894,463560704],[4.590256,476254208],[4.716385,482861056],[4.716635,485699584],[4.789742,486100992],[4.807775,491999232],[4.914743,492810240],[4.918652,498003968],[5.040462,498077696],[5.048858,510660608],[5.054896,504369152],[5.570537,505253888],[5.575042,528322560],[5.587367,515739648],[5.787568,516194304],[5.787815,518340608],[5.868591,518508544],[5.876468,524800000],[5.96471,525041664],[6.019531,523800576],[6.062775,534585344],[6.099906,536682496],[6.10288,553459712],[6.10963,542973952],[6.207615,543416320],[6.314344,549584896],[6.390457,552914944],[6.458936,559673344],[6.561415,564875264],[6.634604,571539456],[6.723353,573566976],[6.724605,579858432],[6.937173,585527296],[7.006152,586387456],[7.154976,590835712],[7.27974,592678912],[7.341221,594944000],[7.341986,601235456],[7.388994,602509312],[7.396658,606703616],[7.532053,610091008],[7.62958,617402368],[7.91042,624533504],[7.918892,625819648],[8.210747,631472128],[8.365062,635715584],[8.368063,654589952],[8.375147,644104192],[8.390897,646352896],[8.442916,646987776],[8.734616,655294464],[8.741161,659488768],[8.856776,661770240],[9.040571,662859776],[9.161114,664367104],[9.228619,666406912],[9.316957,666509312],[9.435692,668868608],[9.570232,670535680],[9.620143,671981568],[9.76145,673595392],[9.796321,674795520],[9.987428,677867520],[10.113363,681680896],[10.207068,683139072],[10.335366,687276032],[10.471751,688615424],[10.547632,690294784],[10.54798,693530624],[10.712581,695599104],[10.809078,698302464],[10.988419,700866560],[11.154144,706039808],[11.361746,707870720],[11.542853,711127040],[11.549455,713224192],[11.555464,746778624],[11.569173,727904256],[11.575196,727928832],[11.579144,746803200],[11.586178,736317440],[11.707534,737685504],[11.770946,739778560],[11.918391,741761024],[12.100457,743514112],[12.207542,747216896],[12.298968,747573248],[12.412142,749527040],[12.551588,750637056],[12.63893,752226304],[12.731037,752545792],[12.838066,755093504],[12.83899,758095872],[12.996324,759263232],[13.006936,760401920],[13.127002,761028608],[13.152467,762552320],[13.249681,763826176],[13.403001,764641280],[13.456198,766246912],[13.668286,768237568],[13.857762,772239360],[13.993958,773357568],[14.09108,776482816],[14.310911,780259328],[14.311886,786550784],[14.45003,788082688],[14.564689,790208512],[14.827913,792715264],[14.855257,796114944],[15.014743,797392896],[15.091748,799268864],[15.164693,805642240],[15.222157,813056000],[15.222911,819347456],[15.30154,828682240],[15.302469,834990080],[15.403702,848535552],[15.409694,854827008],[15.489271,864321536],[15.644086,885252096],[15.65899,885321728],[15.699373,894816256],[15.701241,905302016],[15.710332,899010560],[15.732602,903802880],[15.825326,908357632],[16.479856,908435456],[16.480159,909455360],[16.63489,909541376],[16.6351,910245888],[16.991518,910639104],[16.99162,912912384],[18.321069,913182720],[18.374709,914026496],[18.763824,915181568],[18.892242,922230784],[18.975733,923901952],[18.975891,926003200],[19.078901,928186368],[19.21782,936275968],[19.270421,936341504],[19.411372,948936704],[19.506901,955228160],[19.602354,959422464],[19.85518,974102528],[19.877152,976199680],[20.129561,988782592],[20.264195,997376000],[20.380602,1003667456],[20.477912,1009958912],[20.701218,1020444672],[20.850709,1028833280],[20.943572,1033027584],[21.180723,1045610496],[21.181469,1049804800],[21.277613,1053999104],[21.374394,1060290560],[21.543548,1068679168],[21.56127,1072873472],[21.645595,1074970624],[21.873737,1087553536],[21.959031,1093844992],[21.991813,1093857280],[22.065171,1097932800],[22.065529,1100034048],[22.219123,1106427904],[22.234923,1108525056],[22.398297,1119010816],[22.559725,1127399424],[22.593306,1127489536],[22.748302,1137885184],[22.857482,1144176640],[22.942199,1146183680],[23.074443,1154654208],[23.243265,1163051008],[23.539699,1181925376],[23.605768,1183981568],[23.605819,1186078720],[23.681115,1188114432],[23.804944,1194188800],[23.841774,1198563328],[23.919954,1199996928],[24.04503,1207111680],[24.076526,1211240448],[24.142743,1213329408],[24.171746,1217593344],[24.45781,1232310272],[24.533049,1240698880],[24.539073,1274253312],[24.552595,1255378944],[24.577561,1259573248],[24.665566,1265864704],[24.687297,1410568192],[24.740014,1337167872],[24.817223,1341362176],[24.821228,1345556480],[24.880731,1347653632],[24.881428,1351847936],[24.970591,1358139392],[25.112284,1366528000],[25.31661,1377013760],[25.380922,1381208064],[25.634601,1393790976],[25.898498,1406373888],[25.973402,1410568192],[26.368241,1429442560],[26.489171,1435734016],[26.71181,1448316928],[26.799104,1452511232],[26.804685,1456705536],[26.914713,1458802688],[27.002366,1467191296],[27.007447,1475579904],[27.232267,1479774208],[27.612037,1469288448],[27.643415,1456705536],[27.719616,1457922048],[27.751468,1459908608],[27.915029,1463205888],[30.22962,1463214080],[31.248959,1465311232],[31.289619,1473699840],[31.294664,1477894144],[31.324754,1479991296],[31.347026,1488379904],[31.35037,1496768512],[31.423758,1498865664],[31.437454,1503059968],[31.440216,1534517248],[31.446567,1517740032],[31.604349,1519837184],[31.609283,1524031488],[31.692315,1526128640],[31.692415,1528225792],[31.879684,1507254272],[31.883532,1469505536],[32.054511,1471602688],[34.898811,1473699840],[34.898962,1475796992],[34.951889,1479991296],[35.012356,1480073216],[40.514285,1482170368],[43.510983,1484267520],[43.629436,1486364672],[44.843214,1488461824],[44.848666,1494753280],[45.37222,1496850432],[52.0984,1498947584],[52.09855,1501044736],[54.312793,1503141888],[55.939105,1505239040],[59.129182,1507336192],[61.285407,1509433344],[62.041969,1511530496],[62.221499,1513627648],[64.033729,1515724800],[64.522665,1519919104],[66.448925,1522016256],[67.090393,1524113408],[67.215326,