{"summary":{"timestamp":1402376229,"hash":"5bc2d03955618664377e98352d784a7f145db24a","max_memory":1702789120,"cpu_time":166.46,"pull_request":14783},"memory_data":[[0.003173,4096],[0.0587,790528],[0.082648,10534912],[0.14941,13484032],[0.208838,14098432],[0.297907,20332544],[0.343865,20471808],[0.403215,26271744],[0.456351,27938816],[0.457077,30351360],[0.661493,35098624],[0.679256,38608896],[0.754427,39383040],[0.757214,43962368],[0.902645,45985792],[0.953963,47804416],[0.97871,53014528],[1.022681,55963648],[1.046015,61079552],[1.109636,65351680],[1.136505,71065600],[1.168259,72454144],[1.192263,77959168],[1.218241,77414400],[1.242185,82513920],[1.274665,83447808],[1.337003,92209152],[1.389216,94597120],[1.389562,96694272],[1.4552,100343808],[1.455315,102440960],[1.505163,105263104],[1.553679,112095232],[1.608393,114999296],[1.640201,120995840],[1.697003,124284928],[1.746565,131186688],[1.825926,131608576],[1.867946,140554240],[1.935448,161550336],[2.024208,184713216],[2.083842,163495936],[2.360089,168513536],[2.468822,169320448],[2.674703,173637632],[2.827284,178003968],[2.891274,178802688],[3.028776,183099392],[3.133469,191930368],[3.133566,194039808],[3.28509,207953920],[3.362281,214016000],[3.362379,216113152],[3.417693,219537408],[3.418091,221634560],[3.478181,225505280],[3.478283,227602432],[3.537994,231444480],[3.538093,233553920],[3.595487,237379584],[3.613759,244080640],[3.645195,248614912],[3.691385,248619008],[3.781816,256647168],[3.782103,258744320],[3.845302,262991872],[3.845395,265089024],[3.90578,269275136],[3.907018,271372288],[3.983014,276418560],[4.026652,283533312],[4.091748,287862784],[4.091843,289959936],[4.151038,293920768],[4.151332,296022016],[4.216316,300478464],[4.216441,302575616],[4.286504,307032064],[4.334211,315064320],[4.552695,315084800],[4.603742,326070272],[4.632065,336175104],[4.707205,354996224],[4.707297,357101568],[4.775897,374476800],[5.260083,376573952],[5.338883,376463360],[5.350943,370688000],[5.381826,367181824],[5.502337,369160192],[5.576401,372797440],[5.684731,376635392],[5.823188,376639488],[5.915895,380899328],[5.917453,385093632],[6.094586,389287936],[6.174024,389292032],[6.178933,391389184],[6.266972,391282688],[6.3151,382017536],[6.315437,379469824],[6.505524,382124032],[6.659337,382554112],[6.771105,386736128],[6.927871,388886528],[7.03351,389562368],[7.155671,393760768],[7.237495,395489280],[7.288271,399998976],[7.318958,409366528],[7.410553,412352512],[7.4977,413069312],[7.704503,416075776],[7.76584,418496512],[7.966097,420585472],[8.01421,425693184],[8.081069,441081856],[8.114674,444063744],[8.214181,445325312],[8.232904,448622592],[8.401187,454279168],[8.402452,456499200],[8.452029,457003008],[8.473267,459456512],[8.570703,460775424],[8.626798,465100800],[8.627233,467197952],[8.701169,468316160],[8.725776,470413312],[8.726751,476704768],[8.912672,478801920],[8.914906,491384832],[9.299587,491585536],[9.319194,493682688],[9.326123,510459904],[9.333403,504168448],[9.532662,506265600],[9.536868,505135104],[9.634874,505880576],[9.872531,505974784],[9.912324,507936768],[9.994323,501645312],[10.197988,501997568],[10.28962,510803968],[10.430209,511639552],[10.637483,514076672],[10.708044,514117632],[10.846779,515850240],[10.87097,518475776],[10.951324,520478720],[10.992415,522780672],[10.992794,526979072],[11.091275,531312640],[11.091821,533409792],[11.164555,536997888],[11.165954,547483648],[11.338091,549179392],[11.366437,551747584],[11.449346,554905600],[11.540895,556724224],[11.542105,552656896],[11.645678,553291776],[11.747644,558256128],[11.970582,559058944],[11.973007,561156096],[12.06411,561713152],[12.097852,565944320],[12.323964,566362112],[12.326145,568459264],[12.402524,568725504],[12.461634,572919808],[12.469708,577114112],[12.576287,579211264],[12.730388,579563520],[12.765895,581423104],[12.904594,585617408],[13.009285,589811712],[13.038258,594006016],[13.12927,596103168],[13.145092,600297472],[13.231274,604491776],[13.30495,610783232],[13.383612,614977536],[13.410328,619171840],[13.41955,610783232],[13.920662,613457920],[13.957455,617652224],[13.959169,640720896],[13.973582,628137984],[14.049314,630235136],[14.050504,632332288],[14.459002,638623744],[14.498294,640720896],[14.751808,644915200],[14.915356,647012352],[14.993032,649109504],[15.123239,651206656],[15.147506,653303808],[15.274382,653320192],[15.363722,655417344],[15.401274,657514496],[15.501882,657764352],[15.541143,659861504],[15.658039,662147072],[15.752795,666341376],[16.003478,668438528],[16.014368,674729984],[16.076521,676827136],[16.07684,681021440],[16.711815,683118592],[16.955967,685215744],[17.040518,687312896],[17.325432,691507200],[17.326461,693604352],[17.519777,695701504],[17.767416,697798656],[17.837595,699895808],[18.022751,701992960],[18.067629,704090112],[18.161863,706187264],[18.362292,708284416],[18.469763,710381568],[18.472054,737644544],[18.4952,758616064],[18.502623,733450240],[18.574921,737644544],[18.733709,739741696],[18.812703,741838848],[19.099905,743936000],[19.189261,746033152],[19.350382,748130304],[19.381988,750227456],[19.625111,752324608],[20.109631,758616064],[20.193021,760713216],[20.341306,762810368],[20.43411,764907520],[20.458219,767004672],[20.845486,771198976],[20.965294,773296128],[21.012276,775393280],[21.192416,777490432],[21.201434,781684736],[21.283068,783781888],[21.314069,790073344],[21.710337,794267648],[21.882601,796364800],[21.965087,798461952],[22.173668,800559104],[22.174562,802656256],[22.365728,804753408],[22.487068,806850560],[22.977697,811044864],[23.040493,811077632],[23.169585,815271936],[23.46651,817369088],[23.504658,819466240],[23.506886,823660544],[24.08498,827854848],[24.295219,829952000],[24.413922,832049152],[24.69326,834146304],[24.906805,836243456],[25.049916,838340608],[25.285497,840437760],[25.437488,840568832],[25.609855,844763136],[25.631262,846860288],[25.714648,848957440],[25.910902,851054592],[25.959948,853151744],[26.148665,857346048],[26.796701,859443200],[26.918257,861540352],[27.121067,861736960],[27.12249,863834112],[27.252827,865931264],[27.301122,868028416],[27.301315,870125568],[27.387541,870146048],[27.671576,874340352],[27.865031,876437504],[28.128734,878534656],[28.304742,882728960],[28.375429,886923264],[28.375815,889020416],[28.435017,891117568],[29.072459,893214720],[29.518905,897409024],[29.561906,899506176],[29.566197,947740672],[29.604565,983392256],[29.612632,998072320],[29.62744,947740672],[29.706182,949837824],[29.915878,951934976],[29.971728,954032128],[30.408702,954064896],[30.501706,954519552],[30.572336,961544192],[30.572655,965738496],[30.635,967835648],[30.64099,969932800],[30.69507,959447040],[31.349189,944766976],[31.918698,944836608],[31.963553,945049600],[31.98389,949284864],[32.088346,951382016],[32.091264,949284864],[32.219449,949342208],[33.626265,951439360],[34.610213,953536512],[34.625201,957730816],[36.720629,957931520],[36.847805,958054400],[36.901613,959643648],[37.356388,960475136],[37.774825,960602112],[37.796284,962699264],[38.070425,963117056],[38.175202,965214208],[38.407334,965255168],[38.71253,967397376],[38.714245,990466048],[38.726732,977883136],[38.879041,979980288],[39.466009,982077440],[39.916575,982192128],[39.953903,982810624],[40.761647,984907776],[41.007896,987004928],[41.422029,987140096],[41.500893,989237248],[42.109476,991334400],[42.406379,991596544],[42.815268,991600640],[43.045951,995147776],[43.046048,997244928],[43.331605,1001758720],[43.477698,1004503040],[44.174042,1015058432],[44.176325,1025544192],[44.190424,1038127104],[44.19489,1025544192],[44.351411,1028411392],[44.649155,1030107136],[44.679002,1032683520],[44.749055,1033867264],[44.749336,1038061568],[45.049611,1042948096],[45.566206,1050472448],[45.566395,1054666752],[46.09345,1062457344],[46.172019,1063067648],[46.372414,1067331584],[46.548618,1069596672],[46.565349,1071955968],[46.62568,1072103424],[47.123803,1081008128],[47.30819,1085001728],[47.309682,1089196032],[47.505675,1092612096],[47.667006,1096409088],[47.847441,