{"summary":{"timestamp":1391235698,"hash":"5c5d995126ac3e9b4629a55fce941c558d5bb0cb","max_memory":1360617472,"cpu_time":175.23,"pull_request":11965},"memory_data":[[0.001587,4096],[0.056343,385024],[0.080399,6549504],[0.108849,8933376],[0.230279,12087296],[0.335018,19070976],[0.375257,19902464],[0.503209,27996160],[0.603045,30130176],[0.720269,31576064],[0.910835,36884480],[0.912136,39313408],[1.005621,41484288],[1.136693,65757184],[1.157064,72720384],[1.276259,91181056],[1.413154,115904512],[1.439883,121712640],[1.512098,122322944],[1.535899,132497408],[1.591025,165982208],[1.84965,168996864],[1.968125,169291776],[2.096316,170930176],[2.375459,171745280],[2.503195,184508416],[2.5524,190504960],[2.686595,203948032],[2.801962,203956224],[2.866364,243990528],[3.385161,244162560],[3.437902,246276096],[3.4463,252571648],[3.542899,267243520],[3.893122,268767232],[3.98223,271634432],[4.459001,282558464],[4.568766,283213824],[4.905938,290070528],[5.017476,294273024],[5.255394,298254336],[5.321846,300023808],[5.378059,303587328],[5.534826,308088832],[5.606972,311472128],[5.741726,312561664],[5.88172,316502016],[6.172832,321212416],[6.204017,322576384],[6.35003,323473408],[6.629474,323997696],[6.872802,324067328],[6.915899,325103616],[7.291734,326045696],[7.450365,326082560],[7.454069,338632704],[7.542194,339443712],[7.809836,339857408],[7.827309,343015424],[7.942818,346513408],[8.014148,350687232],[8.187179,356311040],[8.302167,358838272],[8.441719,365142016],[8.47613,370266112],[8.553292,371007488],[8.692429,374734848],[8.694791,376885248],[8.853295,379543552],[8.97391,382914560],[8.97906,387162112],[9.197632,393183232],[9.19843,397312000],[9.290133,397365248],[9.415867,401911808],[9.498966,409595904],[9.499513,413016064],[9.535205,409726976],[9.645586,410894336],[9.651771,429805568],[9.656698,421412864],[9.753077,422002688],[9.789925,424804352],[9.877233,425381888],[10.075833,429887488],[10.162804,435204096],[10.179639,439136256],[10.369739,439693312],[10.373826,448086016],[10.553027,448778240],[10.655978,452542464],[10.9711,456454144],[11.065883,458223616],[11.096168,460283904],[11.187113,460414976],[11.39857,464736256],[11.431082,466268160],[11.629003,469504000],[11.70279,471728128],[11.720917,473829376],[11.728016,505286656],[11.73821,505163776],[11.738308,488505344],[11.849961,492589056],[11.948644,493785088],[12.023301,497336320],[12.154763,498364416],[12.277594,500944896],[12.300856,502366208],[12.480169,504680448],[12.508346,506290176],[12.615926,507351040],[12.644383,508891136],[12.745782,510042112],[12.77485,512618496],[12.777499,529399808],[13.038674,529625088],[13.072469,533831680],[13.072601,529756160],[13.182327,530890752],[13.310483,536227840],[13.409724,536649728],[13.552502,539115520],[13.552895,540155904],[13.772167,542781440],[13.869724,545189888],[14.102423,548216832],[14.215358,553353216],[14.331615,553414656],[14.440624,555618304],[14.559897,556802048],[14.677221,559284224],[14.752205,559558656],[14.850988,562716672],[14.950337,563392512],[15.080973,565485568],[15.081727,567705600],[15.178135,568315904],[15.38975,571543552],[15.57418,571547648],[15.753891,574763008],[15.80331,577126400],[15.884454,577437696],[16.126889,581001216],[16.216912,582828032],[16.247923,585142272],[16.450604,587673600],[16.622409,591409152],[16.821294,593608704],[16.846805,596406272],[16.897233,595148800],[16.904345,628707328],[16.98634,630808576],[17.001075,695820288],[17.020923,662261760],[17.697314,662548480],[17.698487,666624000],[17.727927,666644480],[17.730052,675012608],[17.780282,675119104],[17.783807,691650560],[17.823869,690327552],[17.82397,662560768],[19.625644,662704128],[19.667048,664207360],[19.742712,664215552],[19.745938,662827008],[19.850681,663015424],[20.650385,663019520],[20.651512,667078656],[20.823999,667160576],[20.824636,668651520],[20.894981,667209728],[21.262653,667340800],[21.45033,669732864],[21.519864,669773824],[21.560256,673689600],[21.632886,677883904],[21.674045,677888000],[21.757895,682180608],[21.797983,686379008],[21.802403,713641984],[21.973366,714424320],[22.1604,716689408],[22.203696,720908288],[22.279722,725102592],[22.308137,725114880],[22.441258,737857536],[22.737344,750788608],[22.780727,753557504],[22.899086,757149696],[23.031477,762863616],[23.128724,768548864],[23.251681,774332416],[23.257587,797700096],[23.267342,798494720],[23.267392,786911232],[23.300711,789381120],[23.631835,804016128],[23.649522,806191104],[23.905036,817573888],[23.90533,819679232],[24.157498,830967808],[24.286184,838295552],[24.419674,843272192],[24.500838,847740928],[24.500987,851935232],[24.546521,851943424],[24.691749,858001408],[24.785766,862998528],[24.787161,867192832],[24.829275,867196928],[25.131644,880795648],[25.305204,889643008],[25.458543,896675840],[25.459055,900874240],[25.498438,900886528],[25.71669,913035264],[25.900528,920662016],[25.917239,922238976],[26.088511,930455552],[26.492867,948314112],[26.71667,959832064],[26.992405,979562496],[27.146163,988598272],[27.162928,990855168],[27.340526,999895040],[27.341276,1001979904],[27.39495,1003159552],[27.396155,1007333376],[27.438124,1007345664],[27.696188,1019322368],[27.698233,1027592192],[27.775093,1029705728],[27.775339,1031802880],[27.825603,1031806976],[27.880906,1034928128],[28.063584,1042214912],[28.333744,1055682560],[28.335896,1064071168],[28.415068,1064099840],[28.665708,1075462144],[28.685771,1077002240],[28.99874,1090973696],[29.085296,1096273920],[29.267067,1104666624],[29.375394,1110286336],[29.375812,1113440256],[29.412586,1113444352],[29.437868,1116856320],[29.491893,1118699520],[29.572821,1124245504],[29.57287,1126367232],[29.811995,1138331648],[29.878264,1141010432],[29.880415,1149329408],[29.968156,1149337600],[30.04526,1153646592],[30.148384,1158041600],[30.19169,1162956800],[30.390515,1171140608],[30.392142,1179496448],[30.470098,1179521024],[30.754039,1192247296],[30.860516,1198108672],[31.244121,1217396736],[31.449023,1226891264],[31.543745,1231863808],[31.857362,1246990336],[32.062753,1255186432],[32.41933,1271201792],[32.63564,1280512000],[32.731419,1285632000],[32.843383,1290530816],[33.007787,1296551936],[33.018414,1298829312],[33.10305,1299345408],[33.151881,1303150592],[33.43379,1313423360],[33.534125,1317543936],[33.541177,1335357440],[33.713577,1340628992],[34.00923,1348775936],[34.408129,1357864960],[34.410684,1343262720],[34.721933,1350123520],[35.097414,1350189056],[35.098059,1352114176],[35.437345,1354055680],[35.438736,1358098432],[35.828944,1360191488],[35.937003,1293078528],[35.94263,1261617152],[35.944981,1202888704],[35.975092,1201311744],[36.15769,1200619520],[36.158733,1174175744],[36.598075,1175580672],[36.800389,1176715264],[36.912092,1178071040],[37.030422,1178337280],[37.22553,1182076928],[37.415983,1182081024],[41.892873,1184182272],[41.895711,1215639552],[42.260896,1182081024],[42.6113,1182392320],[43.067757,1182511104],[44.711854,1182588928],[45.832202,1184686080],[45.836798,1182588928],[55.835579,1184727040],[55.840053,1182629888],[65.838924,1184727040],[65.841646,1182629888],[75.842271,1184727040],[75.846546,1182629888],[95.845603,1184727040],[95.848996,1182629888],[105.848906,1184727040],[105.853378,1182638080],[115.852241,1184735232],[115.85671,1182650368],[125.855559,1184747520],[125.857223,1182650368],[133.888171,1182715904],[133.891096,1191018496],[134.041943,1194528768],[134.044744,1228087296],[134.256003,1232986112],[134.260311,1235218432],[134.434757,1239412736],[134.45851,1241513984],[134.46181,1279262720],[134.4682,1306525696],[134.484728,1272967168],[134.627135,1277161472],[134.650603,1236688896],[134.652149,1210068992],[134.658073,1235611648],[134.658122,1208373248],[134.693914,1209733120],[134.821717,1210183680],[135.575335,1210216448],[135.858875,1212370944],[135.859961,1210273792],[181.124549,1210441728],[181.128113,1226919936],[182.100806,1226924032],[182.19369,1235357696],[182.199732,1240055808],[182.403176,1240059904],[182.408586,1223413760],[182.418455,1227468800],[183.325761,1225732096],[183.334428,