{"summary":{"timestamp":1402633321,"hash":"5d9bceb1440b6bb5759bc3c1e5ad2170a199d0ce","max_memory":1711239168,"cpu_time":164.92,"pull_request":14858},"memory_data":[[0.002999,4096],[0.068326,839680],[0.092651,10674176],[0.156123,14041088],[0.197672,14422016],[0.212765,17145856],[0.307378,19251200],[0.323484,21934080],[0.377498,22990848],[0.425402,30564352],[0.54239,33443840],[0.630898,36782080],[0.668765,39587840],[0.669545,44056576],[0.803678,48160768],[0.827512,53239808],[0.872407,56139776],[0.896047,61378560],[0.960181,65679360],[0.980435,70344704],[1.082027,79482880],[1.093737,82857984],[1.129173,84054016],[1.153748,89391104],[1.242174,95113216],[1.242353,97210368],[1.301964,100761600],[1.302297,102858752],[1.353187,105549824],[1.353615,107646976],[1.406342,110428160],[1.40644,112533504],[1.456071,115269632],[1.50004,121880576],[1.548418,124796928],[1.606953,132075520],[1.677069,132468736],[1.748039,150122496],[1.782092,161964032],[1.819256,169852928],[1.847176,180092928],[1.876594,186380288],[1.890126,185856000],[1.934901,163708928],[2.034563,165220352],[2.207773,169197568],[2.348456,170692608],[2.526743,175030272],[2.86978,184823808],[2.956968,192589824],[2.957066,194691072],[3.01278,199176192],[3.197178,217767936],[3.254165,221294592],[3.254259,223399936],[3.313255,227233792],[3.313352,229343232],[3.369702,233119744],[3.369798,235216896],[3.428627,239177728],[3.447452,245903360],[3.477188,250142720],[3.520424,250150912],[3.601462,257716224],[3.603918,259854336],[3.661542,263839744],[3.661639,265936896],[3.726489,270462976],[3.726581,272560128],[3.801441,277569536],[3.848154,284868608],[3.910174,289148928],[3.910366,291258368],[3.966226,294903808],[3.966419,297000960],[4.033039,301748224],[4.033616,303849472],[4.102943,308170752],[4.159847,316907520],[4.379825,316919808],[4.422344,326103040],[4.453719,337084416],[4.524453,355135488],[4.524548,357232640],[4.596059,375541760],[4.599561,378437632],[5.164889,378400768],[5.194293,370089984],[5.232346,369127424],[5.316407,370626560],[5.534548,378511360],[5.722982,380608512],[5.766965,382705664],[5.768676,386899968],[6.038651,393191424],[6.132015,393154560],[6.172222,386117632],[6.184464,380964864],[6.322576,383610880],[6.472838,384040960],[6.546811,387342336],[6.813874,391032832],[6.928941,393764864],[6.984047,396050432],[7.032195,400609280],[7.072802,410812416],[7.256579,413560832],[7.335472,415322112],[7.339185,417947648],[7.449106,420622336],[7.498925,423178240],[7.594127,424898560],[7.620124,428273664],[7.670029,429326336],[7.714585,433717248],[7.760782,435392512],[7.82708,449544192],[7.965507,451788800],[7.968026,454029312],[8.048178,454811648],[8.058572,458481664],[8.132506,459276288],[8.150248,461426688],[8.23758,462647296],[8.253143,464744448],[8.38869,469991424],[8.390189,476282880],[8.582612,478380032],[8.585852,490962944],[8.733734,491085824],[8.984348,493182976],[8.991088,509960192],[8.999695,503750656],[9.208473,505847808],[9.208781,510042112],[9.318371,510947328],[9.56217,511033344],[9.577402,512704512],[9.688243,512540672],[9.690541,504180736],[9.885034,504500224],[9.927784,509005824],[9.959666,509046784],[9.976476,514248704],[10.091257,514334720],[10.256188,517468160],[10.322639,519905280],[10.490977,521187328],[10.550847,523304960],[10.567492,525664256],[10.664777,527228928],[10.68594,533278720],[10.718284,533798912],[10.723411,537993216],[10.798906,538390528],[10.809945,550981632],[10.944666,552505344],[11.007205,557436928],[11.117378,560615424],[11.11785,556421120],[11.203666,557060096],[11.256906,559767552],[11.395016,560447488],[11.398139,562544640],[11.473767,563175424],[11.519946,567463936],[11.75965,567889920],[11.760653,569987072],[11.845658,570265600],[11.853015,572362752],[11.909999,574480384],[11.91831,578674688],[11.972372,580771840],[12.057512,580857856],[12.105092,582082560],[12.127859,585158656],[12.302603,589352960],[12.380361,593547264],[12.394271,595644416],[12.48508,599838720],[12.519537,606130176],[12.597813,608227328],[12.633886,612421632],[12.684729,614518784],[12.733062,618713088],[12.754673,612421632],[12.87986,613072896],[13.099891,613081088],[13.242667,615178240],[13.317721,619372544],[13.31923,638246912],[13.326915,642441216],[13.334276,629858304],[13.406308,634052608],[13.491789,636149760],[13.811478,640344064],[13.852719,642441216],[14.10203,646635520],[14.255064,648732672],[14.30264,650829824],[14.50342,655024128],[14.5249,657121280],[14.731292,657141760],[14.824105,659238912],[14.861185,661336064],[15.125557,665718784],[15.173873,669913088],[15.399647,672014336],[15.399925,676208640],[15.47215,678305792],[15.483173,684597248],[16.137965,686694400],[16.385802,688791552],[16.503678,690888704],[16.551909,692985856],[16.65348,695083008],[16.981301,699277312],[17.238449,701374464],[17.284274,703471616],[17.481686,705568768],[17.526601,707665920],[17.812359,711860224],[17.827639,713957376],[17.829727,737026048],[17.837397,739123200],[17.853549,762191872],[17.861002,760094720],[17.861084,737026048],[17.990326,739123200],[18.023875,741220352],[18.336709,745414656],[18.537981,747511808],[18.633946,749608960],[18.789088,751706112],[19.028906,753803264],[19.063455,755900416],[19.272139,757997568],[19.384471,760094720],[19.584466,762191872],[19.633999,764289024],[19.78186,766386176],[19.88149,768483328],[19.909921,770580480],[20.104845,772677632],[20.376985,776871936],[20.483171,778969088],[20.53372,781066240],[20.542766,785260544],[20.616824,787357696],[20.624051,791552000],[20.734856,793649152],[20.944018,795746304],[21.291209,799940608],[21.598906,804134912],[21.599091,806232064],[21.79568,808329216],[21.900225,810426368],[22.510653,816750592],[22.627216,818847744],[22.681453,820944896],[22.681634,825139200],[23.061585,827236352],[23.240457,829333504],[23.482284,831430656],[23.858108,835624960],[23.885913,837722112],[24.176112,839819264],[24.404814,841916416],[24.569019,844013568],[24.855474,846110720],[25.036208,848207872],[25.128129,852402176],[25.427353,856596480],[25.444195,860790784],[25.659782,862887936],[26.325268,864985088],[26.452656,867082240],[26.663604,869376000],[26.712769,871473152],[26.712857,873570304],[26.989057,875667456],[27.218784,879861760],[27.408588,881958912],[27.659242,884056064],[27.848063,888250368],[27.859195,890347520],[27.930132,892444672],[27.981768,896638976],[28.623935,898736128],[28.824018,900833280],[28.828688,902930432],[28.832661,946970624],[28.841052,949067776],[28.857528,972136448],[28.86578,974233600],[28.874535,988913664],[28.891088,1001496576],[28.899616,951164928],[29.122576,953262080],[29.239211,955359232],[29.448282,957456384],[29.514105,959553536],[30.026007,959627264],[30.093016,962949120],[30.121955,967143424],[30.122267,971337728],[30.183549,973434880],[30.189389,975532032],[30.246731,965046272],[30.881373,950366208],[31.468862,950444032],[31.514027,950800384],[31.532748,954994688],[31.634653,957091840],[31.637366,954994688],[31.760576,955047936],[33.156256,957145088],[34.06611,959242240],[34.190831,961339392],[34.19093,963436544],[36.317558,963608576],[36.54489,963735552],[36.582756,964845568],[36.729497,965697536],[37.057716,966103040],[37.323542,968200192],[37.725588,968724480],[37.791541,972918784],[37.799805,995987456],[37.806316,983404544],[38.080872,983470080],[38.566127,985726976],[39.120729,987824128],[39.652146,987938816],[39.685366,988553216],[40.250552,990650368],[40.702826,992747520],[40.992397,992755712],[41.005798,994852864],[41.019213,1015824384],[41.023794,1003241472],[41.081477,1005338624],[41.207224,1005469696],[41.792935,1007566848],[42.216973,1007702016],[42.629113,1009930240],[42.802832,1012719616],[43.03086,1015730176],[43.342727,1020735488],[43.487051,1023422464],[44.006402,1031110656],[44.007245,1033207808],[44.28495,1037971456],[44.285222,1042165760],[44.344439,1043075072],[44.651744,1044799488],[44.846299,1047728128],[45.046026,1051250688],[45.275152,1054494720],[45.275542,1058689024],[45.662184,1064529920],[46.098498,1070755840],[46.176633,1071362048],[46.298967,1074184192],[46.299443,