{"summary":{"timestamp":1364935011,"hash":"5f13e9ccc2e3328d4cd8ca49f84e6840dd998346","max_memory":1250414592,"cpu_time":99.37,"pull_request":5678},"memory_data":[[0.001504,4096],[0.005731,7237632],[0.073343,8765440],[0.129752,11780096],[0.422178,23470080],[0.726327,36081664],[0.956699,45006848],[1.248211,57049088],[2.040674,88150016],[2.073451,88510464],[2.152446,109969408],[2.348637,161185792],[2.430266,183234560],[2.634348,234905600],[2.763102,241696768],[2.922937,256143360],[2.96275,257957888],[2.993837,262746112],[3.078847,270340096],[3.151749,271749120],[3.226172,274833408],[3.380585,283402240],[3.439569,289021952],[3.569525,294912000],[3.714422,303624192],[3.893869,316547072],[4.027985,324755456],[4.076271,330153984],[4.131753,330330112],[4.154604,335400960],[4.156264,344821760],[4.177462,340398080],[4.180526,359276544],[4.196247,349835264],[4.228038,350695424],[4.234683,388448256],[4.264907,369569792],[4.328393,371175424],[4.340986,446672896],[4.401738,431984640],[4.401914,408920064],[4.472719,410750976],[4.506321,420646912],[4.513631,434507776],[4.55192,435224576],[4.60144,439746560],[4.603299,446038016],[4.676737,446443520],[4.845376,451510272],[4.975297,453574656],[5.034,457007104],[5.0947,464445440],[5.202008,465903616],[5.202725,467156992],[5.285875,467267584],[5.287189,469778432],[5.460944,469909504],[5.462655,475021312],[5.896668,475107328],[5.900224,485507072],[6.986715,485605376],[6.993327,506482688],[7.011698,500510720],[7.011773,490606592],[7.204181,490975232],[7.20806,493445120],[7.311931,493449216],[7.336097,501936128],[7.360624,501940224],[7.363109,508960768],[7.415577,509067264],[7.420065,525737984],[7.519662,527355904],[7.935215,527540224],[8.072875,528068608],[8.218328,530079744],[8.219069,531668992],[8.336359,531697664],[8.601796,534106112],[8.728547,534736896],[8.729703,538349568],[8.930093,538386432],[9.178078,539521024],[9.246796,540340224],[9.467917,541454336],[9.688431,544591872],[9.697652,552333312],[10.345217,552554496],[10.422749,554020864],[10.548195,554622976],[10.866054,557821952],[11.133191,558153728],[11.281989,559120384],[11.30817,560013312],[11.630745,561102848],[11.764484,561909760],[11.821058,563097600],[11.8263,578633728],[12.532275,580759552],[12.533797,578670592],[13.360976,578781184],[13.361482,580059136],[13.543437,580087808],[13.56833,580816896],[13.849306,581304320],[13.92412,582270976],[14.09228,582602752],[14.092975,583634944],[14.502962,585854976],[14.723449,586448896],[14.925003,587927552],[14.942897,589041664],[15.242226,589791232],[15.667309,592838656],[16.130626,594120704],[16.15041,594894848],[16.361277,595542016],[16.406752,596897792],[16.587864,596901888],[16.954723,598446080],[16.955742,601145344],[17.45198,601726976],[17.481275,603828224],[17.487254,631091200],[19.566849,631226368],[19.682496,631984128],[19.760397,633376768],[19.884298,634007552],[19.942869,635654144],[19.965862,639553536],[20.002361,639721472],[20.003734,644796416],[20.127981,644927488],[20.130804,655282176],[22.171977,655421440],[22.350371,655708160],[22.535681,657715200],[22.538188,655708160],[22.714655,655712256],[22.764116,656420864],[22.764649,658980864],[22.9266,658210816],[23.277262,658300928],[23.35291,659542016],[23.574819,661139456],[23.577278,671625216],[23.59948,675860480],[23.817704,676159488],[23.838002,681971712],[23.907354,684068864],[24.06615,684081152],[24.12196,686510080],[24.132699,694902784],[24.193799,699097088],[24.313579,703291392],[24.349945,706064384],[24.453775,708239360],[24.515385,712368128],[24.68759,720166912],[24.688153,723623936],[24.796831,728621056],[24.883007,730603520],[25.014945,731455488],[25.170846,735719424],[25.393484,739848192],[25.393827,741945344],[25.565365,744235008],[25.64287,746008576],[25.739855,749797376],[25.812375,751493120],[25.813048,755687424],[25.97016,760201216],[26.10754,761147392],[26.269893,766029824],[26.348031,766898176],[26.348549,768995328],[26.528821,773373952],[26.554764,780300288],[26.562901,786812928],[26.637716,789483520],[26.769922,791326720],[26.83877,793595904],[26.925709,794533888],[27.277725,808558592],[27.334791,808640512],[27.513675,813412352],[27.631614,814665728],[27.780548,820584448],[27.919748,825413632],[27.993577,825987072],[28.512147,840097792],[28.635352,842776576],[28.639659,847077376],[28.68771,850812928],[28.884102,857374720],[28.91207,857378816],[29.034891,861618176],[29.11222,862294016],[29.195968,865243136],[29.373917,865783808],[29.557803,867520512],[29.644156,870445056],[29.745338,872005632],[29.745601,874102784],[29.845808,877932544],[29.900733,878878720],[29.950477,881967104],[30.080002,885596160],[30.252386,887853056],[30.376171,891535360],[30.475735,892084224],[30.766667,900419584],[30.767111,902516736],[30.928626,908447744],[31.029414,909205504],[31.125,913375232],[31.12601,915472384],[31.253005,917159936],[31.314549,919658496],[31.410146,920170496],[31.438047,921423872],[31.594451,923058176],[31.647549,925065216],[31.725309,925913088],[31.789897,928526336],[31.86652,929148928],[31.902741,931545088],[32.009613,935260160],[32.041948,935358464],[32.190048,940814336],[32.227309,943120384],[32.281042,943124480],[32.409545,947748864],[32.410746,954044416],[32.55341,955199488],[32.553595,957296640],[32.645811,958615552],[32.715781,960897024],[32.835377,963018752],[32.897946,963256320],[32.991742,965640192],[32.991926,967737344],[33.08045,968966144],[33.185071,972800000],[33.350226,974725120],[33.351459,978931712],[33.408906,980905984],[33.471102,981164032],[33.525086,983031808],[33.581536,983109632],[33.70529,987762688],[33.964663,989286400],[34.048625,991514624],[34.115123,991817728],[34.282581,997830656],[34.437539,1000435712],[34.543945,1003286528],[34.675535,1007947776],[34.806728,1010724864],[34.932232,1014435840],[34.960581,1014439936],[35.135033,1019535360],[35.201299,1019932672],[35.272339,1022885888],[35.362554,1024094208],[35.443072,1027133440],[35.646896,1028567040],[35.736264,1030860800],[35.921926,1037553664],[36.022155,1038082048],[36.062998,1039736832],[36.155329,1040953344],[36.335643,1046810624],[36.451748,1047896064],[36.587876,1051824128],[36.728613,1054199808],[36.901098,1059373056],[36.913496,1062416384],[36.958088,1063256064],[36.978454,1068007424],[37.131283,1072640000],[37.211761,1074184192],[37.323337,1077919744],[37.461739,1081384960],[37.772905,1087909888],[37.809765,1089511424],[37.840394,1098805248],[37.915089,1100902400],[38.325092,1113931776],[38.375717,1114726400],[38.417466,1119047680],[38.574885,1123557376],[38.613288,1125588992],[38.785766,1130504192],[38.989398,1135431680],[39.10019,1139032064],[39.260709,1142542336],[39.383273,1148424192],[39.527054,1150717952],[39.694183,1156726784],[39.695669,1160925184],[39.75498,1160937472],[39.954714,1167069184],[40.038316,1167839232],[40.123737,1170735104],[40.123916,1172832256],[40.263608,1177739264],[40.291509,1177743360],[40.393616,1181392896],[40.523352,1183064064],[40.677503,1187459072],[40.732951,1190559744],[40.885717,1196294144],[40.976259,1201074176],[40.979679,1207439360],[41.013967,1208520704],[41.063953,1216229376],[41.074505,1221218304],[41.187692,1223553024],[41.189945,1227776000],[41.246071,1231130624],[41.350387,1232773120],[41.351249,1233813504],[41.763359,1237393408],[41.767729,1241829376],[41.990345,1240719360],[41.992082,1232470016],[42.170461,1203105792],[42.171336,1081466880],[42.22164,1081729024],[42.318026,1084809216],[42.44883,1084813312],[42.542269,1086910464],[42.545346,1084813312],[44.593428,1084907520],[44.59704,1085251584],[45.398113,1085288448],[45.402468,1101897728],[45.518973,1101963264],[45.519495,1105170432],[45.612041,1105969152],[45.619145,1173082112],[45.652737,1173270528],[45.65368,1167175680],[46.094632,1165328384],[46.102772,1141874688],[46.102889,1085251584],[46.73839,1085661184],[50.234035,1085714432],[50.238355,1102307328],[51.261484,1102426112],[52.54563,1104523264],[52.549251,1102426112],[62.548935,1104523264],[62.553143,1102426112],[65.208536,1102495744],[72.552282,1104592896],[72.556474,1102495744],