{"summary":{"timestamp":1383132986,"hash":"623daf66a96065333579eb2e551ba71f8f8000b9","max_memory":1458651136,"cpu_time":181.06,"pull_request":10123},"memory_data":[[0.0028,4096],[0.011742,6594560],[0.108342,25640960],[0.136325,33751040],[0.183644,40300544],[0.229883,49324032],[0.26745,60157952],[0.391431,81883136],[0.49907,101588992],[0.556227,113635328],[0.623417,124866560],[0.700416,141156352],[0.718988,141164544],[0.879321,240078848],[0.915076,260743168],[1.144944,260837376],[1.300591,261693440],[1.448342,264110080],[1.602063,264327168],[1.604164,265637888],[1.687021,265785344],[1.714052,269430784],[1.848981,292454400],[1.905435,300957696],[2.002468,318201856],[2.059489,325398528],[2.172731,344801280],[2.281966,344809472],[2.40663,419508224],[3.032566,419758080],[3.035442,437469184],[3.059798,437514240],[3.065974,473124864],[3.07801,455294976],[3.116137,457396224],[3.126411,526602240],[3.150723,517156864],[3.150824,490946560],[3.219617,490950656],[3.221902,500920320],[3.261416,528707584],[3.267021,560164864],[3.268343,524976128],[3.281956,524980224],[3.294219,552407040],[3.316384,554569728],[3.319873,570671104],[3.9085,572768256],[3.910316,581160960],[4.494093,581279744],[4.506283,614719488],[5.284553,614813696],[5.288914,631496704],[7.484642,631537664],[7.490113,648273920],[10.313245,650371072],[10.316652,665055232],[10.523318,667160576],[10.534331,698613760],[11.274274,698638336],[11.317116,698994688],[12.142748,699039744],[12.235357,700248064],[12.27923,702447616],[12.395512,702767104],[12.591619,705306624],[12.698659,707727360],[12.869232,709107712],[13.035063,711811072],[13.072335,713777152],[13.132443,713875456],[13.192788,715980800],[13.259956,716128256],[13.497107,719290368],[13.636734,723345408],[13.845777,727412736],[14.019517,729427968],[14.021144,734711808],[14.22283,735092736],[14.465072,737968128],[14.567013,739655680],[14.656533,742428672],[14.819849,743280640],[14.882014,744480768],[14.908671,753508352],[14.945227,753520640],[14.948294,763994112],[15.01929,764010496],[15.024518,784973824],[15.033202,765440000],[15.047702,744464384],[15.102348,744857600],[15.357776,744464384],[17.023556,744468480],[17.077231,745177088],[17.379355,745308160],[17.888498,746299392],[18.218789,746307584],[18.263415,749408256],[18.597725,749416448],[18.652173,753643520],[18.933123,769306624],[18.967025,772739072],[19.171649,783872000],[19.399243,795488256],[19.588028,804347904],[19.692631,813277184],[19.771379,817373184],[19.848494,820105216],[20.262587,840515584],[20.288115,842297344],[20.469946,849981440],[20.471925,854171648],[20.524555,854192128],[20.736084,863240192],[20.958027,874012672],[20.981321,875872256],[21.372329,893095936],[21.461288,898146304],[21.606399,903585792],[21.787329,911486976],[21.835522,914190336],[22.014015,921559040],[22.151078,928870400],[22.151951,929923072],[22.726402,953606144],[23.058999,967868416],[23.219332,975650816],[23.402624,983293952],[23.422066,984887296],[23.582881,992772096],[24.042175,1011707904],[24.080059,1014370304],[24.264889,1022423040],[24.504369,1031950336],[24.855768,1047678976],[25.047905,1056587776],[25.058894,1057882112],[25.329882,1069383680],[25.332131,1073577984],[25.382194,1073598464],[25.703005,1087766528],[26.027643,1101037568],[26.139357,1107132416],[26.183537,1111941120],[26.194507,1145503744],[26.351712,1146212352],[26.429604,1288810496],[26.47818,1217503232],[26.544601,1217519616],[26.653515,1224036352],[26.82119,1231290368],[27.137936,1248980992],[27.154334,1248993280],[27.403096,1259196416],[27.457134,1263230976],[27.515812,1265266688],[27.818452,1277968384],[28.053392,1288216576],[28.081554,1290182656],[28.420244,1304137728],[28.602111,1312595968],[28.844954,1321525248],[29.036649,1329815552],[29.075282,1332576256],[29.284856,1341333504],[29.376485,1345843200],[29.377414,1348997120],[29.411677,1349009408],[29.545881,1354190848],[29.685512,1360990208],[29.706266,1428103168],[29.736307,1394544640],[29.873878,1400508416],[29.883976,1402466304],[30.096806,1408327680],[30.116669,1413754880],[30.202953,1416183808],[30.209329,1424306176],[30.645358,1437208576],[30.651272,1458216960],[30.652628,1429155840],[30.915608,1437794304],[31.287253,1437970432],[31.28852,1439784960],[31.398407,1440399360],[31.400063,1410740224],[31.404051,1408135168],[31.781934,1372479488],[31.785429,1286488064],[31.952157,1286356992],[31.953297,1242578944],[31.961919,1143877632],[37.273405,1144086528],[37.276057,1160658944],[37.542811,1162760192],[37.54565,1194217472],[37.628983,1194426368],[37.635228,1206669312],[37.913946,1206140928],[37.918707,1160658944],[51.581053,1162756096],[51.581181,1160658944],[90.711829,1162760192],[90.714703,1194217472],[142.279626,1194270720],[142.282638,1200377856],[143.36237,1200414720],[143.366664,1208766464],[152.743648,1210867712],[152.744547,1221353472],[154.23868,1223589888],[154.242133,1227644928],[159.316357,1227653120],[159.320398,1240227840],[161.102948,1240444928],[161.105457,1257005056],[176.877745,1259102208],[176.880282,1282174976],[180.524637,1282248704],[180.527297,1298952192],[182.225616,1298956288],[182.338837,1308123136],[182.356108,1317408768],[182.595779,1317412864],[183.594568,1283854336],[183.634303,1284653056],[183.643713,1291161600],[183.674058,1300275200],[183.702705,1305423872],[183.719762,1324658688],[183.73225,1329770496],[183.770589,1332060160],[183.771338,1299681280],[183.775843,1280753664],[183.776097,1246724096],[183.873408,1244778496],[183.879946,1110343680],[183.881679,1108144128],[183.882301,1001938944],[183.885524,945700864],[183.905287,667922432],[183.910232,622055424],[183.913328,567304192],[183.914439,480239616],[183.916548,473804800],[183.91791,395722752],[183.919772,393261056],[183.924111,316276736],[183.932183,235950080],[183.933542,197107712],[183.938656,156971008],[183.946302,38215680],[183.951077,15335424]],"pass_timing":[["parsing",0.687],["gated feature checking",0.015],["std macros injection",0.001],["configuration 1",0.231],["expansion",1.257],["configuration 2",0.275],["maybe building test harness",0.176],["std injection",0.188],["assigning node ids",0.163],["ast indexing",0.203],["external crate/lib resolution",0.136],["language item collection",0.025],["resolution",1.8],["looking for entry point",0],["freevar finding",0.055],["region resolution",0.1],["region parameterization inference",0.04],["type collecting",0.121],["coherence checking",0.112],["type checking",9.268],["const marking",0.175],["const checking",0.037],["privacy checking",0.273],["effect checking",0.049],["loop checking",0.026],["stack checking",0.036],["compute moves",1.605],["match checking",0.104],["liveness checking",0.207],["borrow checking",0.753],["kind checking",0.08],["reachability checking",0.055],["lint checking",0.273],["translation",12.902],["LLVM passes",151.579],["linking",0.176]]}