{"summary":{"timestamp":1359603939,"hash":"63b2b9c4a89a13fb6855086d183272bd5e360a65","max_memory":1039536128,"cpu_time":81.17,"pull_request":null},"memory_data":[[0.003048,4096],[0.010921,2850816],[0.134789,5173248],[0.469397,15511552],[0.900954,29229056],[1.262751,53170176],[1.750239,84439040],[1.784031,85213184],[1.913754,106455040],[2.251633,160796672],[2.740491,160817152],[2.775883,166420480],[2.908331,167018496],[4.11218,167059456],[4.195651,173846528],[4.23202,175357952],[4.282022,180445184],[4.479374,180580352],[4.597461,184774656],[4.709609,184913920],[4.775765,186032128],[4.798841,195522560],[4.878262,196624384],[4.892819,205340672],[4.931216,206700544],[4.938897,218472448],[5.061014,219746304],[5.42303,219811840],[8.955007,221908992],[9.169275,222003200],[9.266527,229548032],[9.270332,233742336],[9.308733,233750528],[9.369404,239001600],[9.435687,240209920],[9.447875,247558144],[9.705152,255119360],[9.841244,255934464],[9.960203,258281472],[10.452169,263241728],[10.742405,264544256],[10.773742,265596928],[10.919742,265809920],[11.036412,266768384],[11.037527,267784192],[11.175242,267788288],[11.588448,270381056],[11.895165,275169280],[12.075931,275316736],[12.220376,276340736],[12.260832,277716992],[12.382651,277958656],[12.384724,279957504],[12.589855,280047616],[12.654649,281698304],[12.759144,282124288],[13.07685,284971008],[13.30025,285110272],[13.937963,288608256],[14.107747,289935360],[14.261811,290328576],[14.517114,292802560],[14.694164,292917248],[14.933013,293822464],[15.022877,296587264],[15.342483,296841216],[15.366906,297525248],[15.56582,298037248],[15.831754,300097536],[16.113857,301047808],[16.117771,305242112],[16.485484,305254400],[16.727633,306868224],[16.819845,306876416],[16.898614,308355072],[17.060692,308371456],[17.254312,309211136],[17.341311,310730752],[17.52925,311922688],[17.73002,312307712],[17.766449,313114624],[18.100601,315392000],[18.291607,316100608],[18.485598,316239872],[18.639406,316891136],[18.662449,317833216],[18.885817,318623744],[18.940688,320008192],[19.341773,321134592],[19.697973,322682880],[19.745055,323993600],[20.05476,324427776],[20.63094,327249920],[20.743004,327258112],[21.032533,328355840],[21.148533,330010624],[21.303026,330272768],[21.611684,333078528],[21.765636,333197312],[21.906415,335527936],[22.176705,336060416],[22.428319,337874944],[22.538789,337887232],[22.65051,339238912],[22.884038,339881984],[22.952704,340992000],[23.105874,351162368],[23.109647,355344384],[23.187034,356880384],[23.595028,356937728],[23.750263,362307584],[23.752501,364404736],[23.848216,365981696],[24.080881,366010368],[24.226163,366911488],[24.227061,369250304],[24.685942,369434624],[24.688176,371617792],[24.897419,371630080],[24.973413,372555776],[25.856779,372711424],[25.899782,374009856],[26.01501,374575104],[26.025867,385748992],[26.209564,388534272],[26.223349,390631424],[26.308187,390651904],[26.482306,396914688],[26.559666,397848576],[26.680736,403451904],[26.802696,406958080],[26.922233,409460736],[27.265727,424337408],[27.459753,429805568],[27.570793,430944256],[27.731222,435048448],[27.739796,443727872],[27.780389,439529472],[28.025812,444542976],[28.143748,446304256],[28.404334,453697536],[28.419952,453701632],[28.793507,464420864],[28.808926,464424960],[29.044515,471343104],[29.060482,471351296],[29.427722,481038336],[29.833745,493801472],[30.014164,497827840],[30.180119,502861824],[30.406596,508366848],[30.619438,514338816],[30.957577,522588160],[31.077344,526737408],[31.474455,538247168],[31.508372,538361856],[31.769451,545554432],[31.868327,549912576],[31.994325,554369024],[32.187986,559177728],[32.195067,567566336],[32.415058,567586816],[32.587758,571228160],[32.902151,579862528],[33.039978,584101888],[33.178908,586674176],[33.26344,590245888],[33.538056,596930560],[33.628788,597860352],[33.680387,599605248],[33.785337,600977408],[33.913928,603820032],[34.033368,607313920],[34.054316,609185792],[34.2345,613769216],[34.665256,625954816],[34.825355,628989952],[34.825755,631615488],[34.975887,635002880],[35.123859,637579264],[35.2936,641314816],[35.423302,645050368],[35.496541,646230016],[35.616988,649670656],[35.699976,650326016],[35.89038,655753216],[36.09375,657629184],[36.13734,658530304],[36.513206,669077504],[36.514516,671281152],[36.744404,676532224],[36.864068,680747008],[36.864159,682844160],[36.936544,685203456],[37.162694,690307072],[37.315191,695021568],[37.46514,698011648],[37.523602,700350464],[37.735439,704995328],[37.872868,708665344],[37.892093,710045696],[37.990949,711114752],[38.221842,717582336],[38.38327,722595840],[38.715455,730312704],[38.839971,732487680],[39.01612,737333248],[39.228847,741703680],[39.416371,746934272],[39.440823,751841280],[39.649413,758284288],[39.742986,762015744],[40.031493,771022848],[40.144463,773234688],[40.319072,777674752],[40.362932,779395072],[40.379953,786575360],[40.430282,790462464],[40.78164,800522240],[40.793706,801447936],[41.064095,808599552],[41.204883,813445120],[41.282643,814206976],[41.4317,818434048],[41.74232,826249216],[41.745954,828346368],[42.102359,838488064],[42.333764,844279808],[42.629573,852922368],[42.912492,860213248],[42.923658,861270016],[43.157849,867540992],[43.41361,873132032],[43.746169,883851264],[43.791658,886419456],[43.989425,892583936],[43.999291,897196032],[44.09114,899076096],[44.175191,902291456],[44.224756,905854976],[44.335544,907870208],[44.707126,910364672],[44.708898,913567744],[44.952025,913784832],[44.957612,908972032],[45.226806,908734464],[45.227599,864927744],[45.369717,865058816],[45.442312,867745792],[45.650308,868126720],[47.318082,868163584],[47.344881,868610048],[48.241454,868696064],[48.243588,885391360],[48.311758,885637120],[48.365673,888938496],[48.454212,890822656],[48.458096,895705088],[48.464665,962818048],[48.485276,962158592],[48.485367,946036736],[48.496708,951918592],[48.956848,951881728],[48.965293,896004096],[48.965399,868741120],[49.550944,868958208],[53.202164,869216256],[53.439324,869654528],[62.971096,869658624],[67.936464,869761024],[70.105362,871858176],[70.109243,887918592],[70.252374,887922688],[106.879147,887930880],[126.631157,887992320],[126.634939,921489408],[126.645772,920047616],[126.646152,904843264],[144.204159,904916992],[144.62904,905117696],[144.647157,911867904],[144.659354,906248192],[144.718076,908967936],[144.71949,913125376],[144.804209,914505728],[144.813739,918806528],[144.815404,935587840],[144.906978,937779200],[145.078242,938360832],[145.081169,948846592],[145.212757,950943744],[145.224702,953044992],[145.231162,1018056704],[145.616322,1024352256],[145.619307,1039032320],[145.620861,999313408],[145.745122,1001410560],[145.838925,1001443328],[145.842616,1016545280],[145.878079,1018642432],[145.922137,951529472],[145.92491,926494720],[145.933731,948129792],[145.933817,925061120],[147.271783,923885568],[147.272018,916721664],[147.384072,916520960],[147.385611,915501056],[147.390175,797655040],[147.396042,678252544],[147.399051,638513152],[147.401865,559677440],[147.405349,518713344],[147.406259,473358336],[147.409947,431022080],[147.415341,293535744],[147.419236,252727296],[147.420405,174321664],[147.430936,42496000]],"pass_timing":[["parsing",1.649],["configuration",0.5],["maybe building test harness",0.437],["expansion",1.423],["intrinsic injection",0.042],["core injection",0],["building lint settings table",0.051],["ast indexing",0.215],["external crate/lib resolution",0.307],["language item collection",0.066],["resolution",3.967],["freevar finding",0.147],["region resolution",0.203],["region parameterization inference",0.059],["typechecking",13.5],["const marking",0.254],["const checking",0.049],["privacy checking",0.319],["loop checking",0.039],["mode computation",0.254],["match checking",0.233],["liveness checking",0.539],["borrow checking",0.644],["kind checking",0.213],["lint checking",0.354],["translation",19.174],["LLVM passes",101.482]]}