{"summary":{"timestamp":1388629617,"hash":"647525545b53c8ac4900a791f3b2fb2b894a4336","max_memory":1379287040,"cpu_time":212.18,"pull_request":11235},"memory_data":[[0.001792,4096],[0.048126,454656],[0.056,3993600],[0.104528,8826880],[0.235484,10571776],[0.246398,11481088],[0.453756,11575296],[0.504171,14409728],[0.551461,14954496],[0.613769,18497536],[0.686604,19320832],[0.797975,22286336],[0.857946,25899008],[0.996569,29499392],[1.206518,31744000],[1.361263,34230272],[1.395186,35934208],[1.56123,37400576],[1.657246,38871040],[1.730859,51355648],[1.74958,57147392],[1.771071,58355712],[1.816298,65994752],[1.843016,74055680],[1.948827,88838144],[2.106326,113713152],[2.180543,127016960],[2.246343,127856640],[2.257282,132239360],[2.347495,199979008],[2.704198,201699328],[2.836348,203321344],[3.100369,203370496],[3.16785,212205568],[3.176186,218402816],[3.322124,235376640],[3.392857,244731904],[3.431575,248094720],[3.545038,263892992],[3.653109,263929856],[3.721271,317923328],[4.336228,318021632],[4.40798,318464000],[4.675343,318500864],[4.690692,377196544],[4.795583,377221120],[4.972072,379027456],[5.178667,379641856],[5.333408,381087744],[5.403326,382763008],[5.672431,383369216],[5.84828,387207168],[5.972138,387420160],[6.203602,392638464],[6.340441,393854976],[6.519124,397746176],[6.671433,400023552],[6.793175,403202048],[6.862406,403972096],[6.923218,406814720],[7.325377,414097408],[7.41126,417423360],[7.656919,421576704],[7.744453,422502400],[7.890386,427241472],[7.997791,428548096],[8.141207,431788032],[8.378286,432762880],[8.631393,433041408],[9.718179,433180672],[9.754158,434049024],[10.119582,434409472],[10.73091,434597888],[10.780853,435507200],[11.102702,435978240],[11.225362,438841344],[11.29015,441831424],[11.348442,442421248],[11.781797,442691584],[11.93479,443117568],[12.218607,446439424],[12.33378,447320064],[12.983564,447533056],[13.060494,449957888],[13.063187,458317824],[13.240469,458551296],[13.241741,462659584],[13.3729,462766080],[13.461513,464252928],[13.617528,468135936],[13.709003,471502848],[13.803422,479457280],[13.863638,480153600],[13.866808,477659136],[13.955108,479096832],[14.014024,481624064],[14.018324,497438720],[14.025745,490000384],[14.077339,490250240],[14.16954,492843008],[14.372099,496533504],[14.372677,497713152],[14.531802,499490816],[14.572717,501788672],[14.626827,501248000],[14.632068,505434112],[14.755816,508092416],[14.951803,513613824],[15.055948,515248128],[15.319715,518090752],[15.463805,520536064],[15.468909,522416128],[15.687692,524808192],[15.796292,525090816],[16.015511,529178624],[16.351507,534585344],[16.377434,536424448],[16.494911,537751552],[16.495602,539979776],[16.582694,540184576],[16.653698,543232000],[16.823338,544604160],[16.833215,578162688],[16.846431,561381376],[16.918248,562393088],[16.943679,564158464],[17.208641,567418880],[17.242491,568983552],[17.325881,569286656],[17.38923,571146240],[17.4726,571228160],[17.53941,574529536],[17.615163,574943232],[17.619568,591605760],[18.156899,591884288],[18.388867,594898944],[18.417696,598138880],[18.462264,598204416],[18.46268,601276416],[18.65637,601309184],[18.906522,605663232],[19.021031,606408704],[19.154721,611205120],[19.289404,611332096],[19.445882,613826560],[19.516564,614191104],[19.647019,616673280],[19.790202,618180608],[19.894338,618246144],[19.964558,620077056],[20.065011,620421120],[20.116584,621711360],[20.250252,622637056],[20.339136,624144384],[20.339697,628748288],[20.580337,629202944],[20.646391,631758848],[20.755532,632537088],[20.81221,634744832],[20.880286,634785792],[21.024161,637526016],[21.145288,638148608],[21.153295,639422464],[21.2469,639930368],[21.30686,641961984],[21.525849,642007040],[21.668965,643039232],[21.712768,644993024],[21.871455,647233536],[22.088309,649453568],[22.122889,652251136],[22.148161,650911744],[22.31099,652115968],[22.489968,654327808],[22.673425,658034688],[22.712747,661106688],[22.71987,692563968],[23.069908,693219328],[23.072268,701464576],[23.127504,703565824],[23.130882,718245888],[23.169055,701464576],[23.169161,693207040],[25.498831,693260288],[25.662992,693444608],[27.435917,693616640],[27.85378,694083584],[27.92679,695128064],[28.21183,695914496],[28.232333,760934400],[28.259307,760926208],[28.259356,729468928],[28.339202,731144192],[28.374352,733511680],[28.390791,738136064],[28.431893,738316288],[28.50033,741441536],[28.542215,745566208],[28.685046,750952448],[28.769433,755654656],[29.212005,775503872],[29.328012,785911808],[29.408132,789475328],[29.69911,790372352],[30.004369,804442112],[30.23667,814587904],[30.331865,819228672],[30.35468,819232768],[30.597156,829280256],[30.713219,834793472],[31.135087,852819968],[31.160961,854892544],[31.34688,862674944],[31.518011,872005632],[31.68971,878252032],[31.843598,885399552],[32.113245,896274432],[32.398252,909201408],[32.560668,915378176],[32.59249,917479424],[32.916118,930557952],[33.032052,936169472],[33.357061,949182464],[33.363719,978546688],[33.699974,978649088],[33.765774,980885504],[33.767028,985067520],[33.81906,985079808],[34.072106,995655680],[34.215184,1001238528],[34.216469,1005395968],[34.27034,1005412352],[34.585008,1018400768],[34.937106,1032146944],[35.120676,1040908288],[35.186146,1042890752],[35.473921,1055830016],[35.632318,1061937152],[35.765496,1068797952],[35.876085,1073192960],[36.033179,1081012224],[36.159963,1085825024],[36.160808,1087922176],[36.244991,1091330048],[36.472329,1101795328],[36.650056,1109159936],[36.67182,1110712320],[37.076302,1128017920],[37.125348,1128411136],[37.27092,1135316992],[37.355509,1141088256],[37.479386,1147879424],[37.657471,1155862528],[37.747121,1159061504],[37.748438,1163235328],[37.802391,1163243520],[37.8539,1165135872],[37.884306,1168289792],[37.984728,1174036480],[38.429198,1191702528],[38.524817,1192861696],[38.604822,1195851776],[38.60617,1200046080],[38.653234,1200054272],[38.979796,1213116416],[39.257941,1225166848],[39.427194,1231089664],[39.541967,1235836928],[39.544225,1244119040],[39.648898,1244131328],[39.827205,1251262464],[39.968537,1258188800],[40.355764,1272369152],[40.51044,1278550016],[40.512904,1286901760],[40.549089,1286922240],[40.551322,1295298560],[40.730054,1295319040],[40.787411,1298427904],[40.902366,1302913024],[41.107334,1312063488],[41.188323,1314418688],[41.286614,1318604800],[41.387629,1320910848],[41.451927,1324359680],[41.494861,1324363776],[41.510403,1327222784],[41.596059,1327296512],[41.68902,1330610176],[41.690158,1333657600],[41.95817,1342193664],[42.11093,1347584000],[42.115114,1346322432],[42.216546,1348919296],[42.217171,1350459392],[42.479729,1357189120],[42.70035,1362190336],[43.027625,1368977408],[43.127705,1372721152],[43.133036,1371344896],[43.814301,1375141888],[43.815575,1378836480],[44.284143,1365950464],[44.284202,1311473664],[44.288363,1273671680],[44.288411,1248505856],[44.423763,1243230208],[44.423813,1189781504],[44.636678,1190649856],[44.895526,1195417600],[45.073124,1197350912],[49.527611,1197355008],[51.200079,1197383680],[51.708991,1197600768],[51.712278,1230942208],[52.162124,1230086144],[52.162178,1197383680],[52.746911,1197531136],[52.853715,1197764608],[53.455273,1197862912],[57.248606,1197932544],[73.290842,1200029696],[73.293639,1197932544],[83.290842,1200029696],[83.294904,1197932544],[93.294211,1200029696],[93.298293,1197932544],[103.297564,1200029696],[103.301081,1197932544],[113.300847,1200029696],[113.302326,1197932544],[123.300882,1200029696],[123.304945,1197932544],[133.304236,1200025600],[133.308166,1197932544],[143.307542,1200029696],[143.30887,1198665728],[153.307518,1200762880],[153.30801,1198665728],[163.307509,1200762880],[163.31102,1198665728],[163.551307,1198804992],[163.554553,1232224256],[163.763901,1234325504],[163.767028,1251102720],[163.950054,1255297024],[164.003808,1257398272],[164.009652,1322409984],[164.026095,1319231488],[164.026144,1288851456],[164.060029,1290948608],[164.146147,1293045760],[164.239663,1225932800],[164.246362,1252978688],[164.24646,1225863168],[164.37773,1227726848],