{"summary":{"timestamp":1375300702,"hash":"66a0b5870d7c1c436b197d744fba5ced2e5f6462","max_memory":1422589952,"cpu_time":164.14,"pull_request":8150},"memory_data":[[0.004269,4096],[0.258687,348160],[0.302858,6221824],[0.338282,6635520],[0.444961,10862592],[0.592365,12161024],[0.659033,13512704],[0.743928,17604608],[0.944335,20815872],[1.01677,23183360],[1.142746,24432640],[1.187504,26931200],[1.187979,31272960],[1.442258,34320384],[1.499673,42885120],[1.544215,46788608],[1.629984,63148032],[1.669625,76464128],[1.728478,82882560],[1.765282,92717056],[1.789514,95993856],[1.846027,114569216],[1.87077,115326976],[1.90026,124747776],[1.920803,125329408],[2.003243,145670144],[2.030893,145707008],[2.183939,174911488],[2.226215,182231040],[2.258359,190545920],[2.30514,197087232],[2.347856,205832192],[2.369724,213024768],[2.400703,216289280],[2.414924,221466624],[2.471051,230498304],[2.500377,241303552],[2.525878,241319936],[2.699438,295997440],[2.811048,351928320],[2.824711,356651008],[2.877444,383225856],[2.921014,401063936],[2.940139,402702336],[2.987766,416088064],[3.050357,438423552],[3.099195,452059136],[3.113891,458297344],[3.180295,479559680],[3.19867,480940032],[3.255716,493527040],[3.329458,514330624],[3.361572,526397440],[3.405148,537722880],[3.469977,558747648],[3.557196,584388608],[3.601384,599949312],[3.681274,623538176],[3.715472,636514304],[3.778528,670498816],[4.037293,811986944],[4.140487,866869248],[4.840608,866967552],[5.006257,956579840],[5.213245,1070833664],[5.265017,1096990720],[5.288442,1106669568],[5.331223,1129537536],[5.603167,1285001216],[5.681225,1328881664],[6.162421,1329008640],[6.338513,1331109888],[6.349505,1400315904],[6.431155,1400385536],[6.529228,1401741312],[6.588579,1404841984],[6.640904,1405042688],[6.740854,1408204800],[6.927015,1409073152],[7.193889,1409388544],[9.308365,1409527808],[9.412774,1410650112],[9.96565,1410818048],[10.021712,1411252224],[17.875849,1411256320],[17.889558,1411428352],[19.204543,1411559424],[19.207199,1411768320],[20.312847,1411796992],[20.62175,1411911680],[22.033955,1411981312],[22.372043,1412112384],[23.260059,1412116480],[23.692019,1412276224],[23.740199,1413652480],[23.869882,1414402048],[24.21178,1414692864],[25.506731,1413640192],[32.139317,1413644288],[32.139404,1413726208],[35.85073,1413742592],[35.882565,1413890048],[37.49855,1413894144],[37.498635,1342590976],[37.708402,1341886464],[37.838339,1343721472],[37.921702,1347166208],[40.127848,1347244032],[40.213531,1348313088],[41.481999,1348403200],[43.535552,1348407296],[44.556149,1348521984],[44.581438,1348702208],[45.234056,1348792320],[55.270854,1348792320],[156.807003,1348911104],[156.897838,1352179712],[156.938943,1352388608],[158.745358,1352429568],[224.153735,1352437760],[225.542456,1352441856],[225.655919,1360719872],[225.68208,1369366528],[225.893745,1369370624],[226.972405,1373605888],[226.985227,1387036672],[226.996109,1384136704],[227.001382,1369423872],[227.030263,1385517056],[227.120383,1385975808],[227.148477,1389916160],[227.20324,1389998080],[227.261186,1398272000],[227.285721,1415270400],[227.306511,1421266944],[227.346973,1422016512],[227.348015,1390157824],[227.359102,1372930048],[227.46041,1368547328],[227.462611,1316519936],[227.469554,1247383552],[227.472535,1180626944],[227.476822,1141100544],[227.488072,1138991104],[227.489189,1095626752],[227.49995,973582336],[227.503613,896811008],[227.508352,855961600],[227.512197,778063872],[227.517859,736264192],[227.521902,658132992],[227.523848,656060416],[227.532877,536502272],[227.539894,419930112],[227.54478,378265600],[227.551806,260902912],[227.555052,221179904],[227.557923,216875008],[227.562068,141733888],[227.565231,141447168],[227.566996,100564992],[227.573674,66719744]],"pass_timing":[["parsing",1.022],["std macros injection",0.003],["configuration 1",0.463],["expansion",0.785],["configuration 2",0.425],["maybe building test harness",1.123],["std injection",0.418],["ast indexing",0.277],["external crate/lib resolution",0.384],["language item collection",0.094],["resolution",2.109],["looking for entry point",0.001],["freevar finding",0.114],["region resolution",0.175],["region parameterization inference",0.063],["type collecting",0.247],["coherence checking",0.346],["type checking",9.229],["const marking",1.109],["const checking",0.049],["privacy checking",0.26],["effect checking",0.07],["loop checking",0.039],["compute moves",1.089],["match checking",0.214],["liveness checking",0.335],["borrow checking",0.891],["kind checking",0.14],["reachability checking",0.052],["lint checking",0.239],["translation",13.25],["LLVM passes",189.249],["linking",0.401]]}