{"summary":{"timestamp":1384680096,"hash":"66df86ae98364bd6bc29463dc52d5c9c7d2fdd7a","max_memory":1475813376,"cpu_time":181.49,"pull_request":10466},"memory_data":[[0.001589,8192],[0.006163,6864896],[0.08347,23228416],[0.105457,30433280],[0.139459,34144256],[0.183299,43081728],[0.213469,52637696],[0.229174,53448704],[0.308741,72249344],[0.32561,72400896],[0.454467,98635776],[0.49762,105803776],[0.521439,112590848],[0.572004,122163200],[0.588921,122216448],[0.615651,146145280],[0.697617,223469568],[0.883892,223588352],[1.052568,224735232],[1.210488,227160064],[1.475236,227561472],[1.549086,237244416],[1.586173,244817920],[1.647664,253464576],[1.796605,279326720],[1.854399,286117888],[1.960587,304226304],[2.069846,304267264],[2.146321,373067776],[2.781673,373149696],[2.784351,390955008],[2.809148,390967296],[2.814734,426610688],[2.826858,408780800],[2.865448,410886144],[2.875923,480092160],[2.900839,479092736],[2.900892,444436480],[2.975598,444506112],[2.977333,454729728],[3.020271,484368384],[3.027084,518217728],[3.027628,480878592],[3.041061,480931840],[3.053929,512040960],[3.076376,512077824],[3.082862,547942400],[3.082945,529178624],[4.293571,529260544],[4.298693,550174720],[5.174099,550285312],[5.178255,566951936],[7.006767,567062528],[7.012114,583729152],[8.097321,583786496],[8.117438,586354688],[8.264094,586416128],[8.418931,588533760],[8.463066,589918208],[8.642234,592392192],[8.789973,596463616],[8.867549,596774912],[8.955607,599142400],[8.987696,601337856],[9.171349,603054080],[9.305982,606969856],[9.420018,607936512],[9.446287,612315136],[9.586421,612528128],[9.687763,613867520],[9.698832,647426048],[9.891304,647512064],[9.89556,664125440],[10.949809,664195072],[11.093642,665436160],[11.215022,670625792],[11.287609,670633984],[11.388715,672591872],[11.510785,673583104],[11.534394,674656256],[11.721038,676249600],[11.808495,679219200],[11.942669,679821312],[12.094372,681697280],[12.12326,683163648],[12.423255,686215168],[12.486826,688828416],[12.543294,688922624],[12.595467,691036160],[12.702698,691204096],[12.795066,693071872],[12.86581,693370880],[12.965463,696709120],[13.164779,700612608],[13.166452,705982464],[13.401851,706183168],[13.596839,708399104],[13.804925,711479296],[13.839165,714362880],[14.025622,715427840],[14.110421,716746752],[14.134976,720580608],[14.136452,725757952],[14.17403,727867392],[14.17635,736243712],[14.246858,738353152],[14.251334,757219328],[14.259923,757186560],[14.26019,737689600],[14.279986,716713984],[14.34483,718155776],[14.61068,717152256],[16.769574,717156352],[17.173766,717905920],[17.53473,718319616],[17.535796,718888960],[17.86639,718901248],[17.908273,723685376],[17.978524,725790720],[17.978578,727887872],[18.080481,732160000],[18.091245,734257152],[18.233986,740564992],[18.274866,744902656],[18.365926,749608960],[18.373535,752664576],[18.482676,758538240],[18.895977,779157504],[18.992657,788209664],[19.069638,792186880],[19.203211,797483008],[19.335028,804532224],[19.340837,809775104],[19.393944,809783296],[19.455969,813096960],[19.463336,846655488],[19.827897,846675968],[19.919439,850481152],[20.082681,859529216],[20.237352,866721792],[20.259173,868425728],[20.492894,878374912],[20.72531,890908672],[20.766456,894054400],[21.117279,908394496],[21.334614,918671360],[21.348877,920739840],[21.540294,929656832],[21.642759,933670912],[21.987811,949239808],[22.081756,952717312],[22.19707,959582208],[22.532154,973701120],[22.630271,979533824],[22.755244,984571904],[22.940926,993841152],[23.219762,1005490176],[23.22108,1009664000],[23.270923,1009704960],[23.370663,1013616640],[23.624417,1024856064],[23.656785,1025888256],[23.65813,1030090752],[23.708152,1030098944],[23.841149,1036464128],[23.914198,1039048704],[24.12335,1049202688],[24.216791,1053093888],[24.348723,1059954688],[24.680929,1074667520],[24.702141,1217277952],[24.752497,1145970688],[25.013494,1157169152],[25.136726,1163202560],[25.157046,1230319616],[25.186951,1196761088],[25.304056,1202323456],[25.552939,1212854272],[25.649394,1218793472],[25.794888,1232977920],[25.84446,1234984960],[26.013975,1245630464],[26.169145,1252610048],[26.46811,1269870592],[26.484986,1269878784],[26.742154,1280364544],[26.767195,1282859008],[27.121231,1297584128],[27.530218,1315282944],[27.680429,1321512960],[27.790733,1326813184],[27.81279,1328889856],[27.943096,1334849536],[28.031247,1337741312],[28.228548,1345855488],[28.229935,1350037504],[28.274786,1350053888],[28.398216,1355333632],[28.399445,1358479360],[28.4386,1358495744],[28.549628,1363206144],[28.559401,1405157376],[28.586784,1404715008],[28.586837,1384181760],[28.857929,1396195328],[28.862334,1404588032],[28.967387,1404604416],[29.148957,1412915200],[29.180217,1416724480],[29.292317,1419812864],[29.296935,1422680064],[29.51264,1428897792],[29.910577,1441005568],[29.916473,1463570432],[30.028905,1466261504],[30.442226,1475256320],[30.983576,1473810432],[30.985293,1421819904],[30.989476,1424699392],[31.373006,1357586432],[31.376829,1334509568],[31.377783,1282080768],[31.539429,1139470336],[37.332293,1141571584],[37.335152,1173028864],[37.729515,1139470336],[92.977307,1141571584],[92.980101,1173028864],[179.262396,1173155840],[179.267457,1198194688],[185.189358,1198198784],[185.296507,1207160832],[185.312064,1216618496],[185.552003,1216622592],[185.555573,1191587840],[186.54605,1189724160],[186.551061,1152008192],[186.602933,1152163840],[186.641553,1169805312],[186.66333,1173037056],[186.678424,1191976960],[186.689633,1196781568],[186.726932,1199722496],[186.729901,1148694528],[186.729964,1112477696],[186.764606,1112387584],[186.764782,1107283968],[186.788981,1104781312],[186.796381,934993920],[186.803232,814608384],[186.803989,771833856],[186.809145,690507776],[186.809998,640315392],[186.815939,557625344],[186.816886,472797184],[186.82066,417878016],[186.821802,351490048],[186.828624,271372288],[186.829747,232321024],[186.836514,152645632],[186.843102,33705984],[186.846507,15241216]],"pass_timing":[["parsing",0.565],["gated feature checking",0.014],["std macros injection",0.001],["configuration 1",0.139],["expansion",1.263],["configuration 2",0.23],["maybe building test harness",0.187],["std injection",0.181],["assigning node ids",0.165],["ast indexing",0.211],["external crate/lib resolution",0.143],["language item collection",0.025],["resolution",1.897],["lifetime resolution",0.028],["looking for entry point",0],["freevar finding",0.056],["region resolution",0.103],["type collecting",0.108],["variance inference",0.051],["coherence checking",0.121],["type checking",8.597],["const marking",0.179],["const checking",0.037],["privacy checking",0.294],["effect checking",0.049],["loop checking",0.027],["compute moves",1.662],["match checking",0.105],["liveness checking",0.2],["borrow checking",0.791],["kind checking",0.084],["reachability checking",0.008],["lint checking",0.291],["translation",13.209],["LLVM passes",154.956],["linking",0.173]]}