{"summary":{"timestamp":1382963791,"hash":"672edb21d9d422486230fe7dcba60100bc077c4c","max_memory":1455140864,"cpu_time":223.59,"pull_request":10093},"memory_data":[[0.002852,8192],[0.012075,9011200],[0.139255,35954688],[0.218303,50991104],[0.255243,61784064],[0.270125,62668800],[0.359882,83111936],[0.373375,83210240],[0.477136,103055360],[0.61539,131809280],[0.67137,142577664],[0.689633,142626816],[0.886641,261410816],[1.170883,261529600],[1.345646,262619136],[1.427941,264310784],[1.580827,264531968],[1.582081,265842688],[1.660764,265961472],[1.717648,275668992],[1.793717,286240768],[1.883781,301023232],[1.981125,318210048],[2.143148,341499904],[2.152873,344735744],[2.262055,344739840],[2.386468,418729984],[3.016306,418979840],[3.018897,436412416],[3.043339,436690944],[3.048427,472342528],[3.060715,454512640],[3.097813,456613888],[3.108293,525819904],[3.133037,490164224],[3.199952,490242048],[3.202223,501067776],[3.243401,525828096],[3.250344,560762880],[3.251056,525152256],[3.264909,525230080],[3.274362,540127232],[3.27445,525152256],[3.285822,525185024],[3.297883,541233152],[3.301547,557424640],[4.420049,557555712],[4.424589,578400256],[5.118303,578404352],[5.120779,586788864],[5.148427,586821632],[5.152493,603566080],[6.373207,605663232],[6.374276,611958784],[7.272344,612085760],[7.275858,628736000],[8.242829,628740096],[8.270287,629309440],[9.426195,629325824],[9.537072,630849536],[9.537962,633602048],[9.678563,634413056],[9.750653,635691008],[9.798252,638210048],[9.908999,639086592],[10.038517,642179072],[10.041906,658657280],[10.242237,658796544],[10.249265,692346880],[11.227113,692396032],[11.326592,692690944],[11.500357,696664064],[11.569083,696807424],[11.707272,699404288],[11.793014,699723776],[11.897048,702877696],[12.029646,703295488],[12.194468,705433600],[12.227419,706871296],[12.488069,709623808],[12.652013,712343552],[12.687826,714305536],[12.745309,714403840],[12.801197,716509184],[12.99337,718192640],[13.098379,719765504],[13.235985,723705856],[13.525277,728879104],[13.632627,729710592],[13.635086,735117312],[13.792155,735268864],[14.143084,739844096],[14.226258,742281216],[14.387156,743084032],[14.450009,744185856],[14.474374,748052480],[14.475724,753192960],[14.511471,753336320],[14.51409,763678720],[14.583355,763822080],[14.587092,783990784],[14.594382,784261120],[14.594564,765243392],[14.608242,744148992],[14.661973,744542208],[14.910292,744148992],[16.268294,744153088],[16.316153,744935424],[16.530551,745136128],[16.534806,746934272],[16.824037,747479040],[17.327046,747958272],[17.497092,748453888],[17.531382,750931968],[17.91849,753156096],[17.944219,757338112],[18.052753,763629568],[18.081915,763650048],[18.155706,767406080],[18.198178,771489792],[18.259521,774139904],[18.400816,782413824],[18.621118,793726976],[18.799573,802152448],[18.916392,811851776],[19.078642,818946048],[19.132481,822198272],[19.266961,828112896],[19.53088,841961472],[19.734104,850771968],[19.735736,854941696],[19.783113,854949888],[20.111204,870264832],[20.190008,874561536],[20.543919,890740736],[20.657066,896831488],[20.804471,902422528],[20.875209,906231808],[21.010888,911585280],[21.03549,913649664],[21.222258,921796608],[21.375765,930603008],[21.923657,954159104],[22.274844,969568256],[22.32131,972656640],[22.601614,984780800],[22.614608,986300416],[22.760624,993046528],[22.917077,999301120],[23.281555,1014571008],[23.308577,1016750080],[23.648708,1030582272],[23.814649,1038249984],[24.218213,1055989760],[24.572239,1072312320],[24.573856,1076428800],[24.625442,1076441088],[24.748991,1082224640],[25.186304,1100324864],[25.274903,1105014784],[25.33612,1110986752],[25.354748,1115824128],[25.360619,1147281408],[25.533672,1147973632],[25.593409,1150074880],[25.610245,1261223936],[25.625455,1290584064],[25.676011,1223471104],[25.676099,1219276800],[25.838563,1226080256],[25.961624,1232199680],[26.054138,1237807104],[26.257262,1248149504],[26.524084,1258680320],[26.527668,1259958272],[26.655947,1266630656],[26.909833,1276727296],[27.169475,1288032256],[27.196914,1290153984],[27.355846,1296764928],[27.737661,1313812480],[27.91192,1320108032],[27.991573,1324056576],[28.19351,1332412416],[28.219821,1334497280],[28.41735,1342894080],[28.47417,1345945600],[28.474892,1349107712],[28.51867,1349189632],[28.643038,1353949184],[28.743285,1359560704],[28.872446,1365078016],[28.881667,1366929408],[29.079635,1372336128],[29.082964,1377431552],[29.619294,1392816128],[29.622404,1411694592],[29.62878,1413255168],[29.631363,1389621248],[29.643854,1389854720],[29.657096,1410551808],[29.660304,1429536768],[29.672044,1433829376],[29.676932,1452703744],[29.677641,1411059712],[29.696928,1411334144],[29.69746,1390632960],[30.099605,1398915072],[30.549296,1401487360],[30.556668,1402200064],[30.558349,1371992064],[30.563269,1374576640],[30.941529,1351499776],[30.94401,1339764736],[30.945015,1286483968],[31.100764,1206788096],[31.100855,1143873536],[33.503399,1145970688],[33.510243,1143873536],[36.359314,1143877632],[36.367895,1160650752],[36.635468,1162752000],[36.63833,1194209280],[36.6469,1191485440],[36.64726,1177563136],[36.721425,1177677824],[36.727641,1190014976],[37.001124,1188098048],[37.005821,1144004608],[43.509382,1146126336],[43.516399,1144029184],[50.834963,1144033280],[50.843333,1160675328],[53.516425,1162772480],[53.517333,1160675328],[63.517426,1162772480],[63.518225,1160675328],[73.517404,1162772480],[73.519233,1160675328],[90.724277,1160679424],[90.727177,1194233856],[90.735045,1193218048],[90.735411,1177587712],[103.518389,1179684864],[103.521371,1177587712],[113.5204,1179684864],[113.526783,1177587712],[123.527423,1179684864],[123.534664,1178619904],[133.534441,1180717056],[133.542185,1178619904],[140.138383,1178701824],[140.141358,1184780288],[141.276698,1184903168],[141.280883,1193168896],[143.541371,1195266048],[143.547116,1193168896],[150.553702,1193242624],[150.559839,1205751808],[153.548408,1207848960],[153.556031,1205751808],[155.50453,1205915648],[155.508597,1214140416],[157.088917,1216237568],[157.090014,1226727424],[158.929735,1226878976],[158.931889,1243504640],[163.555441,1245601792],[163.563009,1243504640],[173.562364,1245601792],[173.569996,1243504640],[174.62661,1243643904],[174.629895,1268670464],[179.351027,1268674560],[179.352377,1274961920],[179.595703,1274966016],[179.708307,1283870720],[179.725284,1293258752],[179.954838,1293262848],[179.960393,1261387776],[179.963673,1213698048],[180.916446,1180139520],[180.931275,1184452608],[180.955456,1180942336],[180.965016,1187405824],[181.027774,1201782784],[181.044905,1220734976],[181.057361,1225846784],[181.095978,1228144640],[181.09669,1195728896],[181.100934,1177051136],[181.101201,1142063104],[181.189817,1142001664],[181.194186,1056485376],[181.195814,1053769728],[181.199105,977039360],[181.203321,934031360],[181.206703,854294528],[181.208473,851857408],[181.217367,682233856],[181.221893,640315392],[181.222957,563019776],[181.227227,522059776],[181.227494,298614784],[181.230876,265129984],[181.238516,146964480],[181.240376,145825792],[181.248024,27557888],[181.25154,15196160]],