{"summary":{"timestamp":1376658134,"hash":"680eb71564ebba5e76ce1e1a8287b30042332cc5","max_memory":2008051712,"cpu_time":null,"pull_request":8532},"memory_data":[[0.001643,4096],[0.044314,872448],[0.09017,6520832],[0.226884,11296768],[0.404466,12591104],[0.49797,17035264],[0.758406,23801856],[0.850835,24936448],[0.851121,27119616],[1.022277,29622272],[1.086537,29880320],[1.103437,32677888],[1.201935,67219456],[1.242531,77410304],[1.293194,93790208],[1.313091,103972864],[1.328367,104632320],[1.346816,114253824],[1.3598,114712576],[1.387897,123449344],[1.409527,133947392],[1.420343,134037504],[1.46435,146874368],[1.629897,198152192],[1.66781,211615744],[1.699557,220209152],[1.716883,232415232],[1.740369,232443904],[1.751103,238469120],[1.797734,285085696],[1.874722,364519424],[1.900901,389992448],[1.915496,390606848],[1.954637,401723392],[1.999552,427491328],[2.032535,441827328],[2.082872,471724032],[2.10226,476069888],[2.175561,508903424],[2.193077,519979008],[2.253866,546750464],[2.36132,603754496],[2.398158,620929024],[2.417542,633606144],[2.503124,723329024],[2.608993,837115904],[2.644256,873222144],[2.67494,873340928],[2.687772,880951296],[2.766553,963862528],[2.843132,1047150592],[2.904605,1111785472],[2.969407,1185607680],[3.08079,1314369536],[3.115536,1353281536],[3.395359,1353285632],[3.543664,1355386880],[3.553908,1424592896],[3.83116,1425842176],[3.884365,1429057536],[3.973664,1429934080],[4.06578,1432756224],[4.184631,1433616384],[4.375435,1434030080],[5.863321,1434165248],[5.932563,1435160576],[6.242697,1435369472],[6.40396,1435836416],[13.385916,1435901952],[14.202296,1436012544],[14.204456,1436291072],[16.185939,1436573696],[17.009669,1436581888],[17.376234,1436758016],[17.544143,1438441472],[17.951432,1438846976],[19.034532,1438961664],[24.38828,1441067008],[24.410319,1581572096],[24.459036,1533333504],[24.459097,1510264832],[25.271365,1510318080],[25.374282,1511817216],[25.407266,1513553920],[25.879601,1513582592],[26.037544,1513820160],[26.725905,1513910272],[26.779633,1514811392],[28.845459,1514885120],[29.637621,1515036672],[66.915062,1515085824],[66.918492,1548595200],[77.908415,1548599296],[78.083127,1549328384],[78.166457,1552494592],[78.207051,1551560704],[78.336057,1551585280],[78.406926,1552748544],[78.467082,1552195584],[78.792804,1552207872],[78.887921,1552826368],[78.91337,1556664320],[78.962742,1559162880],[79.280688,1559478272],[80.608419,1559543808],[80.64439,1559875584],[80.675452,1563009024],[80.711086,1563242496],[81.954111,1563316224],[82.255396,1563840512],[82.288534,1564839936],[82.64025,1564852224],[82.691374,1565659136],[82.739861,1568391168],[82.91748,1570590720],[83.379881,1570680832],[83.380087,1571655680],[84.472891,1571864576],[84.473221,1573302272],[84.866084,1573326848],[84.965425,1574350848],[84.966134,1575858176],[85.360187,1576026112],[85.360601,1577959424],[85.556682,1578287104],[86.049148,1578352640],[86.195938,1579028480],[86.493916,1579352064],[87.161586,1581072384],[87.405999,1581383680],[87.409168,1584533504],[87.985719,1584738304],[88.334959,1585983488],[88.606083,1587892224],[88.693766,1590104064],[88.753322,1592860672],[89.114066,1592877056],[89.292331,1600569344],[89.871537,1600679936],[89.872994,1602678784],[90.121837,1602682880],[90.322818,1605197824],[90.685945,1606283264],[90.787287,1607704576],[90.794595,1610162176],[91.125536,1610555392],[91.149294,1611554816],[91.439536,1612918784],[91.549651,1616109568],[91.619838,1619066880],[91.741939,1619279872],[92.365041,1619374080],[92.753888,1622454272],[92.819522,1625088000],[93.204672,1625780224],[93.359061,1627500544],[93.495567,1627717632],[93.545906,1629921280],[93.940556,1630552064],[94.044857,1631948800],[94.330953,1632407552],[94.436652,1635557376],[94.439783,1636802560],[94.546588,1637175296],[94.549124,1640157184],[94.821353,1640173568],[94.846272,1641009152],[95.217844,1642188800],[95.396661,1643974656],[95.440605,1645998080],[95.774294,1646833664],[95.782666,1650241536],[96.149691,1650368512],[96.295541,1651376128],[96.317253,1652248576],[96.57879,1652772864],[96.649854,1653309440],[96.752532,1657724928],[96.753293,1661833216],[96.939011,1661894656],[97.060755,1663995904],[97.06295,1665040384],[97.177589,1665105920],[97.222161,1666879488],[97.828976,1667227648],[97.858163,1668313088],[98.083249,1668583424],[98.109921,1669656576],[98.48544,1670443008],[98.59324,1671958528],[98.600639,1676218368],[98.685385,1676304384],[98.757583,1678528512],[99.035241,1678598144],[99.109417,1681195008],[99.387965,1681879040],[99.419586,1682513920],[99.678857,1682731008],[99.785959,1687154688],[100.246401,1687711744],[100.283302,1689231360],[100.415248,1689395200],[100.453654,1691201536],[100.834286,1691770880],[101.099163,1692684288],[101.209954,1693556736],[101.281957,1696620544],[101.718528,1697325056],[101.944819,1697923072],[102.039748,1701191680],[102.269312,1701634048],[102.301571,1703636992],[102.41783,1704132608],[102.666063,1704169472],[102.771827,1704767488],[102.816162,1706541056],[103.03141,1706942464],[103.125627,1709195264],[103.463256,1709899776],[103.553002,1714266112],[103.746441,1714917376],[104.061012,1715150848],[104.164417,1718824960],[104.17024,1720823808],[104.273222,1724112896],[104.429303,1724444672],[105.127283,1724465152],[105.555679,1725333504],[105.724239,1727655936],[105.959639,1728684032],[106.026039,1731219456],[106.317234,1731883008],[106.375767,1733476352],[106.492328,1734803456],[106.496787,1738993664],[106.631077,1739390976],[106.64453,1745682432],[106.726397,1748144128],[106.929064,1748643840],[107.038294,1752342528],[107.553176,1753501696],[107.584512,1754636288],[107.967753,1755688960],[108.035456,1757552640],[108.267546,1758076928],[108.295976,1758937088],[108.488574,1760575488],[108.533647,1762734080],[108.678786,1763004416],[108.701465,1764044800],[108.841301,1764352000],[108.843553,1770643456],[109.320737,1770745856],[109.713728,1772183552],[109.802121,1773690880],[109.848379,1775620096],[110.313246,1777000448],[110.36894,1779007488],[110.658565,1779478528],[110.810812,1780101120],[110.861694,1782296576],[111.139101,1782808576],[111.286421,1783701504],[111.3389,1786683392],[111.436018,1787138048],[111.831293,1787195392],[111.882727,1789800448],[112.377801,1790074880],[112.410566,1791295488],[112.780952,1791934464],[112.810303,1793122304],[112.936512,1793966080],[112.961914,1795198976],[113.090721,1795440640],[113.161248,1798664192],[113.333817,1799094272],[113.33957,1805361152],[113.528073,1805475840],[113.544386,1806573568],[113.827382,1807040512],[113.861231,1808351232],[114.055748,1808756736],[114.07226,1809592320],[114.41229,1810288640],[114.520725,1813037056],[114.68757,1814343680],[114.964673,1814573056],[115.010606,1816428544],[115.152658,1816666112],[115.15976,1825054720],[115.680786,1826811904],[115.81025,1828601856],[115.843066,1830072320],[115.970746,1830301696],[116.021824,1832624128],[116.394971,1833164800],[116.411017,1834119168],[116.54397,1834151936],[116.593902,1836400640],[116.848361,1837080576],[117.10552,1837142016],[117.208991,1838837760],[117.327819,1839063040],[117.389195,1841987584],[117.669623,1842376704],[117.711848,1843249152],[118.143318,1844027392],[118.205402,1844862976],[118.315551,1849339904],[118.770856,1850003456],[119.1615,1850802176],[119.273609,1854038016],[119.73333,1854930944],[120.205374,1855606784],[120.695313,1857429504],[120.955653,1859227648],[121.077227,1861734400],[121.374972,1862393856],[122.007906,1867067392],[122.27481,1868115968],[122.31202,1869635584],[122.488134,1869934592],[122.554037,1872289792],[122.752386,1872642048],[122.770696,1873571840],[123.13131,1874325504],[123.270696,1875931136],[123.308071,1877647360],[123.647177,1878327296],[123.671807,1879478272],[123.803705,1879732224],[123.873577,1882955776],[124.419112,1884086272],[124.464632,1886584832],[124.957239,1887182848],[124.994172,1888747520],[125.148114,1889591296],[125.437842,1890144256],[125.638208,1891020800],[125.71168,1894588416],[125.858613,1894825984],[125.988484,1900511232],[126.572109,