{"summary":{"timestamp":1386110219,"hash":"693ec73b9b6308833587dbb872297b267391f6f6","max_memory":1279758336,"cpu_time":186.32,"pull_request":10747},"memory_data":[[0.001597,8192],[0.006289,6967296],[0.158058,33873920],[0.263279,55508992],[0.283066,55816192],[0.390973,74145792],[0.432695,79585280],[0.496634,92123136],[0.522099,92131328],[0.606934,161210368],[0.776425,161353728],[0.923386,162205696],[0.984909,163442688],[1.164399,163958784],[1.164802,164986880],[1.310366,165138432],[1.351835,168984576],[1.39262,175292416],[1.485752,186421248],[1.568597,198139904],[1.60722,201547776],[1.71346,216678400],[1.81577,216698880],[1.875572,263761920],[2.718794,263835648],[2.743992,265936896],[2.747014,282714112],[2.774692,303689728],[2.781008,338395136],[2.781059,300711936],[2.818824,300724224],[2.821939,319598592],[2.82423,300720128],[2.846574,302821376],[2.84957,319598592],[2.860884,328040448],[2.865779,354168832],[2.865829,326905856],[3.078518,326926336],[3.864793,329027584],[3.867818,341610496],[3.953408,341700608],[3.955598,350003200],[4.600224,352108544],[4.604129,362590208],[4.956074,362602496],[5.014785,366350336],[5.016434,370552832],[5.043183,370139136],[5.200568,374095872],[5.247804,376172544],[5.412878,379883520],[5.49959,382914560],[5.521313,388190208],[5.578339,388333568],[5.60651,391270400],[5.736531,394645504],[5.837529,398258176],[5.951058,407109632],[6.030816,407244800],[6.159353,410398720],[6.192261,412061696],[6.197595,428826624],[6.205108,420433920],[6.505499,426373120],[6.59006,428617728],[6.592465,437006336],[6.747656,437780480],[6.895842,442245120],[7.216347,446873600],[7.263461,448905216],[7.266738,451391488],[7.40053,451547136],[7.57084,454828032],[7.717058,456937472],[7.820554,459182080],[7.838507,460578816],[7.927114,461258752],[8.003895,463335424],[8.026562,465252352],[8.151248,466100224],[8.314116,470761472],[8.416828,471584768],[8.446685,477638656],[8.456221,509095936],[8.471164,492314624],[8.584082,492511232],[8.694129,494280704],[8.723188,496324608],[8.830377,498159616],[8.83449,514740224],[9.220135,514813952],[9.532125,519254016],[9.533534,522264576],[9.589837,522375168],[9.590656,524361728],[9.720165,524496896],[9.876024,526856192],[9.960399,529506304],[10.000185,532414464],[10.089785,532242432],[10.360655,536776704],[10.46672,537493504],[10.554071,540426240],[10.647244,540725248],[10.795833,542687232],[10.817566,543969280],[11.011551,545824768],[11.19458,549384192],[11.243049,551583744],[11.375555,552194048],[11.441224,553893888],[11.533929,554450944],[11.705098,560254976],[11.768675,561172480],[11.769928,565829632],[11.959431,566009856],[12.043338,567918592],[12.28745,570810368],[12.430388,573087744],[12.493829,575143936],[12.705817,577085440],[12.720865,583266304],[12.753703,583311360],[12.7554,591622144],[12.81503,591736832],[12.818651,608399360],[12.841351,608149504],[12.841555,577105920],[14.556123,579203072],[14.558894,577105920],[14.727859,577110016],[14.827498,578088960],[15.029352,578273280],[15.032252,578949120],[15.928463,580247552],[15.928871,580775936],[16.242967,580788224],[16.3227,585326592],[16.32275,587448320],[16.444752,591740928],[16.480446,595931136],[16.546885,600129536],[16.583467,600133632],[16.622263,606429184],[16.702132,608759808],[16.710185,642318336],[17.01539,642371584],[17.21243,652988416],[17.30114,662138880],[17.455094,669257728],[17.456547,673452032],[17.506251,674512896],[17.663095,682758144],[17.807625,691068928],[18.121027,705527808],[18.301536,715800576],[18.556743,728817664],[18.571829,787558400],[19.211579,787595264],[19.539846,803270656],[19.768023,815845376],[19.816333,817905664],[19.837286,885018624],[19.866241,851460096],[20.173746,865792000],[20.241417,870211584],[20.344852,874483712],[20.345921,876593152],[20.732619,894451712],[20.754879,896573440],[20.996594,907554816],[21.111218,913903616],[21.280227,921333760],[21.281509,925523968],[21.322856,925532160],[21.651376,940552192],[21.652604,944648192],[21.699586,944656384],[22.04139,960647168],[22.285662,973590528],[22.418385,979734528],[22.45589,984383488],[22.644433,993026048],[22.68527,995926016],[22.838511,1002631168],[23.047092,1012912128],[23.053407,1013981184],[23.393007,1029922816],[23.41653,1031979008],[23.538952,1038110720],[23.67044,1048694784],[23.762926,1052884992],[23.782924,1055002624],[23.924268,1062944768],[23.964909,1064001536],[24.094397,1070096384],[24.100452,1071677440],[24.107025,1101037568],[24.125738,1086353408],[24.274817,1094246400],[24.625114,1109561344],[24.649142,1111527424],[24.870029,1121398784],[24.940971,1125236736],[25.106954,1132716032],[25.314562,1142841344],[25.341223,1144893440],[25.547106,1154924544],[25.547518,1158086656],[25.61849,1159737344],[25.802425,1168683008],[25.803767,1172877312],[25.854319,1172885504],[26.36372,1196593152],[26.365919,1204965376],[26.462431,1204981760],[26.640713,1213943808],[26.792166,1220083712],[26.881613,1225310208],[26.968321,1228886016],[26.977252,1230880768],[27.106472,1234554880],[27.107703,1237733376],[27.377175,1245908992],[27.545478,1251483648],[27.549213,1249984512],[27.619038,1252380672],[27.619669,1253904384],[28.034358,1268453376],[28.198972,1272246272],[28.808596,1275772928],[28.818781,1274789888],[28.819399,1238364160],[28.824007,1241706496],[29.214028,1175994368],[29.217368,1170395136],[29.218233,1099083776],[29.329766,1040359424],[34.559504,1042456576],[34.562808,1040359424],[35.167538,1042460672],[35.170349,1073917952],[35.593121,1040359424],[35.70123,1040367616],[44.562865,1042464768],[44.563927,1040367616],[54.566179,1042464768],[54.570593,1040367616],[64.569485,1042464768],[64.57386,1040367616],[74.572833,1042464768],[74.575537,1040367616],[84.576185,1042464768],[84.579496,1040367616],[89.647774,1042468864],[89.650528,1073926144],[94.579518,1076023296],[94.581682,1073926144],[104.579504,1076023296],[104.583864,1073926144],[114.582792,1076023296],[114.587223,1073926144],[124.586188,1076023296],[124.588882,1073926144],[174.586135,1076023296],[174.586723,1073926144],[177.316104,1073991680],[177.321065,1099091968],[184.4169,1099104256],[184.478096,1121112064],[184.519746,1121169408],[184.665955,1124257792],[185.125881,1124294656],[185.136548,1125982208],[185.2981,1125986304],[185.376936,1131225088],[185.377292,1135624192],[185.459283,1136472064],[185.470923,1144012800],[185.677812,1144090624],[185.698132,1147527168],[185.803803,1156354048],[185.818741,1166434304],[185.895408,1165885440],[185.895461,1163055104],[186.055008,1163059200],[186.062317,1140178944],[186.064199,1092972544],[186.977167,1092861952],[186.981966,1052471296],[187.010063,1053339648],[187.03841,1072566272],[187.082592,1073139712],[187.097903,1082331136],[187.102637,1094512640],[187.112968,1099345920],[187.15101,1101221888],[187.154753,1048666112],[187.154957,986128384],[187.184722,985366528],[187.184926,975634432],[187.200674,972206080],[187.204131,890245120],[187.204764,842850304],[187.20951,759185408],[187.212112,681865216],[187.215412,640278528],[187.218438,559292416],[187.224248,478343168],[187.225228,416317440],[187.227759,361943040],[187.231934,312782848],[187.234694,250773504],[187.23531,89010176],[187.23893,23048192],[187.241668,15634432]],