{"summary":{"timestamp":1389338780,"hash":"6ea218d37b05359059baf72e392afa8d97ce1e20","max_memory":1399173120,"cpu_time":203.62,"pull_request":11433},"memory_data":[[0.001631,4096],[0.043023,102400],[0.069703,6086656],[0.10239,8663040],[0.173911,9707520],[0.253448,14180352],[0.310657,14725120],[0.373509,18272256],[0.492644,19963904],[0.5446,21590016],[0.563106,24649728],[0.623449,26750976],[0.748759,29163520],[1.052314,33296384],[1.122925,35438592],[1.317236,38453248],[1.463038,65716224],[1.566874,88215552],[1.584844,88424448],[1.689091,107753472],[1.731311,113917952],[1.792651,126451712],[1.892075,127668224],[1.911668,136302592],[1.988326,199335936],[2.319244,200683520],[2.440252,202289152],[2.681876,202260480],[2.743521,211140608],[2.753895,218570752],[2.898213,235913216],[2.9527,244228096],[2.988851,247586816],[3.092445,263352320],[3.200056,263372800],[3.210998,274452480],[3.264876,317493248],[3.826169,317706240],[3.87551,325160960],[3.904277,325234688],[3.908196,339845120],[3.9313,332500992],[3.987686,332566528],[3.995342,361865216],[4.041676,347181056],[4.094271,347185152],[4.148721,349286400],[4.163129,405909504],[4.26104,377233408],[4.391759,377651200],[4.519698,379899904],[4.591165,380129280],[4.664014,382574592],[4.886777,387698688],[5.072875,391041024],[5.154301,391303168],[5.288756,394137600],[5.359226,394313728],[5.564673,398159872],[5.708557,401387520],[5.844676,407396352],[6.01817,411107328],[6.117074,416337920],[6.156533,416825344],[6.267504,423251968],[6.418204,427626496],[6.538497,429412352],[6.652998,432607232],[6.788432,433561600],[7.271556,433930240],[7.275264,448585728],[7.427339,448659456],[7.465484,449531904],[7.983488,450342912],[7.987283,462819328],[8.052055,463511552],[8.350048,463974400],[8.51376,466382848],[8.665908,471928832],[8.873369,474615808],[9.122768,475217920],[10.068862,475389952],[10.196264,477802496],[10.514976,477827072],[10.566863,479989760],[10.795863,480092160],[10.821266,480571392],[10.826007,497086464],[10.834442,497344512],[11.378831,497360896],[11.440725,499367936],[11.569731,500301824],[11.605344,501731328],[11.700773,501657600],[11.738305,503795712],[11.859898,503914496],[11.862291,512184320],[12.065066,512286720],[12.160105,512876544],[12.203874,515051520],[12.463832,518889472],[12.778433,521306112],[12.871827,522928128],[12.872553,524398592],[13.002099,525778944],[13.15684,525926400],[13.19001,526794752],[13.481506,529518592],[13.808629,534159360],[13.959078,538169344],[14.049945,539045888],[14.050614,541249536],[14.158293,541941760],[14.262558,546971648],[14.271766,578428928],[14.464305,578764800],[15.163774,578768896],[15.288972,579788800],[15.29299,596422656],[15.783794,596770816],[15.961706,600133632],[15.962952,603222016],[16.152695,603922432],[16.366305,607494144],[16.398665,608608256],[16.541048,609955840],[16.645868,614350848],[16.766415,614359040],[16.843547,615878656],[16.981165,617185280],[17.285244,621821952],[17.327715,623120384],[17.432539,623702016],[17.580165,625942528],[17.581344,630513664],[17.704223,630525952],[17.940352,632606720],[18.002617,635187200],[18.107423,635875328],[18.156499,637968384],[18.227651,638091264],[18.456602,641044480],[18.589417,643330048],[18.617707,645484544],[18.793839,647172096],[18.851282,649064448],[19.044462,651784192],[19.211146,653402112],[19.244371,656228352],[19.27179,654884864],[19.421331,656105472],[19.589393,658325504],[19.7322,662102016],[19.739839,695660544],[19.750243,695181312],[20.154676,695521280],[20.156804,703774720],[20.207845,705875968],[20.211061,720556032],[20.246891,703348736],[20.246942,695517184],[20.620192,695521280],[22.536494,697626624],[22.556548,762634240],[22.581327,729075712],[23.039975,729079808],[23.640412,729509888],[25.041068,729640960],[25.237855,731451392],[25.41207,731979776],[25.492913,741081088],[25.534993,741093376],[25.697909,749797376],[25.737705,753930240],[25.861659,758452224],[25.982932,764612608],[26.205186,774750208],[26.390086,782331904],[26.509328,793169920],[26.69515,799686656],[26.79791,805126144],[26.880366,807870464],[27.035977,815190016],[27.193974,821231616],[27.329095,828440576],[27.357518,828444672],[27.494202,834588672],[27.589321,838041600],[27.715923,843845632],[27.91126,851877888],[27.988409,857112576],[28.051988,858914816],[28.195092,865169408],[28.217259,867282944],[28.41042,876302336],[28.494731,881352704],[28.578183,884572160],[28.832856,896454656],[29.166625,910430208],[29.191531,912457728],[29.357002,920293376],[29.667098,933441536],[29.804256,938475520],[29.862829,941502464],[29.869282,970866688],[30.211819,970895360],[30.329943,975912960],[30.331196,980107264],[30.382487,980119552],[30.533956,987160576],[30.796737,998096896],[30.834629,1000501248],[30.835834,1004666880],[30.925445,1005940736],[31.0711,1012592640],[31.365521,1024704512],[31.4036,1026797568],[31.721233,1040007168],[31.92992,1049264128],[31.960991,1051373568],[32.27203,1066074112],[32.4353,1072701440],[32.560332,1079926784],[32.590134,1080508416],[32.881762,1093091328],[33.054089,1102331904],[33.148439,1105723392],[33.266654,1112018944],[33.434416,1119375360],[33.71321,1130991616],[33.84674,1134870528],[33.902,1137360896],[33.903766,1141555200],[33.953773,1142026240],[34.063495,1148502016],[34.343396,1162145792],[34.428089,1165398016],[34.428501,1168547840],[34.527163,1171427328],[34.528413,1175609344],[34.581675,1175633920],[34.707109,1182932992],[35.01863,1195606016],[35.137766,1201967104],[35.285641,1208856576],[35.445076,1214795776],[35.566638,1219956736],[35.568761,1228242944],[35.660933,1228259328],[36.027255,1243897856],[36.029741,1252286464],[36.129305,1252302848],[36.546707,1270865920],[36.698968,1278279680],[36.703021,1286672384],[36.815307,1286701056],[36.85931,1288216576],[37.258582,1304465408],[37.464169,1313411072],[37.538132,1317203968],[37.639055,1320525824],[37.839034,1329795072],[37.859965,1332899840],[37.916922,1333379072],[38.008825,1336508416],[38.009914,1339592704],[38.052702,1341100032],[38.092818,1339777024],[38.09432,1345724416],[38.26165,1351155712],[38.762811,1369239552],[38.767943,1398697984],[38.769423,1366781952],[39.081525,1378983936],[39.267313,1378988032],[39.267626,1379938304],[39.735342,1382666240],[39.748185,1386262528],[40.16809,1319993344],[40.172347,1285591040],[40.39769,1283489792],[40.397741,1226866688],[40.659956,1230315520],[40.783568,1232936960],[40.905004,1234444288],[41.973582,1234497536],[46.977507,1234522112],[47.46798,1236623360],[47.47078,1268080640],[47.896086,1268076544],[47.896139,1234522112],[48.478631,1234853888],[49.101659,1234952192],[52.951646,1234964480],[57.931388,1237061632],[57.93326,1234964480],[67.934764,1237032960],[67.937497,1234964480],[77.938029,1237061632],[77.941943,1234964480],[87.941401,1237061632],[87.944736,1234964480],[97.944764,1237053440],[97.94671,1234964480],[107.94475,1237016576],[107.947107,1234964480],[117.9447,1237061632],[117.947589,1234964480],[127.944747,1237061632],[127.945221,1234964480],[137.94476,1237049344],[137.946204,1234964480],[147.155043,1234968576],[147.944712,1237065728],[147.946643,1234968576],[151.726448,1237069824],[151.729255,1268527104],[151.939389,1270628352],[151.942704,1287405568],[152.121701,1291599872],[152.170157,1293705216],[152.176322,1358712832],[152.192653,1333542912],[152.192706,1325154304],[152.231429,1327251456],[152.31893,1329348608],[152.358534,1262239744],[152.364392,1288015872],[152.364442,1260892160],[152.520697,1263095808],[154.337268,1263226880],[156.839654,1263230976],[157.944731,1265328128],[157.946195,1263230976],[167.944694,1265328128],[167.947156,1263230976],[177.948045,1265328128],[177.952884,1263230976],[187.951422,1265328128],[187.95527,1263230976],[197.954728,1265328128],[197.958136,1263230976],[207.958063,1265328128],[207.960506,1263230976],[210.026358,1265328128],[210.027612,1280012288],[211.571679,1280016384],[211.67466,1288704000],[211.682029,1294327808],[211.905699,1294331904],[211.910609,1277550592],[211.919792,1281257472],[212.856464,1280057344],[212.864559,1233444864],[212.895821,