{"summary":{"timestamp":1384412776,"hash":"6f401478dc9fbd0b34ae4d9500c3f6c29852ce53","max_memory":1475284992,"cpu_time":241.45,"pull_request":10473},"memory_data":[[0.001789,8192],[0.008304,6819840],[0.087609,23220224],[0.110402,30420992],[0.144339,34148352],[0.189049,43057152],[0.219755,52600832],[0.235208,53411840],[0.316582,72200192],[0.333155,72372224],[0.509457,105693184],[0.533915,112410624],[0.585801,122036224],[0.602642,122040320],[0.721161,223252480],[0.942956,223604736],[1.135971,225275904],[1.221257,226942976],[1.478996,227340288],[1.554062,237064192],[1.590984,244559872],[1.70698,261632000],[1.801787,278077440],[1.892535,290226176],[1.966044,303251456],[2.066772,303300608],[2.149904,372072448],[2.741171,372232192],[2.744011,389992448],[2.767965,392093696],[2.773005,425648128],[2.785397,407818240],[2.822783,409923584],[2.834045,479125504],[2.858671,443469824],[2.921103,443478016],[2.933231,453988352],[2.975863,481288192],[2.982675,517480448],[2.983331,479817728],[2.996415,479830016],[3.006618,494563328],[3.009349,509034496],[3.029678,509165568],[3.03907,546795520],[3.039576,528117760],[4.217327,528195584],[4.222346,549109760],[5.078504,549142528],[5.083,565891072],[6.889504,565985280],[6.89503,582668288],[7.968913,582692864],[7.989252,585289728],[8.133889,585293824],[8.295116,587689984],[8.328316,588972032],[8.493816,591175680],[8.650507,595505152],[8.72721,595795968],[8.811877,598052864],[8.837048,600211456],[9.028014,602042368],[9.093563,604590080],[9.275032,606949376],[9.30109,611332096],[9.521629,612184064],[9.54371,614981632],[9.553256,646438912],[9.735267,646533120],[9.739603,663121920],[10.776275,663134208],[10.907998,664281088],[11.039233,669601792],[11.114283,669609984],[11.179389,671006720],[11.426745,674463744],[11.539155,675155968],[11.626376,678100992],[11.763583,678768640],[11.920225,680906752],[11.933238,682008576],[12.232917,685174784],[12.295799,687837184],[12.350803,687931392],[12.402469,690049024],[12.509108,690241536],[12.600502,692105216],[12.671458,692396032],[12.770363,695697408],[12.933396,698331136],[12.967737,699596800],[12.969589,704929792],[13.201556,705138688],[13.394334,707362816],[13.604811,710451200],[13.683538,713650176],[13.745369,713736192],[13.904513,715620352],[13.929399,719441920],[13.931077,724676608],[13.96823,726814720],[13.970714,735162368],[14.040883,737271808],[14.045547,756137984],[14.055017,754364416],[14.055246,736608256],[14.074468,726110208],[14.074525,715632640],[14.139567,717074432],[14.401895,716820480],[14.401951,716070912],[16.49498,716079104],[17.293545,717279232],[17.296589,717807616],[17.619748,717824000],[17.661663,722636800],[17.730993,724729856],[17.73105,726839296],[17.796395,728944640],[17.841419,733204480],[17.872168,733274112],[17.982918,739516416],[18.024288,743854080],[18.164975,751140864],[18.229295,755380224],[18.637881,775991296],[18.730289,784916480],[18.924811,793583616],[19.072245,801435648],[19.078169,806596608],[19.130055,806608896],[19.272537,813998080],[19.282147,847953920],[19.656941,847982592],[19.791413,855564288],[19.979391,865255424],[20.249204,877080576],[20.437003,887734272],[20.437951,889831424],[20.634025,897085440],[20.915786,909201408],[21.043724,915464192],[21.057867,917565440],[21.262387,926949376],[21.402527,932564992],[21.577368,940675072],[21.728816,947003392],[21.859575,953184256],[21.992161,960311296],[22.236468,970530816],[22.334711,976396288],[22.48914,982839296],[22.641191,990658560],[22.917626,1002303488],[22.919117,1006497792],[22.968196,1006526464],[23.351731,1022693376],[23.353178,1026887680],[23.401559,1026891776],[23.534212,1033277440],[23.950267,1051992064],[24.112742,1060614144],[24.629541,1082859520],[24.691551,1086382080],[24.822552,1091977216],[24.842573,1159098368],[24.872857,1125539840],[24.920431,1128030208],[25.167353,1138573312],[25.206679,1141248000],[25.228294,1283858432],[25.278211,1212551168],[25.339834,1216303104],[25.38531,1222643712],[25.478476,1232461824],[25.623348,1239953408],[25.697063,1245106176],[25.773394,1248276480],[25.942611,1257177088],[26.144073,1269350400],[26.160167,1269354496],[26.413664,1279844352],[26.492102,1284268032],[27.117664,1311535104],[27.158539,1313906688],[27.341405,1320988672],[27.449906,1326276608],[27.472067,1328377856],[27.599807,1334329344],[27.771201,1340538880],[27.881812,1345359872],[27.88331,1349545984],[27.927248,1349562368],[28.053429,1355120640],[28.054227,1358196736],[28.093548,1358217216],[28.253544,1365467136],[28.263492,1407418368],[28.290529,1407180800],[28.290641,1386442752],[28.49967,1395671040],[28.503914,1404063744],[28.606441,1404084224],[28.784665,1412395008],[28.815725,1416200192],[28.926699,1419247616],[28.927993,1422049280],[29.144006,1428295680],[29.533477,1440432128],[29.539461,1462996992],[29.654277,1465864192],[29.910396,1474682880],[30.442317,1473380352],[30.44388,1421299712],[30.448086,1424175104],[30.824648,1409490944],[30.824703,1357062144],[30.829155,1281556480],[30.97574,1268965376],[30.975872,1138946048],[31.513513,1138950144],[36.647077,1141051392],[36.64987,1172508672],[36.949844,1174577152],[36.950813,1172508672],[37.035536,1138950144],[46.950797,1141047296],[46.954563,1139834880],[76.953792,1141932032],[76.956739,1139834880],[86.956785,1141932032],[86.96074,1139834880],[91.264633,1141936128],[91.267433,1173393408],[96.959805,1175490560],[96.963277,1173393408],[106.962795,1175490560],[106.966796,1173393408],[116.966787,1175490560],[116.970241,1173393408],[126.969817,1175490560],[126.970742,1173393408],[136.972801,1175490560],[136.97525,1173393408],[146.97579,1175490560],[146.979717,1173393408],[156.978809,1175490560],[156.980736,1173393408],[166.981839,1175441408],[166.985748,1173393408],[174.173107,1173397504],[174.17963,1197674496],[176.984802,1199771648],[176.988726,1197674496],[179.932832,1197678592],[180.03739,1206407168],[180.052618,1216098304],[180.278037,1216102400],[180.28145,1191067648],[181.178669,1185042432],[181.178725,1151488000],[181.225027,1151647744],[181.260725,1169293312],[181.2854,1172525056],[181.300454,1191489536],[181.311258,1196437504],[181.34877,1199218688],[181.351812,1148329984],[181.351984,1112031232],[181.388138,1110892544],[181.410144,1103917056],[181.410374,895324160],[181.414701,821297152],[181.4157,777539584],[181.425875,562180096],[181.429227,507928576],[181.430031,429608960],[181.436062,342757376],[181.437223,279842816],[181.440779,239591424],[181.444214,161206272],[181.44811,120107008],[181.452307,41504768],[181.456208,15245312]],"pass_timing":[["parsing",0.576],["gated feature checking",0.014],["std macros injection",0.001],["configuration 1",0.148],["expansion",1.245],["configuration 2",0.226],["maybe building test harness",0.172],["std injection",0.168],["assigning node ids",0.153],["ast indexing",0.206],["external crate/lib resolution",0.143],["language item collection",0.024],["resolution",1.85],["lifetime resolution",0.027],["looking for entry point",0],["freevar finding",0.054],["region resolution",0.102],["type collecting",0.105],["variance inference",0.05],["coherence checking",0.119],["type checking",8.494],["const marking",0.179],["const checking",0.037],["privacy checking",0.29],["effect checking",0.048],["loop checking",0.026],["compute moves",1.644],["match checking",0.103],["liveness checking",0.2],["borrow checking",0.785],["kind checking",0.081],["reachability checking",0.008],["lint checking",0.284],["translation",12.912],["LLVM passes",150.148],["linking",0.168]]}