{"summary":{"timestamp":1365889377,"hash":"715810290f89dd95c4787ca0ee9019ee6e93477e","max_memory":1335050240,"cpu_time":103.33,"pull_request":5810},"memory_data":[[0.001619,8192],[0.005929,7323648],[0.073359,8851456],[0.095121,11014144],[0.756028,37163008],[0.968058,45015040],[1.069268,49319936],[1.554462,68005888],[2.158372,90456064],[2.198786,91291648],[2.275089,111984640],[2.515872,174104576],[2.563457,187125760],[2.767865,239599616],[2.809535,241668096],[2.86579,247271424],[2.931275,258056192],[2.981496,263598080],[3.047686,276054016],[3.092414,277655552],[3.235335,289947648],[3.265439,295260160],[3.348143,301826048],[3.43785,311037952],[3.542912,324124672],[3.623446,332619776],[3.657986,338821120],[3.692437,338841600],[3.705203,345460736],[3.717988,343883776],[3.721775,353267712],[3.745176,348905472],[3.748226,367783936],[3.757658,358342656],[3.778414,359211008],[3.784299,396963840],[3.799416,378085376],[3.840917,379682816],[3.851802,455184384],[3.882293,419229696],[3.895333,418201600],[4.065043,419463168],[4.085294,431476736],[4.091624,445210624],[4.179644,450457600],[4.183338,457273344],[4.270367,457662464],[4.445356,463192064],[4.608602,466108416],[4.653059,469180416],[4.708395,476798976],[4.879322,479567872],[4.880296,482000896],[5.043955,482160640],[5.04524,487247872],[5.434446,487419904],[5.436863,497733632],[6.477088,497823744],[6.480871,518709248],[6.50086,518602752],[6.501091,502857728],[6.728847,503345152],[6.737131,505991168],[6.869877,506028032],[6.892236,514416640],[6.91568,514420736],[6.917946,521408512],[6.968272,521412608],[6.972159,538185728],[7.066789,539856896],[7.284172,540045312],[7.28459,540954624],[7.432282,541073408],[7.538091,542404608],[7.64871,542429184],[7.790329,544669696],[7.790877,546365440],[8.117703,548831232],[8.211417,550129664],[8.490344,550473728],[8.671958,554516480],[8.783006,554590208],[8.934048,555855872],[8.994715,557117440],[8.996221,564314112],[9.065642,564555776],[9.272741,568307712],[9.487736,568385536],[9.772931,570667008],[9.852113,570699776],[10.035721,572448768],[10.21272,572948480],[10.464565,574705664],[10.46899,576245760],[10.603504,576311296],[10.928224,578650112],[11.237922,581599232],[11.32939,581750784],[11.443809,583086080],[11.446321,597635072],[12.478321,597737472],[12.479067,600453120],[12.899705,600539136],[13.229535,601677824],[13.289813,602947584],[13.387043,603185152],[13.686404,606806016],[13.689702,608964608],[13.89501,609120256],[14.074987,609828864],[14.462768,612360192],[14.49286,614625280],[14.517249,622473216],[14.592762,622534656],[14.594712,632958976],[15.742265,633036800],[16.010578,633356288],[16.042442,636280832],[16.180943,635371520],[16.387519,635461632],[16.478231,637112320],[16.632808,637538304],[16.693783,639537152],[16.696126,651030528],[16.719283,655265792],[16.948319,655507456],[16.96515,660836352],[17.037617,662933504],[17.038017,665030656],[17.149639,665038848],[17.2176,670076928],[17.226995,674271232],[17.295255,678465536],[17.369893,680562688],[17.37189,682659840],[17.455537,686854144],[17.564605,688959488],[17.785185,699813888],[17.851961,705036288],[17.97646,709554176],[18.11323,710406144],[18.183723,711860224],[18.256872,714805248],[18.39173,716296192],[18.510426,719126528],[18.510938,723320832],[18.689772,725639168],[18.768972,727449600],[18.909069,732454912],[18.909496,734552064],[18.974647,737161216],[19.072894,739532800],[19.215598,740487168],[19.295865,742215680],[19.383688,745422848],[19.464406,746287104],[19.464755,748384256],[19.634972,752173056],[19.65312,753836032],[19.663517,762257408],[19.686521,767037440],[19.763546,769724416],[19.907774,771637248],[19.977212,773976064],[20.057367,774725632],[20.221332,780832768],[20.305753,781938688],[20.490174,789028864],[20.549796,789114880],[20.67236,792649728],[20.826006,795099136],[21.127364,805437440],[21.203531,806010880],[21.360475,811220992],[21.649425,818733056],[21.87204,823439360],[21.876894,829837312],[21.926054,831475712],[21.926567,833572864],[22.148719,841097216],[22.177804,841101312],[22.299238,845156352],[22.385075,846020608],[22.47034,848912384],[22.786736,850079744],[22.8508,851374080],[22.851616,853377024],[22.911344,853381120],[22.971838,855388160],[23.081159,857096192],[23.081503,859193344],[23.205691,864194560],[23.434422,870789120],[23.610273,872808448],[23.735615,876347392],[23.841953,876904448],[24.145406,885379072],[24.14576,887476224],[24.309565,893501440],[24.386649,894259200],[24.486758,898527232],[24.581045,900968448],[24.645448,901328896],[24.700975,903540736],[24.828688,905076736],[24.963246,905818112],[24.992393,907100160],[25.14492,908537856],[25.194205,910499840],[25.262849,910893056],[25.352597,914182144],[25.489073,915795968],[25.526465,918179840],[25.711626,924643328],[25.804722,925921280],[25.805582,929013760],[25.85146,929021952],[26.0119,934268928],[26.088944,934862848],[26.089209,936960000],[26.184239,938254336],[26.256408,940560384],[26.444369,942931968],[26.536425,945344512],[26.536779,947441664],[26.630113,948756480],[26.739784,952672256],[26.818145,953413632],[26.819051,955518976],[26.913336,955645952],[26.915224,959864832],[26.976478,961961984],[27.040984,962224128],[27.127944,964206592],[27.254748,968912896],[27.484357,970067968],[27.720907,973512704],[27.890292,979230720],[28.086622,982978560],[28.155372,985489408],[28.345989,990171136],[28.351331,1019535360],[28.947794,1019564032],[29.058839,1022902272],[29.151579,1024110592],[29.233334,1027166208],[29.444601,1028608000],[29.539319,1030971392],[29.727955,1037783040],[29.833249,1038303232],[29.856426,1039810560],[29.975707,1041629184],[30.082253,1045647360],[30.191245,1047425024],[30.3478,1051906048],[30.4143,1052282880],[30.605385,1056014336],[30.700747,1059381248],[30.774631,1060753408],[30.780205,1063276544],[30.839534,1064726528],[30.839627,1066823680],[30.890131,1067458560],[30.890479,1069555712],[31.052554,1074274304],[31.139343,1075892224],[31.235443,1079574528],[31.415519,1083596800],[31.573666,1086119936],[31.675399,1088634880],[31.676225,1090715648],[31.76072,1091121152],[31.799382,1092730880],[31.824305,1101799424],[32.041918,1108017152],[32.090546,1110368256],[32.090755,1112465408],[32.250371,1116663808],[32.251405,1118765056],[32.379187,1121431552],[32.719372,1130868736],[33.010263,1137537024],[33.190018,1142992896],[33.358295,1146605568],[33.358968,1150799872],[33.39173,1150926848],[33.483421,1154592768],[33.633392,1156915200],[33.971894,1168678912],[34.074782,1171521536],[34.163579,1172344832],[34.252626,1175257088],[34.254393,1177460736],[34.400842,1182253056],[34.429902,1182257152],[34.583835,1186955264],[34.665617,1187651584],[34.758987,1190113280],[35.048756,1201102848],[35.108572,1201197056],[35.216561,1206108160],[35.22012,1212411904],[35.259862,1213726720],[35.295187,1218969600],[35.315936,1225904128],[35.432167,1228341248],[35.433565,1232543744],[35.496866,1236402176],[35.610043,1238757376],[35.905891,1241190400],[35.907301,1244532736],[36.075399,1245925376],[36.310026,1243635712],[36.311636,1237381120],[36.461217,1237377024],[36.461386,1082183680],[36.52813,1082675200],[36.632058,1086332928],[37.600341,1086472192],[40.429101,1086582784],[40.432045,1086918656],[41.305475,1089015808],[41.30556,1086918656],[41.380754,1089015808],[41.383029,1103695872],[41.470197,1103884288],[41.4721,1109856256],[41.529678,1109860352],[41.532795,1143414784],[41.86895,1145511936],[41.869953,1156001792],[42.115617,1143025664],[42.119856,1135153152],[42.119968,1103695872],[42.951713,1104084992],[46.893111,1106182144],[46.893203,1104084992],[46.958381,1104216064],[47.864801,1104224256],[47.916756,1104437248],[57.241263,1106534400],[57.241367,1104437248],[69.150595,1104592896],[69.151672,1109549056],[69.327341,1107464192],[69.327472,1104437248],[71.382697,1104449536],[71.383863,1109549056],[71.547324,1109061632],[71.547454,1104437248],[72.841653,1104437248],[77.164991,1104527360],[77.166084,1109549056],[77.217548,1108127744],[77.217646,1104437248],[77.614592,1104556032],[77.615684,1109549056],[77.667159,