{"summary":{"timestamp":1376643376,"hash":"72b50e729d9662ed22f87aa1fcb97a309afbc0fa","max_memory":2009206784,"cpu_time":null,"pull_request":8526},"memory_data":[[0.001596,4096],[0.053064,507904],[0.056872,3383296],[0.101962,6520832],[0.230926,10018816],[0.246136,11296768],[0.353562,12468224],[0.43053,14594048],[0.472533,17977344],[0.527944,18055168],[0.598639,20271104],[0.707075,21254144],[0.75927,23097344],[0.887308,24551424],[1.036655,24584192],[1.226625,27627520],[1.275404,45404160],[1.32548,58630144],[1.344126,67092480],[1.388283,77246464],[1.442874,93634560],[1.465957,103849984],[1.48186,104501248],[1.503308,114114560],[1.545881,123023360],[1.571758,133812224],[1.583198,133865472],[1.665918,158089216],[1.713142,169779200],[1.888264,220094464],[1.905103,232300544],[1.921058,232329216],[1.977543,284946432],[2.086312,389955584],[2.106115,392790016],[2.151468,411770880],[2.177864,427491328],[2.210899,441298944],[2.264056,471769088],[2.284145,476106752],[2.346442,502779904],[2.379737,520953856],[2.441405,546795520],[2.553191,603799552],[2.591084,620998656],[2.611489,633675776],[2.69707,721620992],[2.812744,843141120],[2.842831,873361408],[2.867809,873455616],[2.881492,881172480],[2.96053,964038656],[3.064719,1076346880],[3.10996,1122914304],[3.274749,1308946432],[3.315371,1353588736],[3.59533,1353592832],[3.744938,1355694080],[3.75547,1424900096],[3.963841,1425887232],[4.047543,1428115456],[4.112301,1428246528],[4.247337,1430241280],[4.330917,1433063424],[4.458861,1433927680],[4.639071,1434333184],[5.90359,1434337280],[6.144841,1434468352],[6.199832,1435467776],[6.516636,1435676672],[6.672198,1436147712],[14.0243,1436213248],[14.895612,1436446720],[14.930008,1436602368],[16.931334,1436893184],[18.137719,1436950528],[19.003112,1438760960],[19.503986,1438765056],[19.866975,1439166464],[20.953927,1439281152],[26.280466,1441386496],[26.301604,1581891584],[26.350038,1510584320],[27.189502,1510817792],[27.334881,1513869312],[27.481438,1515966464],[27.485199,1513869312],[28.037933,1514135552],[28.765785,1514287104],[28.792294,1515126784],[30.854849,1515233280],[31.643189,1515352064],[37.484784,1517449216],[37.487569,1515352064],[37.855361,1515352064],[47.488088,1517449216],[47.492062,1515352064],[57.491446,1517449216],[57.49533,1515352064],[67.494806,1517449216],[67.498748,1515352064],[68.988007,1517453312],[68.990969,1548910592],[77.498087,1551007744],[77.501622,1548910592],[79.865987,1548918784],[80.043255,1549287424],[80.145329,1552519168],[80.174497,1551454208],[80.309932,1551474688],[80.395538,1552461824],[80.778604,1552465920],[80.873282,1552773120],[80.899305,1556611072],[80.948827,1559109632],[81.261631,1559453696],[82.19428,1559519232],[82.369789,1559285760],[82.628466,1559654400],[82.807941,1563115520],[84.004793,1563201536],[84.15542,1563975680],[84.364287,1564073984],[84.392646,1564807168],[84.749377,1564917760],[84.848284,1568301056],[85.027305,1570541568],[85.493085,1570553856],[85.493337,1571590144],[86.58616,1571758080],[86.586511,1573244928],[86.913836,1573249024],[87.081346,1574424576],[87.082145,1575931904],[87.47071,1576128512],[87.502948,1578033152],[88.084615,1578225664],[88.268204,1578995712],[88.552617,1579376640],[89.20365,1581101056],[89.495377,1581494272],[89.496024,1584644096],[89.762106,1584869376],[89.762308,1585737728],[90.313703,1585745920],[90.693807,1587957760],[90.816342,1592045568],[90.87927,1592893440],[91.23593,1592909824],[91.313154,1595854848],[91.314453,1597521920],[91.428669,1597677568],[91.430197,1600733184],[92.004786,1600933888],[92.00645,1602846720],[92.262555,1602854912],[92.451185,1605230592],[92.814992,1606295552],[92.922854,1607708672],[92.929847,1610158080],[93.263867,1610563584],[93.288197,1611567104],[93.594947,1612886016],[93.708015,1616146432],[93.777398,1619075072],[94.342636,1619324928],[94.637078,1619992576],[94.920497,1622401024],[94.987436,1625034752],[95.370943,1625698304],[95.525283,1627439104],[95.66201,1627627520],[95.711825,1629839360],[96.105346,1630420992],[96.209063,1631932416],[96.494015,1632313344],[96.548409,1633378304],[96.618612,1636950016],[96.710001,1636962304],[96.712538,1640099840],[97.007281,1640140800],[97.010102,1640927232],[97.389829,1642192896],[97.56241,1644298240],[97.6058,1646350336],[97.93746,1647157248],[97.951085,1650565120],[98.305726,1650712576],[98.446135,1651707904],[98.46856,1652584448],[98.776315,1653465088],[98.896709,1658388480],[98.897311,1662451712],[99.187285,1662570496],[99.189293,1665708032],[99.28985,1665847296],[99.312595,1667190784],[99.914234,1667538944],[99.946037,1668595712],[100.168948,1668927488],[100.194412,1669980160],[100.565612,1670787072],[100.664904,1672028160],[100.679285,1676652544],[100.763761,1676664832],[100.800083,1678630912],[101.126156,1679249408],[101.18471,1681543168],[101.468876,1682116608],[101.487841,1682825216],[101.772601,1683120128],[101.891176,1687502848],[102.362182,1687773184],[102.409533,1689554944],[102.546034,1689731072],[102.585411,1691549696],[102.969152,1691930624],[102.990121,1692745728],[103.232097,1692999680],[103.344183,1693888512],[103.416989,1696960512],[104.096842,1698324480],[104.17704,1701502976],[104.406392,1701994496],[104.455147,1704230912],[104.799673,1704513536],[104.904499,1705082880],[104.950066,1706819584],[105.161288,1707261952],[105.253218,1709518848],[105.585371,1710252032],[105.674558,1714610176],[105.876875,1715257344],[106.187911,1715441664],[106.291218,1719087104],[106.297225,1721069568],[106.401065,1724411904],[106.556334,1724776448],[107.441712,1724882944],[107.684324,1725444096],[107.854478,1727823872],[108.089137,1728806912],[108.15615,1731366912],[108.444166,1732030464],[108.588441,1734930432],[108.670165,1735135232],[108.674268,1739280384],[108.763059,1739554816],[108.768198,1745825792],[108.848968,1748279296],[109.049585,1748787200],[109.15805,1752494080],[109.655983,1753649152],[109.68316,1754783744],[110.048467,1755840512],[110.112064,1757667328],[110.349341,1758285824],[110.365885,1759076352],[110.558489,1760550912],[110.603546,1762869248],[110.749702,1763139584],[110.773045,1764188160],[110.927974,1764528128],[110.930571,1770835968],[111.411567,1770917888],[111.7873,1772298240],[111.875677,1773830144],[111.918894,1775759360],[112.211834,1776504832],[112.367951,1777373184],[112.423466,1779367936],[112.891439,1780490240],[112.945693,1782681600],[113.240454,1783230464],[113.399562,1784057856],[113.477918,1787318272],[113.965212,1787588608],[114.021338,1790197760],[114.198472,1790255104],[114.541154,1790947328],[114.561117,1791676416],[114.931395,1792339968],[114.960124,1793499136],[115.088337,1794375680],[115.112643,1795584000],[115.24422,1795829760],[115.314444,1799057408],[115.501063,1799520256],[115.505609,1805844480],[115.68195,1805914112],[115.69651,1806979072],[115.978302,1807429632],[116.010789,1808719872],[116.20408,1809117184],[116.220568,1809952768],[116.562166,1810690048],[116.671138,1813409792],[116.813678,1815162880],[117.143483,1815699456],[117.172886,1816797184],[117.3209,1817079808],[117.327032,1825480704],[117.85365,1827192832],[117.981117,1828962304],[118.013829,1830490112],[118.142601,1830711296],[118.192536,1832988672],[118.566359,1833537536],[118.582494,1834471424],[118.714948,1834491904],[118.765901,1836769280],[119.363014,1838219264],[119.382204,1839198208],[119.502373,1839435776],[119.562455,1842348032],[119.857543,1842896896],[119.880315,1843634176],[120.311902,1844359168],[120.374621,1845235712],[120.481982,1849696256],[120.918315,1850343424],[121.297271,1851174912],[121.342071,1851584512],[121.407287,1854423040],[122.268499,1855893504],[122.268997,1856417792],[122.545791,1856790528],[122.974841,1858551808],[123.083088,1859604480],[123.204349,1862111232],[123.500916,1862770688],[124.167761,1867436032],[124.444798,1868492800],[124.484253,1870012416],[124.661694,1870311424],[124.728429,1872674816],[124.924522,1872990208],[124.947749,1873944576],[125.308558,1874690048],[125.333589,1875685376],[125.450835,1876316160],[125.473968,1877790720],[125.827683,1878724608],