{"summary":{"timestamp":1374430958,"hash":"73e9a121d285512371a3b94ec7d9bbaa59d24bbc","max_memory":1700200448,"cpu_time":143.85,"pull_request":7921},"memory_data":[[0.003006,8192],[0.011735,8310784],[0.082025,28364800],[0.132744,38322176],[0.171221,52297728],[0.222916,58986496],[0.258253,69509120],[0.28011,72908800],[0.332904,91803648],[0.355716,92532736],[0.383814,102502400],[0.402501,103084032],[0.478312,124575744],[0.497299,124583936],[0.574616,140722176],[0.644573,157409280],[0.682695,164872192],[0.792961,190017536],[0.812888,197365760],[0.901101,215977984],[1.006225,279707648],[1.203583,402874368],[1.258815,436211712],[1.303346,450932736],[1.366704,478003200],[1.413663,493821952],[1.490684,526299136],[1.513191,529735680],[1.554303,542236672],[1.628171,568365056],[1.666105,585060352],[1.696272,594604032],[1.806358,635297792],[1.969197,697782272],[2.004284,714657792],[2.124365,787587072],[2.374248,943017984],[2.561232,1056636928],[2.807834,1210707968],[2.875561,1251778560],[3.061044,1251782656],[3.117278,1255309312],[3.161232,1264001024],[3.20441,1275011072],[3.266773,1275019264],[3.27549,1278980096],[3.325796,1281646592],[3.33796,1299562496],[3.393444,1301069824],[3.403949,1372377088],[3.466708,1374568448],[3.477532,1380712448],[3.503452,1380827136],[3.511682,1391628288],[3.543935,1392369664],[3.547457,1396494336],[3.648884,1396543488],[3.729151,1398890496],[3.783945,1403080704],[3.970046,1405460480],[3.972824,1410121728],[4.177265,1410551808],[4.180862,1415086080],[4.68116,1415143424],[4.68886,1425666048],[4.892814,1425711104],[4.893316,1426280448],[5.073548,1426767872],[5.077117,1427804160],[5.317202,1427869696],[5.352999,1430208512],[5.421999,1430577152],[5.579943,1435504640],[5.80054,1435672576],[5.801959,1437507584],[5.893469,1437822976],[5.894392,1439125504],[6.304671,1439289344],[6.48995,1441423360],[6.491561,1443504128],[6.636312,1443622912],[6.713486,1444519936],[6.969257,1445158912],[6.990985,1446653952],[7.104883,1446965248],[7.205621,1449570304],[7.311794,1450426368],[7.557567,1451155456],[7.589512,1451962368],[7.830862,1452892160],[8.119249,1452961792],[8.124721,1459695616],[8.224299,1459789824],[8.324106,1462382592],[8.816688,1462452224],[8.899624,1463607296],[9.050976,1464098816],[9.052065,1465442304],[9.187162,1465540608],[9.62557,1468305408],[11.270682,1468309504],[11.859849,1469427712],[11.866136,1472118784],[12.476656,1472126976],[12.624863,1475678208],[12.663586,1478111232],[12.813644,1482014720],[13.029778,1507008512],[13.04762,1512243200],[13.107537,1515991040],[13.180691,1517330432],[13.211009,1523003392],[13.68545,1523052544],[13.842042,1524727808],[13.96893,1524731904],[14.051516,1526386688],[14.23378,1526435840],[14.324537,1527771136],[15.693247,1527779328],[15.811472,1532010496],[16.100515,1537794048],[16.211188,1542688768],[16.333421,1544699904],[16.40729,1544646656],[16.813049,1548337152],[16.994627,1549217792],[17.229156,1550917632],[17.622577,1552949248],[17.696266,1553661952],[18.07968,1555800064],[18.225109,1556262912],[18.73276,1559425024],[18.819238,1560780800],[18.999937,1561554944],[19.220402,1563361280],[20.129533,1568022528],[20.350808,1568681984],[20.712257,1570938880],[21.034675,1572126720],[21.161083,1574625280],[21.315816,1576026112],[21.473824,1578135552],[21.535703,1583898624],[21.719734,1595568128],[21.723865,1597513728],[22.151373,1619935232],[22.261219,1625305088],[22.262891,1629507584],[22.297008,1629523968],[22.766788,1653936128],[22.97712,1665306624],[23.066546,1671204864],[23.102366,1674772480],[23.275564,1683374080],[23.305246,1687130112],[23.502867,1692778496],[23.503455,1693564928],[23.661035,1697316864],[23.890183,1698799616],[23.899107,1687564288],[23.914241,1683365888],[24.222459,1681264640],[24.347752,1681260544],[24.347834,1609957376],[25.748322,1610014720],[34.201568,1610039296],[34.857859,1610092544],[66.178187,1610113024],[68.798147,1612210176],[68.802042,1610125312],[76.457248,1610215424],[78.139473,1610256384],[78.804121,1612353536],[78.808008,1610309632],[81.521662,1610379264],[88.805544,1610457088],[89.20601,1610665984],[94.865639,1610694656],[97.891809,1610731520],[98.816082,1612828672],[98.821175,1611780096],[107.671904,1611870208],[108.25922,1611968512],[108.821113,1614065664],[108.827453,1611968512],[110.682963,1612021760],[110.800978,1612087296],[113.999756,1612161024],[115.67871,1612308480],[118.404332,1612394496],[118.760848,1612455936],[118.827134,1614553088],[118.833433,1612468224],[119.76225,1612660736],[121.087344,1612709888],[124.186227,1612914688],[125.346125,1613160448],[126.535454,1613291520],[129.595831,1613385728],[131.063024,1613840384],[132.715797,1613877248],[132.990433,1613963264],[141.039826,1614135296],[143.082384,1614237696],[143.143583,1614303232],[145.587036,1614352384],[145.78316,1614794752],[145.787308,1639964672],[145.979541,1640435712],[147.099126,1640443904],[147.871486,1640652800],[147.935631,1653964800],[148.019337,1653977088],[148.135452,1656713216],[148.769743,1656836096],[148.830133,1660706816],[148.831145,1664114688],[148.91479,1666002944],[148.916042,1663438848],[149.005132,1663508480],[149.069376,1665933312],[149.133216,1672699904],[149.226365,1680113664],[149.257847,1689616384],[149.321416,1689518080],[149.321581,1683095552],[149.444783,1683099648],[150.309734,1657929728],[150.314139,1626710016],[150.325747,1630973952],[150.331456,1679720448],[150.332087,1631502336],[150.343909,1626726400],[150.360265,1638584320],[150.392822,1648193536],[150.413622,1649754112],[150.445097,1672429568],[150.463601,1678057472],[150.496206,1677025280],[150.496789,1645740032],[150.503961,1628008448],[150.795146,1627922432],[150.859831,1627496448],[150.860458,1475842048],[150.863828,1438687232],[150.883674,1162448896],[150.892103,1082257408],[150.893144,1043279872],[150.904752,923242496],[150.920978,724131840],[150.922067,685772800],[150.927398,645996544],[150.928543,606326784],[150.938198,487157760],[150.943519,446894080],[150.94779,368091136],[150.953099,328024064],[150.95424,288542720],[150.959651,248725504],[150.967541,129769472],[150.969713,128491520],[150.974529,48111616],[150.980412,13959168]],"pass_timing":[["parsing",0.887],["std macros injection",0.001],["configuration 1",0.358],["expansion",0.745],["configuration 2",0.438],["maybe building test harness",0.434],["std injection",0.16],["ast indexing",0.197],["external crate/lib resolution",0.127],["language item collection",0.043],["resolution",1.357],["looking for entry point",0],["freevar finding",0.08],["region resolution",0.132],["region parameterization inference",0.043],["type collecting",0.116],["coherence checking",0.186],["type checking",6.885],["const marking",0.773],["const checking",0.039],["privacy checking",0.162],["effect checking",0.051],["loop checking",0.031],["compute moves",0.625],["match checking",0.114],["liveness checking",0.175],["borrow checking",0.804],["kind checking",0.114],["reachability checking",0.051],["lint checking",0.227],["translation",8.319],["LLVM passes",125.967],["linking",0.189]]}