{"summary":{"timestamp":1389510987,"hash":"74258eaefacee4272cd68819a135d79dfd278291","max_memory":1291313152,"cpu_time":206.66,"pull_request":11491},"memory_data":[[0.002088,8192],[0.011235,9633792],[0.087205,14045184],[0.17243,27774976],[0.210949,29487104],[1.079337,29503488],[1.107366,30076928],[1.150801,36810752],[1.177362,44965888],[1.228288,52699136],[1.32423,55513088],[1.341988,59957248],[1.503522,61153280],[1.529152,65060864],[1.621076,66195456],[1.938494,66293760],[1.953435,69865472],[1.999224,70868992],[2.031288,73773056],[2.175386,95379456],[2.212195,99848192],[2.253073,99868672],[2.348927,171130880],[2.523693,171151360],[2.665168,171970560],[2.790956,173576192],[3.03814,173551616],[3.100413,182362112],[3.111112,189820928],[3.259263,207179776],[3.315587,215490560],[3.376314,221933568],[3.390292,225271808],[3.459797,234668032],[3.569907,234696704],[3.581698,245665792],[3.640948,288821248],[4.144153,288923648],[4.196685,296275968],[4.226498,296382464],[4.230543,310960128],[4.25507,303616000],[4.313388,305717248],[4.320405,332980224],[4.370326,318296064],[4.481124,318308352],[4.496788,377024512],[4.596345,347660288],[4.600763,348360704],[5.437946,348532736],[5.441978,363114496],[5.469275,363241472],[5.471514,371503104],[6.081405,371527680],[6.085386,384086016],[7.90792,384176128],[7.913085,400904192],[8.517079,400908288],[8.609507,401108992],[8.612059,409358336],[8.764857,409493504],[8.822887,411901952],[8.977412,415223808],[9.200782,417710080],[9.284038,419495936],[9.285714,421187584],[9.615941,425332736],[9.807942,429297664],[9.911082,430374912],[10.080044,434597888],[10.188129,435539968],[10.1935,438071296],[10.287064,438317056],[10.358807,441380864],[10.38999,441180160],[10.401469,474738688],[11.290619,474845184],[11.423778,476131328],[11.427944,492859392],[11.93368,493051904],[12.029765,495263744],[12.136966,496558080],[12.13875,499744768],[12.301895,499953664],[12.567926,504709120],[12.697593,505495552],[12.831475,510349312],[12.956058,510353408],[13.109802,512688128],[13.189619,513163264],[13.297529,515379200],[13.47953,517267456],[13.536448,518975488],[13.646171,519593984],[13.804899,521932800],[13.806135,526319616],[13.922573,526376960],[14.112958,528084992],[14.206269,531697664],[14.295882,531546112],[14.347472,533819392],[14.41922,533921792],[14.545325,535560192],[14.574267,536731648],[14.687657,537313280],[14.786214,539160576],[14.818906,541462528],[14.960109,542822400],[15.043048,544739328],[15.214293,547459072],[15.387363,549064704],[15.42292,551866368],[15.452252,550518784],[15.604884,551792640],[15.726429,553975808],[15.773426,553959424],[15.921878,557772800],[15.930355,591331328],[15.940484,590852096],[16.330649,590905344],[16.332866,599138304],[16.386819,601239552],[16.390181,615919616],[16.427726,599138304],[16.42783,590880768],[18.841291,592986112],[18.861854,657993728],[18.882253,624435200],[21.550593,624463872],[21.568107,627466240],[21.638219,631685120],[21.682071,631754752],[21.835201,639537152],[21.868481,643158016],[21.988211,649400320],[22.286497,661499904],[22.380153,666451968],[22.55293,673427456],[22.673019,684191744],[22.841924,690720768],[22.912923,694181888],[23.009126,697163776],[23.179195,704516096],[23.325678,709349376],[23.532712,719020032],[23.558726,721104896],[23.729688,728170496],[23.761695,730243072],[24.254278,750374912],[24.498554,761028608],[24.634137,766193664],[24.722963,771162112],[24.899906,778096640],[25.117496,787492864],[25.391752,798580736],[25.437793,801357824],[25.439284,805552128],[25.486452,805572608],[25.732913,816537600],[25.802943,819048448],[25.804358,823242752],[25.850487,823320576],[26.165597,837087232],[26.172256,866451456],[26.536458,866488320],[26.770437,875814912],[26.803018,878501888],[27.09363,889982976],[27.134687,892399616],[27.685017,914108416],[28.152699,932888576],[28.153617,934985728],[28.299614,939634688],[28.560645,951320576],[28.725855,957882368],[28.752028,959963136],[29.235546,980168704],[29.270295,982265856],[29.548492,993796096],[29.732485,1002807296],[29.734794,1011113984],[29.843318,1011122176],[30.141319,1022971904],[30.251061,1029017600],[30.252491,1033216000],[30.277107,1033572352],[30.283415,1042227200],[30.317494,1044783104],[30.548567,1055621120],[30.632023,1060290560],[30.632692,1063370752],[30.675282,1063411712],[30.761821,1067069440],[30.763399,1071263744],[30.819172,1071280128],[30.969892,1079451648],[31.245205,1090572288],[31.421858,1098477568],[31.423399,1106870272],[31.52629,1106882560],[31.747336,1115713536],[31.798885,1118461952],[31.919982,1122545664],[32.234676,1136435200],[32.482629,1145806848],[32.550375,1149366272],[32.796556,1159888896],[32.828141,1161953280],[33.391257,1183109120],[33.701355,1195487232],[33.908231,1204703232],[33.940437,1205325824],[34.13392,1212981248],[34.193433,1216065536],[34.207454,1218793472],[34.306166,1221595136],[34.307334,1224138752],[34.403424,1227382784],[34.420002,1225732096],[34.423811,1237946368],[34.585822,1243136000],[35.101738,1261359104],[35.106997,1290829824],[35.108998,1255469056],[35.398004,1266753536],[35.424803,1269878784],[35.424952,1264631808],[35.618696,1264721920],[35.619004,1265582080],[36.096385,1268109312],[36.11939,1271889920],[36.589364,1205579776],[36.593949,1171218432],[36.832236,1114173440],[36.832336,1112494080],[43.673387,1114595328],[43.67625,1146052608],[44.094235,1112494080],[148.636025,1114591232],[148.637636,1122983936],[148.808126,1127182336],[148.810941,1158639616],[148.83802,1160736768],[149.207852,1169129472],[149.276512,1171230720],[149.282443,1236242432],[149.300384,1202683904],[149.321943,1204781056],[149.415154,1206878208],[149.429231,1139765248],[149.435807,1165086720],[149.435917,1137831936],[208.755944,1139929088],[208.757744,1154613248],[210.876653,1154617344],[210.982396,1163296768],[210.989096,1168826368],[211.223979,1168830464],[211.228818,1152049152],[211.238377,1155743744],[212.211146,1155575808],[212.220518,1146511360],[212.221263,1108762624],[212.256638,1099313152],[212.267312,922099712],[212.272186,800641024],[212.284936,558665728],[212.286491,558231552],[212.295113,374300672],[212.300111,317853696],[212.300889,246714368],[212.308254,166727680],[212.314945,52932608],[212.317705,46379008]],"pass_timing":[["parsing",2.216],["gated feature checking",0.025],["std macros injection",0.001],["configuration 1",0.127],["expansion",1.116],["configuration 2",0.209],["maybe building test harness",0.202],["std injection",0.198],["assinging node ids and indexing ast",0.543],["external crate/lib resolution",0.053],["language item collection",0.029],["resolution",1.203],["lifetime resolution",0.03],["looking for entry point",0],["freevar finding",0.061],["region resolution",0.104],["type collecting",0.113],["variance inference",0.06],["coherence checking",0.131],["type checking",9.827],["const marking",0.161],["const checking",0.043],["privacy checking",0.344],["effect checking",0.054],["loop checking",0.029],["compute moves",2.696],["match checking",0.163],["liveness checking",0.218],["borrow checking",0.755],["kind checking",0.125],["reachability checking",0.011],["death checking",0.139],["lint checking",0.407],["translation",14.765],["llvm function passes",6.243],["llvm module passes",104.849],["codegen passes",61.803],["LLVM passes",-0]]}