{"summary":{"timestamp":1364275497,"hash":"74815249787076f0e3cd9c8dc72553f73e612856","max_memory":1244860416,"cpu_time":105.4,"pull_request":5528},"memory_data":[[0.00151,4096],[0.00541,7118848],[0.157564,18219008],[0.343769,32530432],[0.547402,47394816],[1.004996,80138240],[1.088753,85848064],[1.387144,231182336],[1.448315,238084096],[1.531224,252362752],[1.550827,254148608],[1.611991,266223616],[1.693952,270647296],[1.775175,279093248],[1.805592,284561408],[1.8742,290414592],[1.950261,299118592],[2.043561,312057856],[2.113256,320307200],[2.140769,325320704],[2.176805,325337088],[2.210098,336121856],[2.225499,336424960],[2.228682,357400576],[2.242446,357261312],[2.242551,346910720],[2.272406,347758592],[2.278921,389705728],[2.296009,368730112],[2.338445,370319360],[2.350546,454209536],[2.386647,413020160],[2.412055,421187584],[2.417625,433700864],[2.43485,434024448],[2.440324,447078400],[2.479831,447086592],[2.59397,452001792],[2.643083,453128192],[2.737748,462692352],[2.86353,465293312],[2.864449,467853312],[2.972731,467865600],[2.974286,473096192],[3.297243,473231360],[3.299886,483581952],[4.107891,483639296],[4.112867,504553472],[4.387044,504692736],[4.388962,512942080],[4.422896,515043328],[4.42569,529723392],[5.078205,529907712],[5.145532,530419712],[5.146652,533975040],[5.268564,534118400],[5.409717,535384064],[5.592797,537751552],[5.690833,540397568],[5.692587,547704832],[6.027435,548003840],[6.337293,553406464],[6.43774,553463808],[6.584977,555372544],[6.798842,556867584],[6.875155,559218688],[6.883957,575705088],[8.214228,575856640],[8.36096,576868352],[8.361404,577757184],[8.607461,579055616],[8.646544,580100096],[8.824684,581287936],[8.890115,582815744],[8.947464,582402048],[9.249996,585039872],[9.312961,586309632],[9.554102,586936320],[9.659738,588292096],[9.763559,588312576],[9.89835,590217216],[10.080481,590893056],[10.29563,592326656],[10.354667,594464768],[10.355349,597024768],[10.791524,597078016],[10.959596,597975040],[10.96541,627310592],[11.073559,629415936],[11.076436,627326976],[12.159196,627331072],[12.214769,632467456],[12.21592,637595648],[12.291152,637730816],[12.293412,648081408],[13.526429,648278016],[13.628967,649191424],[13.629174,651378688],[13.699405,651456512],[13.764646,653918208],[14.175241,654110720],[14.207795,655855616],[14.212297,668168192],[14.235861,672362496],[14.347925,674463744],[14.397594,679022592],[14.397891,681119744],[14.469148,681132032],[14.520288,689139712],[14.55541,691236864],[14.562854,695431168],[14.617328,701722624],[14.700878,705929216],[14.802773,716623872],[14.837661,721833984],[14.928493,726667264],[15.000925,727519232],[15.108198,731889664],[15.235483,736071680],[15.235993,740265984],[15.331716,742596608],[15.477568,750190592],[15.47792,752287744],[15.569577,756842496],[15.710118,759664640],[15.803587,765849600],[15.927182,770396160],[15.948107,783847424],[15.991966,786518016],[16.065961,788389888],[16.225113,797659136],[16.362388,806834176],[16.393747,806916096],[16.528399,812662784],[16.569213,815849472],[16.703263,823558144],[16.737281,823808000],[16.989487,836280320],[16.992621,842682368],[17.117739,850132992],[17.238747,854614016],[17.315929,855281664],[17.36541,858247168],[17.445877,858664960],[17.549312,860590080],[17.644841,865046528],[17.666655,869343232],[17.760947,872001536],[17.86823,876527616],[17.930546,880308224],[17.987205,880902144],[18.058113,883429376],[18.166488,885248000],[18.306054,890531840],[18.354348,891068416],[18.403636,893870080],[18.404049,895967232],[18.498673,902053888],[18.5547,902823936],[18.613853,907468800],[18.728918,912285696],[18.832159,912793600],[19.037871,918622208],[19.117965,921731072],[19.19185,927248384],[19.423304,934899712],[19.424008,936996864],[19.528341,941142016],[19.529105,947388416],[19.583599,951590912],[19.634666,951599104],[19.738333,955842560],[19.809954,956211200],[19.893039,958582784],[19.893424,960679936],[19.943252,961912832],[20.005304,965734400],[20.148754,966914048],[20.206822,972226560],[20.275439,974114816],[20.336998,974196736],[20.437184,978833408],[20.583125,980422656],[20.583648,984616960],[20.650892,986877952],[20.749896,992993280],[20.822496,995172352],[20.895747,995688448],[20.966826,998563840],[21.165359,1008193536],[21.24002,1012645888],[21.313474,1015513088],[21.384328,1015914496],[21.499201,1020297216],[21.545359,1023373312],[21.658306,1024831488],[21.834612,1033949184],[21.892238,1034493952],[22.074393,1043238912],[22.141128,1044344832],[22.220311,1048326144],[22.305708,1051090944],[22.399372,1055911936],[22.433331,1059545088],[22.445477,1064558592],[22.735023,1078353920],[22.816782,1080610816],[22.951208,1086767104],[22.96669,1095876608],[23.067874,1101221888],[23.067925,1103319040],[23.262821,1113387008],[23.325933,1119031296],[23.539598,1128681472],[23.627793,1132077056],[23.629878,1134174208],[23.728428,1139412992],[23.829155,1143328768],[23.911037,1149784064],[23.99407,1152073728],[24.111004,1159057408],[24.112585,1163296768],[24.150857,1163309056],[24.251262,1168527360],[24.29814,1169264640],[24.349358,1173258240],[24.349763,1175408640],[24.535037,1186377728],[24.638193,1189265408],[24.798724,1199640576],[24.849349,1203957760],[24.851544,1210327040],[24.894695,1216823296],[24.906055,1224183808],[24.972479,1226448896],[24.973481,1230655488],[25.025252,1235152896],[25.067148,1236791296],[25.299251,1240342528],[25.30356,1244762112],[25.461187,1243410432],[25.462523,1235439616],[25.585636,1233862656],[25.585836,1078145024],[27.466641,1078210560],[27.469831,1094791168],[27.628533,1094893568],[27.631858,1103183872],[27.638904,1168195584],[27.973652,1167986688],[27.973965,1145257984],[27.981128,1078145024],[30.613968,1078308864],[30.617117,1094791168],[31.078505,1096888320],[31.083194,1094803456],[41.081829,1096900608],[41.086437,1094811648],[51.085187,1096908800],[51.087475,1094811648],[61.088514,1096908800],[61.091925,1094811648],[71.091836,1096908800],[71.095276,1094811648],[71.405485,1094889472],[71.408582,1128058880],[71.416443,1126273024],[71.416699,1111724032],[81.095169,1113821184],[81.096834,1111724032],[101.256527,1111752704],[101.256577,1111855104],[102.560381,1111977984],[102.667897,1112092672],[102.676378,1116246016],[102.679229,1132994560],[102.853653,1137020928],[102.855606,1147510784],[102.971773,1149607936],[102.977726,1151709184],[102.983652,1216720896],[103.238862,1223016448],[103.241643,1237696512],[103.242755,1206366208],[103.397507,1210560512],[103.448567,1210654720],[103.451183,1227206656],[103.549949,1231400960],[103.621592,1164288000],[103.624448,1139294208],[103.630676,1166200832],[103.630775,1139023872],[104.418668,1138761728],[104.481421,1054871552],[104.787209,1054531584],[104.793967,914624512],[104.79766,874704896],[104.798589,828899328],[104.80242,787542016],[104.807878,670007296],[104.811584,629354496],[104.812519,573816832],[104.816306,515936256],[104.818662,446832640],[104.819565,370925568],[104.820942,370651136],[104.824423,291479552],[104.825968,291098624],[104.830745,201621504],[104.830898,29843456],[104.831798,27037696]],"pass_timing":[["parsing",1.082],["configuration",0.151],["maybe building test harness",0.15],["expansion",0.752],["intrinsic injection",0.004],["core injection",0],["building lint settings table",0.032],["ast indexing",0.218],["external crate/lib resolution",0.065],["language item collection",0.019],["resolution",1.801],["freevar finding",0.073],["region resolution",0.084],["region parameterization inference",0.026],["type collecting",0.09],["method resolution",0.245],["type checking",7.365],["const marking",0.198],["const checking",0.021],["privacy checking",0.215],["loop checking",0.017],["compute moves",0.733],["match checking",0.081],["liveness checking",0.183],["borrow checking",0.256],["kind checking",0.051],["lint checking",0.15],["translation",11.408],["LLVM passes",78.813]]}