{"summary":{"timestamp":1379609759,"hash":"755f6229da1d436f4cb23fffea644ba13291b434","max_memory":2023034880,"cpu_time":null,"pull_request":9279},"memory_data":[[0.001534,4096],[0.041965,90112],[0.107123,7069696],[0.252846,12365824],[0.397648,13660160],[0.402326,14753792],[0.533062,16371712],[0.560626,19857408],[0.651772,21049344],[0.65202,25251840],[0.916052,30392320],[0.919964,49655808],[0.958643,50741248],[0.963089,55074816],[1.210258,58167296],[1.232049,62414848],[1.25066,70803456],[1.278601,77094912],[1.296354,85483520],[1.366814,102264832],[1.392805,114843648],[1.410387,116940800],[1.467261,135815168],[1.548039,156786688],[1.619911,177762304],[1.640256,181952512],[1.706558,203317248],[1.715693,209608704],[1.744874,211836928],[1.777891,234905600],[1.846347,327180288],[1.945136,340226048],[2.01557,357003264],[2.08848,367489024],[2.151258,377974784],[2.240706,401043456],[2.361099,419917824],[2.397034,428306432],[2.452082,436695040],[2.52884,451375104],[2.552135,457666560],[2.691891,487026688],[2.706412,491220992],[2.82832,516386816],[2.837004,520581120],[2.953383,667381760],[2.980904,703033344],[3.115053,885485568],[3.128665,896040960],[3.247635,1072201728],[3.274095,1074429952],[3.285472,1082818560],[3.403261,1256882176],[3.417842,1248493568],[3.432294,1223327744],[3.43284,1202356224],[3.437865,1198161920],[3.442538,1164607488],[3.459067,1122664448],[3.466221,1118470144],[3.468833,1101692928],[3.487947,1063944192],[3.497241,1026195456],[3.502944,1022001152],[3.513083,988446720],[3.514605,954892288],[3.528512,929726464],[3.530873,912949248],[3.538157,904527872],[3.551024,849358848],[3.554279,849354752],[3.569582,786915328],[3.578603,770117632],[3.614542,681517056],[3.648498,602529792],[3.653582,538705920],[3.669374,534487040],[3.678149,520564736],[3.689926,475303936],[3.700014,449998848],[3.703359,420962304],[3.70911,420397056],[3.729463,370741248],[3.752087,309661696],[3.778424,321216512],[3.780928,340094976],[3.787175,329609216],[3.80524,330829824],[3.810968,368578560],[3.823205,349704192],[3.861257,353124352],[3.87198,426524672],[3.896858,388775936],[3.94174,393773056],[4.122861,394625024],[4.134475,395988992],[4.157961,414081024],[4.184873,430329856],[4.19017,457592832],[4.190465,428232704],[4.227096,429195264],[4.247225,440598528],[4.28099,441454592],[4.301441,454955008],[4.416546,456089600],[4.450491,458162176],[4.488011,463761408],[4.523633,473473024],[4.686662,479567872],[4.687829,482193408],[4.758524,482553856],[4.775444,491483136],[4.882197,492224512],[4.88892,496832512],[5.013005,496914432],[5.017526,509497344],[5.023522,503205888],[5.53604,504135680],[5.540427,527204352],[5.552723,514621440],[5.830271,515448832],[5.839432,521740288],[6.01229,522813440],[6.056637,533643264],[6.093746,535740416],[6.096755,552517632],[6.103504,542031872],[6.221162,543125504],[6.390728,551669760],[6.45795,558497792],[6.55261,563216384],[6.624266,570327040],[6.708106,572297216],[6.709759,578588672],[6.907936,584212480],[6.972572,585072640],[7.109923,589537280],[7.225757,591491072],[7.286107,593793024],[7.287296,600084480],[7.332642,601530368],[7.337753,605724672],[7.45303,608587776],[7.546571,614744064],[7.809535,621637632],[7.860371,623640576],[8.011362,627621888],[8.091706,628654080],[8.237429,632963072],[8.240549,651837440],[8.247659,641351680],[8.361914,644956160],[8.499433,648101888],[8.593163,651272192],[8.598365,655466496],[8.701001,657346560],[8.862685,658399232],[8.990912,660144128],[9.054052,662196224],[9.158809,662958080],[9.360927,665915392],[9.414906,667389952],[9.52489,668434432],[9.59067,670420992],[9.737404,672833536],[9.874242,676974592],[9.985529,678817792],[10.083028,682340352],[10.208635,683802624],[10.279272,685510656],[10.279469,688214016],[10.435449,690561024],[10.55702,693559296],[10.755901,697290752],[10.861327,700674048],[11.021619,702345216],[11.22299,705835008],[11.227465,724709376],[11.24213,714256384],[11.248737,749907968],[11.262632,731033600],[11.398175,732758016],[11.429414,734384128],[11.707399,737329152],[11.844682,742215680],[11.925798,742313984],[12.075029,744890368],[12.15257,745164800],[12.237982,747028480],[12.319952,747417600],[12.421581,749572096],[12.422531,752553984],[12.568712,753696768],[12.586549,754769920],[12.691728,755474432],[12.805274,758108160],[13.071538,760754176],[13.126007,762658816],[13.214941,763400192],[13.395373,767307776],[13.52999,768159744],[13.699785,772993024],[13.850348,774377472],[13.851331,780668928],[13.982422,782143488],[13.999053,783130624],[14.346241,787488768],[14.369897,791625728],[14.53467,793030656],[14.584642,794263552],[14.661183,801116160],[14.71618,808517632],[14.717126,814809088],[14.791931,823889920],[14.792886,830201856],[14.888993,843456512],[14.894851,849747968],[15.072626,873058304],[15.171781,888782848],[15.173573,899280896],[15.182763,892989440],[15.21796,898715648],[15.294874,905846784],[16.12433,907124736],[16.124584,907804672],[16.494338,907870208],[16.513025,910295040],[16.584019,910360576],[16.58456,914210816],[17.552043,914276352],[17.826057,914427904],[17.978193,916033536],[18.023572,917983232],[18.164354,918274048],[18.247951,924102656],[18.248,926199808],[18.334728,926285824],[18.424276,932278272],[18.638598,944349184],[18.691227,949067776],[18.733019,949104640],[18.762196,953012224],[18.831375,954814464],[18.831524,956911616],[18.954187,957026304],[19.005321,961220608],[19.179911,971710464],[19.390874,982196224],[19.573983,992890880],[19.665961,999182336],[19.787101,1005473792],[19.965458,1013862400],[20.07021,1020153856],[20.161197,1024348160],[20.492094,1041125376],[20.511998,1047416832],[20.570653,1049513984],[20.808189,1062096896],[20.869256,1066291200],[21.060499,1076776960],[21.148648,1083068416],[21.343511,1093554176],[21.411551,1095483392],[21.411625,1097588736],[21.496538,1101942784],[21.507518,1104039936],[21.62748,1110331392],[21.67193,1110343680],[21.906533,1122742272],[21.906633,1124843520],[22.028805,1129050112],[22.199793,1137455104],[22.199842,1139552256],[22.285694,1141633024],[22.393649,1147940864],[22.420659,1152200704],[22.458212,1152225280],[22.487928,1156440064],[22.515802,1156456448],[22.560461,1160654848],[22.598812,1160667136],[22.626942,1164689408],[22.782655,1173237760],[22.828677,1173323776],[22.864387,1177329664],[22.960785,1181655040],[23.004227,1181753344],[23.039245,1185792000],[23.081193,1185882112],[23.154612,1189761024],[23.19044,1194102784],[23.231251,1194168320],[23.264783,1198411776],[23.31315,1198419968],[23.422121,1206820864],[23.496248,1209393152],[23.532167,1217265664],[23.538364,1250820096],[23.552007,1231945728],[23.575286,1236144128],[23.600254,1236152320],[23.662269,1242443776],[23.684105,1387147264],[23.736286,1313746944],[23.81138,1317945344],[24.005425,1332633600],[24.006197,1336827904],[24.246139,1349419008],[24.388709,1357807616],[24.420023,1357815808],[24.47803,1362014208],[24.828857,1378803712],[24.910437,1382998016],[25.262933,1399775232],[25.70935,1424941056],[25.809168,1429135360],[25.817015,1431232512],[25.895283,1433329664],[25.89982,1441718272],[26.116284,1445912576],[26.500941,1435426816],[26.53223,1422843904],[26.623307,1424138240],[26.655297,1426296832],[26.731528,1428242432],[26.907893,1428598784],[26.920406,1429368832],[29.174087,1429381120],[30.071184,1431478272],[30.095152,1435672576],[30.117567,1444061184],[30.150239,1446158336],[30.172131,1454546944],[30.176845,1462935552],[30.406378,1465032704],[30.409165,1496489984],[30.415619,1479712768],[30.434049,1486004224],[30.676206,1473421312],[30.680129,1435672576],[30.86199,1435688960],[33.520477,1437786112],[33.546768,1441980416],[33.631261,1446223872],[41.914976,1448321024],[43.388344,1450418176],[43.39349,1456709632],[43.595863,1458806784],[44.447999,1460903936],[51.362428,1463001088],[51.591203,1465098240],[51.591352,1467195392],[55.79381,1469292544],[56.614882,1471389696],[57.656541,1473486848],[58.572467,1475584000],[59.357856,1477681152],[59.752173,1479778304],[61.400621,1481875456],[61.829189,1483972608],[61.878021,1486069760],[63.770141,