{"summary":{"timestamp":1390858006,"hash":"760ddb3081acb038ff3c6bcc918bfa293dfc5acd","max_memory":1318776832,"cpu_time":151.29,"pull_request":11723},"memory_data":[[0.002102,4096],[0.010676,9347072],[0.116645,11255808],[0.27013,35749888],[0.295217,42647552],[0.39675,55824384],[0.595921,85635072],[0.625038,91230208],[0.680136,92155904],[0.73025,102277120],[0.862346,135573504],[0.968697,136122368],[1.176512,138776576],[1.299951,139022336],[1.432703,140668928],[1.738499,141668352],[1.834421,151416832],[1.881142,152276992],[2.082238,171753472],[2.201311,171769856],[2.275746,210337792],[3.059795,210526208],[3.061394,217731072],[3.143466,220999680],[3.143681,223096832],[3.203486,225198080],[3.206713,227295232],[3.267298,231489536],[3.41511,231649280],[3.576387,232779776],[3.637188,235196416],[3.827005,238931968],[3.882201,240562176],[4.197461,247115776],[4.257401,247246848],[4.619762,253894656],[4.726048,257568768],[4.863408,260800512],[4.943843,266043392],[5.064563,267137024],[5.168476,273932288],[5.214397,274685952],[5.362367,281112576],[5.510757,282816512],[5.623547,286257152],[5.796295,287096832],[6.16566,287727616],[6.61575,287735808],[6.64841,288731136],[7.0842,289214464],[7.248036,289665024],[7.491413,289714176],[7.496923,302252032],[7.609837,302993408],[7.790341,303181824],[7.791993,305672192],[8.015393,306135040],[8.029132,308490240],[8.093924,308498432],[8.102275,310378496],[8.186329,311017472],[8.312535,316964864],[8.360051,320032768],[8.459069,321122304],[8.813943,330702848],[8.818174,332763136],[8.878459,335626240],[9.154225,337944576],[9.295566,340004864],[9.296918,342040576],[9.427018,342200320],[9.576879,344461312],[9.623175,346296320],[9.773057,348299264],[9.779903,352493568],[9.991839,355704832],[10.164114,357031936],[10.20109,357986304],[10.202761,362020864],[10.381866,362037248],[10.551582,365219840],[10.62818,365936640],[10.838293,374140928],[10.894916,375582720],[11.128034,375615488],[11.214324,376528896],[11.220289,393310208],[11.230445,384917504],[11.339746,386252800],[11.385432,388419584],[11.619578,389898240],[11.973657,393879552],[12.023538,395403264],[12.110873,395575296],[12.184208,398364672],[12.214546,396955648],[12.375331,399253504],[12.380784,407711744],[12.63447,407760896],[12.873527,410296320],[12.877372,411414528],[13.0376,412528640],[13.065657,413818880],[13.173895,414830592],[13.431266,416116736],[13.465632,417280000],[13.607617,417898496],[13.669704,419930112],[13.848423,420069376],[13.885506,420904960],[14.254788,423886848],[14.361468,425664512],[14.719534,428474368],[14.857833,430870528],[14.95188,431001600],[14.998567,432635904],[15.208371,433971200],[15.209274,435142656],[15.342679,435916800],[15.450332,438263808],[15.461505,471822336],[15.481769,455041024],[15.637554,456683520],[15.791387,457043968],[16.003051,459640832],[16.050717,461168640],[16.219661,462827520],[16.402054,463335424],[16.467303,464936960],[16.616007,465281024],[16.739166,467488768],[16.855119,467513344],[16.936894,468525056],[16.96384,470188032],[17.059716,470601728],[17.064461,487198720],[17.770687,487378944],[17.801923,488620032],[17.943019,488624128],[18.011386,489394176],[18.012613,491323392],[18.145481,491401216],[18.346136,492937216],[18.720562,496807936],[18.830239,497098752],[19.032939,499482624],[19.218068,500535296],[19.303828,501739520],[19.490905,502571008],[19.638518,505077760],[19.707988,507392000],[19.950924,507633664],[20.151826,509644800],[20.381021,510705664],[20.423889,511688704],[20.879599,514547712],[20.965822,516456448],[21.1644,517115904],[21.222698,518324224],[21.350791,518508544],[21.470543,519577600],[21.510901,523399168],[21.791078,523530240],[22.073137,525344768],[22.160027,527794176],[22.232089,528113664],[22.287049,530403328],[22.395168,530636800],[22.717681,535552000],[22.748084,537669632],[22.927841,539561984],[23.026022,541294592],[23.305434,543985664],[23.569234,545136640],[23.687972,546091008],[23.739258,548937728],[23.773032,547590144],[24.008067,548683776],[24.147459,549933056],[24.158152,583491584],[24.884733,583602176],[24.90933,585891840],[24.998981,586027008],[25.002337,594329600],[25.081378,596430848],[25.08552,611110912],[25.14714,594268160],[25.147254,586072064],[25.837354,586076160],[27.769731,588181504],[27.789514,653189120],[27.831693,619630592],[30.169081,619675648],[31.276863,620154880],[32.970096,622252032],[32.970958,623206400],[33.077858,623075328],[33.078064,621764608],[33.774211,621826048],[33.861387,623230976],[34.041675,623849472],[34.169207,625238016],[34.176037,627335168],[34.238985,629436416],[34.329779,629444608],[34.579943,634302464],[34.747305,638685184],[34.948265,644636672],[35.103782,648564736],[35.185439,652455936],[35.191886,681820160],[35.785183,681943040],[35.966947,685985792],[35.985514,687026176],[36.307728,694079488],[36.387818,696360960],[36.481595,697757696],[36.700206,703152128],[36.828646,705429504],[36.925962,708120576],[36.963883,710209536],[37.132616,713703424],[37.349152,723505152],[37.511904,728158208],[37.728329,733122560],[38.095218,740761600],[38.144588,742785024],[38.374972,747757568],[38.395078,748625920],[38.698289,755130368],[39.257949,767954944],[39.322715,770334720],[39.324262,772349952],[39.377622,772362240],[39.474763,774606848],[39.732576,779321344],[39.896566,783839232],[39.898841,788033536],[39.989619,788049920],[40.402544,796622848],[40.437816,798883840],[40.490077,799281152],[40.492166,803397632],[40.586933,803446784],[41.144633,815878144],[41.195439,817770496],[41.683036,829366272],[41.785147,831528960],[41.787568,835723264],[41.87141,835731456],[41.935617,837881856],[42.0668,840712192],[42.30472,847224832],[42.488178,851566592],[42.75466,856965120],[42.791589,858681344],[43.224082,868642816],[43.380889,871841792],[43.443225,874373120],[43.66675,878899200],[44.39842,896581632],[44.51026,900460544],[44.736578,906805248],[44.849165,911679488],[44.956261,913842176],[44.987694,916180992],[45.109687,919060480],[45.310218,925216768],[45.350982,927465472],[45.674465,935727104],[45.84389,939175936],[45.845438,941252608],[45.936105,942440448],[45.938398,946638848],[46.040397,946651136],[46.095128,948183040],[46.376481,954064896],[46.508541,957452288],[46.511853,965844992],[46.674113,965869568],[46.838933,970047488],[47.023139,973598720],[47.030279,975695872],[47.310825,982282240],[47.360299,984158208],[47.370281,1009336320],[47.386336,996749312],[47.504169,999952384],[47.763248,1005314048],[47.766705,1013710848],[47.92627,1013719040],[48.185507,1019117568],[48.747933,1032822784],[49.069124,1039872000],[49.320605,1046052864],[49.360642,1048166400],[49.510809,1051025408],[49.787838,1057931264],[49.789623,1062125568],[49.887149,1062133760],[50.001711,1064566784],[50.007665,1069219840],[50.098925,1069445120],[50.132563,1071833088],[50.604559,1084264448],[50.606113,1086361600],[50.746881,1088552960],[50.748685,1096945664],[50.930088,1096962048],[51.105645,1101172736],[51.114661,1102012416],[51.399826,1108463616],[51.400835,1110003712],[51.481268,1110671360],[51.846753,1117904896],[51.98769,1121746944],[51.990117,1129988096],[52.176152,1130233856],[52.286153,1133318144],[52.501895,1137733632],[52.73484,1143783424],[52.795207,1144733696],[53.046643,1150898176],[53.22915,1155993600],[53.453808,1161482240],[53.940704,1172688896],[54.071492,1176444928],[54.444688,1184530432],[54.4454,1185054720],[54.737023,1191071744],[54.741385,1193230336],[54.814929,1193775104],[55.203591,1201025024],[55.385805,1205657600],[55.619422,1210179584],[55.639739,1211035648],[55.997951,1218498560],[55.998075,1220603904],[56.364392,1228541952],[56.560132,1233657856],[56.697887,1235943424],[56.80913,1238970368],[56.959452,1241735168],[57.082299,1244979200],[57.10615,1247444992],[57.198814,1247563776],[57.321895,1250500608],[57.323285,1252552704],[57.857057,1262309376],[58.055772,1266327552],[58.069747,1283940352],[58.074235,1268043776],[58.085235,1283870720],[58.088198,1268031488],[58.100046,1283919872],[58.104953,1268092928],[58.116057,1283993600],[58.119979,1268146176],[58.130937,