{"summary":{"timestamp":1368551454,"hash":"767e3ae86cba26437a60009d79ac2a295b41768e","max_memory":1701322752,"cpu_time":110.66,"pull_request":6434},"memory_data":[[0.001653,8192],[0.006145,10203136],[0.11117,12500992],[0.137207,14802944],[0.244434,18743296],[0.287118,21524480],[0.44134,26247168],[0.542709,32944128],[0.592137,32956416],[0.704799,35610624],[0.757643,40267776],[0.848078,41189376],[1.008802,51212288],[1.074807,51380224],[1.078106,54108160],[1.134718,58036224],[1.212452,58454016],[1.303286,63254528],[1.412608,63578112],[1.521784,70823936],[1.639772,70828032],[1.734216,73379840],[1.790483,76599296],[1.85777,77713408],[1.964169,82698240],[2.089221,86130688],[2.187122,90566656],[2.277611,92528640],[2.367146,97730560],[2.464871,99463168],[2.564928,103870464],[2.5695,106729472],[2.62118,109285376],[2.683763,109367296],[2.728105,113082368],[2.889736,133505024],[2.955481,140378112],[3.024153,141570048],[3.084984,145358848],[3.273322,159920128],[3.312535,164982784],[3.405042,171417600],[3.546904,182554624],[3.679253,195547136],[3.728174,198840320],[3.834198,209932288],[3.861672,210214912],[3.90158,221802496],[4.098619,282914816],[4.168481,303816704],[4.412722,379342848],[4.467791,395862016],[4.500835,397897728],[4.547042,416366592],[4.654623,492777472],[4.88652,492781568],[4.968995,493318144],[4.982713,500187136],[4.99447,498085888],[4.99653,507002880],[5.021204,502853632],[5.024703,520642560],[5.044293,520523776],[5.044442,511725568],[5.077109,512434176],[5.082504,548089856],[5.122026,547897344],[5.122178,530563072],[5.188137,531677184],[5.199292,602984448],[5.278468,600883200],[5.278553,567328768],[5.414299,569290752],[5.454065,570789888],[5.470412,583692288],[5.495563,591585280],[5.584459,592457728],[5.603524,601485312],[5.606856,609574912],[5.636778,610754560],[5.651248,632823808],[5.798932,633085952],[5.843408,634138624],[6.115888,634671104],[6.158281,638914560],[6.393181,639270912],[6.393673,640393216],[6.567691,640405504],[6.568823,643014656],[6.939091,643223552],[6.940292,648257536],[7.707149,650354688],[7.708924,658747392],[9.632124,660856832],[9.636591,679723008],[9.65878,669237248],[9.658931,663474176],[10.21211,664211456],[10.217127,666308608],[10.43376,668729344],[10.458535,673976320],[10.491002,674119680],[10.493311,682364928],[10.562931,682385408],[10.567962,699142144],[10.898996,699637760],[10.915546,700559360],[10.927846,711966720],[11.188005,712466432],[11.428105,712527872],[11.56766,713027584],[12.445377,713191424],[12.44628,715165696],[12.741932,715169792],[12.892816,715993088],[13.125183,718336000],[13.464237,719192064],[13.482769,719839232],[13.765287,720781312],[13.944572,722300928],[13.945876,726470656],[14.203316,726560768],[14.208934,727085056],[14.619562,727126016],[14.805464,728498176],[15.076545,729473024],[15.269119,729718784],[15.550862,730714112],[15.612755,731418624],[15.874775,731652096],[16.065819,732418048],[16.06733,733663232],[16.235987,733696000],[16.484747,734347264],[16.670744,735551488],[16.944937,736149504],[17.12874,736923648],[17.226858,738099200],[17.227765,739545088],[17.624539,739799040],[17.681298,740478976],[17.858032,740745216],[18.176574,742236160],[18.179073,750616576],[19.455066,750620672],[19.473497,753106944],[19.805079,753164288],[20.140004,754307072],[20.189188,755052544],[20.582953,755798016],[20.649106,756330496],[21.21483,757342208],[21.360029,758628352],[21.360848,760557568],[21.66718,760778752],[22.060885,763228160],[22.238926,763318272],[22.569725,765644800],[22.789304,766771200],[22.790657,769822720],[22.969061,769892352],[23.026137,771616768],[23.027455,774152192],[23.07355,774193152],[23.075246,779395072],[23.214722,779431936],[23.218121,789880832],[23.449558,790093824],[24.520359,790102016],[24.945836,790495232],[25.953348,790499328],[25.960185,791392256],[26.145996,791392256],[26.398909,793489408],[26.405675,804937728],[26.411016,793042944],[26.934225,793047040],[26.942292,790495232],[28.089688,790585344],[28.188933,792174592],[28.39227,792612864],[28.406213,799059968],[28.412084,824451072],[28.431926,830795776],[28.453274,830914560],[28.456854,838807552],[28.561371,838938624],[28.652757,841035776],[28.654927,847327232],[28.711126,849424384],[28.71263,853618688],[28.928764,853622784],[28.985639,856043520],[28.99527,870866944],[29.01674,871215104],[29.019105,879603712],[29.045119,880164864],[29.046978,886456320],[29.107161,888324096],[29.229033,895696896],[29.42263,905850880],[29.425071,914239488],[29.441778,914436096],[29.443613,920727552],[29.542839,924631040],[29.701178,928313344],[29.766884,931373056],[29.861833,933158912],[29.948708,936108032],[29.95127,944496640],[30.111851,949030912],[30.240672,954265600],[30.254901,962617344],[30.480215,968867840],[30.481295,970919936],[30.532316,970989568],[30.591097,973389824],[30.592998,979681280],[30.698774,982888448],[30.701146,991277056],[30.785558,994349056],[30.785996,995921920],[30.856433,997515264],[30.868701,1002930176],[30.876967,1018503168],[30.892264,1018896384],[30.907709,1032073216],[31.166987,1040805888],[31.311153,1047044096],[31.45058,1051942912],[31.454982,1059586048],[31.700517,1068285952],[31.747061,1069301760],[31.975923,1078403072],[32.089124,1081970688],[32.457058,1096519680],[32.471185,1112338432],[32.527166,1114521600],[32.539285,1122705408],[32.726027,1129136128],[32.756599,1129398272],[32.990266,1136742400],[33.160292,1138892800],[33.301688,1143775232],[33.302969,1145950208],[33.493899,1154035712],[33.612366,1158434816],[33.705551,1160429568],[33.814033,1164484608],[33.861967,1165115392],[34.123331,1175113728],[34.127722,1182101504],[34.288044,1188343808],[34.327029,1189105664],[34.421547,1193885696],[34.581591,1199546368],[34.817574,1205223424],[34.972586,1211199488],[35.075028,1213566976],[35.391947,1225142272],[35.392881,1228288000],[35.429523,1228349440],[35.541305,1231626240],[35.545668,1239216128],[35.660651,1242718208],[35.766329,1245040640],[35.823738,1247424512],[35.828336,1255006208],[35.982023,1260355584],[36.080863,1262538752],[36.091184,1278046208],[36.359387,1287024640],[36.366037,1303801856],[36.681853,1303822336],[36.801187,1308286976],[36.961976,1312800768],[37.065629,1316458496],[37.402089,1329631232],[37.681109,1339203584],[37.728182,1342451712],[37.790395,1343401984],[38.019844,1351544832],[38.023823,1358454784],[38.250942,1366306816],[38.307355,1369595904],[38.356926,1369997312],[38.749876,1384288256],[38.91899,1389387776],[39.061369,1394823168],[39.065269,1401565184],[39.121061,1402957824],[39.126229,1407655936],[39.160419,1410572288],[39.390225,1417691136],[39.538035,1423982592],[39.642837,1426677760],[39.862807,1433677824],[39.920328,1436016640],[39.956022,1450508288],[40.18824,1458294784],[40.189591,1460563968],[40.417031,1468350464],[40.501216,1470554112],[40.502775,1473118208],[40.715632,1479970816],[40.930314,1486229504],[41.060055,1492008960],[41.224712,1497210880],[41.226973,1500872704],[41.449593,1509294080],[41.727659,1520857088],[41.945582,1528836096],[42.080499,1532944384],[42.085046,1540710400],[42.310789,1549029376],[42.411321,1552089088],[42.540588,1557532672],[42.553318,1571074048],[42.694752,1576894464],[42.743426,1580097536],[42.802635,1581465600],[42.813475,1595138048],[42.847629,1596428288],[42.861594,1611571200],[42.876135,1612144640],[42.880983,1621368832],[42.89543,1621823488],[42.906884,1634521088],[42.918413,1634820096],[42.927065,1651605504],[42.939001,1658232832],[43.061919,1661693952],[43.077316,1684787200],[43.174376,1689821184],[43.323451,1691299840],[43.324669,1693130752],[43.849257,1698476032],[44.120378,1699577856],[44.133027,1698439168],[44.133399,1690025984],[44.28165,1687056384],[44.282508,1650302976],[44.288633,1568825344],[44.289901,1512296448],[44.296552,1432850432],[44.298482,1432268800],[44.302999,1361113088],[44.303073,1295757312],[44.343708,1295888384],[44.430478,1299886080],[45.629525,1300037632],[49.077716,1300148224],[49.080623,1300381696],[50.073136,1300385792],[50.078242,1317027840],[50.25036,1317195776],[50.253319,1348866048],[50.265391,