{"summary":{"timestamp":1365804864,"hash":"76f6606a8cca62baf89163d5091af5e594dafd20","max_memory":1335169024,"cpu_time":103.38,"pull_request":5827},"memory_data":[[0.001597,8192],[0.005937,7311360],[0.105822,8830976],[0.145549,10997760],[0.794305,37142528],[0.988995,44453888],[1.103101,49299456],[1.574062,67792896],[1.901817,91275264],[1.992251,115720192],[2.22296,175710208],[2.264135,187109376],[2.467281,239579136],[2.636053,250740736],[2.709782,258039808],[2.797078,263589888],[2.867602,272424960],[2.915705,276041728],[2.994391,277643264],[3.241088,289935360],[3.29467,295247872],[3.438008,301817856],[3.595417,311062528],[3.779854,324128768],[3.917363,332611584],[3.976805,338812928],[4.017377,338829312],[4.031353,345387008],[4.044926,343871488],[4.048506,353198080],[4.073675,348893184],[4.077497,367771648],[4.095548,367431680],[4.095626,358330368],[4.129161,359198720],[4.135165,396951552],[4.163785,396939264],[4.163886,378073088],[4.205581,379670528],[4.217044,455172096],[4.247284,440487936],[4.247338,417419264],[4.259752,418148352],[4.435276,418197504],[4.497032,419459072],[4.518041,429838336],[4.524908,443056128],[4.580414,444686336],[4.584226,448876544],[4.630261,451518464],[4.631824,457207808],[4.712537,457670656],[4.889874,463134720],[5.05434,466051072],[5.109745,470167552],[5.155054,476729344],[5.324145,479522816],[5.325135,481931264],[5.48993,482131968],[5.49115,487174144],[5.880218,487305216],[5.882683,497659904],[6.924081,499761152],[6.927703,518635520],[6.94796,518389760],[6.948192,502784000],[7.179995,503275520],[7.184667,505913344],[7.245438,505950208],[7.267905,514338816],[7.291671,514342912],[7.293792,521338880],[7.34506,521416704],[7.348856,538116096],[7.463215,539713536],[7.678003,539893760],[7.705023,540839936],[7.96988,541675520],[8.21328,544514048],[8.213939,546185216],[8.33644,546250752],[8.600141,547868672],[8.901706,548962304],[9.000278,549928960],[9.138488,550133760],[9.16552,553902080],[9.521302,553992192],[9.867175,557989888],[10.077395,558055424],[10.227793,559214592],[10.44704,559800320],[10.479408,560652288],[10.480903,567787520],[10.989853,567853056],[10.996369,568311808],[11.444105,568352768],[11.845721,570408960],[11.990952,570478592],[12.274187,571568128],[12.342689,572256256],[12.679269,572764160],[13.16066,574570496],[13.162888,576049152],[13.466198,576188416],[13.694592,576962560],[14.026266,578596864],[14.026594,579420160],[14.183634,579457024],[14.4136,580476928],[14.540109,580558848],[14.601275,581394432],[14.755423,581468160],[14.990517,583081984],[14.993501,597528576],[16.135247,597598208],[16.78388,597778432],[16.784872,600358912],[17.57361,600420352],[17.573859,600883200],[17.941881,600891392],[18.146218,601255936],[18.306408,602734592],[18.490878,602976256],[19.065543,606846976],[19.066453,608813056],[19.459336,609132544],[19.666165,610115584],[19.976385,610783232],[20.355736,612167680],[20.404637,614637568],[20.442206,619274240],[20.443273,622419968],[20.569283,622481408],[20.571705,632905728],[22.793127,632995840],[23.098082,633393152],[23.134898,636313600],[23.270559,635408384],[23.475625,635502592],[23.577913,637153280],[23.719617,637583360],[23.752097,639488000],[23.756601,653168640],[23.777935,655310848],[23.854548,655441920],[23.927775,657547264],[23.944438,660799488],[24.016022,662896640],[24.016428,664993792],[24.128197,665001984],[24.198734,670126080],[24.206069,674320384],[24.276049,678514688],[24.350953,680611840],[24.35242,682708992],[24.54639,688021504],[24.766023,698793984],[24.833326,704999424],[24.96007,709517312],[25.094803,710369280],[25.238228,714768384],[25.376007,716279808],[25.492468,719085568],[25.492731,721182720],[25.670196,723501056],[25.748441,725311488],[25.889921,730316800],[25.890512,734511104],[26.054069,739491840],[26.1951,740446208],[26.274939,742170624],[26.363048,745381888],[26.442985,746246144],[26.443419,748343296],[26.613146,752132096],[26.656832,760483840],[26.665151,766996480],[26.742455,769683456],[26.881488,771596288],[26.952357,773939200],[27.032701,774688768],[27.198118,780795904],[27.281757,781897728],[27.467719,788992000],[27.526206,789073920],[27.648654,792608768],[27.801916,795054080],[28.102653,805388288],[28.178277,805965824],[28.334981,811171840],[28.496551,815407104],[28.608476,817602560],[28.715031,820883456],[28.843077,823390208],[28.847627,827691008],[28.89772,829329408],[28.898007,831426560],[29.122426,838946816],[29.151118,838950912],[29.272499,843005952],[29.357436,843857920],[29.443121,846766080],[29.755068,847933440],[29.818641,849199104],[29.819492,851222528],[29.878843,851234816],[29.940026,853241856],[30.04807,854945792],[30.048829,859140096],[30.173469,864141312],[30.40158,870735872],[30.575897,872755200],[30.701236,876302336],[30.804087,876859392],[31.109943,885325824],[31.110464,887422976],[31.274211,893444096],[31.350723,894205952],[31.451852,898478080],[31.545636,900911104],[31.609249,901275648],[31.667839,903483392],[31.794594,905027584],[31.926788,905768960],[31.956119,907051008],[32.107423,908492800],[32.156944,910450688],[32.224685,910843904],[32.314806,914137088],[32.450093,915746816],[32.487256,918134784],[32.672044,924594176],[32.762579,925818880],[32.763229,928964608],[32.807431,928972800],[32.968846,934219776],[33.046011,934813696],[33.046447,936910848],[33.140806,938213376],[33.212217,940507136],[33.398756,942882816],[33.490772,945299456],[33.491299,947396608],[33.584391,948707328],[33.694121,952627200],[33.770675,953376768],[33.771533,955473920],[33.860948,955486208],[33.866385,957726720],[33.927646,959823872],[33.991418,960081920],[34.075872,962035712],[34.204667,966770688],[34.431595,967921664],[34.664764,971370496],[34.830536,977092608],[35.029358,980836352],[35.099082,983347200],[35.241544,986378240],[35.305272,988667904],[35.310964,1018023936],[35.936572,1018052608],[36.000803,1020764160],[36.094213,1022046208],[36.173714,1025024000],[36.382528,1026469888],[36.478405,1028857856],[36.670239,1035644928],[36.772167,1036165120],[36.79414,1037668352],[36.911214,1039486976],[37.019459,1043505152],[37.127708,1045282816],[37.284331,1049763840],[37.34957,1050140672],[37.539239,1053868032],[37.635484,1057247232],[37.709248,1058619392],[37.714744,1061142528],[37.771401,1062465536],[37.771576,1064562688],[37.824805,1065324544],[37.824896,1067421696],[37.973625,1071284224],[37.98887,1074262016],[38.075371,1075851264],[38.17231,1079541760],[38.698045,1090048000],[38.740878,1091792896],[38.769398,1102409728],[38.977157,1107988480],[38.977832,1109037056],[39.188151,1114542080],[39.189067,1116639232],[39.402605,1121931264],[39.402791,1124028416],[39.657368,1130835968],[40.005668,1139036160],[40.128013,1142960128],[40.294868,1146572800],[40.419878,1152462848],[40.580518,1155076096],[40.903057,1166544896],[41.006963,1169391616],[41.097618,1170210816],[41.188912,1173233664],[41.189183,1175330816],[41.336121,1180119040],[41.363995,1180123136],[41.519014,1184825344],[41.598977,1185521664],[41.697737,1187987456],[41.987617,1198981120],[42.046591,1199075328],[42.153984,1203916800],[42.157682,1210281984],[42.229893,1216753664],[42.253805,1223774208],[42.368566,1226190848],[42.371102,1230417920],[42.434305,1234280448],[42.548857,1236652032],[42.858454,1239220224],[42.859975,1242710016],[43.01227,1243955200],[43.248211,1240895488],[43.249787,1235255296],[43.398453,1207304192],[43.399484,1082155008],[43.467499,1082646528],[43.568902,1086304256],[44.540395,1086443520],[47.422366,1086476288],[47.425314,1086889984],[48.300582,1088987136],[48.300768,1086889984],[48.375629,1088987136],[48.377868,1103667200],[48.465189,1103765504],[48.467008,1109827584],[48.52482,1111932928],[48.528653,1143386112],[48.86298,1145483264],[48.863984,1155973120],[49.112956,1143033856],[49.117467,1103667200],[49.961705,1104052224],[51.647707,1106034688],[51.650939,1104056320],[53.933037,1106153472],[53.933121,1104056320],[53.998772,1104187392],[54.907282,1104273408],[54.982616,1104408576],[61.650952,1106505728],[61.655443,1104408576],[71.061006,1106505728],[71.061091,