{"summary":{"timestamp":1389080206,"hash":"777f1e8d24a5816a7ca1308ef4243201a6b81221","max_memory":1367810048,"cpu_time":145.1,"pull_request":11355},"memory_data":[[0.001596,8192],[0.008628,7335936],[0.154386,9433088],[0.29301,36401152],[0.393212,58671104],[0.411085,58978304],[0.550477,83746816],[0.61488,97046528],[0.723328,98136064],[0.776067,120164352],[0.888488,169533440],[0.96434,170065920],[1.436489,170999808],[1.511273,172224512],[1.647979,172605440],[2.067286,172580864],[2.175729,181501952],[2.195799,188653568],[2.223134,190140416],[2.439427,205611008],[2.537688,214114304],[2.618348,218918912],[2.680763,225161216],[2.767464,230891520],[2.780097,233209856],[2.973195,233230336],[2.993748,243904512],[3.093886,286859264],[3.565055,286863360],[3.957673,287105024],[4.018548,290889728],[4.020687,298115072],[4.035282,294440960],[4.087772,296542208],[4.091135,309125120],[4.122385,301780992],[4.226531,303890432],[4.234854,331149312],[4.296216,316465152],[4.499938,318566400],[4.515415,375189504],[4.639294,346517504],[4.817737,347115520],[4.915256,349147136],[5.003522,349372416],[5.243754,354951168],[5.397636,357629952],[5.579091,361553920],[5.685982,361693184],[5.79133,363470848],[5.87923,363487232],[6.153625,368656384],[6.193862,370495488],[6.315413,371748864],[6.525228,372805632],[6.854535,373280768],[6.875022,374054912],[7.48269,375050240],[7.58763,380125184],[7.624842,380612608],[7.769387,387899392],[7.934683,389328896],[8.010942,391217152],[8.204647,391487488],[8.267606,392204288],[8.342165,395444224],[8.494944,399273984],[8.779714,402501632],[9.430833,403136512],[10.579755,403283968],[10.591559,426242048],[10.697794,426373120],[10.700317,434659328],[11.075924,434663424],[11.431856,435408896],[12.048542,435965952],[12.878904,436273152],[12.882622,448733184],[12.979331,449454080],[13.434268,450048000],[13.586021,451469312],[13.775766,457252864],[13.953465,459460608],[14.157967,460623872],[15.148459,460779520],[15.151577,469147648],[15.778454,469319680],[15.877568,471711744],[15.986602,471719936],[16.729528,473817088],[16.734247,488501248],[17.216859,488632320],[18.506535,488767488],[18.676523,489525248],[19.221178,489730048],[19.221948,491098112],[19.336286,492122112],[19.523179,492298240],[19.61938,493469696],[19.919809,493473792],[20.113418,495337472],[20.131964,496345088],[20.326991,497668096],[20.459058,499269632],[20.664396,500592640],[20.687643,501465088],[20.881665,502763520],[20.931458,504623104],[21.100819,505237504],[21.10188,507572224],[21.203363,507609088],[21.359732,509452288],[21.394108,510951424],[21.55688,512221184],[21.712004,512720896],[21.802364,513888256],[22.219012,514056192],[22.24297,515137536],[22.253076,548696064],[22.311633,548569088],[23.65295,548581376],[23.658076,565223424],[24.774632,565235712],[24.775186,566272000],[24.893893,566456320],[24.895664,569602048],[25.217032,569802752],[25.263899,570769408],[25.548823,572850176],[25.685058,574410752],[25.954431,575926272],[26.050039,577662976],[26.11925,580067328],[26.367416,580349952],[26.544628,582123520],[26.743312,583020544],[26.780556,584421376],[26.859828,584142848],[26.981298,585592832],[27.070406,585678848],[27.281198,587628544],[27.353712,588849152],[27.550928,589504512],[27.83624,591814656],[27.837938,596369408],[28.100821,596504576],[28.418589,598396928],[28.578904,601772032],[28.581779,600850432],[28.712072,601690112],[28.79616,603541504],[28.920536,603725824],[29.139129,605233152],[29.191741,606437376],[29.391502,607002624],[29.412227,607932416],[29.566908,608747520],[29.624978,610971648],[29.892923,612560896],[29.968706,614338560],[30.037954,614436864],[30.336514,617181184],[30.630699,618721280],[30.691094,621572096],[30.734185,620236800],[30.864717,621252608],[31.002001,621473792],[31.070801,622452736],[31.29957,623648768],[31.355328,625328128],[31.460784,625451008],[31.649326,628330496],[31.659959,661889024],[32.265522,662478848],[32.267967,670654464],[32.340911,672755712],[32.344542,687435776],[32.400595,670654464],[32.400681,662396928],[36.875319,662433792],[37.547278,662654976],[39.834512,662786048],[39.967122,664186880],[40.41373,665088000],[40.580014,672002048],[40.586176,674107392],[40.607905,739115008],[40.656935,724430848],[40.657013,705556480],[40.828551,709648384],[40.893968,713076736],[41.104119,718995456],[41.335646,726061056],[41.971843,742817792],[42.191146,752832512],[42.500018,760176640],[42.888909,771272704],[43.301873,781856768],[43.465954,786513920],[43.497682,786518016],[43.946666,797532160],[44.112061,802414592],[44.454509,810737664],[44.562035,814600192],[44.611426,815218688],[44.809631,820285440],[44.852762,822267904],[45.168474,830107648],[45.212899,832208896],[45.430798,838742016],[45.754782,845893632],[45.777757,846946304],[46.201489,857178112],[46.473239,864579584],[46.738426,871043072],[47.052626,879378432],[47.194106,882499584],[47.195421,884596736],[47.246908,884609024],[47.850273,898273280],[47.888345,899969024],[48.575974,916262912],[48.651977,918687744],[48.967554,925585408],[49.026098,928210944],[49.200934,931893248],[49.202709,936087552],[49.29638,936091648],[49.952199,951738368],[49.953968,955932672],[50.039969,955949056],[50.591101,968814592],[51.36251,986177536],[51.471319,989995008],[51.594665,992333824],[51.918299,1000349696],[51.92789,1029681152],[52.570118,1029697536],[52.820068,1036267520],[52.913354,1037922304],[52.956275,1040023552],[53.358862,1049509888],[53.359832,1051557888],[53.476352,1053294592],[53.614149,1057284096],[53.615289,1059381248],[53.677656,1059385344],[53.895207,1064407040],[53.915316,1065349120],[54.335184,1074970624],[54.36548,1076551680],[54.828588,1087324160],[54.995682,1091563520],[55.089892,1095155712],[55.106578,1097342976],[55.168059,1099280384],[55.168152,1101402112],[55.272814,1105629184],[55.42879,1109602304],[55.430514,1113772032],[55.468908,1115869184],[55.541253,1115877376],[55.711047,1120944128],[56.192825,1132695552],[56.219875,1134460928],[56.474331,1140809728],[56.551624,1143382016],[56.68103,1145569280],[56.681497,1148608512],[56.754722,1148628992],[56.927958,1152450560],[57.002253,1154969600],[57.00403,1159135232],[57.105269,1159274496],[57.142933,1160916992],[57.29378,1164148736],[57.404738,1167486976],[57.915586,1178796032],[58.149675,1184317440],[58.657773,1196765184],[58.660359,1205153792],[58.881644,1205198848],[59.073602,1209470976],[59.196333,1212882944],[59.409081,1217404928],[59.436965,1218990080],[59.650104,1224433664],[59.949694,1231101952],[59.952308,1239490560],[60.157309,1239515136],[60.262768,1241858048],[60.265295,1250185216],[60.447363,1250205696],[60.652512,1254481920],[60.860104,1259302912],[60.861427,1261400064],[60.909605,1261412352],[61.196167,1267879936],[61.547326,1276928000],[61.680651,1279119360],[61.914223,1284927488],[61.94557,1284939776],[62.092445,1288925184],[62.117575,1291931648],[62.367252,1296367616],[62.3689,1300238336],[62.865351,1309704192],[62.874553,1323200512],[62.876515,1307422720],[62.928874,1308368896],[62.931316,1323048960],[63.530513,1334669312],[63.683822,1337815040],[63.689497,1367257088],[63.691115,1325350912],[64.230764,1337155584],[64.278438,1336016896],[65.172262,1339428864],[65.206334,1342889984],[65.729384,1277333504],[65.73453,1242218496],[66.035678,1183494144],[66.267262,1186230272],[66.306955,1187868672],[66.489041,1190604800],[66.953931,1190658048],[77.366567,1190686720],[78.084936,1192787968],[78.08828,1224245248],[78.670725,1196978176],[78.670833,1190686720],[79.660837,1190785024],[79.751,1190961152],[80.990856,1191059456],[88.25469,1191067648],[275.360059,1191206912],[275.363784,1199460352],[275.597677,1203027968],[275.600853,1236586496],[275.919598,1241403392],[275.924452,1243635712],[276.195606,1247830016],[276.263074,1249935360],[276.270196,1314942976],[276.293044,1281384448],[276.356577,1283481600],[276.489667,1285578752],[276.543744,1220374528],[276.552584,1244221440],[276.552758,1217110016],[277.511334,1217241088],[277.515013,1225371648],[277.748968,1228939264],[277.752197,1262497792],[278.071783,1267318784],