{"summary":{"timestamp":1368759881,"hash":"77c98f081509733af957af6ed7b0b277e5f57871","max_memory":1949863936,"cpu_time":null,"pull_request":6523},"memory_data":[[0.001561,4096],[0.06205,1003520],[0.10022,5091328],[0.241259,9334784],[0.520775,11997184],[0.593016,14712832],[0.72319,18051072],[0.932597,21663744],[1.064293,23105536],[1.105527,30289920],[1.353759,33038336],[1.433024,38326272],[1.498572,45035520],[1.535915,46792704],[1.579801,53481472],[1.63579,54673408],[1.682586,60809216],[1.74347,63107072],[1.803803,71798784],[1.841309,71987200],[1.873824,78909440],[1.909294,78954496],[1.94974,83914752],[2.005032,84062208],[2.055535,91377664],[2.115878,91389952],[2.184287,97210368],[2.261006,101548032],[2.38181,111173632],[2.401,111288320],[2.55716,124461056],[2.571808,128987136],[2.660619,130011136],[2.752052,147832832],[2.81416,163717120],[2.941081,180342784],[2.962248,185352192],[3.014391,192028672],[3.144695,215928832],[3.17106,219152384],[3.229069,230223872],[3.271509,232783872],[3.320975,232796160],[3.333082,236441600],[3.45247,306352128],[3.535347,352694272],[3.642539,417259520],[3.684217,418156544],[3.696437,422322176],[3.801767,493629440],[3.832209,513032192],[3.912122,513540096],[3.929349,527253504],[3.943233,523063296],[3.946337,540893184],[3.956204,531976192],[3.975827,532676608],[3.980907,568332288],[4.000656,567025664],[4.000757,550502400],[4.040182,551895040],[4.050677,623206400],[4.090107,587550720],[4.146971,589217792],[4.312977,590163968],[4.321896,591024128],[4.348342,606515200],[4.361475,609595392],[4.369118,632938496],[4.3692,611942400],[4.42151,612831232],[4.441243,621899776],[4.443826,630099968],[4.502724,631279616],[4.516265,650231808],[4.607407,650366976],[4.648716,651558912],[4.814699,652111872],[4.831549,658968576],[4.988845,659234816],[4.98924,660459520],[5.101598,660525056],[5.102409,663080960],[5.349314,663130112],[5.350383,668323840],[5.870207,670420992],[5.871743,678813696],[7.156695,680923136],[7.160872,699789312],[7.170958,683610112],[7.571138,684425216],[7.577624,687095808],[7.698662,687325184],[7.719428,694120448],[7.740449,694194176],[7.74229,702509056],[7.784875,702533632],[7.788605,719286272],[7.870674,720850944],[7.874376,731303936],[7.906728,732180480],[8.25456,733184000],[8.732701,733245440],[8.733379,735322112],[8.925754,735449088],[9.089507,738541568],[9.26701,739397632],[9.359533,740892672],[9.47539,741400576],[9.532382,742625280],[9.533451,746663936],[9.66833,747220992],[9.880912,747294720],[10.135361,749690880],[10.391961,750985216],[10.422965,751648768],[10.600566,752119808],[10.636433,753545216],[10.879945,754634752],[10.972813,755703808],[11.225259,757334016],[11.273107,759816192],[11.499253,760098816],[11.784703,762511360],[11.786734,770895872],[12.446673,773099520],[12.65393,773423104],[12.843506,774647808],[12.870494,775442432],[13.074486,776093696],[13.427917,777887744],[13.518532,779005952],[13.519218,781082624],[13.691944,781570048],[13.831378,783548416],[14.208156,786014208],[14.42363,787120128],[14.424619,790138880],[14.601506,790175744],[14.661221,794546176],[14.66257,799694848],[14.740883,799805440],[14.743515,810180608],[14.870431,810393600],[15.472244,810463232],[15.723868,810795008],[16.515348,810799104],[16.85718,813608960],[16.865405,813105152],[17.283871,813117440],[17.289679,810795008],[18.064429,810885120],[18.286545,812412928],[18.445782,812564480],[18.537235,815280128],[18.546378,845205504],[18.568363,851636224],[18.570077,859377664],[18.628422,859439104],[18.670542,861605888],[18.672183,867897344],[18.70358,869994496],[18.704706,874188800],[18.819219,874192896],[18.851219,876617728],[18.85771,891437056],[18.869914,891789312],[18.871693,900177920],[18.887003,906997760],[18.919142,908873728],[19.062952,925347840],[19.078566,926384128],[19.091325,941256704],[19.158591,945913856],[19.239721,948858880],[19.319266,953565184],[19.319874,955633664],[19.372822,957698048],[19.374699,966086656],[19.474018,970657792],[19.551815,976130048],[19.553394,982421504],[19.640695,987643904],[19.728147,991514624],[19.74288,993615872],[19.745649,1002176512],[19.80606,1005375488],[19.807636,1011666944],[19.892909,1017688064],[19.906172,1038905344],[19.915158,1039290368],[19.923667,1054228480],[20.074223,1062948864],[20.154409,1069182976],[20.23373,1074020352],[20.235744,1082408960],[20.375752,1091104768],[20.407558,1092128768],[20.540302,1101320192],[20.589385,1103937536],[20.808652,1119260672],[20.815251,1134067712],[20.848037,1136177152],[20.849351,1142468608],[20.961637,1150197760],[21.108224,1157595136],[21.20492,1159622656],[21.288243,1164656640],[21.288886,1168850944],[21.463432,1181343744],[21.608244,1188081664],[21.757151,1198133248],[21.758728,1204424704],[21.894346,1212997632],[21.921436,1215959040],[22.015869,1221947392],[22.14365,1227210752],[22.237835,1233616896],[22.29633,1235988480],[22.475409,1247350784],[22.496512,1250504704],[22.561967,1253896192],[22.564021,1262284800],[22.691264,1268105216],[22.722269,1270349824],[22.723918,1276641280],[22.869809,1284116480],[22.87476,1300918272],[22.953924,1305534464],[22.957306,1322311680],[23.148599,1322340352],[23.276997,1331126272],[23.429009,1339265024],[23.613904,1352429568],[23.770549,1361997824],[23.794886,1365188608],[23.890703,1369387008],[23.961701,1374298112],[23.963366,1380589568],[24.044083,1385250816],[24.125757,1391284224],[24.154101,1391878144],[24.376571,1406484480],[24.550523,1416744960],[24.552613,1423290368],[24.584096,1424711680],[24.586658,1431080960],[24.604766,1433878528],[24.727228,1441771520],[24.947338,1453940736],[24.979713,1456197632],[24.998297,1469632512],[25.119363,1476911104],[25.119952,1479008256],[25.289369,1488375808],[25.290128,1492570112],[25.516085,1504669696],[25.587427,1510170624],[25.680113,1515167744],[25.688474,1517387776],[25.804012,1525686272],[25.835341,1527009280],[25.962425,1537253376],[26.165036,1549422592],[26.167065,1557811200],[26.429501,1574420480],[26.436099,1587138560],[26.576295,1597411328],[26.581476,1612169216],[26.600332,1613291520],[26.607156,1628090368],[26.625201,1637429248],[26.636586,1650421760],[26.647843,1673834496],[26.718026,1677033472],[26.724719,1700126720],[26.759895,1704456192],[26.859056,1706958848],[26.861219,1708830720],[27.124357,1714110464],[27.31996,1715281920],[27.327429,1705652224],[27.441541,1704841216],[27.446731,1571667968],[27.446794,1311383552],[27.53737,1312215040],[27.654156,1315635200],[28.35972,1315852288],[30.298707,1315962880],[30.421062,1319301120],[31.052989,1319387136],[31.056884,1335947264],[31.176626,1336115200],[31.179985,1369505792],[31.188345,1368616960],[31.188754,1352859648],[31.597536,1352294400],[31.597587,1319301120],[32.424758,1319694336],[34.589839,1319698432],[35.352876,1319837696],[44.867066,1319915520],[44.871011,1336483840],[81.596373,1336688640],[81.599374,1368506368],[81.607272,1368412160],[81.607677,1353396224],[104.36126,1353400320],[104.502798,1353965568],[104.542363,1355440128],[104.841744,1356214272],[105.124378,1356222464],[105.198266,1357115392],[105.438599,1357144064],[105.507473,1360609280],[105.545006,1358696448],[105.638073,1362849792],[105.654017,1359667200],[105.773218,1359712256],[105.773424,1360584704],[105.914603,1360650240],[105.986174,1361399808],[106.177126,1361412096],[106.264089,1362718720],[106.285178,1364209664],[106.391321,1363386368],[106.445465,1364652032],[106.679269,1363861504],[107.055605,1365291008],[107.18561,1365299200],[107.283287,1366269952],[107.53592,1366818816],[107.684303,1367654400],[107.924199,1371729920],[107.943833,1374769152],[107.967067,1370021888],[108.128721,1370050560],[108.182703,1371373568],[108.212395,1375866880],[108.218995,1371496448],[108.306464,1373732864],[108.351662,1377009664],[108.362883,1371496448],[108.622222,1371512832],[108.723362,1372110848],[108.780904,1373708288],[109.227931,1374089216],[109.670264,1376317440],[109.691529,1379954688],[109.69991,1376296960],[109.828505,1378934784],[109.865014,1384812544],[109.87174,1379012608],[109.975982,1380196352],[110.017671,1386983424],