{"summary":{"timestamp":1369942869,"hash":"784a8495d211c2195911e0a7ee5bcada931b3d45","max_memory":1632989184,"cpu_time":null,"pull_request":6835},"memory_data":[[0.001527,4096],[0.076766,385024],[0.08092,3379200],[0.119126,5763072],[0.166676,6049792],[0.26571,10010624],[0.355975,10510336],[0.455477,12312576],[0.523996,15433728],[0.622883,18403328],[0.790709,21975040],[0.878647,23175168],[1.08322,23568384],[1.115053,26226688],[1.174371,27066368],[1.175334,31551488],[1.308853,33153024],[1.41665,35323904],[1.586652,51277824],[1.605436,55787520],[1.654186,57016320],[1.694537,63684608],[1.730179,64155648],[1.794357,73773056],[1.8351,73932800],[1.858061,81190912],[1.926286,81899520],[1.965271,89116672],[2.014841,89120768],[2.109998,96288768],[2.167811,102092800],[2.276559,109867008],[2.419305,123453440],[2.435968,128835584],[2.546967,130138112],[2.665227,161357824],[2.690252,162570240],[2.756155,175575040],[2.824151,190840832],[2.83298,191234048],[2.925212,212619264],[2.946306,215818240],[2.994669,228020224],[3.029965,228569088],[3.068941,238850048],[3.148026,282386432],[3.169033,285978624],[3.244091,326373376],[3.417242,422522880],[3.450052,428658688],[3.451804,437571584],[3.469096,433172480],[3.472394,450973696],[3.48455,442056704],[3.508526,442740736],[3.514287,478400512],[3.538783,476991488],[3.538843,460570624],[3.587181,462004224],[3.599541,533311488],[3.647723,524918784],[3.647772,497655808],[3.780162,500711424],[3.808976,520396800],[3.81233,539103232],[3.833895,546295808],[3.838327,569745408],[3.838884,544698368],[3.883898,546213888],[3.902634,554270720],[3.953602,556077056],[3.95722,564330496],[4.098119,565248000],[4.316354,579100672],[4.374533,581517312],[4.470409,587898880],[4.527072,596082688],[4.639778,598700032],[4.640579,601251840],[4.742478,601321472],[4.743411,606494720],[5.003645,606511104],[5.005567,616980480],[5.722461,619085824],[5.725872,637956096],[5.741311,632569856],[5.741411,622149632],[5.996634,623161344],[6.040872,625504256],[6.165021,625532928],[6.192544,633921536],[6.219789,633925632],[6.221933,640589824],[6.277135,640663552],[6.281224,657367040],[6.402685,657895424],[6.487093,659820544],[6.714053,660041728],[6.729762,660619264],[6.961567,660705280],[6.978511,661471232],[7.626678,663744512],[7.947182,663851008],[7.947877,665845760],[8.319213,665882624],[8.576209,667656192],[8.796528,672256000],[8.797473,676450304],[8.872949,676573184],[8.874193,680710144],[9.477749,680886272],[9.748469,683675648],[9.761247,684564480],[10.104632,684568576],[10.304342,686272512],[10.646452,687456256],[10.973611,689328128],[10.975764,697610240],[11.615257,697704448],[11.616873,705998848],[12.294212,706101248],[12.294808,707571712],[12.700707,707899392],[12.729688,708784128],[12.967494,709341184],[13.234844,711192576],[13.444774,711798784],[13.839675,713928704],[14.088508,714539008],[14.089123,716972032],[14.302944,717025280],[14.45921,718209024],[14.934743,719867904],[14.973001,721969152],[14.976271,736649216],[16.37928,736665600],[16.415299,738181120],[16.50048,737398784],[16.609901,739074048],[16.78172,739131392],[16.901494,740208640],[17.312549,741892096],[17.313785,744894464],[17.707357,744910848],[17.888157,745771008],[17.996968,751095808],[17.998475,756256768],[18.108464,756285440],[18.110979,766742528],[18.444753,767004672],[19.164653,767172608],[19.167709,783847424],[19.610979,783933440],[19.921343,784384000],[19.92792,799252480],[19.929739,784502784],[19.942301,799252480],[19.945984,784502784],[19.958663,784506880],[19.965097,799174656],[19.966192,784502784],[19.977661,799150080],[19.9789,784502784],[19.994081,784519168],[20.000391,799059968],[20.001774,784502784],[20.013942,799010816],[20.01495,784519168],[20.027461,798961664],[20.02844,784502784],[20.038676,798961664],[20.039335,784502784],[20.049763,798941184],[20.050466,784502784],[20.060947,798949376],[20.06223,784502784],[20.073216,798916608],[20.073922,784502784],[20.083605,784506880],[20.089914,798924800],[20.090739,784502784],[20.101258,798916608],[20.102014,784502784],[20.112218,798916608],[20.112871,784502784],[20.123195,798920704],[20.123847,784502784],[20.134647,798900224],[20.135249,784502784],[20.146044,798904320],[20.147346,784502784],[20.157738,798879744],[20.158639,784502784],[20.169436,798879744],[20.17006,784502784],[20.18034,798883840],[20.181142,784502784],[20.191589,798883840],[20.196426,784506880],[20.213385,798867456],[20.21399,784502784],[20.224091,798867456],[20.224694,784502784],[20.234975,798867456],[20.235758,784502784],[20.246028,798863360],[20.25137,784506880],[20.257612,798879744],[20.259191,784502784],[20.2697,798863360],[20.270574,784502784],[20.290659,784506880],[20.296887,798822400],[20.298691,784502784],[20.308955,798801920],[20.313788,784506880],[20.32004,798818304],[20.321145,784502784],[20.331776,798806016],[20.332607,784502784],[20.343014,798806016],[20.343968,784502784],[20.354121,784506880],[20.360354,798797824],[20.361206,784502784],[20.371545,798793728],[20.372474,784502784],[20.382729,798777344],[20.383679,784502784],[20.39454,798781440],[20.396212,784502784],[20.406393,798752768],[20.407197,784502784],[20.417239,798744576],[20.41794,784502784],[20.428333,798740480],[20.429239,784502784],[20.439771,784506880],[20.445918,798736384],[20.447076,784502784],[20.458104,798711808],[20.459087,784502784],[20.469331,798711808],[20.470148,784502784],[20.480307,798707712],[20.481063,784502784],[20.52847,784502784],[20.538417,798588928],[20.539,784502784],[20.549165,798572544],[20.549767,784502784],[20.560566,798556160],[20.561317,784502784],[20.571357,798560256],[20.57206,784502784],[20.582127,798560256],[20.582885,784502784],[20.592909,798560256],[20.593609,784502784],[20.604647,798531584],[20.605246,784502784],[20.615067,798531584],[20.615601,784502784],[20.625651,798527488],[20.62613,784502784],[20.636115,798527488],[20.636717,784502784],[20.64945,798437376],[20.650105,784502784],[20.66057,798412800],[20.661171,784502784],[20.671037,798412800],[20.671689,784502784],[20.683571,798384128],[20.684274,784502784],[20.694277,798371840],[20.694928,784502784],[20.704707,798371840],[20.709523,784506880],[20.726654,784506880],[20.732753,798375936],[20.737212,784506880],[20.74322,798375936],[20.748987,784506880],[20.75499,798392320],[20.75677,784502784],[20.768827,798384128],[20.772583,784502784],[20.79055,784502784],[20.801021,798244864],[20.802659,784502784],[20.812392,798216192],[20.812994,784502784],[20.822668,798216192],[20.823219,784502784],[20.83454,798183424],[20.835189,784502784],[20.84825,784502784],[20.8577,798064640],[20.858302,784502784],[20.869739,797986816],[20.870465,784502784],[20.88012,797982720],[20.880723,784502784],[20.890613,797978624],[20.891367,784502784],[20.900777,797978624],[20.901484,784502784],[20.918653,784502784],[20.930197,797872128],[20.93077,784502784],[20.941517,797839360],[20.942289,784502784],[20.95644,784502784],[20.967098,797732864],[20.967702,784502784],[20.978279,797720576],[20.979253,784502784],[20.988643,797712384],[20.989418,784502784],[21.000006,797683712],[21.001059,784502784],[21.01053,797671424],[21.011168,784502784],[21.022421,797626368],[21.022974,784502784],[21.032879,797614080],[21.033829,784502784],[21.04471,797573120],[21.045691,784506880],[21.054952,797564928],[21.055758,784502784],[21.06532,797560832],[21.06646,784502784],[21.07589,797548544],[21.076842,784502784],[21.146952,784502784],[21.158883,797282304],[21.161096,784527360],[21.177909,784502784],[21.187257,797216768],[21.187851,784502784],[21.197367,797220864],[21.198322,784502784],[21.207321,797212672],[21.207926,784502784],[21.217398,797220864],[21.218507,784502784],[21.227761,797216768],[21.22856,784502784],[21.238641,797216768],[21.24041,784502784],[21.2498,797196288],[21.250748,784502784],[21.260007,797196288],[21.260812,784502784],[21.270105,797196288],[21.270929,784502784],[21.280225,797196288],[21.281085,784502784],[21.290311,797196288],[21.291164,784502784],[21.300406,797200384],[21.301205,784502784],[21.311181,784515072],[21.316884,