{"summary":{"timestamp":1391975846,"hash":"7985fbcb4dc88ff0a6b26c8ae81ba189bfa28fe7","max_memory":1351262208,"cpu_time":152.49,"pull_request":12120},"memory_data":[[0.002445,4096],[0.054517,446464],[0.12762,8974336],[0.288319,12541952],[0.406494,19726336],[0.525713,23867392],[0.590748,28680192],[0.660899,29396992],[0.9854,35065856],[1.063004,37724160],[1.228428,37871616],[1.343068,40660992],[1.395758,47042560],[1.446646,50794496],[1.475258,55267328],[1.511426,56627200],[1.568661,63270912],[1.587595,63520768],[1.643075,71606272],[1.695065,76304384],[1.819254,85110784],[1.949305,96129024],[2.019536,103297024],[2.074157,107180032],[2.13007,114012160],[2.15512,114970624],[2.214472,121344000],[2.28894,122146816],[2.317962,128405504],[2.460591,166838272],[2.555352,167288832],[2.591345,168906752],[2.864104,170233856],[3.004994,171905024],[3.312619,172724224],[3.450859,185323520],[3.509938,191705088],[3.659805,205299712],[3.783199,205307904],[3.86247,245481472],[4.493987,245694464],[4.495223,251559936],[4.516175,255758336],[4.605224,268693504],[4.710089,268853248],[4.87495,271294464],[4.964068,271613952],[5.005935,273764352],[5.367846,281739264],[5.478866,283418624],[5.567337,286326784],[5.674834,286949376],[5.844942,289996800],[5.881261,291389440],[6.12011,295346176],[6.260668,298381312],[6.376183,305266688],[6.408974,305766400],[6.495479,312053760],[6.703247,318394368],[6.934995,323489792],[7.127221,325931008],[7.2536,326389760],[7.880921,326721536],[8.789064,326922240],[8.845659,327933952],[9.027245,328323072],[9.721261,328790016],[9.726282,341327872],[9.852151,342175744],[10.258885,342786048],[10.259825,344195072],[10.360348,345673728],[10.36173,347660288],[10.430453,349163520],[10.627878,349847552],[10.751341,351252480],[10.878312,355012608],[10.920524,358522880],[11.366859,366895104],[11.432793,367599616],[11.571045,374210560],[11.715243,377253888],[11.763934,375255040],[11.848432,378994688],[11.855803,383188992],[12.044828,388067328],[12.135398,388603904],[12.415963,392740864],[12.41716,394645504],[12.529958,394993664],[12.645967,396972032],[13.908123,397041664],[14.517079,397172736],[14.704207,401801216],[14.727174,403603456],[14.8432,404639744],[15.480894,404721664],[15.508692,405901312],[15.509953,409849856],[15.609369,409870336],[15.725076,413163520],[15.728391,428339200],[15.734905,421539840],[15.846572,426983424],[15.847807,429895680],[15.885095,427122688],[15.977775,427126784],[15.999741,430010368],[16.122648,430735360],[16.333763,436158464],[16.492301,438775808],[16.592102,444227584],[16.609981,446861312],[16.808078,447217664],[16.845839,448536576],[16.847692,456851456],[17.087147,457043968],[17.191432,457629696],[17.381895,460795904],[17.62281,463151104],[17.904058,464502784],[17.939148,465702912],[18.08407,466325504],[18.185742,468500480],[18.334383,468537344],[18.534379,471199744],[18.705338,472776704],[18.718116,474877952],[18.726515,506335232],[18.745577,489553920],[18.850136,491143168],[19.076659,493301760],[19.235942,494219264],[19.389532,496889856],[19.470287,496947200],[19.567186,498593792],[19.611639,500985856],[19.771895,500989952],[20.012191,505184256],[20.091542,505397248],[20.490902,509411328],[20.53806,510976000],[20.901865,513417216],[20.950712,514871296],[21.099971,515239936],[21.224749,517488640],[21.345548,517517312],[21.42867,518627328],[21.496006,522096640],[21.50171,538947584],[21.600258,539197440],[22.284286,539291648],[22.347043,540975104],[22.443827,541175808],[22.445055,543105024],[22.590728,543297536],[22.888945,545501184],[22.928583,546918400],[23.394798,550055936],[23.612708,552833024],[23.752967,553418752],[23.826897,554455040],[24.086862,555814912],[24.243394,558284800],[24.342995,561287168],[24.589043,561303552],[24.793558,563494912],[25.0262,564654080],[25.203166,566640640],[25.407346,567468032],[25.519674,568537088],[25.599534,570589184],[25.835619,571678720],[25.862381,575037440],[26.103754,575180800],[26.23616,576135168],[26.299771,577441792],[26.403211,577519616],[26.688846,579395584],[26.808609,580673536],[26.852165,582103040],[27.020724,582705152],[27.115691,585056256],[27.270725,585342976],[27.520989,587190272],[27.573013,588369920],[27.757609,589045760],[27.773819,589955072],[27.938551,590794752],[28.003683,593072128],[28.140368,594743296],[28.244721,595058688],[28.334681,596545536],[28.352993,663658496],[28.391442,630099968],[28.667876,632807424],[28.919352,633942016],[29.042366,634933248],[29.092179,637104128],[29.175932,636366848],[29.186186,670044160],[30.045599,669999104],[30.59206,670146560],[30.640605,670429184],[30.643314,674422784],[30.692574,674476032],[30.695683,682811392],[30.774441,682934272],[30.779617,699588608],[30.84867,698392576],[30.849046,670371840],[32.387491,670507008],[33.823791,670511104],[34.486311,670846976],[35.963122,670941184],[35.965518,674910208],[36.286758,674926592],[36.288052,676483072],[36.401999,675041280],[37.217191,675176448],[37.445163,677400576],[37.593663,677543936],[37.645123,678592512],[37.651978,681136128],[37.72493,683237376],[37.819155,683245568],[37.819706,685342720],[37.908942,685350912],[37.999364,687443968],[38.036958,691757056],[38.043561,719015936],[38.193614,719044608],[38.319153,719785984],[38.542488,719802368],[38.568049,721899520],[38.756605,726290432],[38.788909,728387584],[38.911299,730488832],[38.982511,732598272],[39.225288,743804928],[39.574464,751550464],[39.621194,753299456],[39.82102,757723136],[39.928946,761069568],[40.069038,763338752],[40.431194,771592192],[40.476628,773668864],[40.717284,779448320],[40.725656,803139584],[40.744472,803860480],[40.744566,792145920],[40.788628,795406336],[40.835569,795410432],[41.306235,805941248],[41.307735,808009728],[41.356377,808022016],[41.675891,814964736],[41.676531,817061888],[42.043891,825245696],[42.409984,834080768],[42.548546,838942720],[42.685225,842276864],[42.960373,847556608],[43.112199,851656704],[43.114283,855851008],[43.200513,855863296],[43.306848,857640960],[43.729024,867405824],[43.731001,871579648],[43.82297,871587840],[43.855492,872747008],[44.338567,883621888],[44.730212,893505536],[44.732188,897691648],[44.817154,897699840],[45.064172,904273920],[45.1819,906788864],[45.417838,913375232],[45.419697,917569536],[45.508653,917585920],[45.740296,922660864],[45.779742,924246016],[46.11933,932069376],[46.122791,932687872],[46.650186,944209920],[47.216555,957632512],[47.413926,962895872],[47.514601,966352896],[47.74929,973213696],[47.829639,977444864],[47.95181,979968000],[47.981856,982274048],[48.115066,985497600],[48.299265,991186944],[48.381841,994406400],[48.38327,996495360],[48.458691,997662720],[48.460836,1001852928],[48.53737,1001857024],[48.810549,1008013312],[48.918451,1011052544],[49.027053,1013084160],[49.156042,1016532992],[49.261503,1018400768],[49.264754,1026789376],[49.424792,1026801664],[49.718046,1034391552],[50.013936,1039577088],[50.254679,1045147648],[50.362716,1049227264],[50.554563,1054568448],[50.643705,1056014336],[50.648033,1064439808],[50.813227,1064460288],[50.858971,1065775104],[51.188548,1072664576],[51.432038,1078878208],[51.776789,1086955520],[51.778303,1089052672],[51.919171,1090945024],[52.234167,1098866688],[52.485051,1104433152],[52.56832,1106948096],[52.569274,1110097920],[52.633277,1110118400],[52.8014,1113624576],[52.910572,1116925952],[52.927058,1118613504],[53.07376,1124052992],[53.168692,1126293504],[53.171816,1134682112],[53.326744,1134702592],[53.474969,1138626560],[53.477564,1147011072],[53.658142,1147035648],[53.947864,1154387968],[53.954125,1158172672],[54.004945,1158316032],[54.110621,1160781824],[54.113194,1162547200],[54.190573,1163264000],[54.532189,1169985536],[54.704784,1174519808],[54.722538,1176424448],[55.122239,1185865728],[55.239116,1188356096],[55.393238,1192656896],[55.451358,1193611264],[55.742925,1201594368],[56.021463,1208086528],[56.239901,1214046208],[56.567523,1221320704],[56.686951,1224830976],[56.999,1232379904],[57.000462,1234472960],[57.05193,1234477056],[57.402479,1242157056],[57.561726,1245097984],[57.860804,