{"summary":{"timestamp":1378578666,"hash":"79e78c4b0c49003c8191f7094651753ecfabfd24","max_memory":2033872896,"cpu_time":null,"pull_request":8906},"memory_data":[[0.001504,4096],[0.051956,421888],[0.114733,7540736],[0.259827,12574720],[0.407768,13754368],[0.502323,15319040],[0.5323,17788928],[0.626329,20480000],[0.652054,25260032],[0.945766,30953472],[0.950811,52002816],[0.984011,52219904],[0.984523,56549376],[1.209503,59793408],[1.228776,61902848],[1.308593,78766080],[1.332671,87154688],[1.422412,103931904],[1.454745,114417664],[1.477682,116514816],[1.493667,122806272],[1.510573,122806272],[1.560094,137486336],[1.588723,141680640],[1.710987,166846464],[1.739596,171040768],[1.806019,187817984],[1.845674,194109440],[1.866989,200400896],[1.905325,203055104],[1.931872,219901952],[1.99961,307982336],[2.029499,325107712],[2.102837,331591680],[2.140671,337883136],[2.208191,354660352],[2.231032,356757504],[2.345107,377729024],[2.398766,390311936],[2.40856,394506240],[2.50383,411283456],[2.54684,421769216],[2.613483,432254976],[2.682964,446935040],[2.818837,478392320],[2.829971,482586624],[2.938232,505655296],[2.950189,509849600],[3.072795,662941696],[3.092057,686010368],[3.11707,688238592],[3.145027,705015808],[3.26539,862302208],[3.288884,877223936],[3.332601,940138496],[3.405092,1040932864],[3.437117,1032544256],[3.44947,994795520],[3.46619,961241088],[3.473326,923492352],[3.487757,902520832],[3.50315,852189184],[3.512368,843800576],[3.524061,797663232],[3.530407,789241856],[3.536895,755613696],[3.538269,730447872],[3.549488,730316800],[3.591058,629542912],[3.603907,602931200],[3.639543,512561152],[3.642053,459419648],[3.654703,459395072],[3.70542,339791872],[3.7082,305229824],[3.717517,305233920],[3.743195,316362752],[3.74573,335237120],[3.751916,324751360],[3.771791,326369280],[3.78077,362004480],[3.793289,343130112],[3.834288,346955776],[3.844813,420364288],[3.869529,419258368],[3.870421,384708608],[3.912583,388722688],[4.071706,389812224],[4.077415,397348864],[4.133605,430022656],[4.145042,462970880],[4.145097,429465600],[4.174273,430161920],[4.196295,441434112],[4.220785,442163200],[4.242879,455790592],[4.316794,456523776],[4.361077,461107200],[4.397332,470945792],[4.418424,473645056],[4.50097,476712960],[4.558355,482181120],[4.640101,482562048],[4.661106,488755200],[4.908449,489201664],[4.944804,496955392],[5.396515,497549312],[5.556588,498012160],[5.562972,521080832],[5.575391,510590976],[5.787481,510808064],[5.80679,513105920],[5.905651,513245184],[5.914593,517443584],[6.019923,518262784],[6.041148,524505088],[6.103237,528703488],[6.106237,545480704],[6.112011,537088000],[6.227602,537935872],[6.380223,546025472],[6.426512,547700736],[6.471192,552566784],[6.555038,556687360],[6.637419,564506624],[6.750605,566853632],[6.75256,573145088],[6.834982,574738432],[6.940233,578064384],[7.010158,578916352],[7.200042,583671808],[7.2614,584478720],[7.356314,587808768],[7.357938,594100224],[7.423991,595685376],[7.429169,597766144],[7.495827,599207936],[7.597645,606982144],[7.67429,608518144],[7.937523,616325120],[8.076489,618356736],[8.2956,623243264],[8.328089,626089984],[8.413684,628183040],[8.416785,647057408],[8.423074,638664704],[8.551435,641511424],[8.60157,643690496],[8.754977,646045696],[8.857219,646754304],[8.862184,648769536],[9.075504,650747904],[9.144929,652619776],[9.230063,652713984],[9.497542,657444864],[9.643658,658804736],[9.645037,660398080],[9.871787,664387584],[10.009055,668360704],[10.125018,669876224],[10.224758,673292288],[10.356065,674582528],[10.527656,678064128],[10.592858,678375424],[10.71952,681414656],[10.867723,683159552],[11.047066,688455680],[11.231949,690110464],[11.419237,692858880],[11.573867,694087680],[11.639034,696111104],[11.74697,697364480],[11.751865,716238848],[11.768106,707940352],[11.775483,743596032],[11.789659,724721664],[11.978269,726290432],[12.122822,731176960],[12.200691,731258880],[12.36867,733667328],[12.448086,733986816],[12.571518,736092160],[12.649779,736260096],[12.73197,738168832],[12.875086,739020800],[12.90681,740225024],[13.032665,741019648],[13.116521,742387712],[13.127252,746270720],[13.290991,747565056],[13.333298,749129728],[13.417095,749518848],[13.474974,751493120],[13.651377,753590272],[13.748363,755908608],[13.879799,756449280],[13.94543,757563392],[14.04401,761008128],[14.201963,762986496],[14.203326,769277952],[14.330597,770543616],[14.377817,772681728],[14.524314,773365760],[14.726871,776753152],[14.887262,777658368],[14.950174,779132928],[15.091789,792915968],[15.092608,799207424],[15.165215,807055360],[15.166126,813346816],[15.273206,827924480],[15.2792,834228224],[15.378377,847945728],[15.392701,848748544],[15.477171,861171712],[15.506538,863391744],[15.557863,875180032],[15.578597,875216896],[15.63149,881602560],[15.659759,881913856],[16.474683,882151424],[16.474734,884387840],[16.716808,884600832],[16.74363,887074816],[16.793946,887140352],[16.794977,890744832],[16.892783,890941440],[18.057295,891080704],[18.162108,893497344],[18.368635,893501440],[18.437658,896565248],[18.466129,901083136],[18.540807,902901760],[18.708496,913014784],[18.708595,915111936],[18.89463,925831168],[18.967106,932122624],[19.065047,938414080],[19.15781,942608384],[19.315637,950996992],[19.385616,953065472],[19.512044,959262720],[19.512192,961359872],[19.62235,965677056],[19.642381,971968512],[19.735798,974184448],[19.852178,980475904],[19.911669,984670208],[20.173591,997253120],[20.203325,999350272],[20.388799,1007738880],[20.465916,1011933184],[20.68924,1022418944],[20.836177,1030807552],[20.996059,1039196160],[21.169076,1047584768],[21.177716,1051779072],[21.221011,1053876224],[21.221755,1058070528],[21.304769,1060167680],[21.402371,1066459136],[21.557108,1074847744],[21.689909,1081139200],[21.881897,1093722112],[22.013381,1100013568],[22.208294,1110499328],[22.374947,1118887936],[22.513286,1125179392],[22.583018,1129373696],[22.71297,1135665152],[23.055449,1156636672],[23.330607,1171447808],[23.392099,1173544960],[23.542384,1181933568],[23.797895,1194516480],[23.833454,1194520576],[23.931483,1199484928],[23.992724,1205194752],[23.997237,1207463936],[24.090265,1212633088],[24.095517,1214566400],[24.225218,1220759552],[24.238944,1223663616],[24.246415,1259266048],[24.25803,1240391680],[24.311266,1242546176],[24.349285,1248985088],[24.464041,1255297024],[24.478531,1261588480],[24.556608,1263685632],[24.574483,1345474560],[24.590085,1408389120],[24.640155,1334988800],[24.763456,1343377408],[24.946928,1351782400],[25.024274,1353887744],[25.032479,1355984896],[25.416538,1374863360],[25.648095,1385349120],[25.823762,1393737728],[26.128752,1410514944],[26.253267,1416937472],[26.309089,1416937472],[26.309142,1419034624],[26.405632,1421131776],[26.405933,1425326080],[26.44837,1427423232],[26.458223,1435811840],[26.576861,1437908992],[26.692307,1437913088],[26.694318,1440006144],[27.051399,1432440832],[27.081413,1412743168],[27.144345,1413693440],[27.436143,1421209600],[27.584024,1421275136],[30.600947,1423372288],[30.613085,1429663744],[30.655904,1438052352],[30.68483,1440149504],[30.712206,1456963584],[30.781813,1460600832],[30.928545,1460715520],[30.936111,1494155264],[30.944636,1477378048],[30.961268,1483669504],[31.189524,1476145152],[31.193734,1466044416],[31.194523,1433358336],[31.425633,1434030080],[34.039686,1436127232],[34.039884,1438224384],[34.088321,1438351360],[34.092097,1442418688],[39.674197,1442435072],[41.991424,1444540416],[43.502398,1444745216],[43.505971,1461317632],[43.510246,1452929024],[44.196219,1455026176],[50.726428,1455120384],[50.735175,1455427584],[51.623444,1455505408],[51.623542,1455759360],[52.021257,1455792128],[52.121744,1459220480],[53.043777,1459388416],[53.044323,1462378496],[53.187295,1463386112],[56.278194,1463431168],[56.291429,1463906304],[56.807476,1463918592],[56.83382,1465425920],[56.997463,1465896960],[57.02237,1466929152],[57.151981,1467920384],[58.077312,1468067840],[58.139737,1469149184],[59.022789,1469321216],[59.095998,1471680512],[59.91212,1471725568],[59.925461,