{"summary":{"timestamp":1396486308,"hash":"7bda3df6ff894e9b522ede02b15b6772c99e7362","max_memory":1501036544,"cpu_time":161.87,"pull_request":13262},"memory_data":[[0.001542,4096],[0.043421,380928],[0.063224,8904704],[0.1076,9498624],[0.127222,13455360],[0.181618,14295040],[0.194367,17002496],[0.351583,22798336],[0.378639,26497024],[0.519079,30425088],[0.608632,33902592],[0.64453,36458496],[0.72851,38277120],[0.771782,46120960],[0.834004,53764096],[0.873561,56299520],[0.91229,62713856],[0.929096,62885888],[0.972838,70938624],[1.081395,81764352],[1.124913,84893696],[1.206345,94126080],[1.272433,100171776],[1.413688,115814400],[1.466508,122839040],[1.532342,123559936],[1.696557,176795648],[1.822313,177385472],[1.912943,179290112],[1.947625,202424320],[1.98157,221179904],[2.044344,223858688],[2.667369,223989760],[2.941033,224358400],[2.942483,224882688],[3.144597,225296384],[3.169435,227934208],[3.202303,235909120],[3.271461,235995136],[3.502195,251322368],[3.52544,254193664],[3.802595,271777792],[3.817374,273657856],[3.872122,262324224],[3.873943,234786816],[4.009943,234799104],[4.180639,290119680],[4.592153,290127872],[5.127439,290422784],[5.20203,294699008],[5.202176,296796160],[5.277152,298901504],[5.277201,300998656],[5.355906,301174784],[5.390738,330461184],[5.406578,339120128],[5.451836,340123648],[5.459387,346816512],[5.493025,348975104],[5.566522,349831168],[5.61031,379736064],[5.642505,380796928],[5.649332,387362816],[5.699026,389627904],[5.824871,390430720],[6.056008,390721536],[6.056996,392151040],[6.14861,392155136],[6.153803,395694080],[6.384773,395702272],[6.38594,400683008],[6.427448,402780160],[6.827717,402784256],[6.837598,422182912],[6.848133,417984512],[7.099661,418148352],[7.106021,422178816],[7.503699,422002688],[7.506293,416653312],[7.736176,416878592],[7.740559,420896768],[7.800067,423051264],[7.809652,429285376],[7.914551,430223360],[8.603551,430788608],[8.606619,433713152],[8.64698,433807360],[8.647487,436858880],[9.097422,436862976],[9.13531,437129216],[9.141229,441278464],[9.207088,441577472],[9.207786,446160896],[9.266798,446164992],[9.291152,441724928],[9.423263,441962496],[10.462879,441970688],[10.475688,450351104],[11.390033,450539520],[11.39116,456126464],[11.565898,455204864],[11.56598,450490368],[12.009264,452587520],[12.012594,450490368],[12.874154,450523136],[12.881281,451837952],[12.979064,451874816],[12.98088,470732800],[13.000843,477016064],[13.88165,477085696],[13.885438,479154176],[14.07434,479109120],[14.096912,480849920],[14.197336,481136640],[14.203455,485916672],[14.410185,485933056],[14.545013,486637568],[14.59716,488742912],[14.747036,488755200],[14.860816,490569728],[15.065515,492535808],[15.093785,493740032],[15.21774,494854144],[15.218409,496959488],[15.385471,499073024],[15.43701,501006336],[15.566281,501260288],[15.699616,503947264],[15.74531,503533568],[15.87992,505212928],[15.948098,507559936],[16.044157,507506688],[16.220722,509546496],[16.395064,512458752],[16.467663,515158016],[16.469032,517050368],[16.707485,517496832],[16.940713,520060928],[16.98256,522080256],[17.041386,521859072],[17.132931,524025856],[17.388866,526708736],[17.521455,527114240],[17.600599,528801792],[17.798756,530255872],[17.932717,533041152],[18.059285,533204992],[18.122113,534220800],[18.158515,536707072],[18.297214,536465408],[18.396099,539951104],[18.506058,540692480],[18.602296,539930624],[18.716825,541110272],[18.791601,545333248],[18.794457,543698944],[18.993804,545558528],[19.094679,547545088],[19.165793,547872768],[19.223374,549847040],[19.349303,550129664],[19.35264,579547136],[19.362182,581644288],[19.372478,596324352],[19.392796,600473600],[19.393247,575295488],[19.456085,576552960],[19.569103,577105920],[19.969273,581791744],[19.981314,594378752],[20.500478,594448384],[20.767981,598138880],[20.964497,599752704],[21.174787,602128384],[21.360837,603668480],[21.461175,605519872],[21.555532,609488896],[21.570215,608268288],[21.790974,608829440],[22.08858,612634624],[22.266538,613412864],[22.323604,614973440],[22.416279,615038976],[22.498575,616452096],[22.73705,617504768],[22.851154,618774528],[22.873616,620036096],[23.104101,620974080],[23.392381,623677440],[23.444609,625168384],[23.532828,625303552],[23.61778,626585600],[23.814097,627548160],[23.955638,629006336],[23.958261,633266176],[24.129723,633937920],[24.227637,637894656],[24.229932,636362752],[24.390334,637157376],[24.496289,641052672],[24.49723,642895872],[24.568067,644145152],[24.573924,641179648],[24.726059,641241088],[24.854809,642154496],[24.911545,643366912],[25.025578,643899392],[25.057377,645652480],[25.264997,646131712],[25.30679,647512064],[25.448273,648249344],[25.491798,650174464],[25.608662,651755520],[25.71101,652226560],[25.77229,653811712],[26.223594,659390464],[26.376455,659787776],[26.524157,662265856],[26.614969,663035904],[26.741817,668975104],[26.742333,671784960],[26.832384,672305152],[26.841781,669261824],[26.966329,669290496],[27.032628,671137792],[27.124793,672141312],[27.351223,672944128],[27.401591,674410496],[27.509375,674938880],[27.57202,677691392],[27.605264,676564992],[27.722092,677310464],[27.767712,679227392],[28.02603,680538112],[28.110201,683134976],[28.249188,683233280],[28.357921,684822528],[28.58432,686321664],[28.632929,688402432],[28.637897,692477952],[28.69482,692649984],[28.700656,700866560],[28.730139,700444672],[28.730492,686317568],[29.126878,685375488],[29.126979,674783232],[32.015962,676880384],[32.020252,676454400],[34.778504,676478976],[34.882331,677330944],[35.617686,678297600],[35.679062,680071168],[35.811175,680075264],[36.07362,681238528],[36.34489,683569152],[36.734733,683847680],[38.377291,683888640],[38.483661,684109824],[38.486697,686903296],[38.89608,687034368],[40.287982,687153152],[40.374553,688369664],[40.534732,688500736],[40.638545,690696192],[40.641605,692981760],[40.723774,692985856],[41.217259,704851968],[41.301001,707903488],[41.384963,709488640],[41.475925,714190848],[41.670213,718913536],[41.789704,721174528],[42.077065,727851008],[42.254467,732700672],[42.500417,737816576],[42.903142,747130880],[43.085528,749101056],[43.258948,753553408],[43.425377,756801536],[43.568137,760524800],[43.890062,767197184],[44.223652,775454720],[44.258503,777039872],[44.676072,785281024],[44.871018,789409792],[44.905841,790986752],[45.817406,811257856],[46.01666,815443968],[46.372192,822280192],[46.534157,826200064],[46.535528,827772928],[46.853838,830488576],[46.865867,831279104],[47.138842,836681728],[47.142375,839827456],[47.214953,839831552],[47.73281,850231296],[47.827689,851910656],[47.830694,855056384],[47.907575,855064576],[48.072188,858451968],[48.322141,862658560],[48.402061,865206272],[48.717607,872177664],[48.813616,875859968],[49.125765,883994624],[49.23131,885919744],[49.394468,890265600],[49.39817,893411328],[49.485589,894705664],[49.685982,899129344],[49.879215,902823936],[50.074917,907141120],[50.140587,909135872],[50.436627,915337216],[50.630813,921092096],[50.864409,927358976],[51.424092,938680320],[52.023056,952320000],[52.217432,957497344],[52.458482,965656576],[52.565957,967819264],[52.688853,972656640],[52.97115,979095552],[53.059195,982458368],[53.156645,984948736],[53.245922,989655040],[53.404746,992854016],[53.600628,998531072],[53.920141,1005232128],[54.218596,1012277248],[54.357115,1015152640],[54.359729,1018499072],[54.430099,1019006976],[54.576776,1021587456],[54.722239,1025077248],[54.928495,1028669440],[55.085893,1032523776],[55.09276,1038786560],[55.243995,1038790656],[55.426926,1043841024],[55.839615,1051262976],[55.843141,1054408704],[55.90239,1054412800],[56.195835,1061556224],[56.255984,1063575552],[56.499878,1068478464],[56.721647,1073917952],[56.846541,1077526528],[56.851805,1083817984],[56.976258,1083842560],[57.224849,1089048576],[57.435284,1094479872],[57.581085,1098887168],[58.012266,1108045824],[58.274271,1114673152],[58.521753,1120215040],[58.649887,1122258944],[58.884581,1127936000],[58.922052,1128407040],[59.185749,1136652288],[59.187412,1151340544],[59.197582,