{"summary":{"timestamp":1377827147,"hash":"7c6c7519a75064d11f855de862bcdaddcbe5df4b","max_memory":2048200704,"cpu_time":null,"pull_request":8458},"memory_data":[[0.001457,4096],[0.048332,872448],[0.096985,7356416],[0.229699,12386304],[0.402466,15089664],[0.478144,19648512],[0.532084,20647936],[0.540551,25427968],[0.679214,27742208],[0.740657,29646848],[0.831958,30740480],[0.836846,51761152],[0.862388,51957760],[0.862887,56287232],[1.079908,59564032],[1.144234,70221824],[1.192257,80707584],[1.208738,86999040],[1.291484,101679104],[1.319514,112164864],[1.357598,120553472],[1.39962,126844928],[1.421148,135233536],[1.439942,137330688],[1.605276,172982272],[1.613741,172982272],[1.69918,193953792],[1.719059,196345856],[1.738963,209137664],[1.822202,318189568],[1.868469,329093120],[1.906638,347967488],[1.959044,377327616],[1.977885,381521920],[2.029303,404590592],[2.042314,412979200],[2.08741,431853568],[2.173266,475893760],[2.205607,494768128],[2.327187,654151680],[2.338134,666865664],[2.377766,692031488],[2.489238,838832128],[2.502844,841138176],[2.53855,866304000],[2.642427,1013235712],[2.66435,1009041408],[2.676346,979681280],[2.686934,971292672],[2.696326,925155328],[2.704602,916766720],[2.708703,899989504],[2.72119,887406592],[2.728744,866435072],[2.734009,866373632],[2.747746,813510656],[2.749739,796733440],[2.757734,787456000],[2.764074,759156736],[2.770884,746573824],[2.772843,720261120],[2.77889,720207872],[2.798443,667967488],[2.825248,605265920],[2.846411,550227968],[2.871264,492269568],[2.874257,440958976],[2.885732,440934400],[2.893781,431734784],[2.897964,403353600],[2.903732,403152896],[2.916559,370737152],[2.945668,307593216],[2.947329,299180032],[2.98024,309035008],[2.982753,327909376],[2.989062,317423616],[3.008145,318959616],[3.013645,356708352],[3.025983,337833984],[3.064962,341454848],[3.076019,414855168],[3.101025,377106432],[3.140517,380846080],[3.241161,382013440],[3.246092,390664192],[3.273369,404688896],[3.294804,425234432],[3.302665,456581120],[3.303253,423026688],[3.334718,423993344],[3.358731,435265536],[3.382365,436125696],[3.410675,449626112],[3.496886,450498560],[3.524901,452231168],[3.562246,458125312],[3.603332,468160512],[3.659402,470331392],[3.736949,470626304],[3.737147,473284608],[3.824895,473702400],[3.828241,479993856],[3.909519,480845824],[4.08728,480968704],[4.095622,487260160],[4.266638,487477248],[4.266985,488521728],[4.688381,489246720],[4.692127,512315392],[4.704441,499732480],[5.060064,500867072],[5.064011,503390208],[5.116306,504393728],[5.159434,515407872],[5.196915,517505024],[5.199882,534282240],[5.206825,523796480],[5.297087,524103680],[5.344903,525643776],[5.509604,534487040],[5.557113,539963392],[5.626404,542662656],[5.709999,550576128],[5.82772,552648704],[5.828486,558940160],[5.871652,560353280],[6.081341,564674560],[6.195219,567787520],[6.334907,570470400],[6.430905,573816832],[6.431779,580108288],[6.505272,581996544],[6.510242,586190848],[6.571425,587460608],[6.676213,595181568],[6.894103,600162304],[7.015321,604368896],[7.254401,608055296],[7.412947,612769792],[7.413394,614031360],[7.507111,616288256],[7.510126,635162624],[7.517101,624676864],[7.606934,626720768],[7.675179,629518336],[7.809439,631726080],[7.948011,632696832],[7.95351,636891136],[8.136605,638578688],[8.198452,640372736],[8.264076,640393216],[8.585265,645881856],[8.721638,647303168],[8.781312,650493952],[9.021824,654712832],[9.109641,657395712],[9.194523,658345984],[9.320986,662331392],[9.663896,666624000],[9.760696,668971008],[9.934553,671592448],[10.102686,676610048],[10.205248,677920768],[10.303909,678133760],[10.469774,681029632],[10.653845,682745856],[10.68899,684191744],[10.828121,685752320],[10.831316,704626688],[10.838268,694140928],[10.938034,695226368],[10.946528,730877952],[10.960527,712003584],[11.021179,712151040],[11.156349,716279808],[11.711376,722333696],[11.775845,723992576],[11.92706,724779008],[12.069556,726241280],[12.195378,728457216],[12.196414,731570176],[12.454351,734158848],[12.507346,735940608],[12.785703,740245504],[12.921031,741462016],[13.075931,746008576],[13.269575,746205184],[13.428875,748756992],[13.433065,755048448],[13.510274,755548160],[13.531557,757018624],[13.703237,758026240],[13.903238,760815616],[14.070249,761741312],[14.148999,763863040],[14.263048,776564736],[14.26399,782856192],[14.334843,791601152],[14.339893,797908992],[14.43411,811560960],[14.440078,817872896],[14.618497,842903552],[14.683872,855748608],[14.68567,866234368],[14.694733,859942912],[14.726514,865656832],[14.791271,869588992],[15.236386,870346752],[15.404634,873058304],[15.765328,874496000],[15.776806,878358528],[15.841091,878473216],[15.841543,882069504],[17.015856,882446336],[17.144359,884498432],[17.241284,884981760],[17.295494,886743040],[17.357257,890974208],[17.406005,891056128],[17.40938,893394944],[17.478465,895668224],[17.658693,905940992],[17.747222,906145792],[17.831328,910221312],[17.923682,918241280],[17.971274,921260032],[18.01666,921350144],[18.121482,926208000],[18.269604,934412288],[18.300288,934440960],[18.376305,938299392],[18.463628,938405888],[18.466681,940503040],[18.586594,946831360],[18.653807,948940800],[18.656569,951148544],[18.749757,955351040],[18.801575,959545344],[18.873219,961523712],[19.091177,971984896],[19.124304,976310272],[19.259875,982634496],[19.32538,984756224],[19.384095,988954624],[19.423087,988962816],[19.611525,997654528],[19.636989,1001484288],[19.676864,1001586688],[19.709923,1005649920],[19.787719,1007857664],[19.864482,1014173696],[20.032361,1022574592],[20.06001,1022578688],[20.069352,1026772992],[20.13342,1026781184],[20.189142,1030979584],[20.189783,1035173888],[20.269921,1037283328],[20.273227,1039380480],[20.418235,1047777280],[20.563077,1054081024],[20.763095,1066672128],[20.778405,1068769280],[20.832751,1068777472],[20.833491,1070874624],[20.955539,1077178368],[21.056729,1081380864],[21.074876,1083478016],[21.226035,1091874816],[21.557967,1108652032],[21.726863,1119137792],[21.762669,1119145984],[21.871802,1126252544],[22.071178,1136795648],[22.072537,1140994048],[22.117577,1141075968],[22.297543,1149079552],[22.445594,1157152768],[22.634969,1166057472],[22.635232,1167065088],[22.7422,1171910656],[22.825692,1178955776],[22.829666,1181171712],[22.918951,1186299904],[22.923485,1188134912],[23.029537,1193091072],[23.030677,1197244416],[23.126717,1200984064],[23.137975,1205174272],[23.147135,1238728704],[23.161041,1219854336],[23.228256,1226153984],[23.28509,1228259328],[23.295602,1236647936],[23.380763,1238749184],[23.458931,1242943488],[23.468462,1245044736],[23.481258,1307955200],[23.487618,1331027968],[23.497124,1387646976],[23.547382,1320423424],[23.56268,1316343808],[23.780183,1326841856],[23.813245,1326850048],[23.854574,1331052544],[23.946401,1335259136],[24.236815,1349939200],[24.553809,1364619264],[24.860752,1381396480],[24.898873,1381408768],[24.985891,1385398272],[24.985989,1387499520],[25.034718,1389817856],[25.089727,1389854720],[25.089777,1391951872],[25.216239,1396162560],[25.226127,1404551168],[25.448545,1408749568],[25.54188,1408749568],[25.79549,1398263808],[25.825302,1385680896],[25.92374,1387712512],[26.081218,1394081792],[26.22815,1394147328],[28.152535,1394155520],[29.185722,1396252672],[29.198161,1402544128],[29.220523,1404641280],[29.24942,1413029888],[29.270034,1415127040],[29.290912,1425612800],[29.295729,1434001408],[29.510011,1434001408],[29.514925,1467555840],[29.523601,1450778624],[29.539922,1457070080],[29.763825,1440292864],[29.767461,1406738432],[32.511261,1409028096],[32.511456,1411125248],[32.562835,1415319552],[40.533425,1417428992],[42.174112,1419526144],[42.179703,1425817600],[42.664592,1427914752],[47.887387,1430011904],[50.773184,1432109056],[50.773332,1434206208],[50.935989,1436303360],[53.572692,1436307456],[53.57471,1438400512],[54.274506,1438400512],[54.632491,1440497664],[55.834639,1440501760],[55.835094,1442594816],[56.035131,1444691968],[57.044888,1444696064],[57.045495,1446789120],[58.214697,1448886272],[59.241283,