{"summary":{"timestamp":1398799912,"hash":"7f6fa048df80ff043da1ed36855b841287c9089d","max_memory":1598935040,"cpu_time":152.18,"pull_request":13845},"memory_data":[[0.00339,4096],[0.074595,585728],[0.093498,8990720],[0.12638,9408512],[0.14762,13340672],[0.206487,14151680],[0.221474,16928768],[0.295538,19529728],[0.360845,23953408],[0.371515,27004928],[0.440634,30740480],[0.554899,34406400],[0.667426,35901440],[0.756192,38518784],[0.806831,45993984],[0.871362,53174272],[0.911125,55541760],[0.954339,62107648],[0.972535,62185472],[1.017175,69791744],[1.134684,80678912],[1.183081,83832832],[1.27446,93093888],[1.347121,99119104],[1.445669,108675072],[1.551884,120418304],[1.611408,121442304],[1.701387,148852736],[1.79157,174645248],[1.885705,175255552],[1.969705,178208768],[2.459859,178360320],[2.653804,178921472],[2.714526,184279040],[2.999183,213979136],[3.076388,221634560],[3.105926,229928960],[3.165713,231370752],[3.368986,252887040],[3.390326,254447616],[3.514286,268558336],[3.659412,283684864],[3.740616,292896768],[3.950026,292929536],[4.14315,348684288],[5.181044,348880896],[5.338267,352968704],[5.338449,355065856],[5.411671,355069952],[5.422976,357167104],[5.502156,357171200],[5.502333,359268352],[5.61982,359428096],[5.762553,361517056],[5.870475,361689088],[6.005072,368373760],[6.146722,371253248],[6.250841,375558144],[6.364953,375824384],[6.426737,377131008],[6.586682,383500288],[6.63855,392224768],[6.690962,398376960],[6.739385,399519744],[6.795173,404389888],[6.850909,406188032],[6.917767,410689536],[7.047451,411725824],[7.069352,413347840],[7.138699,413536256],[7.140776,416735232],[7.214105,417677312],[7.274974,422227968],[7.461864,422920192],[7.462676,428421120],[7.506252,429244416],[7.508336,431800320],[7.881152,432091136],[7.890956,446226432],[7.902626,445231104],[8.017793,445300736],[8.127702,447819776],[8.130778,450961408],[8.203752,451817472],[8.426733,451899392],[8.533394,452501504],[8.535865,444821504],[8.711613,445071360],[8.766363,451231744],[8.873452,455561216],[8.894718,458371072],[9.017179,459767808],[9.363918,460738560],[9.460838,462876672],[9.526277,465633280],[9.52795,468779008],[9.573024,471293952],[9.628115,472010752],[9.628739,475447296],[9.745511,478150656],[9.801032,478478336],[9.810763,488828928],[9.981197,490926080],[10.041823,494145536],[10.043036,490512384],[10.122131,491134976],[10.605173,491548672],[10.646539,492281856],[11.255792,494383104],[11.263055,491237376],[11.326075,494047232],[11.404496,495681536],[11.499265,495685632],[11.663502,497901568],[11.714256,499560448],[11.837441,499863552],[11.839507,507678720],[11.86778,507703296],[11.909294,499888128],[11.90994,494080000],[12.051201,494624768],[12.738118,494829568],[12.740063,497639424],[13.11821,499740672],[13.124164,522231808],[13.132832,522797056],[13.13299,510222336],[13.618363,510312448],[13.619037,511336448],[13.722691,511561728],[13.900065,514011136],[13.936954,517574656],[14.096769,517181440],[14.179806,518344704],[14.198499,521170944],[14.33174,521785344],[14.378058,524075008],[14.528339,523870208],[14.595924,526643200],[14.707988,526970880],[14.926245,530104320],[15.014466,530661376],[15.21304,533389312],[15.3759,533995520],[15.414836,534884352],[15.646474,535613440],[15.688872,537358336],[15.689068,541704192],[15.719693,544456704],[15.722463,548646912],[16.391639,548794368],[16.532163,549548032],[16.810712,553787392],[16.969736,554930176],[17.02704,556834816],[17.19748,557019136],[17.285109,558116864],[17.374026,561455104],[17.543556,562298880],[17.626433,563736576],[17.924338,566894592],[18.115899,569921536],[18.178942,571895808],[18.302431,572325888],[18.424077,574681088],[18.427697,573792256],[18.548701,575766528],[18.661196,575770624],[18.753715,576786432],[18.790601,578367488],[18.864485,578543616],[18.909054,580034560],[19.07756,581218304],[19.13847,583192576],[19.386383,584019968],[19.446275,586149888],[19.508196,585699328],[19.699442,587001856],[19.702502,611602432],[19.721398,636768256],[19.730158,637333504],[19.730316,612163584],[19.877603,614469632],[20.001152,614543360],[20.121091,616124416],[20.185038,618840064],[20.346172,619237376],[20.42664,622645248],[20.426716,620609536],[20.630746,622780416],[20.688336,626679808],[20.732244,625287168],[20.763769,626798592],[21.002659,628723712],[21.08646,630919168],[21.174775,630976512],[21.291025,632344576],[21.595978,634413056],[21.681293,635645952],[21.836214,636485632],[21.995128,638173184],[22.00229,650756096],[22.083733,652857344],[22.089721,660979712],[23.151396,661118976],[23.250422,662409216],[23.572932,664305664],[23.748174,666595328],[23.865588,671354880],[23.865667,669646848],[24.126343,670138368],[24.438831,673144832],[24.478922,673959936],[24.696861,674967552],[24.745222,676569088],[24.875172,676610048],[24.976,678129664],[25.14176,678682624],[25.157387,683671552],[25.48675,683921408],[25.735963,685072384],[25.780397,686612480],[26.033595,687616000],[26.079266,689274880],[26.215221,689385472],[26.345164,690896896],[26.478418,691146752],[26.73625,692965376],[26.878817,694980608],[26.985158,699379712],[26.987891,697778176],[27.173833,698654720],[27.232846,701313024],[27.2985,702517248],[27.299036,705568768],[27.385137,705654784],[27.386793,702648320],[27.489344,704745472],[27.587,705208320],[27.805161,704921600],[27.956027,706228224],[28.170097,707334144],[28.211287,708591616],[28.373496,709230592],[28.437444,710819840],[28.607562,713072640],[28.69596,713412608],[28.851973,715276288],[29.019033,718098432],[29.193037,720011264],[29.438084,720953344],[29.710271,724160512],[29.859201,730071040],[29.859469,732737536],[29.937977,733638656],[30.303074,733863936],[30.587768,734867456],[30.634432,735993856],[30.768875,736477184],[30.863964,739504128],[30.88717,738406400],[30.984753,738574336],[31.089385,740823040],[31.4227,742801408],[31.462191,744792064],[31.627655,744857600],[31.820642,747233280],[32.104219,747302912],[32.192951,752447488],[32.195594,754802688],[32.257675,756899840],[32.262861,763719680],[32.314389,754532352],[32.314628,748507136],[32.41385,748519424],[32.977231,744910848],[32.977311,733835264],[33.528924,733839360],[33.874415,736178176],[33.875235,738320384],[34.161289,738324480],[34.461361,739115008],[34.462735,740691968],[34.755228,741601280],[34.756867,741994496],[35.079376,743043072],[35.274025,744726528],[35.872252,745074688],[37.157769,745189376],[37.367502,745123840],[37.369362,748130304],[38.059798,748265472],[39.01633,748273664],[39.243975,748527616],[39.314136,749469696],[39.703166,749813760],[39.833591,751017984],[40.034626,755953664],[40.357552,762241024],[40.657863,769687552],[40.766186,771747840],[40.866483,776433664],[41.023322,780275712],[41.380656,786800640],[41.381369,787587072],[41.581037,792023040],[42.346561,807403520],[42.566788,809938944],[42.747861,813551616],[42.857731,816676864],[42.995112,818741248],[43.27066,824270848],[43.311618,825856000],[43.442648,828194816],[43.607528,832065536],[43.658061,832499712],[43.672221,834859008],[43.718197,834863104],[44.330233,846385152],[44.374832,847970304],[44.756627,855289856],[44.822622,857165824],[45.027802,861392896],[45.064833,861667328],[45.367401,867737600],[45.486726,870494208],[46.0957,881434624],[46.266289,885133312],[46.592656,888176640],[46.66807,889683968],[46.669979,892805120],[46.758396,892809216],[47.100575,899358720],[47.434235,905252864],[47.436277,908398592],[47.519659,908402688],[47.882623,914825216],[47.883511,916398080],[47.964675,916549632],[48.109258,919003136],[48.19482,921677824],[48.42121,926703616],[48.820879,936599552],[49.003126,940593152],[49.005423,943738880],[49.070098,943755264],[49.205385,947519488],[49.376252,951406592],[49.89125,961110016],[50.65922,978345984],[50.906272,983019520],[50.979511,985161728],[51.301885,991350784],[51.600959,997548032],[51.678033,999706624],[52.242401,1011798016],[52.509332,1016684544],[52.513962,1067020288],[52.55593,1117351936],[52.569429,1116663808],[52.569507,1067016192],[52.670957,1068924928],[52.977997,1076338688],[53.322863,1083224064],