{"summary":{"timestamp":1365561237,"hash":"80b6bbd7b56634f1a049f21c63fea062e3416cb8","max_memory":1271537664,"cpu_time":100.53,"pull_request":5789},"memory_data":[[0.001682,8192],[0.005822,7274496],[0.10854,9138176],[0.115759,10735616],[0.395754,21164032],[0.785603,36986880],[1.026128,46047232],[1.125452,50315264],[1.6656,89608192],[1.689297,90415104],[1.76717,111108096],[1.97333,163295232],[2.17111,214196224],[2.265517,237113344],[2.345718,244674560],[2.527501,273297408],[2.613742,278007808],[2.70432,286584832],[2.734357,291897344],[2.814479,298328064],[2.903205,307404800],[3.006098,320303104],[3.084803,328790016],[3.118145,334905344],[3.17305,334921728],[3.185585,342130688],[3.196126,339968000],[3.197854,349409280],[3.219478,344989696],[3.222213,363868160],[3.238049,354426880],[3.270253,355291136],[3.277001,393043968],[3.307559,374165504],[3.372231,375767040],[3.384299,451268608],[3.445864,415424512],[3.463248,414236672],[3.553851,415461376],[3.577084,425373696],[3.58267,438996992],[3.696488,439828480],[3.713746,445497344],[3.798324,447148032],[3.800375,451342336],[3.903016,451837952],[4.084399,457277440],[4.230624,459665408],[4.288489,463187968],[4.332302,470781952],[4.423293,472096768],[4.500867,475983872],[4.663071,476065792],[4.665439,481226752],[5.053158,481243136],[5.056785,491712512],[6.067905,493813760],[6.073494,512688128],[6.092856,512180224],[6.093155,496844800],[6.294387,497266688],[6.374061,498544640],[6.389796,507277312],[6.406612,507281408],[6.408858,515391488],[6.443911,515448832],[6.447556,532168704],[6.525775,533815296],[6.796812,534114304],[6.797308,535080960],[6.943383,535085056],[7.064102,537079808],[7.180522,538116096],[7.195342,540381184],[7.320418,540442624],[7.493773,542351360],[7.694446,543371264],[7.695734,547045376],[7.971248,547180544],[8.077296,548184064],[8.212224,548356096],[8.33813,549490688],[8.632192,551022592],[8.813774,553308160],[8.815851,560656384],[9.490889,561074176],[9.659254,562569216],[9.725412,563998720],[9.820844,564228096],[10.023539,566312960],[10.151869,566919168],[10.165649,567914496],[10.510967,568033280],[10.535866,568778752],[10.683358,569069568],[11.083541,572121088],[11.08725,586579968],[12.640866,586633216],[12.766983,586846208],[12.89792,587907072],[12.899363,589201408],[13.055572,589393920],[13.207264,590266368],[13.314768,591831040],[13.615738,592347136],[13.705507,593461248],[13.822936,593485824],[13.827661,594657280],[13.976991,594841600],[14.192352,596209664],[14.319003,596287488],[14.380992,597659648],[14.59604,597766144],[14.79916,599228416],[14.817687,600387584],[15.3112,602050560],[15.40281,603025408],[15.591311,603897856],[15.636291,604639232],[15.804328,604663808],[15.897411,605388800],[16.231934,606117888],[16.252233,606945280],[16.447238,607297536],[16.534466,608276480],[16.946307,609771520],[16.954549,639135744],[18.767391,639139840],[19.497487,639254528],[19.642207,641404928],[19.642384,639307776],[19.839542,639492096],[19.903203,640450560],[20.222303,641589248],[20.254506,642318336],[20.524251,642977792],[20.759139,644747264],[21.014919,645419008],[21.083482,647053312],[21.105102,650960896],[21.142494,650989568],[21.143964,656203776],[21.270799,656347136],[21.273695,666693632],[21.915841,666787840],[23.404694,666820608],[23.587617,667144192],[23.9806,667148288],[24.031138,670273536],[24.187203,669417472],[24.548764,669511680],[24.842764,672485376],[24.844985,682921984],[24.867543,687157248],[25.089847,687788032],[25.110493,693469184],[25.181666,695566336],[25.191158,697663488],[25.28694,697667584],[25.342398,699908096],[25.384404,708296704],[25.452892,712491008],[25.551992,714592256],[25.566934,717512704],[25.677834,719613952],[25.749248,724164608],[25.941445,732823552],[25.942848,736178176],[25.977207,738467840],[26.099408,742936576],[26.233767,743788544],[26.397076,748175360],[26.623443,752340992],[26.624231,754835456],[26.700531,755314688],[26.879797,758710272],[27.017941,763965440],[27.018551,768159744],[27.178413,772694016],[27.319028,773636096],[27.4818,778526720],[27.561508,779390976],[27.562045,781488128],[27.745405,785903616],[27.771593,792850432],[27.77981,799363072],[27.85485,802029568],[27.991846,803938304],[28.057546,806215680],[28.144299,807145472],[28.298746,813305856],[28.382317,814411776],[28.563718,821542912],[28.623111,821624832],[28.814252,826568704],[28.901057,827584512],[28.987916,831229952],[29.194966,838320128],[29.269611,838901760],[29.577439,847646720],[29.692085,849960960],[29.795308,853225472],[29.91968,855724032],[29.924272,860028928],[29.972168,861663232],[29.972426,863760384],[30.184673,870944768],[30.212906,870948864],[30.332294,875024384],[30.416224,875888640],[30.501311,878870528],[30.817446,880029696],[30.913523,881430528],[30.998116,884248576],[31.10392,885891072],[31.104098,887988224],[31.176759,891555840],[31.269395,893829120],[31.270505,895926272],[31.510058,902066176],[31.623023,903077888],[31.746887,906616832],[31.849142,907173888],[32.144035,915558400],[32.144887,919752704],[32.304864,925720576],[32.380503,926474240],[32.476471,930635776],[32.570983,933126144],[32.632671,933298176],[32.69683,935804928],[32.796991,936321024],[32.82631,937615360],[32.976067,939053056],[33.02037,941113344],[33.095282,941514752],[33.17692,944562176],[33.291969,945479680],[33.322347,948563968],[33.436896,950489088],[33.599817,956395520],[33.683778,957304832],[33.749969,959823872],[33.750993,966123520],[33.800658,966131712],[33.890861,969117696],[33.966632,969707520],[33.966824,971804672],[34.060688,973111296],[34.13189,975413248],[34.316326,977780736],[34.409176,980152320],[34.409313,982249472],[34.501157,983560192],[34.608102,987459584],[34.781253,989396992],[34.783188,993615872],[34.841858,995606528],[34.905767,995868672],[34.959546,997728256],[35.017969,997810176],[35.145032,1002532864],[35.268355,1002913792],[35.499391,1005350912],[35.602997,1007026176],[35.693702,1010302976],[35.886313,1014034432],[35.955038,1016537088],[36.090206,1019367424],[36.221729,1023971328],[36.339523,1026281472],[36.481314,1030479872],[36.50951,1030483968],[36.682663,1035599872],[36.750882,1035993088],[36.825036,1038942208],[36.916577,1040146432],[36.997516,1043185664],[37.205961,1044631552],[37.295817,1046917120],[37.483968,1053630464],[37.586514,1054162944],[37.727135,1057591296],[37.827473,1061122048],[37.992362,1063878656],[38.115957,1067831296],[38.27508,1070460928],[38.371729,1073881088],[38.444137,1075228672],[38.449695,1077751808],[38.507574,1079156736],[38.527817,1083977728],[38.765149,1090408448],[38.786942,1091538944],[39.026921,1098231808],[39.171756,1100775424],[39.344128,1104773120],[39.381666,1106386944],[39.404873,1115451392],[39.564286,1120444416],[39.565322,1122541568],[39.658495,1124319232],[39.658585,1126416384],[39.84308,1131978752],[39.844079,1134075904],[39.932655,1135267840],[39.997901,1137774592],[40.25681,1145159680],[40.579182,1153265664],[40.62895,1155080192],[40.630368,1159188480],[40.729977,1159303168],[40.867869,1162850304],[40.868584,1167044608],[40.901218,1167175680],[40.992787,1170833408],[41.150979,1173422080],[41.468662,1184931840],[41.569101,1187770368],[41.655982,1188581376],[41.745448,1191596032],[41.745702,1193693184],[42.014074,1201917952],[42.147599,1203589120],[42.241007,1206059008],[42.36436,1211748352],[42.526368,1217781760],[42.585424,1217875968],[42.692074,1222709248],[42.695376,1226985472],[42.730378,1228075008],[42.750077,1234923520],[42.780761,1235943424],[42.79152,1242574848],[42.909654,1245077504],[42.909844,1247174656],[42.967388,1250549760],[43.077416,1253236736],[43.512026,1256783872],[43.514853,1261957120],[43.777677,1262096384],[43.779727,1251962880],[43.971164,1223901184],[43.972213,1100959744],[44.057214,1101221888],[44.153051,1104306176],[46.475025,1104400384],[46.478083,1104744448],[47.291747,1104748544],[47.296441,1121390592],[47.414024,1121591296],[47.41456,1124933632],[47.505046,1125433344],[47.511795,1192550400],[47.546546,1192763392],[47.547425,1186668544],[47.815295,1186672640],[47.819144,1211703296],