{"summary":{"timestamp":1360623736,"hash":"822813dd23e9df149733ea537d8e64558e917888","max_memory":1160339456,"cpu_time":85.1,"pull_request":null},"memory_data":[[0.003314,8192],[0.012111,3035136],[0.107039,5324800],[0.474163,16347136],[0.935842,30932992],[1.101717,35835904],[1.634739,52764672],[2.543332,80494592],[2.685875,84566016],[2.805566,105459712],[3.125212,159277056],[3.585455,159281152],[3.623868,165597184],[3.753828,173207552],[3.831433,181678080],[3.930517,187097088],[3.985096,194179072],[4.042912,198393856],[4.203939,202805248],[4.373877,211537920],[4.418249,215461888],[4.559016,221503488],[4.718414,230088704],[5.020732,249774080],[5.078457,255221760],[5.139394,255307776],[5.201648,267251712],[5.217276,268296192],[5.274318,279375872],[5.278263,283578368],[5.309667,281477120],[5.420153,302817280],[5.483854,303968256],[5.496667,311316480],[5.52843,314568704],[5.542097,323305472],[5.574124,324399104],[5.587546,339279872],[5.712599,339890176],[5.724365,341016576],[6.03534,341020672],[6.100437,346808320],[6.503149,349216768],[6.505877,350248960],[6.646883,350253056],[6.918048,351604736],[6.924408,353710080],[7.293646,353714176],[7.810273,356950016],[7.819536,361095168],[8.242899,361160704],[8.245193,362147840],[8.366066,362151936],[8.61657,364482560],[8.889301,367808512],[8.908616,376197120],[9.037459,376324096],[9.056908,381464576],[9.083086,381829120],[9.100288,390201344],[9.216242,392269824],[9.230115,400666624],[9.48613,407805952],[9.61334,408473600],[9.629953,409640960],[10.262048,415961088],[10.55281,417497088],[10.582888,418422784],[10.782766,419467264],[10.789251,421490688],[10.980455,421507072],[11.144,423555072],[11.297375,428068864],[11.471275,429408256],[11.50637,435490816],[11.764918,435683328],[11.923593,438497280],[12.105226,439320576],[12.351619,442200064],[12.397435,445767680],[12.641641,446611456],[12.774803,448475136],[12.848647,448634880],[13.168028,451121152],[13.324446,453292032],[13.344449,461545472],[13.951332,461582336],[13.985106,462876672],[14.072938,462913536],[14.19666,464289792],[14.257712,466464768],[14.377089,466849792],[14.583663,469250048],[14.60525,469995520],[14.880242,471654400],[14.89226,472584192],[15.019539,473575424],[15.041561,475074560],[15.119189,475160576],[15.436527,477696000],[15.455863,478887936],[15.600438,479326208],[15.719124,480677888],[16.034429,482279424],[16.120406,484167680],[16.205578,484421632],[16.362747,487104512],[16.462882,487407616],[16.557366,490844160],[16.702377,491147264],[16.721981,491966464],[16.891536,492896256],[16.954542,494297088],[17.091675,494989312],[17.152911,500330496],[17.161731,504524800],[17.203818,506130432],[17.221949,514519040],[17.2581,514568192],[29.06355,514584576],[29.416145,514686976],[31.516435,514801664],[31.556011,515248128],[34.31831,515252224],[34.975059,515444736],[34.985007,515973120],[38.233573,515989504],[38.971029,516288512],[39.866641,516354048],[39.935026,516624384],[40.363162,516698112],[40.68339,517132288],[40.891837,518258688],[40.940861,519020544],[41.216582,519852032],[41.511853,523624448],[41.749384,524070912],[43.443392,524185600],[43.600211,526041088],[43.60935,537575424],[43.638027,540065792],[43.800922,540258304],[43.81415,542400512],[43.940462,542412800],[43.991852,544395264],[43.993502,548593664],[44.023607,549474304],[44.030751,557862912],[44.073867,557170688],[44.075341,562053120],[44.335027,562057216],[44.392266,563793920],[44.393125,565891072],[44.459191,567091200],[44.460421,571285504],[44.526029,573075456],[44.831732,586604544],[44.891854,590082048],[45.091422,595689472],[45.262178,598245376],[45.328113,600838144],[45.519302,604901376],[45.526489,613289984],[45.570925,613355520],[45.572219,621678592],[45.62816,623775744],[45.629126,625872896],[46.074903,625876992],[46.312484,632594432],[46.51302,639479808],[46.543947,643158016],[46.554647,649707520],[46.6276,652066816],[46.803215,656216064],[47.064502,664502272],[47.108227,670183424],[47.287743,676278272],[47.459913,680378368],[47.596532,684965888],[47.767185,689393664],[48.292287,703791104],[48.59682,713609216],[48.614114,718352384],[48.677754,719290368],[48.781655,722644992],[48.93751,723615744],[49.091993,728489984],[49.327327,737746944],[49.515474,742948864],[49.575419,743985152],[49.723364,748318720],[49.866011,751353856],[50.190651,761630720],[50.25753,762388480],[50.430696,768962560],[50.46552,769134592],[50.548454,772431872],[50.622833,772702208],[50.86189,777797632],[50.957893,780898304],[50.976823,783081472],[51.341765,794513408],[51.560496,800034816],[51.639343,801210368],[51.639654,803307520],[51.802325,807358464],[52.101372,813875200],[52.222941,817750016],[52.333825,819740672],[52.336165,823951360],[52.415266,826478592],[52.494221,827121664],[52.689272,833331200],[52.856182,834854912],[52.995056,838766592],[53.00195,840863744],[53.050428,840876032],[53.209678,845910016],[53.40232,850464768],[53.556893,855662592],[53.80683,861732864],[53.947854,866418688],[54.09489,869580800],[54.336029,877780992],[54.421039,879005696],[54.951021,895270912],[55.134524,898609152],[55.273627,902430720],[55.451935,906182656],[55.553568,909586432],[55.555993,912048128],[55.620172,913686528],[55.646347,918663168],[55.919269,926932992],[55.956972,930619392],[56.027857,930783232],[56.159501,935538688],[56.526416,944726016],[56.559596,946159616],[56.60215,957972480],[56.907507,967712768],[57.13314,974069760],[57.24624,977817600],[57.3512,979943424],[57.662405,988782592],[57.669933,990838784],[57.730974,990846976],[57.801044,992751616],[57.804714,994848768],[57.94594,999329792],[58.086473,1003028480],[58.116857,1005809664],[58.209742,1009119232],[58.339937,1011613696],[58.647299,1021550592],[58.813172,1025966080],[59.198934,1037819904],[59.404685,1042907136],[59.697525,1052889088],[59.743383,1055473664],[59.843508,1058754560],[59.881898,1062109184],[59.900202,1069174784],[60.038462,1072664576],[60.038929,1074761728],[60.104668,1078251520],[60.161068,1079619584],[60.27799,1080295424],[60.278408,1081262080],[60.746966,1083953152],[60.752832,1087799296],[60.939867,1087074304],[60.946185,1081774080],[61.216458,1080905728],[61.217302,991592448],[61.363604,991952896],[61.448461,995020800],[62.858045,995033088],[62.858135,995151872],[64.144274,995373056],[64.179411,995745792],[65.043817,997847040],[65.045805,1012527104],[65.117643,1012588544],[65.263491,1020612608],[65.270086,1087725568],[65.295331,1070944256],[65.309233,1081655296],[65.785914,1080123392],[65.793279,1033691136],[65.793781,995876864],[65.960228,996020224],[66.922292,996220928],[70.025581,998318080],[70.030093,1014882304],[70.260846,1015078912],[78.145667,1015095296],[92.914133,1015107584],[129.802235,1017208832],[129.805297,1048666112],[129.816766,1048322048],[129.817294,1032019968],[149.057094,1032093696],[149.474475,1032228864],[149.494785,1037758464],[149.49508,1032097792],[149.555992,1032142848],[149.557352,1036161024],[149.646951,1038258176],[149.65648,1055182848],[149.788726,1057214464],[149.788893,1059311616],[149.929992,1061408768],[149.931679,1069801472],[150.07282,1071898624],[150.079058,1073999872],[150.08575,1139011584],[150.351081,1143205888],[150.476166,1143214080],[150.479186,1159991296],[150.481084,1128660992],[150.604477,1130758144],[150.702088,1063645184],[150.704355,1051123712],[150.711349,1071374336],[150.711519,1050472448],[152.200579,1043275776],[152.200892,1041793024],[152.284824,1041457152],[152.290352,922488832],[152.296405,841842688],[152.299679,763596800],[152.301157,762241024],[152.3043,684396544],[152.307976,631644160],[152.308931,558657536],[152.312761,513896448],[152.313707,458280960],[152.3204,372146176],[152.321334,318181376],[152.332221,159289344],[152.336552,118018048],[152.340353,43876352],[152.342681,41177088]],