{"summary":{"timestamp":1365729899,"hash":"82a8815b94bae752c3d96562d76eb7a54fb4a54a","max_memory":1308430336,"cpu_time":110.37,"pull_request":5837},"memory_data":[[0.001552,8192],[0.005442,7127040],[0.081114,10989568],[0.449411,24584192],[0.779653,37109760],[1.037408,46194688],[1.149395,50642944],[1.495324,63385600],[1.655444,68796416],[2.251837,89894912],[2.281982,90624000],[2.365026,111452160],[2.628611,174419968],[2.674066,185843712],[2.900121,239009792],[2.94749,239841280],[3.04449,245362688],[3.166802,256106496],[3.25774,261652480],[3.291804,266477568],[3.381866,274087936],[3.458587,275517440],[3.537687,278777856],[3.703003,287342592],[3.760368,292659200],[3.991074,303095808],[4.090357,310558720],[4.169202,314884096],[4.255838,321097728],[4.397137,329490432],[4.459293,335749120],[4.498231,335765504],[4.521793,340811776],[4.524013,350253056],[4.548296,345833472],[4.551128,364711936],[4.566823,363573248],[4.566976,355270656],[4.601681,356134912],[4.608428,393887744],[4.640255,375009280],[4.709235,376614912],[4.721445,452116480],[4.784543,414363648],[4.860004,416358400],[4.882948,426274816],[4.888467,439943168],[4.926643,440897536],[4.94398,446521344],[4.984754,448180224],[4.986764,452374528],[5.079272,452816896],[5.204928,456855552],[5.418739,461438976],[5.471766,465256448],[5.518138,471867392],[5.686179,474566656],[5.687082,477028352],[5.855873,477143040],[5.857137,482271232],[6.246916,482398208],[6.249411,492756992],[7.279645,492826624],[7.283409,513732608],[7.30372,508387328],[7.303875,497885184],[7.508373,498339840],[7.517113,501096448],[7.62039,501125120],[7.64233,509513728],[7.665826,509517824],[7.668086,516382720],[7.718858,516571136],[7.722614,533159936],[7.834801,534781952],[8.05225,535044096],[8.155064,537001984],[8.371428,538992640],[8.387328,541184000],[8.512535,541237248],[8.683939,543109120],[8.886037,544165888],[8.887075,547856384],[9.164412,547991552],[9.269446,549060608],[9.447364,549376000],[9.827399,551841792],[10.020754,554188800],[10.02286,561528832],[10.708084,561893376],[10.896282,563625984],[10.969755,565542912],[11.024796,565043200],[11.210851,566849536],[11.383328,567775232],[11.397226,568766464],[11.744158,568905728],[11.767507,569651200],[11.919305,569917440],[11.936738,570691584],[12.319145,572874752],[12.322168,587456512],[13.915927,587509760],[14.179774,588771328],[14.180833,590172160],[14.439602,590843904],[14.601469,592695296],[14.77855,592719872],[15.002255,594395136],[15.122203,594452480],[15.125638,595603456],[15.279527,595783680],[15.501257,597143552],[15.618054,597204992],[15.688611,598597632],[15.918064,598761472],[16.123186,600170496],[16.141885,601300992],[16.359237,602222592],[16.486305,602226688],[16.741368,603983872],[16.937811,604913664],[16.982534,605642752],[17.594524,607105024],[17.614797,607997952],[17.727635,608030720],[17.895367,609341440],[18.25506,610689024],[18.261002,612790272],[18.266033,640053248],[20.833811,640061440],[21.021345,640434176],[21.022163,642347008],[21.23039,642580480],[21.29283,643600384],[21.613996,644734976],[21.648863,645472256],[21.946904,646172672],[22.015077,647073792],[22.468055,649224192],[22.568558,654163968],[22.570198,659333120],[22.70291,659402752],[22.705397,669822976],[24.87323,669925376],[25.447321,670162944],[25.470268,672509952],[25.672159,671649792],[26.023583,671744000],[26.099093,673394688],[26.255437,673828864],[26.317913,675291136],[26.325279,687271936],[26.36962,691507200],[26.516324,691638272],[26.591349,693743616],[26.608206,696602624],[26.681441,698699776],[26.790743,698798080],[26.831911,700030976],[26.870483,704225280],[26.88119,710516736],[26.954695,714711040],[27.062181,716808192],[27.066671,719511552],[27.183129,723705856],[27.224984,723714048],[27.293816,727392256],[27.46941,734838784],[27.469971,738324480],[27.505665,740614144],[27.634901,745111552],[27.777011,745959424],[27.948369,750354432],[28.177885,754479104],[28.178224,756576256],[28.356673,758878208],[28.439489,760881152],[28.583886,766136320],[28.584149,768233472],[28.752081,772919296],[28.897946,773869568],[28.979602,775593984],[29.069292,778797056],[29.15195,779665408],[29.15254,783859712],[29.341097,788275200],[29.368278,795222016],[29.376663,801734656],[29.403427,804126720],[29.598056,807096320],[29.665509,809373696],[29.74665,810123264],[29.912759,816345088],[29.998455,817303552],[30.187688,824385536],[30.246402,824463360],[30.370185,827990016],[30.526647,830427136],[30.621858,834170880],[30.8384,841240576],[30.916117,841826304],[31.233566,850575360],[31.349566,852893696],[31.45512,856162304],[31.583691,858664960],[31.588646,862969856],[31.639779,864600064],[31.640116,866697216],[31.857072,873918464],[31.891309,874024960],[32.009109,877998080],[32.096543,878854144],[32.18782,881844224],[32.508051,883003392],[32.607021,884404224],[32.696637,887218176],[32.808806,888926208],[32.809064,891023360],[32.936179,895766528],[32.937089,897863680],[32.991006,897871872],[33.169967,903602176],[33.349531,905617408],[33.475515,909144064],[33.580021,909705216],[33.887004,918097920],[33.887338,920195072],[34.050452,926146560],[34.128957,926908416],[34.229566,931069952],[34.328475,933556224],[34.390568,933728256],[34.451659,936361984],[34.555006,936890368],[34.584675,938180608],[34.739757,939495424],[34.789245,941744128],[34.865158,942080000],[34.951933,945131520],[35.033561,945750016],[35.033746,947847168],[35.10397,949182464],[35.104905,951279616],[35.221286,953159680],[35.393168,959057920],[35.478386,959975424],[35.539031,962240512],[35.540292,965386240],[35.58919,965394432],[35.689924,968646656],[35.768888,969232384],[35.76916,971329536],[35.868477,972632064],[35.94075,974929920],[36.129248,977305600],[36.225218,979808256],[36.225486,981905408],[36.321008,983228416],[36.433218,987119616],[36.60616,989048832],[36.608137,993267712],[36.667865,995266560],[36.733107,995524608],[36.788087,997380096],[36.848798,997462016],[36.982875,1002188800],[37.257897,1003765760],[37.387711,1006399488],[37.459331,1006690304],[37.551552,1009954816],[37.748676,1013690368],[37.818771,1016193024],[37.960395,1019064320],[38.096058,1023639552],[38.205494,1025703936],[38.362062,1030184960],[38.391309,1030189056],[38.57148,1035345920],[38.63983,1035739136],[38.713026,1038692352],[38.806112,1039896576],[38.888548,1042944000],[39.105168,1044385792],[39.203137,1046753280],[39.39343,1053392896],[39.499225,1053921280],[39.598376,1057140736],[39.642366,1057222656],[39.749981,1060958208],[39.919046,1063718912],[40.098971,1068535808],[40.20778,1070301184],[40.305997,1073709056],[40.380664,1075056640],[40.38667,1077583872],[40.44698,1078980608],[40.447066,1081077760],[40.498259,1081774080],[40.499234,1083871232],[40.783277,1091444736],[40.940749,1096093696],[41.212748,1100709888],[41.406902,1104719872],[41.444583,1106305024],[41.477117,1115602944],[41.641534,1120456704],[41.642289,1122471936],[41.743541,1124245504],[41.743823,1126342656],[41.814427,1129177088],[41.99961,1134252032],[42.000433,1136349184],[42.04941,1136574464],[42.224384,1140887552],[42.39023,1145597952],[42.744649,1153687552],[42.798987,1155514368],[42.800783,1159708672],[42.901597,1159712768],[43.040829,1163251712],[43.041587,1167446016],[43.074162,1167572992],[43.169376,1171230720],[43.334868,1173827584],[43.66437,1185337344],[43.769244,1187848192],[43.858362,1188663296],[43.950155,1191960576],[43.950576,1194057728],[44.099062,1198800896],[44.231955,1202262016],[44.368002,1203933184],[44.487517,1207533568],[44.758139,1217630208],[44.818738,1217724416],[44.928285,1222619136],[44.931423,1226829824],[44.967072,1227915264],[44.972072,1232203776],[45.004805,1233297408],[45.020599,1239994368],[45.145148,1242660864],[45.147589,1246883840],[45.21236,1250701312],[45.378534,1252581376],[45.379316,1253875712],[45.774801,1256976384],[45.77813,1262153728],[45.809162,1262473216],[46.042099,1261244416],[46.043987,1251676160],[46.240999,1251672064],[46.241873,1100673024],[46.303781,1101164544],[46.383128,1104822272],[47.272345,1104834560],[47.353828,1104965632],[50.162059,