{"summary":{"timestamp":1359241078,"hash":"83ca034d2ed3acf3e9ae3075964763129ab51c23","max_memory":1047306240,"cpu_time":84.18,"pull_request":null},"memory_data":[[0.003155,8192],[0.011589,2830336],[0.132156,5406720],[0.532552,19566592],[1.120515,41156608],[1.423231,52674560],[2.224188,81461248],[2.341599,85241856],[2.606694,134971392],[2.747923,160927744],[3.178058,160952320],[3.199239,166842368],[3.271549,167456768],[4.336469,167510016],[4.463545,179593216],[4.655414,179871744],[4.77531,184053760],[4.857738,184057856],[4.945853,185425920],[4.967812,194801664],[4.993735,195534848],[5.007674,203984896],[5.041864,205398016],[5.047894,218071040],[5.15238,219308032],[5.453129,219500544],[8.634554,219582464],[8.722701,221085696],[8.774561,224866304],[8.776291,229068800],[8.816513,229072896],[8.875644,234053632],[8.929915,235507712],[8.946193,243572736],[9.19596,250843136],[9.291592,251637760],[9.339938,253583360],[9.853201,258711552],[10.152137,260005888],[10.246468,261459968],[10.376132,262258688],[10.386875,263536640],[10.578729,265248768],[10.725909,269680640],[10.894896,270761984],[10.919594,272297984],[11.07276,273051648],[11.090949,275746816],[11.308593,279183360],[11.48877,279773184],[11.685,282787840],[11.8263,283844608],[11.95683,286158848],[12.158328,286941184],[12.196239,289751040],[12.274839,289767424],[12.495923,291282944],[12.649086,293343232],[12.774895,294031360],[12.821566,295116800],[12.971635,296144896],[12.974906,300437504],[13.139839,300466176],[13.354872,301613056],[13.424395,303382528],[13.599816,304558080],[13.762793,306667520],[13.939345,307453952],[14.085701,308924416],[14.265309,311685120],[14.518142,313442304],[14.534303,314548224],[14.756892,315617280],[14.968503,317677568],[15.12198,318238720],[15.214177,320118784],[15.295257,320315392],[15.44586,322867200],[15.518479,322899968],[15.585915,325320704],[15.698091,325615616],[15.749187,326782976],[15.916673,327745536],[15.96821,329039872],[16.118957,330526720],[16.200108,340758528],[16.201671,344875008],[16.244866,346275840],[16.642047,346546176],[16.78876,351916032],[16.79096,354004992],[16.885006,355459072],[17.099288,355524608],[17.240188,356384768],[17.241105,358481920],[17.381125,360615936],[17.385732,358518784],[17.672669,358649856],[17.970796,362045440],[18.878523,362201088],[19.032205,364138496],[19.034317,374112256],[19.060212,376729600],[19.224052,376897536],[19.235683,378994688],[19.339871,379015168],[19.486413,384741376],[19.564007,385732608],[19.680342,391090176],[19.796839,394444800],[19.913593,396886016],[20.199886,409169920],[20.239937,412487680],[20.442614,418263040],[20.528695,419078144],[20.658911,421625856],[20.72569,424288256],[21.07674,430878720],[21.264672,436408320],[21.362538,438546432],[21.798084,450740224],[21.805171,459149312],[21.845398,458780672],[21.845553,454950912],[22.075859,461787136],[22.297388,466878464],[22.627256,476520448],[22.833152,483569664],[23.074855,489193472],[23.244532,494362624],[24.050901,515301376],[24.180159,519688192],[24.898541,540053504],[24.898892,541102080],[25.079982,547446784],[25.315771,553443328],[25.368068,554151936],[25.546808,558981120],[25.70672,562245632],[26.177615,575746048],[26.321999,578519040],[26.406703,582037504],[26.687614,588918784],[26.937648,593776640],[27.080801,597921792],[27.10049,600608768],[27.273616,604876800],[27.697185,616992768],[27.96315,623861760],[28.069348,625172480],[28.070127,627269632],[28.21534,630611968],[28.364712,633352192],[28.535537,637173760],[28.667177,641052672],[28.74351,642301952],[28.863576,645750784],[28.930937,646389760],[29.158881,652484608],[29.544619,663601152],[29.545021,665698304],[29.775304,671059968],[29.86347,673955840],[29.868834,682278912],[30.061275,682336256],[30.223318,686301184],[30.580073,696233984],[30.706063,698863616],[30.87536,703651840],[31.017925,706740224],[31.318535,715182080],[31.48515,720396288],[31.649163,723771392],[31.710781,725733376],[31.961503,731217920],[32.116561,735272960],[32.175928,736088064],[32.510614,744968192],[32.533002,749867008],[32.626623,753459200],[32.816369,759066624],[33.036949,767307776],[33.426619,777121792],[33.462624,778592256],[33.492029,787861504],[33.72573,794730496],[33.725818,796827648],[33.904237,801955840],[33.914161,802885632],[34.198357,810598400],[34.31215,814600192],[34.428493,816672768],[34.585978,821231616],[34.978997,831467520],[35.277967,839888896],[35.279249,844083200],[35.454766,848269312],[35.987996,863318016],[36.214497,869347328],[36.225053,870400000],[36.41393,875368448],[36.491107,876703744],[36.680817,881340416],[37.065908,893407232],[37.105487,893411328],[37.150111,896000000],[37.315755,901242880],[37.340311,906231808],[37.439202,908496896],[37.503549,913051648],[37.628751,915484672],[37.960722,917835776],[37.962437,921063424],[38.160073,919797760],[38.165166,916258816],[38.417732,915775488],[38.418206,870117376],[38.610817,870633472],[38.688749,873160704],[38.875659,873316352],[40.668308,873353216],[40.688255,873799680],[41.702087,874004480],[41.7043,890580992],[41.912154,894570496],[41.918672,961679360],[41.939448,955887616],[41.939527,944898048],[41.960783,945397760],[41.962457,951689216],[42.007006,952766464],[42.469833,952762368],[42.477388,890707968],[42.477485,873930752],[43.131463,874143744],[45.635836,874274816],[47.81197,874278912],[48.046164,874840064],[59.720757,874864640],[63.051941,874946560],[64.645304,875180032],[64.64994,891592704],[124.055041,891850752],[124.058766,925151232],[124.068977,924225536],[124.069455,908505088],[142.685075,908578816],[143.043061,908754944],[143.044039,912658432],[143.102212,912670720],[143.108093,933703680],[143.135133,936390656],[143.253394,937086976],[143.254995,945475584],[143.287387,946311168],[143.28932,956702720],[143.374885,958799872],[143.381831,960901120],[143.38757,1025912832],[143.720963,1034436608],[143.792078,1032970240],[143.792129,1026048000],[143.806816,1028145152],[143.853829,961032192],[143.856577,931852288],[143.861809,953622528],[143.861912,930689024],[144.847824,929525760],[144.848638,922238976],[144.926588,922247168],[144.930067,879693824],[144.935245,755040256],[144.945319,595992576],[144.948417,516702208],[144.951961,474951680],[144.952774,431767552],[144.960292,297373696],[144.964524,256327680],[144.965619,177836032],[144.969856,136052736],[144.973667,56680448],[144.976218,43094016]],"pass_timing":[["parsing",2.218],["configuration",0.435],["maybe building test harness",0.371],["expansion",1.227],["intrinsic injection",0.04],["core injection",0],["building lint settings table",0.053],["ast indexing",0.216],["external crate/lib resolution",0.239],["language item collection",0.046],["resolution",3.395],["freevar finding",0.14],["region resolution",0.2],["region parameterization inference",0.038],["typechecking",7.193],["const marking",0.135],["const checking",0.049],["privacy checking",0.292],["loop checking",0.039],["mode computation",0.259],["match checking",0.216],["liveness checking",0.52],["borrow checking",0.635],["kind checking",0.206],["lint checking",0.397],["translation",19.357],["LLVM passes",106.034]]}