{"summary":{"timestamp":1365030408,"hash":"84c296b27d3324b419e54bb5c899bd1fdc1f1008","max_memory":1248768000,"cpu_time":100.12,"pull_request":5701},"memory_data":[[0.001596,8192],[0.005804,7241728],[0.086178,8507392],[0.137631,10911744],[0.50361,24899584],[0.633762,35024896],[0.941238,57937920],[1.332128,86290432],[1.390895,89391104],[1.469874,110100480],[1.670829,161316864],[1.75355,183382016],[1.952436,234246144],[1.986998,237596672],[2.053606,241045504],[2.228882,256151552],[2.269096,257961984],[2.30098,262754304],[2.388423,270356480],[2.461884,271753216],[2.53747,274841600],[2.64659,280858624],[2.704087,289030144],[2.780356,294928384],[2.864368,303669248],[2.968112,316555264],[3.046502,324845568],[3.074016,330153984],[3.131307,330326016],[3.153768,335376384],[3.156003,344817664],[3.177639,340398080],[3.180621,358760448],[3.19645,358989824],[3.196603,349835264],[3.228868,350691328],[3.23491,388448256],[3.266067,387461120],[3.266141,369569792],[3.330543,371167232],[3.343703,446672896],[3.405003,408920064],[3.534253,410812416],[3.556857,420659200],[3.564171,432848896],[3.67626,433442816],[3.693408,438927360],[3.746559,440442880],[3.748481,444637184],[3.845339,445124608],[4.002724,450101248],[4.159817,452882432],[4.209233,456671232],[4.25955,463192064],[4.436059,465850368],[4.437415,468393984],[4.605192,468439040],[4.606948,473636864],[4.905804,473780224],[4.908357,484122624],[5.562028,486223872],[5.566395,505098240],[5.576146,499634176],[5.576199,489226240],[5.690548,489590784],[5.692974,492032000],[5.796856,492138496],[5.820946,500527104],[5.845377,500531200],[5.84788,507584512],[5.899794,507650048],[5.904255,524361728],[6.01206,525946880],[6.503999,526286848],[6.715941,528666624],[6.716683,530305024],[6.834779,530333696],[6.957712,531771392],[7.225606,533397504],[7.226733,536961024],[7.426944,536985600],[7.672091,538042368],[7.748096,539201536],[7.977362,540168192],[8.190097,543211520],[8.198205,551002112],[8.850036,551206912],[8.949889,552968192],[9.051332,553144320],[9.190408,554852352],[9.324282,555765760],[9.349298,556863488],[9.638229,556896256],[9.787246,557752320],[9.813814,558645248],[10.159665,559808512],[10.303318,560652288],[10.334973,562552832],[10.338676,577204224],[11.555644,577241088],[11.872342,577437696],[12.00746,580730880],[12.011495,578633728],[12.081607,579362816],[12.309886,579706880],[12.435652,580898816],[12.605559,581193728],[12.606322,582225920],[12.879098,583512064],[12.987914,583581696],[13.035917,584589312],[13.204508,584933376],[13.437071,586543104],[13.454932,587632640],[13.767457,588423168],[13.849753,589279232],[14.118079,590434304],[14.187199,591368192],[14.650953,592654336],[14.670883,593424384],[14.883181,594055168],[14.929176,595415040],[15.110899,595419136],[15.471128,596934656],[15.471725,599670784],[15.613003,599719936],[15.613489,600588288],[15.84117,600723456],[16.082562,602828800],[16.089423,630087680],[18.426493,630239232],[18.558416,630575104],[18.684484,631881728],[18.920403,632406016],[18.996001,633700352],[19.028377,638099456],[19.064463,638107648],[19.066314,643342336],[19.192806,643444736],[19.195627,653828096],[21.256798,653934592],[21.437524,654221312],[21.814356,654258176],[21.839502,656740352],[22.010188,658837504],[22.013772,655970304],[22.361815,656060416],[22.443716,657301504],[22.621073,658128896],[22.670367,659054592],[22.677377,671481856],[22.71725,675717120],[22.854837,675880960],[22.920203,677982208],[22.936428,680398848],[23.006414,682496000],[23.167208,682500096],[23.211497,684269568],[23.23382,692658176],[23.322421,698949632],[23.417368,703143936],[23.43774,705241088],[23.549913,709435392],[23.587727,709439488],[23.619584,712208384],[23.796262,719970304],[23.830904,724353024],[23.989279,729030656],[24.122642,729882624],[24.279776,734146560],[24.505439,738275328],[24.505876,740372480],[24.679082,742662144],[24.757254,744435712],[24.853649,748220416],[24.927889,749920256],[24.928558,754114560],[25.087097,758628352],[25.225877,759574528],[25.389321,764465152],[25.468429,765325312],[25.468946,767422464],[25.651508,771825664],[25.677954,778735616],[25.686105,785244160],[25.763814,787910656],[25.898891,789757952],[25.96514,792027136],[26.050714,792965120],[26.294364,802918400],[26.405157,806989824],[26.461885,807067648],[26.643694,811843584],[26.762711,813096960],[26.910907,818958336],[27.053041,823840768],[27.127553,824414208],[27.435283,833150976],[27.548209,835457024],[27.722977,840298496],[27.778831,841207808],[27.783422,845508608],[27.831916,847142912],[27.832262,849240064],[28.026301,855805952],[28.05472,855810048],[28.178377,860049408],[28.256411,860725248],[28.341116,863674368],[28.519746,864206848],[28.711934,866033664],[28.792233,868868096],[28.895048,870436864],[28.895309,872534016],[28.995664,876363776],[29.050841,877305856],[29.101184,880390144],[29.231101,884019200],[29.405515,886284288],[29.529506,889958400],[29.630726,890519552],[29.927368,898842624],[29.927723,900939776],[30.08585,906866688],[30.188862,907632640],[30.281695,911679488],[30.283131,913776640],[30.413807,915587072],[30.476685,918085632],[30.573806,918597632],[30.602028,919846912],[30.759981,921481216],[30.813311,923488256],[30.892457,924344320],[30.956449,926949376],[31.033829,927571968],[31.07053,929976320],[31.178548,933687296],[31.206449,933691392],[31.359657,939237376],[31.396867,941535232],[31.450924,941543424],[31.580884,946192384],[31.581796,952467456],[31.72674,953626624],[31.727095,955723776],[31.821962,957042688],[31.89326,959328256],[32.01411,961413120],[32.080655,961683456],[32.173378,964071424],[32.173578,966168576],[32.26295,967397376],[32.367739,971223040],[32.535353,973156352],[32.537159,977375232],[32.595369,979365888],[32.658661,979623936],[32.71234,981487616],[32.770062,981569536],[32.894363,986214400],[33.157129,987746304],[33.242616,989970432],[33.308806,990269440],[33.478309,996290560],[33.634659,998891520],[33.73591,1001574400],[33.877682,1006407680],[33.984626,1008459776],[34.136572,1012891648],[34.164941,1012895744],[34.338112,1017995264],[34.404859,1018388480],[34.47604,1021341696],[34.569436,1022619648],[34.648108,1025585152],[34.854142,1027022848],[34.943904,1029312512],[35.130764,1036009472],[35.231796,1036533760],[35.273062,1038188544],[35.366416,1039405056],[35.477863,1043648512],[35.548093,1045262336],[35.664465,1046347776],[35.80618,1050337280],[35.949888,1052651520],[36.122322,1057816576],[36.123241,1060306944],[36.179692,1061707776],[36.199543,1066450944],[36.438276,1072799744],[36.546648,1076350976],[36.687531,1079820288],[36.832078,1082515456],[37.040218,1087938560],[37.071216,1097232384],[37.314843,1104715776],[37.315103,1106812928],[37.456514,1110683648],[37.647908,1117265920],[37.76499,1120231424],[37.779843,1123069952],[37.820125,1123078144],[38.031927,1128939520],[38.252499,1134329856],[38.346467,1137467392],[38.508146,1140977664],[38.508961,1145171968],[38.54093,1145307136],[38.632234,1148956672],[38.789792,1151549440],[38.94571,1157238784],[38.94722,1161437184],[39.006997,1161469952],[39.109816,1165111296],[39.207683,1167597568],[39.29274,1168371712],[39.519372,1176170496],[39.547049,1176174592],[39.650173,1179820032],[39.781962,1181495296],[39.941734,1185898496],[39.996696,1188986880],[40.150496,1194725376],[40.241345,1199562752],[40.244475,1205870592],[40.278829,1206960128],[40.283758,1211248640],[40.315226,1212203008],[40.329959,1219637248],[40.450268,1221984256],[40.452589,1226207232],[40.542065,1230614528],[40.61348,1232244736],[41.023363,1235783680],[41.027816,1240260608],[41.248442,1238302720],[41.25015,1230905344],[41.430377,1203556352],[41.430691,1079902208],[41.50427,1080385536],[41.566949,1083248640],[42.01687,1085345792],[42.019641,1083248640],[43.844711,1083342848],[43.848065,1083686912],[44.645824,1083699200],[44.650422,1100333056],[44.766628,1100353536],[44.766893,1102913536],[44.859855,1104404480],[44.866538,1171517440],[44.900031,1171705856],[44.90092,1165611008],[45.342046,1164251136],[45.350601,1083686912],[45.971398,1084100608],[49.452239,