{"summary":{"timestamp":1385639492,"hash":"859c3baf64c167730f4214a736f72a5e2e86d7d9","max_memory":1428340736,"cpu_time":180.5,"pull_request":10519},"memory_data":[[0.001537,4096],[0.040567,2203648],[0.048466,9338880],[0.291348,9740288],[0.41134,23261184],[0.429419,29458432],[0.467521,32456704],[0.495439,39690240],[0.51664,40366080],[0.541402,48607232],[0.564637,49651712],[0.650265,65482752],[0.673604,65712128],[0.729878,74440704],[0.78958,80941056],[0.806158,80990208],[0.849731,89456640],[0.874256,90329088],[0.915413,96456704],[0.976036,108400640],[1.000659,108429312],[1.091659,192176128],[1.39575,192425984],[1.458027,193654784],[1.635362,194125824],[1.640113,195178496],[1.766327,195297280],[1.830219,203292672],[1.85412,208752640],[1.966821,224026624],[2.047047,237395968],[2.086357,241254400],[2.124875,248954880],[2.189993,258179072],[2.286692,258207744],[2.349615,314654720],[2.90762,314765312],[2.920244,322617344],[2.922435,337813504],[2.928446,330448896],[2.945422,332550144],[2.950084,361910272],[2.961501,346177536],[2.996028,348278784],[3.00571,409096192],[3.029062,377634816],[3.092859,377679872],[3.093759,383377408],[3.141069,415666176],[3.147631,451731456],[3.148176,414187520],[3.17536,430981120],[3.185161,431054848],[3.192447,449826816],[3.201889,458223616],[3.205016,449961984],[3.216642,461279232],[3.221314,484401152],[3.221363,457203712],[3.345675,457220096],[3.714508,459317248],[3.715629,464814080],[4.196846,464818176],[4.204854,487501824],[4.291791,487526400],[4.293483,495890432],[4.916812,496005120],[4.920049,508477440],[5.783012,508502016],[5.785074,516866048],[6.455626,516882432],[6.460209,533643264],[7.742801,533692416],[7.972786,537874432],[7.990747,539365376],[8.075632,540135424],[8.169859,544083968],[8.292185,544940032],[8.41854,548909056],[8.543601,550293504],[8.565019,554213376],[8.626335,554352640],[8.6583,556457984],[8.668611,587911168],[8.939284,588001280],[8.943389,604688384],[9.890612,604708864],[9.95141,605196288],[10.05586,610701312],[10.127455,610451456],[10.40046,614883328],[10.502533,615563264],[10.586813,618471424],[10.690907,618848256],[10.829096,620920832],[10.844214,622026752],[11.024969,623697920],[11.197263,627167232],[11.242449,629334016],[11.30407,629420032],[11.51739,632188928],[11.572916,634585088],[11.720207,637476864],[11.741677,643223552],[11.951314,643350528],[12.293607,648290304],[12.362059,651096064],[12.558905,652902400],[12.573572,659042304],[12.605841,659103744],[12.608049,667430912],[12.667655,667537408],[12.671789,684208128],[12.693083,683786240],[12.693284,652881920],[12.75446,653537280],[13.07261,652881920],[14.201501,652886016],[14.202204,654848000],[14.535222,654856192],[14.621926,655777792],[14.622177,657874944],[14.731382,657838080],[14.74847,656240640],[14.825819,656105472],[14.828823,657788928],[15.087952,658378752],[15.586683,658931712],[15.710084,659566592],[16.01081,659570688],[16.111162,666288128],[16.151373,666292224],[16.284988,676847616],[16.339048,678952960],[16.359666,683204608],[16.42134,684244992],[16.539396,690495488],[16.684959,699432960],[16.692878,732979200],[16.993752,732995584],[17.055469,735940608],[17.145945,745168896],[17.295877,752898048],[17.29712,757092352],[17.340991,757161984],[17.635691,773963776],[17.914694,787255296],[18.11613,798449664],[18.246805,805011456],[18.356688,811450368],[18.504564,818466816],[18.586143,824041472],[18.675237,828088320],[18.755478,834129920],[18.952166,842764288],[18.97198,968601600],[19.018419,905682944],[19.258325,917381120],[19.292433,919711744],[19.532943,932331520],[19.876921,948555776],[19.991818,954400768],[19.992597,956379136],[20.069609,959361024],[20.158038,964608000],[20.437823,977432576],[20.459494,979492864],[20.671555,988954624],[20.749345,993345536],[20.941721,1002553344],[20.942942,1006714880],[20.991472,1006718976],[21.089213,1011314688],[21.1094,1078427648],[21.138799,1044869120],[21.366532,1055420416],[21.367777,1059614720],[21.413173,1059618816],[21.645667,1070379008],[21.87764,1082023936],[21.957951,1086664704],[22.064465,1091485696],[22.176332,1097527296],[22.304133,1103294464],[22.394591,1108520960],[22.54499,1115168768],[22.706587,1123127296],[22.859702,1131458560],[22.990339,1137254400],[23.237436,1150541824],[23.253957,1154314240],[23.380666,1165942784],[23.426892,1167863808],[23.607991,1178947584],[23.648701,1179967488],[23.77663,1186234368],[23.909961,1194942464],[23.917345,1224302592],[24.242746,1224343552],[24.327115,1229049856],[24.778132,1249935360],[25.037013,1262608384],[25.200811,1269714944],[25.224757,1275031552],[25.254321,1275076608],[25.508362,1287827456],[25.50974,1292038144],[25.564473,1292050432],[26.02667,1313386496],[26.028173,1321779200],[26.111358,1321795584],[26.197882,1326354432],[26.353598,1332760576],[26.487939,1339334656],[26.496165,1341251584],[26.623961,1344974848],[26.625018,1348182016],[26.893355,1356324864],[27.092293,1362821120],[27.095739,1380651008],[27.537481,1394278400],[27.54441,1427755008],[27.545457,1378177024],[27.644226,1380241408],[27.73842,1383596032],[27.922884,1383690240],[27.923183,1384550400],[28.337929,1386979328],[28.348297,1386639360],[28.348899,1350021120],[28.353459,1353465856],[28.722571,1351364608],[28.722622,1286352896],[28.726658,1252794368],[28.878272,1126961152],[30.438946,1129058304],[30.443065,1126961152],[34.574778,1129062400],[34.577855,1160519680],[34.974254,1150029824],[34.974306,1126961152],[35.089787,1126981632],[40.442258,1129078784],[40.446303,1126981632],[50.445599,1129078784],[50.448115,1126981632],[50.722521,1126981632],[60.448926,1129078784],[60.453069,1126981632],[70.452221,1129078784],[70.456343,1127235584],[80.455621,1129332736],[80.459545,1127235584],[89.853857,1129336832],[89.857114,1160794112],[90.458941,1162891264],[90.46101,1160794112],[100.462275,1162891264],[100.465261,1160794112],[110.465557,1162891264],[110.469114,1160794112],[120.468946,1162891264],[120.469464,1160794112],[130.468904,1162891264],[130.470858,1160794112],[140.468943,1162891264],[140.471776,1160794112],[150.472244,1162891264],[150.475202,1160794112],[160.475615,1162887168],[160.479518,1160794112],[170.478931,1162891264],[170.48234,1160794112],[180.066313,1160798208],[180.168193,1169571840],[180.182418,1179385856],[180.405439,1179389952],[180.482217,1181487104],[180.483712,1179389952],[181.272724,1178120192],[181.278101,1137491968],[181.302327,1138302976],[181.333355,1158496256],[181.362706,1158520832],[181.377822,1167294464],[181.381988,1179340800],[181.392156,1184104448],[181.42925,1185275904],[181.432157,1097928704],[181.476735,1091907584],[181.478415,1013538816],[181.482446,902696960],[181.489376,762286080],[181.489474,491233280],[181.491544,457158656],[181.492436,388251648],[181.496035,326619136],[181.501412,185245696],[181.511198,26292224],[181.513632,18767872]],"pass_timing":[["parsing",0.929],["gated feature checking",0.022],["std macros injection",0.001],["configuration 1",0.117],["expansion",1.097],["configuration 2",0.189],["maybe building test harness",0.165],["std injection",0.159],["assigning node ids",0.155],["ast indexing",0.205],["external crate/lib resolution",0.158],["language item collection",0.024],["resolution",1.519],["lifetime resolution",0.025],["looking for entry point",0],["freevar finding",0.051],["region resolution",0.089],["type collecting",0.099],["variance inference",0.049],["coherence checking",0.114],["type checking",7.323],["const marking",0.149],["const checking",0.034],["privacy checking",0.345],["effect checking",0.046],["loop checking",0.025],["compute moves",1.496],["match checking",0.092],["liveness checking",0.181],["borrow checking",0.715],["kind checking",0.077],["reachability checking",0.009],["lint checking",0.273],["translation",12.412],["LLVM passes",152.345],["linking",0.15]]}