{"summary":{"timestamp":1396134696,"hash":"86890b9e7c5db28ac2da5cd63d1a51d63a5e6bec","max_memory":1476603904,"cpu_time":155.83,"pull_request":13200},"memory_data":[[0.001594,4096],[0.035873,425984],[0.040973,5398528],[0.078774,9793536],[0.134809,13164544],[0.166903,18329600],[0.204447,21196800],[0.340842,24858624],[0.376264,27111424],[0.526041,30425088],[0.571977,33628160],[0.640008,41775104],[0.65849,45543424],[0.699164,48279552],[0.752379,54648832],[0.794985,62685184],[0.902271,73424896],[0.945073,76529664],[1.025806,85766144],[1.091147,91836416],[1.23199,107552768],[1.283299,114475008],[1.332066,115023872],[1.485971,168251392],[1.632135,170487808],[1.653926,186482688],[1.701272,212557824],[1.746853,214614016],[2.3545,214683648],[2.622551,215105536],[2.623662,215629824],[2.821874,216023040],[2.846377,218644480],[2.878024,226603008],[2.94422,226643968],[3.141016,239730688],[3.20224,244887552],[3.364717,256233472],[3.470155,262516736],[3.52313,264212480],[3.524273,226451456],[3.541789,225398784],[3.667812,225423360],[3.825542,280731648],[4.710941,280891392],[4.894786,285679616],[4.894967,287776768],[4.970495,287784960],[5.029665,289488896],[5.145325,289570816],[5.168019,304455680],[5.211931,327327744],[5.264324,328146944],[5.274087,336539648],[5.328857,338976768],[5.370557,368668672],[5.397965,369750016],[5.405232,376287232],[5.431585,377921536],[5.672967,378245120],[5.748995,380342272],[5.848046,379736064],[5.853046,383225856],[5.950065,383229952],[6.085358,385331200],[6.086374,388153344],[6.127365,390307840],[6.524135,390541312],[6.533912,408084480],[6.543681,405524480],[6.796675,405581824],[6.802992,409718784],[7.206501,409686016],[7.20906,404189184],[7.44369,404447232],[7.448041,408371200],[7.508161,408375296],[7.517519,416759808],[8.053033,416833536],[8.159743,417038336],[8.162796,419983360],[8.326569,420163584],[8.327002,423129088],[8.732807,423133184],[8.847371,423395328],[8.853163,427581440],[8.920496,427847680],[8.921044,432058368],[9.00499,432062464],[9.015165,427851776],[9.126816,428109824],[10.18339,428118016],[10.195244,436498432],[11.102741,436715520],[11.103797,442277888],[11.279963,436641792],[12.605836,436695040],[12.606495,437518336],[12.754907,437792768],[12.76199,460660736],[12.775435,462712832],[13.77156,462753792],[13.816325,465281024],[13.928581,465125376],[13.935169,469942272],[14.210237,470044672],[14.348109,472776704],[14.524359,472854528],[14.69303,475385856],[14.828061,476446720],[14.855839,477634560],[15.145769,480571392],[15.200389,482504704],[15.327571,482643968],[15.412993,483614720],[15.465206,485404672],[15.510655,484909056],[15.576094,487145472],[15.640927,486469632],[15.723171,488968192],[15.996697,490852352],[16.199965,495316992],[16.315538,496017408],[16.317228,498114560],[16.501619,499019776],[16.550769,500363264],[16.657524,500400128],[16.761325,502956032],[16.820253,502816768],[16.873529,504528896],[17.047535,507039744],[17.129506,506609664],[17.168965,507645952],[17.303661,508059648],[17.384644,509771776],[17.658194,511975424],[17.72094,513900544],[17.850321,514068480],[17.980609,516743168],[18.139174,518197248],[18.18925,520773632],[18.301263,521490432],[18.306914,520167424],[18.499392,521641984],[18.549382,525189120],[18.574195,524214272],[18.67227,524636160],[18.750313,526585856],[18.859189,527065088],[19.02692,530235392],[19.329365,532328448],[19.351925,533168128],[19.510945,534061056],[19.513963,563478528],[19.531988,580255744],[19.550563,584404992],[19.551107,559226880],[19.783239,561836032],[19.794086,574414848],[20.323841,574484480],[20.403486,575045632],[20.596054,578248704],[20.786601,579538944],[20.868729,580829184],[21.189789,583237632],[21.29062,584998912],[21.396914,589160448],[21.4031,587837440],[21.629008,588333056],[21.9391,592273408],[22.117518,593018880],[22.405464,596373504],[22.590599,597057536],[22.709054,598278144],[22.732727,599539712],[23.003268,600690688],[23.265614,603136000],[23.320718,604631040],[23.442624,604971008],[23.55051,606535680],[23.645077,606633984],[23.899222,608718848],[23.97064,610111488],[23.973213,614445056],[24.048877,614666240],[24.128213,617562112],[24.130305,615882752],[24.296497,616783872],[24.405817,620666880],[24.406866,622505984],[24.479527,623763456],[24.485046,620797952],[24.634048,620814336],[24.667892,621678592],[24.955039,623591424],[24.988445,625328128],[25.087339,625070080],[25.389054,627920896],[25.434137,629850112],[25.554898,631427072],[25.660643,631844864],[25.736361,633683968],[25.829606,634490880],[26.013058,637468672],[26.369196,639811584],[26.579032,642625536],[26.712688,648540160],[26.713296,651563008],[26.804703,652103680],[26.815279,648830976],[26.967521,648957952],[26.984967,651808768],[27.247986,651812864],[27.388956,653950976],[27.48641,654295040],[27.564213,657264640],[27.590845,656244736],[27.717423,656822272],[27.859605,659095552],[28.072783,660406272],[28.11058,662421504],[28.254636,662515712],[28.365199,664051712],[28.502712,664698880],[28.62463,667549696],[28.625457,671744000],[28.708304,671981568],[28.717229,680153088],[28.765412,678506496],[28.765727,669863936],[29.478089,668938240],[29.478244,658329600],[35.749035,660197376],[35.751784,658329600],[42.03715,658333696],[42.316602,658923520],[42.343546,659492864],[42.541082,659685376],[42.810245,661209088],[43.202278,661385216],[44.728793,661483520],[44.95047,661630976],[44.953317,664555520],[45.368192,664690688],[45.752307,666787840],[45.752758,664690688],[46.758531,664805376],[46.925493,666079232],[46.985092,667308032],[46.985188,669421568],[47.032889,673042432],[47.115621,673095680],[47.40651,679452672],[47.618077,685613056],[47.618628,687882240],[47.766294,691367936],[47.857392,696070144],[48.053609,700825600],[48.170067,703021056],[48.454112,709664768],[48.467538,710426624],[48.753426,717250560],[49.282514,728866816],[49.508023,731750400],[49.708635,737026048],[49.783031,738164736],[49.959412,742649856],[50.264399,748941312],[50.308001,750518272],[50.575161,756654080],[50.597967,759107584],[50.644165,759111680],[51.224778,771125248],[51.263893,772702208],[52.183334,792969216],[52.7365,803856384],[52.902531,807817216],[52.903992,809394176],[53.186835,811827200],[53.493925,818241536],[53.497172,821387264],[53.57,821395456],[54.179796,833409024],[54.183197,836558848],[54.260157,836579328],[54.411562,839704576],[54.514666,841011200],[54.662373,843894784],[54.757175,846753792],[55.061001,853544960],[55.172639,857452544],[55.323755,860946432],[55.46465,865148928],[55.573065,867172352],[55.773589,872910848],[55.776751,876056576],[55.837628,876060672],[55.960139,879046656],[56.224764,884080640],[56.497517,890535936],[56.734069,895442944],[57.128472,906563584],[57.344793,911392768],[57.645288,917258240],[58.311381,932114432],[58.524949,937648128],[58.74731,944492544],[58.804975,946778112],[58.912865,948936704],[59.034822,953774080],[59.181094,956841984],[59.326466,960749568],[59.393602,963661824],[59.494013,966426624],[59.58548,970670080],[59.759877,974196736],[59.936438,979386368],[60.255015,985997312],[60.746659,997441536],[60.74721,1000599552],[60.818169,1000607744],[61.058846,1005903872],[61.27993,1009815552],[61.463136,1014202368],[61.470027,1020485632],[61.61243,1020493824],[61.759844,1024544768],[62.161645,1031630848],[62.322018,1035587584],[62.325253,1038733312],[62.390065,1038749696],[62.591872,1044287488],[62.669392,1045495808],[62.966099,1052188672],[63.196688,1058603008],[63.22994,1058910208],[63.240768,1066778624],[63.416404,1066795008],[63.536307,1069166592],[63.7729,1075175424],[63.90748,1079246848],[64.046277,1082544128],[64.237128,1086140416],[64.616934,1095376896],[64.985895,1102909440],[65.226599,1108647936],[65.264276,1109114880],[65.527142,1117356032],[65.529164,1140432896],[65.538646,1142525952],[65.922355,1142636544],[65.923505,1153048576],[65.944587,1163517952],[65.944741,1155125248],[66.093138,1155137536],[66.375654,1160470528],[66.596075,1167372288],[66.802023,1173278720],[67.052553,1181122560],[67.170253,1184104448],[67.17644,1190395904],[67.284358,