{"summary":{"timestamp":1375166963,"hash":"8695bc74a0dcedcdce3f9bb9c312347511a88ce5","max_memory":1412907008,"cpu_time":172.44,"pull_request":7223},"memory_data":[[0.003321,4096],[0.024581,24576],[0.070746,6111232],[0.196398,10833920],[0.333516,13594624],[0.401836,17657856],[0.540698,20037632],[0.719833,24412160],[0.723292,29167616],[0.883139,32235520],[0.925946,41148416],[0.959689,45047808],[0.986216,51527680],[1.010665,52461568],[1.070818,61440000],[1.125013,74838016],[1.151131,75481088],[1.206209,81235968],[1.227334,86470656],[1.289793,94175232],[1.3664,112828416],[1.402352,113590272],[1.441335,122990592],[1.470703,123510784],[1.528014,134324224],[1.553032,136933376],[1.581562,143962112],[1.622292,144056320],[1.653861,149762048],[1.725256,157474816],[1.82798,173178880],[1.884916,180330496],[1.930193,188796928],[1.957687,190521344],[2.004872,198647808],[2.0497,204070912],[2.078499,211259392],[2.121435,214413312],[2.141242,219705344],[2.173893,222519296],[2.20669,229507072],[2.24566,228761600],[2.273459,239550464],[2.287849,239562752],[2.626002,372908032],[2.695075,399224832],[2.714637,400850944],[2.808304,421138432],[2.866178,436584448],[2.895841,441163776],[3.040719,477089792],[3.07613,480722944],[3.13683,491638784],[3.172738,499851264],[3.241591,512462848],[3.286099,524496896],[3.349333,535842816],[3.442821,556941312],[3.506495,569425920],[3.640454,601022464],[3.742205,621621248],[3.789443,634572800],[4.003488,719327232],[4.275527,828444672],[4.369164,864894976],[4.402826,865005568],[4.618792,950087680],[4.876305,1053630464],[4.979854,1094414336],[5.275986,1216585728],[5.352598,1249226752],[5.542435,1326780416],[6.009309,1326862336],[6.176439,1329008640],[6.18682,1398214656],[6.265116,1398218752],[6.326486,1399578624],[6.372912,1402810368],[6.472875,1406103552],[6.607543,1406980096],[6.874927,1407295488],[8.552853,1407430656],[8.694596,1408552960],[9.146026,1408774144],[9.221643,1409155072],[19.296352,1409187840],[19.29685,1409331200],[20.522582,1409462272],[20.524981,1409667072],[21.617353,1409695744],[22.983056,1410007040],[24.190059,1410011136],[24.736875,1410166784],[24.935848,1412288512],[25.240968,1412575232],[25.992219,1412124672],[25.992314,1411522560],[32.167447,1411584000],[32.713137,1411612672],[32.951736,1412272128],[35.671645,1412292608],[35.715811,1412444160],[36.40435,1412452352],[37.210899,1341145088],[37.412538,1340088320],[37.415693,1282637824],[37.418502,1280454656],[37.422342,1216266240],[37.42758,1188057088],[37.428869,1148805120],[37.43449,1108922368],[37.488214,1109340160],[37.684295,1114132480],[39.724274,1114210304],[39.771744,1115279360],[44.34309,1115488256],[44.357332,1115668480],[45.179122,1115758592],[147.845206,1115877376],[147.922595,1119145984],[147.979004,1119354880],[149.667349,1119395840],[217.557689,1119404032],[218.643861,1119412224],[218.822732,1125380096],[218.940676,1125396480],[218.99421,1127411712],[219.031852,1130811392],[219.067249,1130156032],[219.114516,1135542272],[219.243382,1143873536],[219.274637,1152524288],[219.358762,1149939712],[219.358843,1147138048],[220.68734,1146597376],[220.687928,1136390144],[220.71851,1145823232],[220.722382,1136431104],[220.733254,1137213440],[220.741704,1147539456],[220.776668,1152892928],[220.84174,1152970752],[220.882292,1157001216],[220.93686,1157349376],[220.983979,1161662464],[220.999049,1165287424],[221.00054,1172639744],[221.016188,1172701184],[221.031952,1182339072],[221.059045,1188401152],[221.106142,1189171200],[221.107479,1157193728],[221.117846,1139892224],[221.224872,1139703808],[221.2479,1137905664],[221.249338,1093607424],[221.255957,1013174272],[221.261568,894992384],[221.265537,855035904],[221.266382,815546368],[221.275917,656654336],[221.279801,616316928],[221.283434,537485312],[221.285202,535187456],[221.291795,418316288],[221.293566,417558528],[221.300034,299147264],[221.307056,218939392],[221.308072,177885184],[221.314442,98439168],[221.319918,66732032]],"pass_timing":[["parsing",1.326],["std macros injection",0.033],["configuration 1",0.461],["expansion",1.086],["configuration 2",0.58],["maybe building test harness",0.61],["std injection",0.563],["ast indexing",0.256],["external crate/lib resolution",0.265],["language item collection",0.062],["resolution",1.676],["looking for entry point",0.001],["freevar finding",0.112],["region resolution",0.171],["region parameterization inference",0.091],["type collecting",0.211],["coherence checking",0.29],["type checking",11.368],["const marking",1.095],["const checking",0.047],["privacy checking",0.248],["effect checking",0.052],["loop checking",0.028],["compute moves",0.622],["match checking",0.118],["liveness checking",0.248],["borrow checking",1.21],["kind checking",0.151],["reachability checking",0.065],["lint checking",0.33],["translation",11.971],["LLVM passes",183.256],["linking",0.426]]}