{"summary":{"timestamp":1363885642,"hash":"87d9316793d2bd1313ebf51c46bd02f06227044c","max_memory":1282412544,"cpu_time":92.58,"pull_request":5457},"memory_data":[[0.003313,8192],[0.011239,3096576],[0.049394,3854336],[0.540374,19759104],[0.901055,32026624],[1.190267,41119744],[1.541304,53055488],[2.408671,80637952],[2.520262,84025344],[2.73647,131833856],[2.899342,166842368],[3.070879,204652544],[3.191851,229797888],[3.327163,235847680],[3.463635,246145024],[3.568691,251346944],[3.643312,259104768],[3.709455,263294976],[3.778733,263991296],[3.895513,267481088],[4.080933,275316736],[4.150788,280289280],[4.311342,285655040],[4.512088,296116224],[4.604824,300126208],[4.704907,306212864],[4.868165,314179584],[4.925597,319426560],[4.995818,319451136],[5.113796,343502848],[5.116615,347701248],[5.144779,345600000],[5.244499,367710208],[5.249512,376086528],[5.289067,375664640],[5.306242,372551680],[5.371228,374620160],[5.400595,386482176],[5.427583,386310144],[5.440991,395145216],[5.464446,396328960],[5.477895,411656192],[5.573153,412704768],[5.688368,412258304],[5.981204,412651520],[6.019742,416006144],[6.429901,420864000],[6.435268,422944768],[6.57847,422948864],[6.961337,426135552],[6.97341,430329856],[7.463507,430407680],[7.466606,431378432],[7.606669,431382528],[7.83375,433000448],[8.285381,437170176],[8.308755,445526016],[8.542312,445816832],[8.567518,451088384],[8.603944,451874816],[8.624711,460267520],[8.688926,460279808],[8.704501,461840384],[8.709504,470233088],[8.803472,470306816],[8.805321,478621696],[8.891819,480161792],[8.986102,480165888],[9.089525,484020224],[9.206199,485834752],[9.533821,487292928],[9.729293,490360832],[9.86037,493506560],[9.985462,494850048],[9.996553,497340416],[10.25915,499089408],[10.305445,500326400],[10.456089,502165504],[10.600331,506728448],[10.609843,510926848],[10.866942,511303680],[10.973589,512573440],[11.019721,515063808],[11.247024,518856704],[11.364675,519413760],[11.566364,522362880],[11.767272,524263424],[11.818047,528367616],[11.998003,528842752],[12.016314,537096192],[12.629098,537124864],[12.688563,537415680],[12.897376,540753920],[13.040542,541806592],[13.222499,543887360],[13.244556,544817152],[13.406818,545873920],[13.449596,548073472],[13.567274,548130816],[13.662289,549335040],[13.790405,552157184],[13.850385,552173568],[14.191508,556806144],[14.371618,557731840],[14.539624,561303552],[14.786526,563060736],[14.941674,564613120],[14.962887,566194176],[15.133729,566521856],[15.297738,568266752],[15.608908,570224640],[15.693716,572329984],[15.77204,572497920],[15.940013,575463424],[15.943643,583852032],[15.975261,583888896],[15.976782,592240640],[16.808473,592465920],[16.899292,593244160],[16.914663,595521536],[17.043152,596525056],[17.072225,600088576],[17.118785,601272320],[17.128842,605433856],[17.205445,605437952],[17.290052,608997376],[17.312166,617390080],[18.352448,617512960],[18.735168,619393024],[18.73586,619917312],[18.950008,620355584],[18.95138,620875776],[19.209723,621600768],[19.223391,622862336],[19.448375,623038464],[19.497318,624787456],[19.675465,625590272],[19.675901,627978240],[19.915788,627994624],[20.171485,631349248],[20.594793,631599104],[20.643435,632729600],[20.808672,633544704],[20.930796,637517824],[20.93251,648007680],[20.942472,650104832],[21.101154,650235904],[21.214624,658698240],[21.394371,660119552],[21.511544,666038272],[21.605643,668979200],[21.611655,675454976],[21.703818,678580224],[21.704143,680677376],[21.784919,682442752],[21.92389,688619520],[21.932381,690196480],[22.135204,698650624],[22.137878,702889984],[22.175882,705216512],[22.271493,708362240],[22.373055,710619136],[22.562794,711892992],[22.625084,713744384],[22.692646,713949184],[22.765249,716677120],[23.050441,721829888],[23.050574,723927040],[23.251857,726466560],[23.365638,729112576],[23.573754,734998528],[23.574246,739192832],[23.682677,741564416],[23.787197,744878080],[23.887302,745181184],[23.947734,747003904],[24.01606,747245568],[24.115381,750452736],[24.204026,751378432],[24.204348,753475584],[24.321851,755228672],[24.424493,758480896],[24.437018,765267968],[24.454224,765718528],[24.46303,772243456],[24.552327,775073792],[24.671596,776962048],[24.892456,783134720],[25.290589,796450816],[25.525669,801005568],[25.702685,806834176],[26.004531,814886912],[26.035017,814891008],[26.218669,819412992],[26.293628,821948416],[26.410867,824459264],[26.444788,827617280],[26.449999,834048000],[26.895608,847867904],[26.982454,848592896],[27.081619,851759104],[27.246448,852201472],[27.402054,853258240],[27.551048,857776128],[27.585647,861687808],[27.802157,869220352],[27.994435,874041344],[27.994529,876138496],[28.124324,877400064],[28.291076,881680384],[28.35955,881954816],[28.47614,884752384],[28.673898,890671104],[28.674472,894869504],[28.863825,900591616],[28.978001,901382144],[29.084326,903774208],[29.217466,908840960],[29.305023,909905920],[29.361995,911851520],[29.469491,912379904],[29.501662,913637376],[29.676668,915398656],[29.739963,917430272],[29.860142,918376448],[29.959453,921600000],[29.993807,923774976],[30.317254,933732352],[30.451263,936374272],[30.567307,942780416],[30.656706,945860608],[30.657443,952139776],[30.719362,952143872],[30.841956,956289024],[30.848243,960528384],[30.907032,960544768],[30.96654,964120576],[31.050328,965971968],[31.094177,970559488],[31.197613,972754944],[31.275913,977498112],[31.431845,979132416],[31.432289,983326720],[31.464208,984256512],[31.648692,994697216],[31.737372,998006784],[31.821331,1003065344],[31.950802,1008029696],[32.099863,1015701504],[32.139102,1016102912],[32.284897,1024372736],[32.389679,1025753088],[32.58888,1037189120],[32.65679,1038938112],[32.721304,1042751488],[32.837088,1045532672],[32.921935,1049497600],[33.006935,1051918336],[33.096009,1056894976],[33.135516,1061175296],[33.149591,1066217472],[33.287029,1073983488],[33.306138,1076068352],[33.408691,1081626624],[33.558461,1087172608],[33.683812,1092501504],[33.705473,1094406144],[33.72146,1103626240],[33.831281,1109852160],[33.831377,1111949312],[34.108397,1125339136],[34.11437,1127948288],[34.339715,1138286592],[34.363148,1141522432],[34.401887,1141530624],[34.571555,1148997632],[34.640294,1152716800],[34.640691,1156911104],[34.726935,1161318400],[34.815059,1163587584],[35.095533,1179512832],[35.188627,1183756288],[35.188823,1185853440],[35.280994,1191436288],[35.290793,1195630592],[35.393465,1195638784],[35.533322,1200914432],[35.711631,1211531264],[35.76576,1215893504],[35.76821,1222328320],[35.815338,1229135872],[35.82835,1236402176],[35.898035,1238937600],[35.899042,1243156480],[35.936286,1247244288],[36.03884,1249202176],[36.241333,1250676736],[36.24358,1253011456],[36.53101,1255112704],[36.741485,1255133184],[36.748027,1248247808],[37.056066,1172746240],[37.056145,1114025984],[37.186974,1114030080],[37.298552,1117392896],[39.655901,1117491200],[39.658384,1117757440],[40.472381,1117929472],[40.476569,1134403584],[40.544285,1134460928],[40.592337,1138057216],[40.67054,1138872320],[40.672026,1144954880],[40.690423,1147056128],[40.697005,1212067840],[40.965843,1214169088],[40.968095,1237237760],[41.186048,1212067840],[41.187571,1184870400],[41.195411,1117757440],[42.329098,1118150656],[45.493548,1118248960],[45.497744,1134796800],[46.509685,1134997504],[56.822251,1135009792],[59.766093,1135083520],[66.353821,1135091712],[66.353904,1135120384],[77.672745,1135214592],[77.674357,1140363264],[77.834513,1138724864],[77.834663,1135251456],[79.832389,1135251456],[102.363259,1137352704],[102.366438,1168809984],[102.378178,1168039936],[102.378561,1152032768],[130.239987,1152036864],[133.772178,1152167936],[134.500371,1152270336],[134.511795,1159020544],[134.524427,1152245760],[134.5843,1152462848],[134.585588,1156308992],[134.6665,1158406144],[134.680156,1162780672],[134.684169,1178746880],[134.860491,1181474816],[134.951013,1181573120],[134.952535,1190637568],[135.003893,1192734720],[135.108373,1194835968],[135.114851,1259847680],[135.17677,1261944832],[135.298192,1264041984],[135.42277,