{"summary":{"timestamp":1392646311,"hash":"88028693b842c7f6197d8d7dbc79e5019aa6f641","max_memory":1229434880,"cpu_time":140.28,"pull_request":12325},"memory_data":[[0.002218,8192],[0.011291,9596928],[0.149054,32710656],[0.180187,40878080],[0.280911,54374400],[0.439713,78848000],[0.505392,90460160],[0.536802,90484736],[0.553966,96579584],[0.642241,135118848],[0.723715,135172096],[0.970513,137396224],[1.286906,137330688],[1.352063,138575872],[1.524623,138993664],[1.658435,149938176],[1.691985,153526272],[1.86433,167763968],[1.993768,167776256],[2.08529,208601088],[2.701755,208617472],[2.806183,214937600],[2.843707,219136000],[3.140493,219303936],[3.142086,222072832],[3.188874,222154752],[3.195318,227065856],[3.263897,227078144],[3.306753,229179392],[3.315299,234930176],[3.573978,235065344],[3.58774,239198208],[3.596312,258002944],[3.603215,250658816],[3.812825,252760064],[4.177183,252796928],[4.203137,257556480],[4.20551,263774208],[4.239245,263782400],[4.248662,268627968],[4.278619,270725120],[4.282802,275832832],[4.410736,275836928],[4.411486,277409792],[4.562491,277491712],[4.563617,279506944],[4.690371,279560192],[4.693765,284626944],[4.892647,285556736],[4.893044,288419840],[5.082134,288423936],[5.097526,296677376],[5.097725,285937664],[5.439073,286048256],[5.439799,287903744],[5.916839,290000896],[5.917967,292618240],[6.059216,294727680],[6.065515,309399552],[6.070999,301006848],[6.15955,301010944],[6.200884,304746496],[6.26438,305958912],[6.39234,305999872],[6.496046,308006912],[6.527276,310296576],[6.851491,316194816],[7.093256,322387968],[7.094856,330706944],[7.205275,330850304],[7.379914,334766080],[7.392948,336465920],[7.658295,338808832],[7.784575,341315584],[7.812541,343154688],[7.894656,343142400],[8.132739,347414528],[8.196739,349114368],[8.207781,382668800],[8.219355,365887488],[8.386031,368545792],[8.538414,373145600],[8.611997,373870592],[8.764836,377851904],[8.791523,379936768],[8.945408,381231104],[9.050445,383897600],[9.104364,386564096],[9.13341,385961984],[9.220661,387813376],[9.29163,388050944],[9.316589,389586944],[9.415044,390172672],[9.48453,392384512],[9.592843,393531392],[9.639309,395902976],[9.642444,412454912],[10.034993,412635136],[10.088814,413794304],[10.127621,416956416],[10.208248,416509952],[10.254747,417529856],[10.256267,419807232],[10.346015,419823616],[10.46883,421634048],[10.491564,423628800],[10.610911,424198144],[10.729053,425902080],[10.816738,428232704],[11.101935,431661056],[11.192151,434257920],[11.230331,436912128],[11.372201,437059584],[11.482259,439230464],[11.623775,440365056],[11.649785,441479168],[11.921443,444637184],[11.952429,446701568],[12.090381,447524864],[12.11229,450973696],[12.247125,451108864],[12.357853,453386240],[12.603848,456085504],[12.644896,457949184],[12.751906,458907648],[12.80417,461234176],[12.88667,461512704],[13.018727,463360000],[13.04342,464613376],[13.152673,465412096],[13.249457,467185664],[13.35602,470806528],[13.445449,472211456],[13.468404,539324416],[13.490791,505765888],[13.653154,509063168],[13.828218,510586880],[13.958112,513941504],[14.085062,524136448],[14.100425,528166912],[14.107195,559620096],[14.117683,554688512],[14.979979,554692608],[14.981459,558751744],[15.014051,560852992],[15.015511,567144448],[15.070668,567201792],[15.074737,583921664],[15.119392,575303680],[15.119656,554688512],[15.564531,553627648],[15.564599,546295808],[16.064589,546299904],[16.490127,548397056],[16.630456,548409344],[16.890108,551903232],[17.186417,552050688],[18.177785,552185856],[18.179328,556244992],[18.361487,556326912],[18.394114,558608384],[18.472947,558391296],[18.473012,556244992],[18.991057,556253184],[18.996141,558354432],[19.003061,585617408],[19.016283,583516160],[19.016348,570933248],[19.157588,576634880],[19.320264,582328320],[19.604041,595599360],[19.645493,599777280],[19.852399,608677888],[20.018188,623419392],[20.202876,630231040],[20.40232,638812160],[20.526233,643317760],[20.534448,668499968],[20.544429,655912960],[20.722177,662429696],[20.7454,664530944],[20.875401,669425664],[20.915329,673734656],[21.198421,684576768],[21.227881,686587904],[21.610825,701325312],[21.63635,703172608],[21.881031,712626176],[21.952275,716783616],[22.040419,720334848],[22.176328,724484096],[22.252966,727924736],[22.254523,732110848],[22.298124,732119040],[22.401676,735465472],[22.592693,742703104],[22.612742,748032000],[22.672057,748044288],[22.990915,760528896],[23.141264,767283200],[23.14278,771432448],[23.193263,771436544],[23.501945,784797696],[23.527015,786837504],[23.67033,794247168],[24.024252,807522304],[24.201253,815915008],[24.466641,825597952],[24.771433,838086656],[24.883876,843272192],[25.063631,853159936],[25.07881,855674880],[25.185416,860573696],[25.202506,863625216],[25.289501,867651584],[25.29135,871829504],[25.322764,871845888],[25.404373,877113344],[25.486824,880959488],[25.48867,885125120],[25.544898,885575680],[25.644494,890576896],[25.82231,897847296],[25.82494,906203136],[25.938162,906219520],[26.19418,917585920],[26.435448,925290496],[26.641009,934567936],[26.643521,942862336],[26.753492,942886912],[26.910688,949739520],[27.114105,957304832],[27.208451,961638400],[27.439417,970633216],[27.440427,973778944],[27.481504,973791232],[27.657463,981307392],[27.823032,989081600],[27.984858,995037184],[28.094729,1002803200],[28.097239,1011171328],[28.185654,1011462144],[28.187262,1019813888],[28.276538,1019822080],[28.657522,1035788288],[28.658201,1037357056],[28.940428,1047539712],[29.191108,1058693120],[29.313834,1063120896],[29.724325,1081446400],[29.881055,1088163840],[30.111019,1097089024],[30.200273,1102483456],[30.314336,1107181568],[30.681337,1120276480],[30.860309,1126043648],[30.962343,1130582016],[31.321648,1143664640],[31.593304,1154097152],[31.650383,1156849664],[31.941539,1167618048],[31.941608,1169715200],[32.026603,1173860352],[32.089712,1173868544],[32.138672,1177169920],[32.256538,1180815360],[32.269182,1185837056],[32.498343,1192603648],[32.641324,1197322240],[32.646139,1195421696],[32.731582,1197395968],[32.891852,1203077120],[33.022976,1208950784],[33.252282,1217236992],[33.315722,1218437120],[33.317296,1221582848],[33.776954,1228918784],[33.78942,1220202496],[34.592817,1224257536],[34.608956,1228062720],[35.157187,1160949760],[35.163401,1131585536],[35.166192,1072857088],[35.31755,1071665152],[35.31782,1060245504],[40.367527,1062342656],[40.368939,1077026816],[40.618129,1077202944],[40.619597,1089609728],[40.637683,1091710976],[40.640776,1123168256],[41.030205,1105825792],[41.034317,1060245504],[41.144331,1060253696],[112.34103,1062350848],[112.343202,1060253696],[122.345043,1062350848],[122.349385,1060253696],[132.349037,1062350848],[132.352851,1060253696],[138.874767,1062350848],[138.875758,1072840704],[140.812214,1060253696],[141.395125,1062350848],[141.396575,1077035008],[141.462553,1077125120],[141.464678,1087520768],[141.636773,1091719168],[141.639851,1123176448],[141.665918,1125273600],[141.848317,1129472000],[141.851132,1144152064],[141.851928,1112690688],[142.036227,1116884992],[142.083906,1118986240],[142.090151,1183997952],[142.108762,1150439424],[142.152421,1152536576],[142.234297,1085423616],[142.241878,1110351872],[142.241995,1085186048],[142.353034,1087283200],[142.357474,1085186048],[143.064847,1084661760],[143.065781,1045463040],[143.070235,1030111232],[143.088664,1029951488],[143.089262,1017782272],[143.103132,1013149696],[143.103266,943427584],[143.106427,860454912],[143.109917,817848320],[143.110778,766357504],[143.116583,684101632],[143.119702,597000192],[143.123266,554102784],[143.124201,511275008],[143.131109,390774784],[143.135093,347697152],[143.138818,239448064],[143.143131,198139904],[143.147058,120279040],[143.153463,40833024],[143.156459,24932352]],