{"summary":{"timestamp":1383347786,"hash":"894c1f6398648c273043ca385f5185e49dccea08","max_memory":1479548928,"cpu_time":203.65,"pull_request":10215},"memory_data":[[0.002957,4096],[0.005253,3973120],[0.069142,18313216],[0.242144,49487872],[0.283195,60342272],[0.299939,61263872],[0.397557,81915904],[0.411712,82079744],[0.478916,94978048],[0.555603,108163072],[0.729903,141393920],[0.748877,141463552],[0.828337,184418304],[0.92471,242511872],[0.957363,261062656],[1.20504,261201920],[1.44931,262799360],[1.515955,264429568],[1.65474,264622080],[1.657398,265932800],[1.806526,266141696],[1.858907,271986688],[2.119407,311443456],[2.147391,317202432],[2.239431,328421376],[2.309292,338374656],[2.329724,344596480],[2.366898,349589504],[2.48358,349597696],[2.617467,427237376],[3.27813,427520000],[3.280969,445194240],[3.306144,445210624],[3.312681,480849920],[3.325154,463020032],[3.363796,465121280],[3.374425,534327296],[3.399403,498671616],[3.472394,498696192],[3.474765,509587456],[3.517646,536432640],[3.525091,569597952],[3.525814,533950464],[3.540267,533983232],[3.553193,563200000],[3.576761,564424704],[3.580696,580755456],[4.788303,582852608],[4.799995,614318080],[5.628662,614322176],[5.633112,631095296],[7.977723,631193600],[7.983229,647872512],[10.961165,647876608],[10.969997,648290304],[10.97459,664952832],[11.24226,665034752],[11.253813,698585088],[12.413004,698720256],[12.509083,701501440],[12.572121,701620224],[12.686147,703578112],[12.805806,704438272],[12.957921,707153920],[13.052876,707477504],[13.169389,710922240],[13.319091,711430144],[13.554608,713814016],[13.676749,716214272],[13.862251,717590528],[14.048239,720273408],[14.086875,722239488],[14.153119,722337792],[14.218756,724443136],[14.29701,724619264],[14.548988,727781376],[14.702056,731848704],[14.927109,735899648],[15.174823,738574336],[15.17762,744054784],[15.447482,744734720],[15.700555,748265472],[15.796837,751091712],[15.975439,751931392],[16.044427,753029120],[16.070614,756817920],[16.07221,762056704],[16.110363,764157952],[16.111981,772546560],[16.185769,774656000],[16.191149,793522176],[16.200116,773988352],[16.217544,753012736],[16.287175,754454528],[16.546356,753537024],[18.405018,753541120],[18.499428,754610176],[18.64549,754749440],[18.649111,756772864],[18.728882,756830208],[18.732765,755204096],[19.754264,756887552],[19.812801,759382016],[20.215655,761548800],[20.304997,767475712],[20.390419,771158016],[20.463074,775970816],[20.53948,779071488],[20.589797,783421440],[21.115567,808177664],[21.269118,814817280],[21.384553,823898112],[21.549455,830324736],[21.837646,842915840],[22.034762,852647936],[22.036697,856784896],[22.087476,856788992],[22.241699,863240192],[22.402694,868950016],[22.785398,886345728],[23.232054,904445952],[23.33951,910024704],[23.48801,915116032],[23.594715,919658496],[23.620856,921714688],[23.890228,931782656],[23.993693,937357312],[24.14824,944398336],[24.422446,955322368],[24.569168,960778240],[24.915035,974368768],[24.947192,976482304],[25.148009,983969792],[25.206447,986988544],[25.387831,993931264],[25.47951,998641664],[25.925374,1016365056],[26.096424,1022500864],[26.120582,1024610304],[26.618355,1043304448],[26.931026,1056198656],[26.938868,1089761280],[27.314903,1089806336],[27.405745,1093668864],[27.407704,1097867264],[27.464286,1097879552],[27.72501,1108520960],[27.944423,1116672000],[28.290073,1130389504],[28.391094,1135693824],[28.476421,1143287808],[28.498652,1286217728],[28.5499,1214910464],[28.569002,1219448832],[28.631235,1222832128],[28.639573,1224966144],[28.697312,1227022336],[28.874924,1235714048],[28.881022,1236869120],[29.069571,1244467200],[29.164404,1249181696],[29.257379,1255084032],[29.420448,1261789184],[29.611963,1268903936],[29.627469,1270669312],[29.720518,1273393152],[29.751308,1276084224],[29.814043,1278083072],[30.395005,1300639744],[30.428887,1302757376],[30.809415,1316962304],[31.022783,1325801472],[31.236016,1333145600],[31.267122,1335201792],[31.465917,1342500864],[31.536375,1345622016],[31.771693,1354149888],[31.7927,1421266944],[31.823953,1417064448],[31.824039,1387708416],[31.912598,1391554560],[31.914195,1394696192],[31.95609,1394704384],[32.245712,1405485056],[32.346316,1410236416],[32.453577,1414230016],[32.463651,1416110080],[32.699081,1422503936],[32.708416,1427935232],[32.961355,1434890240],[32.96321,1447473152],[33.268974,1455861760],[33.276283,1478934528],[33.277255,1443520512],[33.593249,1453350912],[33.978112,1453400064],[33.979479,1455345664],[34.097681,1456025600],[34.10712,1453740032],[34.107735,1425162240],[34.111946,1422491648],[34.50846,1355378688],[34.51077,1354534912],[34.511813,1300844544],[34.682957,1208565760],[34.683043,1158234112],[40.252367,1158242304],[40.261093,1174884352],[40.539302,1176985600],[40.542273,1208442880],[40.55108,1205624832],[40.551427,1191796736],[40.629133,1191804928],[40.6355,1204248576],[40.923199,1202171904],[40.927918,1158238208],[41.048648,1158258688],[55.507328,1158320128],[55.515916,1174904832],[98.644894,1177006080],[98.647983,1208463360],[98.656022,1206878208],[98.65639,1191817216],[155.363042,1191886848],[155.366096,1197977600],[156.54521,1198047232],[156.549592,1206366208],[166.572068,1208463360],[166.577422,1218953216],[172.763292,1218969600],[172.767574,1227341824],[173.806669,1227350016],[173.817795,1239924736],[175.779969,1240047616],[175.789276,1256701952],[192.249491,1256693760],[193.046233,1256751104],[193.060713,1281843200],[196.290532,1281806336],[197.292389,1281847296],[197.302556,1298554880],[198.782825,1298563072],[198.930398,1307521024],[198.95241,1316990976],[200.037032,1316986880],[200.475906,1283407872],[200.53808,1283551232],[200.584507,1298378752],[200.622849,1304969216],[200.641178,1324261376],[200.65419,1329446912],[200.694849,1331650560],[200.695571,1299951616],[200.700126,1280364544],[200.700389,1245085696],[200.807616,1245089792],[200.817139,1078669312],[200.821429,1038258176],[200.82243,997130240],[200.826859,953769984],[200.830359,877961216],[200.83493,836337664],[200.841413,719069184],[200.846072,677900288],[200.847031,638685184],[200.851765,595726336],[200.852834,526688256],[200.854721,525680640],[200.855874,415801344],[200.860597,376070144],[200.864453,297619456],[200.869351,256876544],[200.873328,177463296],[200.886269,21291008],[200.890132,15413248]],"pass_timing":[["parsing",0.716],["gated feature checking",0.016],["std macros injection",0.001],["configuration 1",0.244],["expansion",1.41],["configuration 2",0.293],["maybe building test harness",0.191],["std injection",0.193],["assigning node ids",0.172],["ast indexing",0.21],["external crate/lib resolution",0.145],["language item collection",0.026],["resolution",1.878],["looking for entry point",0],["freevar finding",0.057],["region resolution",0.103],["region parameterization inference",0.042],["type collecting",0.123],["coherence checking",0.116],["type checking",10.076],["const marking",0.182],["const checking",0.04],["privacy checking",0.289],["effect checking",0.051],["loop checking",0.027],["stack checking",0.038],["compute moves",1.838],["match checking",0.112],["liveness checking",0.224],["borrow checking",0.823],["kind checking",0.086],["reachability checking",0.058],["lint checking",0.313],["translation",14.043],["LLVM passes",165.736],["linking",0.218]]}