{"summary":{"timestamp":1379685973,"hash":"89cc8529cc18802e4d7feb370e56809a1150b750","max_memory":2018963456,"cpu_time":null,"pull_request":9332},"memory_data":[[0.001606,4096],[0.054318,360448],[0.057761,3379200],[0.110774,7086080],[0.22002,12267520],[0.346158,13656064],[0.413878,19099648],[0.4935,20979712],[0.501619,25767936],[0.650739,28123136],[0.749107,30695424],[0.753078,52588544],[0.780583,57131008],[0.899662,60211200],[0.938612,72843264],[0.96788,79134720],[0.986168,87523328],[1.067514,108494848],[1.085262,116883456],[1.103666,118980608],[1.161912,137854976],[1.190477,144146432],[1.393872,200769536],[1.421621,205488128],[1.430624,214007808],[1.514022,329351168],[1.602135,342396928],[1.670518,359174144],[1.789217,378048512],[1.867759,396922880],[1.888231,403214336],[2.007055,422088704],[2.04231,430477312],[2.095034,438865920],[2.169313,453545984],[2.210873,464031744],[2.328618,489197568],[2.342357,493391872],[2.461864,518557696],[2.470125,522752000],[2.528903,600346624],[2.632329,734576640],[2.733954,837001216],[2.757001,868536320],[2.777282,889626624],[2.793354,900145152],[2.831223,952635392],[2.851476,975720448],[2.924924,1074487296],[2.948501,1074487296],[2.977737,1118531584],[2.992479,1135308800],[3.041953,1200324608],[3.084738,1259040768],[3.106155,1240166400],[3.114502,1208709120],[3.120068,1204514816],[3.123974,1166766080],[3.136731,1137405952],[3.140416,1116434432],[3.149075,1112240128],[3.161688,1078685696],[3.177059,1057046528],[3.179691,1036746752],[3.19882,990609408],[3.203234,944476160],[3.216773,919310336],[3.218821,902533120],[3.230781,889925632],[3.236137,872005632],[3.240221,834514944],[3.253501,809033728],[3.260746,759111680],[3.269076,758906880],[3.275798,739041280],[3.310218,655818752],[3.335293,598822912],[3.345124,569491456],[3.366935,514957312],[3.370017,461156352],[3.388449,450895872],[3.391983,415088640],[3.399925,414961664],[3.415582,371867648],[3.440723,309542912],[3.468121,321908736],[3.470776,340783104],[3.477176,330297344],[3.496509,331931648],[3.502102,369680384],[3.515034,350806016],[3.5533,354250752],[3.563859,427655168],[3.589145,389906432],[3.634667,395165696],[3.723013,396165120],[3.73266,398635008],[3.781473,432975872],[3.786679,460238848],[3.786932,430878720],[3.84435,431714304],[3.867155,443244544],[3.905055,444100608],[3.932166,457601024],[4.01358,457994240],[4.051527,460873728],[4.093689,467910656],[4.124379,476409856],[4.207948,480075776],[4.257566,485502976],[4.330073,486027264],[4.348142,493289472],[4.460079,494723072],[4.585095,494809088],[4.589397,507392000],[4.595758,502145024],[4.994742,502669312],[5.108273,503078912],[5.112436,526147584],[5.124646,513564672],[5.402166,514375680],[5.410704,520667136],[5.504266,521043968],[5.507629,522936320],[5.575341,523948032],[5.599792,534339584],[5.636612,536436736],[5.639648,553213952],[5.646317,542728192],[5.789954,543547392],[5.840531,545181696],[5.961441,551075840],[6.037503,559214592],[6.129652,563884032],[6.200443,571006976],[6.284038,573206528],[6.284637,577236992],[6.511228,583323648],[6.550371,583720960],[6.685769,588255232],[6.745008,588570624],[6.879431,592478208],[6.880676,598769664],[6.927921,600186880],[6.933192,604381184],[7.052059,607141888],[7.14825,614600704],[7.324948,618991616],[7.465154,623677440],[7.839847,632938496],[7.842982,651812864],[7.849222,643420160],[7.908329,646103040],[8.163212,654884864],[8.187138,657002496],[8.296598,659197952],[8.457143,660180992],[8.597813,662147072],[8.649248,663728128],[8.730813,663937024],[8.85938,666808320],[8.926978,667398144],[8.927476,668971008],[9.131083,672047104],[9.187409,673812480],[9.344718,676474880],[9.458222,680128512],[9.572426,682180608],[9.669773,685711360],[9.793039,687050752],[9.862802,688726016],[9.863679,691437568],[9.953951,693477376],[10.019045,693776384],[10.146569,697151488],[10.275348,699019264],[10.441436,704323584],[10.62878,706375680],[10.795257,709279744],[10.805938,711376896],[10.810115,726061056],[10.821767,717733888],[10.831362,751226880],[10.843477,732352512],[10.994351,734527488],[11.202082,738504704],[11.294215,739082240],[11.419268,743759872],[11.508126,744099840],[11.822099,748908544],[11.984913,750592000],[12.009642,754855936],[12.156878,755822592],[12.173065,756826112],[12.287578,757596160],[12.388452,760098816],[12.634604,762036224],[12.694045,764022784],[12.779933,764874752],[12.94998,768782336],[13.073128,769687552],[13.223862,774111232],[13.371974,776171520],[13.373382,781631488],[13.506287,782913536],[13.533294,784207872],[13.859061,787980288],[13.882162,791535616],[14.0319,792633344],[14.112031,794861568],[14.230276,807981056],[14.231227,814272512],[14.30617,823664640],[14.311447,827883520],[14.404243,841531392],[14.41042,845656064],[14.508542,859025408],[14.531433,861073408],[14.622118,873664512],[14.69015,886972416],[14.692206,897458176],[14.70148,893259776],[14.768064,903921664],[14.814436,906665984],[15.052558,906878976],[15.404818,907911168],[15.486337,910209024],[15.642031,910462976],[15.644475,911253504],[15.887236,912388096],[16.069804,912433152],[16.070349,916402176],[17.313981,916574208],[17.403828,918163456],[17.472215,918175744],[17.560759,923189248],[17.627891,923217920],[17.719723,929738752],[17.788619,933220352],[17.823758,933314560],[17.888462,937009152],[17.895818,940130304],[17.974738,940224512],[18.014538,942563328],[18.136086,942678016],[18.211499,949407744],[18.264385,952123392],[18.345087,952164352],[18.407174,955584512],[18.460951,956149760],[18.592422,964538368],[18.665273,966582272],[18.924651,979836928],[18.974168,983703552],[19.082481,989667328],[19.109969,993996800],[19.318284,1002475520],[19.337053,1004580864],[19.444911,1010876416],[19.475826,1010888704],[19.598677,1016549376],[19.974713,1035182080],[19.975582,1041473536],[20.272333,1057017856],[20.28626,1059115008],[20.492977,1069600768],[20.616955,1077989376],[20.808747,1088475136],[21.015909,1101058048],[21.222392,1111543808],[21.328064,1117835264],[21.52832,1128321024],[21.658652,1134612480],[21.74342,1136599040],[21.815058,1142980608],[22.074888,1159774208],[22.272947,1170259968],[22.487539,1180798976],[22.527063,1180803072],[22.604303,1184804864],[22.639227,1189081088],[22.674175,1189113856],[22.712356,1193324544],[22.758507,1193345024],[22.833535,1197518848],[22.834979,1199616000],[22.932876,1203724288],[22.932927,1205825536],[22.9852,1212248064],[22.991359,1245802496],[23.004999,1239937024],[23.005258,1229021184],[23.025897,1233215488],[23.06788,1233227776],[23.090378,1237352448],[23.117265,1237487616],[23.124065,1280143360],[23.131565,1282240512],[23.140811,1299017728],[23.156194,1351446528],[23.168396,1382903808],[23.219155,1309503488],[23.323983,1314758656],[23.324595,1316818944],[23.408654,1321205760],[23.408704,1323311104],[23.493276,1329733632],[23.494041,1333927936],[23.559326,1338122240],[23.682036,1344413696],[23.814981,1352802304],[24.284173,1375870976],[24.357718,1380065280],[24.709645,1396842496],[24.831483,1403133952],[25.049267,1415716864],[25.205276,1424105472],[25.269375,1424109568],[25.277485,1428299776],[25.315834,1432494080],[25.3577,1432498176],[25.365362,1442979840],[25.588007,1447174144],[25.97151,1436688384],[26.002721,1429213184],[26.002772,1424887808],[26.078288,1425825792],[26.111225,1427628032],[26.248306,1431388160],[29.172933,1431404544],[29.397265,1433501696],[29.421557,1435742208],[29.444513,1443987456],[29.476753,1446084608],[29.498707,1454473216],[29.506172,1462861824],[29.732943,1464958976],[29.740248,1496416256],[29.746776,1479639040],[29.765352,1485930496],[30.007224,1473347584],[30.011102,1435598848],[30.191729,1435615232],[32.863842,1437712384],[32.863992,1439809536],[32.914644,1439858688],[32.91786,1444003840],[32.948016,1444052992],[41.182097,1446150144],[41.318,1448247296],[42.620525,1448251392],[42.702078,1450348544],[42.707362,1456640000],[43.745283,1456709632],[43.745333,1456910336],[44.307454,1457016832],[44.307504,1457238016],[48.064782,1457246208],[48.244755,1457586176],[48.275326,1458294784],[49.691495,1458507776],