{"summary":{"timestamp":1368421119,"hash":"8a5561bc18b45f3a8930a05c3523d4f341b2462f","max_memory":1683423232,"cpu_time":119.28,"pull_request":6438},"memory_data":[[0.001579,8192],[0.006012,8122368],[0.066525,9138176],[0.10552,11845632],[0.170312,13688832],[0.172928,16404480],[0.269461,15790080],[0.295966,17350656],[0.299552,21798912],[0.36382,19410944],[0.367333,22880256],[0.482146,21708800],[0.485256,25473024],[0.524034,24707072],[0.524185,21987328],[0.584369,25665536],[0.592626,35303424],[0.678055,34344960],[0.678349,29929472],[0.715017,30007296],[0.716677,33030144],[0.763787,30584832],[0.899829,31834112],[0.930141,37109760],[1.013192,35704832],[1.108966,37253120],[1.191969,41906176],[1.203504,54595584],[1.309697,53321728],[1.310063,46432256],[1.393331,46436352],[1.409948,56594432],[1.509526,55689216],[1.5099,49475584],[1.589592,50384896],[1.602532,60428288],[1.697855,59932672],[1.698222,53436416],[1.739758,53174272],[1.778484,55508992],[1.787246,65454080],[1.915368,65454080],[2.053342,64667648],[2.053565,60985344],[2.103913,61001728],[2.121774,64028672],[2.206356,64057344],[2.31743,66121728],[2.327589,69898240],[2.371708,67600384],[2.42927,68866048],[2.431258,71376896],[2.481219,69660672],[2.486198,72122368],[2.656628,74035200],[2.663884,76795904],[2.714222,76259328],[2.717389,80261120],[2.776494,76615680],[2.829298,79450112],[2.867047,79519744],[2.86983,83091456],[2.900214,79679488],[2.932364,81879040],[3.020225,82743296],[3.083926,85491712],[3.155089,86564864],[3.159338,91176960],[3.221498,88838144],[3.223642,91881472],[3.2568,88788992],[3.326122,90689536],[3.328195,93339648],[3.367834,91435008],[3.389712,94679040],[3.425832,92934144],[3.456748,99651584],[3.49107,98463744],[3.491312,94507008],[3.537835,95064064],[3.639447,101474304],[3.688602,105836544],[3.769795,116686848],[3.795194,122773504],[3.849085,129486848],[3.900768,130342912],[3.959941,134127616],[4.174689,153595904],[4.258162,157491200],[4.403112,170381312],[4.512489,183050240],[4.542042,185139200],[4.633391,197083136],[4.664028,197230592],[4.703217,207388672],[4.838236,269938688],[5.071084,378970112],[5.104727,380674048],[5.397843,456663040],[5.458663,473133056],[5.550733,473141248],[5.578865,477933568],[5.580288,486854656],[5.607504,482684928],[5.610995,500494336],[5.630382,491577344],[5.669846,492302336],[5.675912,527945728],[5.713715,527880192],[5.713944,510115840],[5.794037,511500288],[5.805151,582807552],[5.882068,581668864],[5.882141,547151872],[6.035641,549670912],[6.069609,572248064],[6.082211,610582528],[6.082531,589762560],[6.186317,593182720],[6.192986,609697792],[6.311046,609849344],[6.557199,621072384],[6.590677,624242688],[6.625718,630788096],[6.665629,634548224],[6.766576,635777024],[6.87644,635932672],[6.876927,637087744],[7.048659,637247488],[7.049712,639709184],[7.428508,639725568],[7.429812,644952064],[8.200673,645144576],[8.203117,655437824],[10.149936,657539072],[10.153642,676413440],[10.176341,671166464],[10.176485,660676608],[10.772593,661475328],[10.779983,663805952],[10.947093,663945216],[10.979991,669073408],[10.980797,672333824],[11.013833,672337920],[11.01698,679559168],[11.087206,679608320],[11.092907,696336384],[11.193629,697827328],[11.196553,708317184],[11.210697,709156864],[11.726171,709709824],[11.870505,710266880],[12.785992,710373376],[12.786904,712400896],[13.081601,712454144],[13.226281,713060352],[13.485438,715550720],[13.845521,716435456],[14.082088,717926400],[14.082537,720023552],[14.225848,720535552],[14.344936,721694720],[14.346234,725831680],[14.61554,725876736],[14.621399,726446080],[15.07721,726478848],[15.239913,727838720],[15.533595,728879104],[15.651035,728915968],[16.012843,730062848],[16.075555,730755072],[16.34972,730992640],[16.551715,731746304],[16.553312,732991488],[16.992479,733585408],[17.186007,734785536],[17.333674,734892032],[17.682225,736251904],[17.780394,737181696],[17.785363,738750464],[18.204542,739037184],[18.262068,740257792],[18.494414,740298752],[18.767082,741593088],[18.770005,749924352],[20.100408,749928448],[20.115015,752414720],[20.448698,752418816],[20.774514,753504256],[20.861021,754397184],[21.25739,755048448],[21.321944,755580928],[21.914467,756621312],[22.131506,757899264],[22.132408,759975936],[22.506984,760459264],[22.604069,761479168],[22.795097,762441728],[23.000461,762601472],[23.021597,763113472],[23.506432,764854272],[23.811087,765497344],[23.905459,766087168],[23.907129,769044480],[24.225443,769114112],[24.282842,770998272],[24.28412,773496832],[24.330981,773644288],[24.332638,778739712],[24.476849,778813440],[24.480163,789225472],[25.462224,789569536],[25.729966,789868544],[26.577748,789868544],[26.868258,791965696],[26.876245,789868544],[27.330577,789872640],[27.336742,791728128],[27.486786,791732224],[27.490718,793288704],[28.128404,793382912],[28.27828,795111424],[28.388901,797462528],[28.395285,801665024],[28.401026,826830848],[28.422448,833175552],[28.444816,833204224],[28.447438,841560064],[28.552376,841637888],[28.641667,843788288],[28.643095,847982592],[28.698662,850079744],[28.700868,856371200],[28.916408,856375296],[28.970538,858755072],[28.979047,871473152],[28.999705,871825408],[29.002803,880218112],[29.026825,880771072],[29.028866,887062528],[29.201268,892903424],[29.36199,902029312],[29.391565,903061504],[29.394051,911450112],[29.41023,911646720],[29.412184,917938176],[29.526449,922583040],[29.667239,925523968],[29.732819,928571392],[29.828219,930336768],[29.917857,933285888],[29.919956,939577344],[30.025545,942374912],[30.21695,949616640],[30.218889,955908096],[30.327203,960495616],[30.488306,964980736],[30.489468,967069696],[30.560278,968466432],[30.562605,976855040],[30.664184,979955712],[30.666452,986247168],[30.816384,992477184],[30.828327,998912000],[30.836731,1013465088],[30.85188,1013854208],[30.864743,1026699264],[30.934073,1029431296],[31.124412,1035288576],[31.275106,1041670144],[31.413396,1046491136],[31.415982,1054879744],[31.664091,1063571456],[31.710374,1064595456],[31.981722,1075277824],[32.068588,1077866496],[32.4153,1091596288],[32.425519,1106403328],[32.482127,1108504576],[32.484022,1114796032],[32.68148,1122529280],[32.710043,1122787328],[32.938515,1130119168],[33.110776,1132281856],[33.252513,1137086464],[33.252876,1139183616],[33.56285,1151602688],[33.65851,1153581056],[33.763616,1157533696],[33.810849,1158164480],[34.068671,1168142336],[34.07062,1174433792],[34.234936,1180659712],[34.272207,1181401088],[34.36641,1186197504],[34.524708,1191849984],[34.759069,1197518848],[34.911161,1203503104],[35.012202,1205870592],[35.196981,1212899328],[35.245222,1213894656],[35.359018,1218646016],[35.35957,1221799936],[35.478565,1223708672],[35.481064,1232097280],[35.595709,1235599360],[35.701549,1237925888],[35.76106,1240207360],[35.76306,1246498816],[35.9167,1251774464],[36.014678,1254010880],[36.020477,1268715520],[36.166487,1273720832],[36.197784,1274093568],[36.31404,1278775296],[36.444301,1280856064],[36.448145,1297633280],[36.692551,1297653760],[36.886495,1303465984],[37.142279,1313021952],[37.142373,1315119104],[37.325748,1322377216],[37.611332,1331961856],[37.662428,1334693888],[37.809068,1339121664],[37.949039,1344229376],[37.951136,1350520832],[38.28086,1362055168],[38.465338,1368911872],[38.837165,1381462016],[38.981784,1386819584],[38.983823,1393111040],[39.040355,1394556928],[39.043931,1398829056],[39.077447,1401655296],[39.265445,1406775296],[39.551386,1415995392],[39.641224,1418039296],[39.846765,1425137664],[39.879515,1440694272],[40.115289,1448247296],[40.11587,1450344448],[40.343092,1457909760],[40.427247,1460125696],[40.427596,1462222848],[40.856369,1475297280],[40.983534,1480916992],[41.150247,1486114816],[41.151541,1490309120],[41.37163,1498746880],[41.653368,1510305792],[41.872945,1518280704],[42.006344,1522360320],[42.009521,1530748928],[42.336108,1542111232],[42.463549,1547436032],[42.473537,1560154112],[42.614761,1565974528],[42.718919,1569427456],[42.726034,1582026752],[42.760773,1583144960],[42.771333,1597947904],[42.806739,1605271552],