{"summary":{"timestamp":1366424692,"hash":"8b3c09a1038c6623528fd7ebb1d365e475d63dfc","max_memory":1328869376,"cpu_time":94.09,"pull_request":5962},"memory_data":[[0.001585,8192],[0.005924,7467008],[0.094542,9674752],[0.10425,11747328],[0.244443,22429696],[0.429418,37900288],[0.940856,77512704],[1.169852,94851072],[1.24389,116805632],[1.440885,172339200],[1.527174,197705728],[1.715968,250822656],[1.872808,262443008],[1.939284,270131200],[2.011093,275558400],[2.061137,282689536],[2.139275,289611776],[2.209072,291241984],[2.427533,304062464],[2.477544,309612544],[2.602434,316448768],[2.745202,326148096],[2.910471,339709952],[3.033631,348524544],[3.0922,355270656],[3.125196,355291136],[3.1407,360607744],[3.142584,370577408],[3.15673,365899776],[3.160326,385826816],[3.169093,375861248],[3.191133,376745984],[3.196952,416595968],[3.214468,415854592],[3.21457,396668928],[3.25831,398307328],[3.270645,478007296],[3.306192,438157312],[3.389781,440225792],[3.416583,454529024],[3.419636,464543744],[3.468668,466063360],[3.472168,470257664],[3.508534,471834624],[3.510604,478666752],[3.883186,479387648],[3.913788,481505280],[3.964512,488493056],[4.074774,489881600],[4.075264,491032576],[4.166509,491155456],[4.167492,493654016],[4.367477,493727744],[4.368781,498896896],[4.827577,500994048],[4.829251,509386752],[6.081475,509456384],[6.086337,530362368],[6.10615,514564096],[6.408935,515092480],[6.414047,517763072],[6.57033,520056832],[6.590687,524754944],[6.618353,524767232],[6.62063,533143552],[6.680747,533233664],[6.685403,549920768],[6.78837,550244352],[6.81202,551628800],[7.098628,551948288],[7.192161,553791488],[7.617471,558174208],[7.982365,559714304],[8.278764,561377280],[8.280318,563425280],[8.526128,563666944],[8.783174,566755328],[9.070419,567234560],[9.258203,568246272],[9.26122,568995840],[9.435871,569278464],[9.566905,570576896],[9.568343,574771200],[9.728835,575373312],[10.152639,575397888],[10.865137,578072576],[10.92302,578686976],[11.200338,579133440],[11.460959,580280320],[11.461463,581586944],[11.734108,581742592],[11.970513,583098368],[12.220028,584028160],[12.220444,584957952],[12.43321,585220096],[12.790986,587128832],[12.924038,587251712],[13.139889,588705792],[13.568856,590000128],[13.690759,590696448],[13.692904,599027712],[14.101206,601157632],[14.484702,601272320],[14.4857,603926528],[15.334934,603942912],[15.83084,605130752],[16.037788,606412800],[16.042256,608595968],[16.252666,608813056],[16.408924,610054144],[16.712701,610922496],[17.090121,612958208],[17.341462,613437440],[17.649137,614494208],[17.750623,615452672],[17.784244,620019712],[17.821409,620044288],[17.823158,625262592],[17.937107,625295360],[17.940432,635748352],[19.593569,635912192],[20.117885,636198912],[20.218973,637435904],[20.219064,639533056],[20.438325,639135744],[20.438404,638607360],[20.920341,638672896],[21.012909,640278528],[21.161953,640692224],[21.21622,642277376],[21.219519,654188544],[21.24034,658382848],[21.392202,658534400],[21.426097,667758592],[21.470602,667783168],[21.509961,673193984],[21.514916,677388288],[21.567327,683679744],[21.592043,689971200],[21.650425,694169600],[21.7631,706428928],[21.786949,711675904],[21.850602,716328960],[22.039734,726003712],[22.040187,728100864],[22.093606,730599424],[22.201277,737849344],[22.202145,742043648],[22.3474,749854720],[22.409627,756576256],[22.486634,761167872],[22.50688,774656000],[22.641361,782192640],[22.731145,789155840],[22.84656,796889088],[22.960372,803422208],[23.111393,813936640],[23.378106,830300160],[23.430157,832880640],[23.433516,837214208],[23.460236,839417856],[23.460844,843612160],[23.569393,850542592],[23.709803,858284032],[23.772671,859475968],[23.817886,864210944],[23.871014,865939456],[23.871452,868036608],[23.973879,875900928],[24.15917,885829632],[24.294848,894353408],[24.295248,896450560],[24.397671,902766592],[24.444022,907046912],[24.543647,913301504],[24.67709,919121920],[24.762594,924889088],[24.7763,930631680],[24.799319,930639872],[24.95647,941277184],[25.016581,944238592],[25.016741,946335744],[25.140776,952410112],[25.172691,956690432],[25.306858,963842048],[25.308328,968060928],[25.429847,972488704],[25.645608,981839872],[25.72866,988610560],[25.884362,997572608],[26.018443,1006350336],[26.176723,1015451648],[26.279741,1022832640],[26.329207,1024290816],[26.461447,1033498624],[26.592314,1041620992],[26.757099,1050329088],[26.85587,1056628736],[26.87323,1061814272],[26.910035,1066840064],[27.131286,1080291328],[27.193299,1082892288],[27.195983,1099681792],[27.282332,1099694080],[27.305497,1108082688],[27.357107,1109323776],[27.404718,1114234880],[27.499911,1117585408],[27.640804,1126043648],[27.888369,1140060160],[27.972072,1146527744],[28.051575,1151176704],[28.052238,1155371008],[28.161154,1161916416],[28.330536,1173962752],[28.444862,1180413952],[28.445166,1182511104],[28.67498,1197748224],[28.820032,1208320000],[28.82257,1214697472],[28.839793,1215795200],[28.866876,1227726848],[28.916073,1230626816],[28.917471,1234853888],[28.965731,1238597632],[29.075074,1239937024],[29.088807,1241047040],[29.504616,1244909568],[29.509074,1249746944],[29.746653,1249517568],[29.746963,1241407488],[29.878653,1111728128],[29.983978,1113436160],[30.024877,1115742208],[31.021973,1115758592],[31.113258,1115889664],[33.568808,1115942912],[33.586462,1116336128],[34.529561,1118433280],[34.531784,1133113344],[34.90002,1135214592],[34.903172,1166671872],[35.021209,1168769024],[35.024748,1180082176],[35.253877,1179283456],[35.258734,1134071808],[36.068168,1134448640],[39.861115,1134477312],[39.880261,1134579712],[40.927204,1134800896],[55.374358,1136898048],[55.374547,1134800896],[103.009143,1136898048],[103.012807,1134800896],[113.012488,1136898048],[113.016767,1134800896],[115.227324,1136902144],[115.230434,1168359424],[123.015882,1170407424],[123.020288,1168359424],[133.019141,1170456576],[133.023313,1168359424],[143.022577,1170341888],[143.024055,1168359424],[145.81248,1168363520],[146.004913,1169633280],[146.042882,1173319680],[146.056547,1169629184],[146.15264,1170255872],[146.186155,1173630976],[146.212819,1169117184],[146.55574,1169309696],[146.556002,1170034688],[146.963632,1170399232],[147.029119,1171316736],[147.276441,1171476480],[147.352504,1172099072],[147.389628,1175060480],[147.393181,1172422656],[147.466612,1172426752],[147.534463,1178009600],[147.543453,1172463616],[147.571473,1172955136],[147.642667,1178300416],[147.645673,1172758528],[147.721013,1172959232],[147.786014,1178320896],[147.791559,1172758528],[147.830075,1172762624],[147.892907,1177849856],[147.900601,1172758528],[147.985781,1172897792],[148.056234,1178443776],[148.062888,1173020672],[148.215424,1172758528],[148.784071,1173110784],[148.955035,1173934080],[149.025407,1175515136],[149.110466,1174732800],[149.154419,1175982080],[149.281965,1177309184],[149.4237,1177018368],[149.468872,1179779072],[149.484102,1177075712],[149.680851,1177083904],[149.717578,1178066944],[149.814186,1177088000],[149.971251,1180786688],[150.028037,1179176960],[150.890335,1179193344],[150.966552,1180540928],[151.500605,1180442624],[151.68955,1181425664],[151.823937,1181540352],[151.859157,1180684288],[152.489949,1180684288],[153.025889,1182711808],[153.028866,1180684288],[153.968302,1180721152],[154.005561,1183744000],[154.459199,1183821824],[154.500309,1195634688],[154.521941,1196019712],[154.522251,1190031360],[154.550726,1190223872],[154.571517,1194094592],[154.605453,1194266624],[154.60645,1197371392],[154.67198,1197453312],[154.676797,1208909824],[154.816256,1209044992],[154.81829,1225687040],[155.022037,1225842688],[155.023652,1235124224],[155.11251,1237225472],[155.115531,1268682752],[155.130308,1270779904],[155.422259,1274974208],[155.570363,1274978304],[155.644107,1276022784],[155.647182,1292804096],[155.648173,1261477888],[155.661286,1263579136],[155.667822,1328590848],[155.691362,1295032320],[155.781891,1295040512],[155.78401,1311678464],[155.830224,1313775616],[156.101794,1317969920],[156.190666,1250856960],[156.194668,1205932032],