{"summary":{"timestamp":1375261824,"hash":"8b7e241e02bb9f82d7b931033afde477d03ff4f2","max_memory":1413423104,"cpu_time":168.75,"pull_request":8139},"memory_data":[[0.003348,4096],[0.070467,995328],[0.112173,6348800],[0.253992,10989568],[0.395818,12288000],[0.464292,13766656],[0.493896,16945152],[0.713568,22650880],[0.858911,24399872],[0.983256,24539136],[1.034942,30035968],[1.158034,32411648],[1.232906,51679232],[1.249242,52727808],[1.291609,61587456],[1.334763,75829248],[1.38967,81395712],[1.405164,86667264],[1.449804,94351360],[1.510073,113033216],[1.534259,113754112],[1.562616,123166720],[1.640939,137109504],[1.66222,144130048],[1.690386,144228352],[1.712665,149913600],[1.762847,157630464],[1.909667,188981248],[1.929347,190705664],[1.995219,204255232],[2.016578,211447808],[2.04724,214605824],[2.108716,229691392],[2.118335,228950016],[2.139148,239738880],[2.166092,245678080],[2.2524,291627008],[2.407845,376705024],[2.452054,399585280],[2.482912,401096704],[2.524545,413024256],[2.588852,436817920],[2.635789,450416640],[2.710877,477757440],[2.737146,481804288],[2.846726,512724992],[2.878262,524775424],[2.968446,550117376],[3.123804,601284608],[3.194606,621948928],[3.227776,634888192],[3.337508,695603200],[3.382719,719626240],[3.612977,848240640],[3.64696,865349632],[3.843254,974057472],[3.928812,1022853120],[4.058624,1094774784],[4.229972,1197756416],[4.313262,1245343744],[4.452981,1327185920],[4.795765,1327190016],[4.972842,1329414144],[4.97518,1344094208],[5.021225,1379745792],[5.031938,1381847040],[5.043985,1398620160],[5.308304,1400057856],[5.415461,1404735488],[5.486378,1406509056],[5.645614,1407389696],[5.907519,1407705088],[7.184835,1407709184],[8.064325,1407840256],[8.169359,1408962560],[8.630318,1409183744],[8.67285,1409638400],[19.138273,1409748992],[20.014163,1409781760],[20.016635,1410084864],[21.145204,1410093056],[21.458097,1410232320],[22.872653,1410297856],[23.072021,1410424832],[24.506387,1410588672],[24.702233,1412702208],[24.983373,1412988928],[25.766962,1412255744],[25.767045,1411936256],[32.255634,1411997696],[32.82856,1412026368],[33.078124,1412685824],[35.921485,1412694016],[35.960397,1412857856],[36.684009,1412866048],[37.544036,1395888128],[37.544649,1341558784],[37.749118,1340952576],[37.753131,1282785280],[37.759731,1253838848],[37.761443,1215676416],[37.764772,1215320064],[37.769971,1148567552],[37.77327,1147875328],[37.777157,1109221376],[37.91164,1111646208],[38.008835,1114501120],[39.731098,1114578944],[39.793879,1115648000],[44.815637,1115856896],[44.830174,1116037120],[45.665902,1116127232],[55.259791,1116127232],[123.05213,1116246016],[123.242663,1119723520],[124.546301,1119764480],[177.344175,1119768576],[178.268056,1119870976],[178.432751,1126653952],[178.440195,1125347328],[178.529735,1125437440],[178.594479,1130536960],[178.628598,1130143744],[178.666042,1137123328],[178.764311,1144516608],[178.79846,1154105344],[178.86612,1153175552],[178.866203,1151483904],[179.916187,1150943232],[179.916608,1140387840],[179.932241,1140408320],[179.93828,1150513152],[179.949761,1150083072],[179.952294,1140445184],[179.972267,1147179008],[179.984119,1156337664],[180.090828,1156747264],[180.133413,1160757248],[180.183897,1160814592],[180.233624,1165586432],[180.259889,1176190976],[180.268373,1184198656],[180.291669,1191886848],[180.328365,1192566784],[180.329128,1161478144],[180.337361,1141264384],[180.406399,1140420608],[180.407012,1119735808],[180.439787,1119666176],[180.44127,1074696192],[180.448751,994476032],[180.452617,915804160],[180.459203,836358144],[180.464624,794435584],[180.468429,717377536],[180.473511,677384192],[180.474836,637960192],[180.481346,558297088],[180.483353,557813760],[180.487835,478957568],[180.489817,476819456],[180.497537,359682048],[180.503278,319574016],[180.513254,196927488],[180.521073,79527936],[180.524746,65613824]],"pass_timing":[["parsing",0.953],["std macros injection",0.004],["configuration 1",0.337],["expansion",0.776],["configuration 2",0.418],["maybe building test harness",0.413],["std injection",0.398],["ast indexing",0.361],["external crate/lib resolution",0.422],["language item collection",0.08],["resolution",2.136],["looking for entry point",0.014],["freevar finding",0.113],["region resolution",0.173],["region parameterization inference",0.064],["type collecting",0.206],["coherence checking",0.295],["type checking",11.377],["const marking",1.131],["const checking",0.058],["privacy checking",0.255],["effect checking",0.068],["loop checking",0.039],["compute moves",1.084],["match checking",0.223],["liveness checking",0.197],["borrow checking",0.864],["kind checking",0.158],["reachability checking",0.07],["lint checking",0.344],["translation",12.499],["LLVM passes",142.142],["linking",0.418]]}