{"summary":{"timestamp":1364427416,"hash":"8c1540985d9b5e05cbd6a9c8eea5e1ba96ed2fcd","max_memory":1262284800,"cpu_time":105.98,"pull_request":5594},"memory_data":[[0.001599,8192],[0.005522,7098368],[0.127244,11960320],[0.449431,23760896],[0.7201,34291712],[1.024063,45178880],[1.18922,51703808],[2.224214,88780800],[2.317655,110350336],[2.551324,162189312],[2.767607,211791872],[2.872743,234754048],[2.904852,236548096],[2.978647,244449280],[3.02838,253181952],[3.079285,258736128],[3.144031,270954496],[3.228523,275247104],[3.319155,283815936],[3.353779,289452032],[3.433211,295313408],[3.519067,304066560],[3.62475,316919808],[3.703213,325148672],[3.726787,330227712],[3.812058,330756096],[3.824836,338399232],[3.836788,336273408],[3.838976,346763264],[3.862828,341819392],[3.866172,362795008],[3.883761,362061824],[3.883917,352305152],[3.919658,353157120],[3.927127,395104256],[3.962009,380420096],[3.962103,374128640],[4.031298,375721984],[4.044349,459612160],[4.111745,419659776],[4.133775,418541568],[4.279581,419549184],[4.302691,429453312],[4.310392,441991168],[4.396164,444825600],[4.403672,458223616],[4.479081,458616832],[4.614545,461492224],[4.744596,465117184],[4.832596,466329600],[4.887518,470327296],[4.937994,476745728],[5.038621,478056448],[5.039354,479330304],[5.121426,479354880],[5.122877,481951744],[5.297244,482037760],[5.299038,487194624],[5.736115,487284736],[5.739775,497680384],[6.836873,497770496],[6.843553,518651904],[7.220118,519004160],[7.222622,527228928],[7.275517,529330176],[7.278869,544010240],[7.395823,545579008],[7.982276,545832960],[8.044672,546238464],[8.508195,546332672],[8.601424,546873344],[8.6022,550465536],[8.865983,550612992],[8.972295,551534592],[9.103463,551698432],[9.440149,554090496],[9.615689,556646400],[9.618154,563986432],[10.27038,564297728],[10.389309,566333440],[10.497809,566853632],[10.800327,570056704],[11.120234,570662912],[11.695729,574107648],[11.729818,575930368],[11.733671,590512128],[11.801993,590630912],[13.33576,590696448],[13.336364,592027648],[13.663344,592326656],[13.902262,594059264],[14.09178,594440192],[14.092922,595501056],[14.479085,596901888],[14.526952,597831680],[14.69763,598200320],[14.936949,599650304],[15.152138,601456640],[15.649939,603971584],[15.682791,604631040],[16.03158,605319168],[16.359103,607035392],[16.439489,608530432],[16.572489,608595968],[17.095841,610758656],[17.09678,613203968],[17.584143,613793792],[17.591058,643121152],[19.482535,643248128],[19.483435,645283840],[20.245939,645316608],[20.464463,645517312],[20.548452,646406144],[20.639373,651337728],[20.640863,656519168],[20.775148,656588800],[20.777982,667004928],[22.914531,667144192],[23.478954,667324416],[23.54894,669151232],[23.700123,668381184],[24.063735,668471296],[24.229763,670515200],[24.309763,670527488],[24.364457,672235520],[24.36664,683393024],[24.391221,687628288],[24.632937,687984640],[24.654919,693575680],[24.728152,695672832],[24.728554,697769984],[24.901335,697774080],[24.96187,702472192],[24.96692,706666496],[25.032826,710860800],[25.112872,712957952],[25.113391,715055104],[25.19729,719249408],[25.306933,721350656],[25.363248,725250048],[25.516765,732446720],[25.580006,737607680],[25.743515,742273024],[25.885048,743124992],[26.047625,747347968],[26.27873,751493120],[26.279317,755687424],[26.463049,758001664],[26.561457,760291328],[26.664683,763912192],[26.743823,765603840],[26.744341,767700992],[26.915416,772214784],[27.06316,773165056],[27.142821,774864896],[27.230355,778027008],[27.312278,778887168],[27.312636,780984320],[27.506582,785596416],[27.517359,794021888],[27.541301,800878592],[27.619908,803545088],[27.757914,805376000],[27.856582,807673856],[28.015899,812965888],[28.261621,822444032],[28.321819,822525952],[28.445742,826048512],[28.637071,828551168],[28.771832,833650688],[28.943048,839196672],[29.020663,839770112],[29.107869,842653696],[29.174269,843509760],[29.343409,848510976],[29.460872,850833408],[29.641798,855674880],[29.696819,856588288],[29.701545,860889088],[29.925304,868249600],[29.959792,868356096],[30.084762,872484864],[30.167192,873160704],[30.253623,876109824],[30.584004,877592576],[30.730173,881311744],[30.840675,882884608],[30.84092,884981760],[30.949532,888954880],[31.009342,889933824],[31.06007,892944384],[31.198155,896589824],[31.380398,898752512],[31.444305,900939776],[31.551754,903036928],[31.617283,903127040],[31.922706,911429632],[31.923225,913526784],[32.089609,919449600],[32.198854,920207360],[32.369013,926945280],[32.431071,927117312],[32.469105,930615296],[32.59807,931180544],[32.62722,932438016],[32.795097,934068224],[32.851284,936075264],[32.93626,936927232],[33.002637,939520000],[33.083203,940142592],[33.121682,942542848],[33.238598,946315264],[33.26828,946319360],[33.426929,951832576],[33.482957,952676352],[33.483946,954777600],[33.541206,954785792],[33.676356,959213568],[33.677359,965509120],[33.817854,966262784],[33.818122,968359936],[33.91485,969678848],[33.989045,971960320],[34.196964,974319616],[34.294807,976687104],[34.295239,978784256],[34.388025,980013056],[34.495526,983814144],[34.668619,985735168],[34.669921,989937664],[34.729704,991928320],[34.796734,992182272],[34.85441,994037760],[34.915127,994119680],[35.046907,998760448],[35.324839,1000402944],[35.325172,1002500096],[35.414173,1004650496],[35.485453,1004953600],[35.661373,1010970624],[35.753023,1013043200],[35.826766,1013571584],[35.93894,1016426496],[36.075635,1021042688],[36.195929,1023352832],[36.345264,1027588096],[36.375025,1027592192],[36.556369,1032740864],[36.625148,1033134080],[36.699002,1036091392],[36.793909,1037295616],[36.880408,1040330752],[37.10086,1041764352],[37.32885,1048154112],[37.393489,1050722304],[37.499556,1051246592],[37.542286,1052901376],[37.639528,1054121984],[37.783063,1058594816],[37.783655,1059340288],[37.952609,1061064704],[38.094931,1064980480],[38.242006,1067368448],[38.342126,1070776320],[38.42435,1072525312],[38.424642,1074622464],[38.483921,1076137984],[38.508717,1081286656],[38.767741,1087582208],[38.898226,1091563520],[39.081178,1095032832],[39.452105,1103364096],[39.488115,1114804224],[39.766957,1122635776],[40.001652,1128849408],[40.001744,1130946560],[40.064225,1130971136],[40.136341,1132859392],[40.142103,1135484928],[40.392617,1142079488],[40.699385,1148665856],[40.703166,1150763008],[40.878413,1155846144],[41.052029,1159352320],[41.086215,1161580544],[41.203475,1165783040],[41.368547,1168379904],[41.538173,1174134784],[41.540022,1178329088],[41.604818,1178341376],[41.714394,1181945856],[41.866064,1184927744],[41.867078,1187028992],[41.929896,1187033088],[41.990376,1188937728],[41.992142,1191141376],[42.140187,1195986944],[42.169187,1195991040],[42.276451,1199669248],[42.413631,1201344512],[42.509138,1203515392],[42.632468,1208672256],[42.80543,1214500864],[42.900376,1219330048],[42.904042,1225834496],[42.940591,1226825728],[42.945828,1231118336],[42.979514,1232072704],[42.994658,1238732800],[43.123788,1241522176],[43.126981,1246507008],[43.220271,1250578432],[43.297375,1252204544],[43.73243,1255772160],[43.73696,1260199936],[43.958606,1258541056],[43.960472,1250869248],[44.140505,1224855552],[44.140835,1093574656],[44.216711,1093836800],[44.313487,1096921088],[46.60907,1097015296],[46.636611,1097359360],[47.443082,1097363456],[47.447396,1114005504],[47.563677,1114025984],[47.564622,1118060544],[47.660916,1118162944],[47.66332,1126559744],[47.669876,1191571456],[48.136051,1190678528],[48.136726,1164472320],[48.144346,1097359360],[48.546103,1097744384],[52.065538,1097879552],[52.069793,1114390528],[53.050384,1114509312],[66.899989,1114578944],[91.528626,1114800128],[91.530827,1125064704],[91.692685,1124921344],[91.692865,1114710016],[117.102432,1114865664],[117.106192,1148268544],[117.117508,1147797504],[117.118072,1131491328],[170.774608,1131536384],[170.774695,1131622400],[172.185439,1131671552],[172.742582,1131925504],[172.750287,1138900992],[172.757133,1131962368],[172.796699,1131999232],[172.79767,1136025600],[172.851898,1136119808],[172.860076,