{"summary":{"timestamp":1368306284,"hash":"8ca64a423bea5dd9f4149fe343f7cec87e25316c","max_memory":1683890176,"cpu_time":120.74,"pull_request":6397},"memory_data":[[0.001689,8192],[0.006152,8122368],[0.148972,13811712],[0.151114,16396288],[0.224853,15577088],[0.275122,17391616],[0.278854,21803008],[0.347704,19214336],[0.351598,22884352],[0.467519,21827584],[0.470444,25477120],[0.510039,25350144],[0.510192,21991424],[0.573198,25858048],[0.58139,35303424],[0.668975,34422784],[0.669266,29884416],[0.707292,29990912],[0.708969,33034240],[0.757856,30490624],[0.903699,31842304],[0.932872,37109760],[0.96959,34889728],[1.015608,35606528],[1.018182,38752256],[1.080149,36626432],[1.115405,37253120],[1.200923,41975808],[1.212599,54603776],[1.321632,53739520],[1.322076,46448640],[1.410272,46473216],[1.427047,56590336],[1.527159,56201216],[1.527524,49475584],[1.611832,50393088],[1.625385,60432384],[1.723396,60420096],[1.723839,53436416],[1.767031,53198848],[1.807298,55623680],[1.815416,65458176],[2.088276,64757760],[2.088521,60977152],[2.13952,61059072],[2.157868,63991808],[2.190502,62623744],[2.363022,66527232],[2.365675,69857280],[2.410808,67555328],[2.472101,68747264],[2.47418,71335936],[2.665229,76562432],[2.762853,81838080],[2.8224,83001344],[2.881946,86507520],[2.884636,91136000],[2.936898,91762688],[2.936999,88686592],[3.032208,92930048],[3.049558,99610624],[3.06752,94597120],[3.122368,95653888],[3.236066,102756352],[3.32684,111386624],[3.410737,116654080],[3.459395,122732544],[3.559352,129441792],[3.663355,130449408],[3.757778,134082560],[3.806645,137498624],[3.867975,139497472],[3.920302,142835712],[4.035264,148246528],[4.090312,153120768],[4.226493,159465472],[4.281257,163065856],[4.433069,170283008],[4.627726,182968320],[4.68916,185683968],[4.839521,196816896],[4.868911,197087232],[4.975211,222482432],[5.264153,288485376],[5.370221,314122240],[5.649664,378556416],[5.684397,380366848],[5.722975,401166336],[5.864081,472739840],[5.925689,472879104],[5.943838,486592512],[5.958674,482410496],[5.961051,500228096],[5.971275,491311104],[5.993207,492027904],[5.998737,527683584],[6.017891,527532032],[6.017941,509853696],[6.062428,511238144],[6.072625,582541312],[6.111388,582524928],[6.111488,546885632],[6.217985,550244352],[6.235788,564244480],[6.251066,569356288],[6.254675,588230656],[6.264184,609779712],[6.264235,588808192],[6.359409,592363520],[6.366385,609411072],[6.500258,609673216],[6.513719,612233216],[6.5768,614154240],[6.769582,623992832],[6.829428,634290176],[6.93073,635531264],[7.039554,635703296],[7.040058,636841984],[7.215329,637054976],[7.216324,639463424],[7.597343,639512576],[7.598992,644706304],[8.383789,644878336],[8.386323,655192064],[10.363141,655196160],[10.367241,676167680],[10.389838,675823616],[10.390061,660455424],[10.985319,661221376],[10.99307,663945216],[11.128465,664088576],[11.14451,672473088],[11.165362,672477184],[11.16759,679309312],[11.209614,679366656],[11.21383,696086528],[11.313982,696573952],[11.332634,699674624],[11.335363,708063232],[11.3495,708878336],[11.535829,709009408],[11.84614,709898240],[12.363866,709971968],[12.364523,712032256],[12.546571,712097792],[12.759254,715522048],[12.935091,716034048],[13.029775,717524992],[13.225186,719200256],[13.2265,723361792],[13.372694,723976192],[13.588662,724008960],[13.693998,725409792],[13.978943,726458368],[14.2056,728342528],[14.38129,728588288],[14.483256,729378816],[14.483559,730583040],[14.704119,731176960],[14.820356,732364800],[15.091995,733757440],[15.148551,736342016],[15.393749,736641024],[15.431424,737861632],[15.553931,737894400],[15.693114,739241984],[15.694791,747532288],[16.466003,747552768],[16.466406,750022656],[16.682792,750026752],[16.777555,751095808],[17.019958,752513024],[17.495393,754065408],[17.661194,755564544],[17.662126,757542912],[17.817407,757682176],[18.041013,759083008],[18.099236,760016896],[18.25986,760176640],[18.420717,761622528],[18.765415,763535360],[18.766633,766558208],[18.935761,766627840],[18.993613,768450560],[18.994819,770936832],[19.042963,771018752],[19.044661,776179712],[19.188707,776228864],[19.192075,786665472],[19.760803,786944000],[20.304836,787009536],[20.589563,787341312],[21.482127,787341312],[21.709902,789438464],[21.718062,787341312],[22.18806,787345408],[22.196884,789311488],[22.360217,789315584],[22.36595,790974464],[22.99456,790978560],[23.08735,792641536],[23.180531,792645632],[23.297446,795148288],[23.304049,801447936],[23.309743,824516608],[23.332026,830861312],[23.355199,830976000],[23.357808,839245824],[23.465989,839376896],[23.525769,841474048],[23.526889,845668352],[23.5587,847765504],[23.560407,854056960],[23.676332,854061056],[23.706957,856477696],[23.712774,869191680],[23.741725,884785152],[23.833709,890785792],[23.914997,899620864],[23.938562,900567040],[23.941164,908955648],[23.958559,915443712],[24.038124,920092672],[24.12711,923033600],[24.287144,930795520],[24.288632,937086976],[24.458334,947122176],[24.460512,953413632],[24.539829,956293120],[24.540401,958390272],[24.597014,960024576],[24.678783,965971968],[24.680131,972263424],[24.737206,975372288],[24.738986,983760896],[24.823924,989978624],[24.837064,1010966528],[24.846211,1011359744],[24.854445,1024204800],[24.98038,1031983104],[25.078893,1036754944],[25.18857,1043992576],[25.189981,1050284032],[25.352034,1060003840],[25.50532,1070690304],[25.621272,1076019200],[25.772992,1087008768],[25.77997,1103912960],[25.811743,1106006016],[25.813254,1112297472],[25.922342,1119895552],[26.070101,1127628800],[26.157252,1128357888],[26.314565,1134592000],[26.314914,1136689152],[26.484148,1149108224],[26.596656,1155035136],[26.701742,1158823936],[26.801339,1165631488],[26.802778,1171922944],[26.963483,1183727616],[27.050028,1189384192],[27.132346,1193271296],[27.248079,1197322240],[27.353841,1203404800],[27.544925,1216176128],[27.545362,1219330048],[27.609411,1221242880],[27.611191,1229631488],[27.677188,1233121280],[27.800429,1237733376],[27.80199,1244024832],[27.941829,1251532800],[27.946101,1266237440],[28.046776,1271627776],[28.110659,1276309504],[28.244418,1279467520],[28.247479,1296072704],[28.418373,1296629760],[28.492098,1300799488],[28.782083,1320943616],[28.940107,1330892800],[28.977961,1331396608],[29.102634,1339465728],[29.104438,1347854336],[29.182041,1352257536],[29.27132,1359298560],[29.337973,1362386944],[29.426518,1368678400],[29.524616,1374253056],[29.674143,1384157184],[29.675706,1390448640],[29.707627,1391898624],[29.728667,1398992896],[29.854569,1405915136],[29.865589,1409286144],[29.98636,1416298496],[30.037176,1418346496],[30.153269,1425436672],[30.17383,1440993280],[30.306178,1448558592],[30.306632,1450655744],[30.483072,1460441088],[30.483373,1462538240],[30.71862,1474838528],[30.73153,1477775360],[30.891981,1486430208],[30.892807,1490624512],[31.244481,1515659264],[31.368557,1522671616],[31.370911,1531060224],[31.627019,1547755520],[31.633924,1560473600],[31.771868,1569738752],[31.776478,1582333952],[31.795501,1583456256],[31.802079,1598259200],[31.82045,1605525504],[31.837011,1635303424],[31.857192,1644457984],[31.912552,1646059520],[31.925119,1667555328],[31.981662,1672478720],[32.065815,1673961472],[32.066562,1675792384],[32.366853,1681154048],[32.559436,1682309120],[32.566628,1672667136],[32.679954,1670041600],[32.685039,1527959552],[32.685092,1293078528],[32.742578,1293701120],[32.809264,1297088512],[34.007526,1297231872],[36.551823,1297334272],[36.575426,1297571840],[37.581723,1299668992],[37.583694,1305243648],[37.75278,1307348992],[37.756502,1338802176],[38.100949,1338937344],[38.104621,1351254016],[38.338418,1350799360],[38.343364,1305243648],[38.924622,1305649152],[42.967171,1305677824],[42.994537,1305870336],[44.017595,1305960448],[44.240717,1306091520],[59.820133,1308188672],[59.820221,1306091520],[81.71743,1306091520],[121.568564,1308196864],[121.572291,1339650048],[163.635316,1339682816],[163.844999,1340432384],[163.88186,1342623744],[163.901947,1339650048],[164.153947,1339666432],[164.154297,1340567552],[164.510415,