{"summary":{"timestamp":1387119387,"hash":"8d52dfbace05c46754f4f6bb5a25f55906c9d7b0","max_memory":1428606976,"cpu_time":241.91,"pull_request":10984},"memory_data":[[0.00279,4096],[0.105974,32768],[0.157116,6635520],[0.25111,10125312],[0.431116,18849792],[0.59629,21585920],[0.671712,21716992],[0.734415,23818240],[0.758898,26558464],[0.949878,30978048],[1.136185,32964608],[1.22043,34758656],[1.228589,36347904],[1.347483,37306368],[1.349432,39776256],[1.456851,41672704],[1.526497,53751808],[1.54569,59305984],[1.568869,60579840],[1.667405,76513280],[1.71675,80977920],[1.759516,89915392],[1.779655,90202112],[1.938824,114036736],[2.015494,127086592],[2.09558,127746048],[2.150869,152510464],[2.2107,197537792],[2.430392,198492160],[2.768643,201166848],[2.880623,201273344],[2.883993,202326016],[3.04312,202473472],[3.247352,226836480],[3.269623,227975168],[3.333792,236347392],[3.375689,239804416],[3.491113,255172608],[3.603878,255205376],[3.621887,264376320],[3.674995,303235072],[4.594513,303546368],[4.657763,304250880],[4.725362,307761152],[4.823131,320708608],[4.853948,326881280],[4.918897,335269888],[4.953031,337498112],[4.98264,343646208],[5.047558,352034816],[5.206699,370651136],[5.218924,373661696],[5.329149,373944320],[5.418453,380735488],[5.485182,383016960],[5.547887,387211264],[5.620671,387997696],[5.673787,391405568],[5.678365,402030592],[5.74053,410419200],[5.818563,418148352],[5.887303,421277696],[6.014162,429535232],[6.017758,440291328],[6.077826,446320640],[6.079619,448548864],[6.142669,454443008],[6.144528,456937472],[6.238904,467292160],[6.240659,469520384],[6.291276,473104384],[6.522987,474386432],[7.432063,476594176],[7.436128,489172992],[7.527356,491282432],[7.529666,497565696],[8.096337,497569792],[8.191764,497840128],[8.257225,499953664],[8.261339,510427136],[8.31396,511303680],[8.849506,512012288],[9.350189,512028672],[9.443145,515325952],[9.453156,523468800],[9.57537,525582336],[9.576764,527667200],[9.748878,527671296],[9.865611,530456576],[9.985268,539340800],[10.111849,539893760],[10.115015,540782592],[10.237649,542724096],[10.262414,544129024],[10.267126,560910336],[10.275104,552517632],[10.358403,553459712],[10.636217,558436352],[10.673983,560623616],[10.749962,561049600],[10.755568,565137408],[10.803482,567943168],[10.855118,568057856],[10.953176,571514880],[11.110548,574771200],[11.364887,577519616],[11.390296,578695168],[11.490297,579358720],[11.559126,582410240],[11.55982,583909376],[11.707102,584077312],[12.204986,591536128],[12.257206,593678336],[12.340326,593973248],[12.436287,596246528],[12.457151,597893120],[12.639811,599093248],[12.770403,602849280],[12.939922,604848128],[12.950567,638406656],[12.965333,621625344],[12.98239,625033216],[13.212543,625922048],[13.287883,629002240],[13.42491,630759424],[13.429407,647446528],[13.883738,647548928],[14.100019,650477568],[14.257208,652087296],[14.258034,655351808],[14.335182,655495168],[14.336028,657518592],[14.477177,657653760],[14.674621,659791872],[14.799616,664911872],[14.890526,665026560],[15.053709,667381760],[15.121756,667627520],[15.222159,669519872],[15.410251,671092736],[15.45175,673091584],[15.578328,673468416],[15.610355,674648064],[15.736385,675168256],[15.766476,676421632],[15.991426,678342656],[16.11143,680341504],[16.145809,682082304],[16.208875,682151936],[16.255332,684347392],[16.332942,684421120],[16.60431,687345664],[16.730175,690323456],[16.936648,694398976],[16.937979,698982400],[17.121188,699191296],[17.241788,700252160],[17.27699,701456384],[17.416048,702513152],[17.45664,703700992],[17.704092,706195456],[17.773839,708214784],[17.937351,709033984],[18.024751,711286784],[18.120442,711979008],[18.142315,718163968],[18.190012,718274560],[18.192371,726552576],[18.25694,726687744],[18.261266,743329792],[18.287094,742617088],[18.287297,712003584],[20.45974,712052736],[20.575268,713084928],[20.704199,713093120],[20.744617,714309632],[20.820775,713359360],[21.119135,713965568],[21.843443,714788864],[21.920311,718102528],[21.986132,718024704],[21.986239,715481088],[22.300006,715493376],[22.417022,717684736],[22.48011,717692928],[22.564017,721354752],[22.564171,723456000],[22.61354,725651456],[22.663694,725786624],[22.669266,727883776],[22.717854,727900160],[22.76454,732155904],[22.888145,738451456],[22.894091,740552704],[22.901663,772009984],[23.183449,772063232],[23.285066,774164480],[23.357478,778358784],[23.399892,778366976],[23.562285,784867328],[23.671446,790024192],[23.783051,799285248],[23.919034,804655104],[23.920342,808849408],[23.980771,808857600],[24.144274,817004544],[24.269966,821866496],[24.409106,828334080],[24.424155,887062528],[25.005248,887222272],[25.231617,887459840],[25.329765,891990016],[25.48314,897933312],[25.483381,898719744],[25.62019,903872512],[25.655407,905973760],[25.811986,912183296],[25.817074,914784256],[26.094644,924577792],[26.313988,932839424],[26.334175,999956480],[26.36465,966397952],[26.549189,974176256],[26.549737,974962688],[26.754812,983277568],[26.814232,986554368],[26.999288,993222656],[27.217984,1002098688],[27.257904,1002991616],[27.368293,1008132096],[27.550965,1015148544],[27.565069,1018822656],[27.59812,1018843136],[27.946142,1032183808],[27.979513,1034498048],[28.213625,1042661376],[28.464933,1053257728],[28.628614,1059237888],[28.629965,1063419904],[28.680514,1063432192],[28.892834,1071087616],[29.094306,1078841344],[29.095657,1083019264],[29.152018,1083027456],[29.402215,1092530176],[29.49558,1097007104],[29.566254,1099010048],[29.73863,1106698240],[29.920932,1113858048],[30.08892,1121103872],[30.245985,1126936576],[30.343321,1131466752],[30.49335,1137012736],[30.813588,1149751296],[30.825168,1150922752],[31.120352,1161924608],[31.284042,1168437248],[31.436454,1175572480],[31.545092,1183100928],[31.591577,1189597184],[31.658952,1191723008],[31.802061,1197944832],[31.901067,1203105792],[32.048,1208180736],[32.055087,1237544960],[32.075206,1222860800],[32.189672,1228292096],[32.817444,1251053568],[32.932336,1256415232],[33.219,1267011584],[33.372177,1273577472],[33.720529,1287176192],[33.721391,1289273344],[33.782969,1290428416],[33.813799,1293582336],[34.077118,1303396352],[34.399122,1316634624],[34.400453,1320779776],[34.468357,1320812544],[34.709858,1329451008],[34.956823,1339351040],[34.959147,1347608576],[35.070467,1347637248],[35.28198,1355563008],[35.381036,1360023552],[35.46808,1362444288],[35.63592,1369243648],[35.687155,1372143616],[35.801148,1375657984],[35.819276,1377656832],[36.01448,1382862848],[36.021698,1387823104],[36.213132,1392775168],[36.546939,1402589184],[36.996043,1416687616],[37.224643,1420869632],[37.420407,1420873728],[37.420778,1421815808],[37.91428,1424420864],[37.928416,1428094976],[38.39795,1360982016],[38.401494,1331617792],[38.402414,1285472256],[38.532505,1226747904],[38.664823,1226878976],[38.83566,1229488128],[38.860684,1231024128],[39.112787,1234288640],[39.411241,1234325504],[45.457461,1234354176],[46.01215,1236455424],[46.015144,1267912704],[46.495789,1234354176],[47.122738,1234460672],[47.140386,1234665472],[47.864977,1234763776],[51.850292,1234821120],[175.170954,1234886656],[175.174021,1243217920],[175.419148,1248309248],[175.422321,1281867776],[175.582153,1285156864],[175.58694,1287389184],[175.863558,1293680640],[175.939596,1295781888],[175.945812,1360793600],[175.964259,1358692352],[175.96431,1327235072],[175.977942,1329332224],[176.152411,1333526528],[176.243636,1266413568],[176.252009,1297752064],[176.252071,1266290688],[176.48079,1268465664],[178.365294,1268592640],[218.984399,1270689792],[218.986546,1268592640],[228.987704,1270689792],[228.989102,1270038528],[237.574938,1270042624],[237.580166,1293627392],[238.172736,1293828096],[238.174864,1310404608],[238.987677,1312501760],[238.99204,1310404608],[248.545807,1310416896],[248.572807,1321177088],[248.603835,1328762880],[248.672838,1349189632],[248.721894,1347153920],[248.896923,1350418432],[249.002134,1349599232],[249.484452,1349517312],[249.553992,1349054464],[249.566284,1350742016],[249.759846,1350316032],