{"summary":{"timestamp":1360872387,"hash":"8ec6f43d6c58588576743f5adb28b78dbc3bb057","max_memory":1175891968,"cpu_time":93.25,"pull_request":4931},"memory_data":[[0.003573,8192],[0.011179,2883584],[0.137211,4886528],[0.548154,31117312],[1.031734,61534208],[1.395703,84127744],[1.43185,84606976],[1.545743,106283008],[1.695453,133869568],[1.776482,147931136],[1.812342,159391744],[2.054832,159514624],[2.07393,165322752],[2.205248,173490176],[2.278529,181968896],[2.370084,187392000],[2.42089,194506752],[2.474435,198844416],[2.568208,203251712],[2.658781,211984384],[2.685722,216416256],[2.758488,221954048],[2.843217,230592512],[2.928727,240840704],[3.038086,256110592],[3.113655,256249856],[3.1717,268181504],[3.185995,269242368],[3.23909,280322048],[3.240352,284524544],[3.271682,282431488],[3.377411,304226304],[3.49405,305422336],[3.509703,313786368],[3.561746,316047360],[3.576339,324833280],[3.600772,325943296],[3.611126,340885504],[3.692088,342249472],[3.982997,342478848],[4.056798,349708288],[4.405338,352120832],[4.407876,353132544],[4.529945,353136640],[4.767451,354496512],[4.773047,356593664],[5.092868,356597760],[5.454944,359071744],[5.618571,359800832],[5.629714,363974656],[6.058583,364007424],[6.060848,365023232],[6.166445,365027328],[6.388404,367394816],[6.64357,370716672],[6.661811,379101184],[6.776637,379289600],[6.819208,380620800],[6.828266,384733184],[6.868391,385204224],[6.890121,393592832],[6.958939,393596928],[6.979161,395378688],[7.053834,395685888],[7.066589,403496960],[7.297168,411111424],[7.420953,411783168],[7.535521,414060544],[7.796217,416411648],[8.066734,419389440],[8.35809,420888576],[8.393441,422113280],[8.519781,422207488],[8.526051,424329216],[8.797373,424366080],[8.9401,425967616],[9.046641,425979904],[9.239649,427450368],[9.560584,432013312],[9.738091,432427008],[9.854207,433369088],[9.866771,437465088],[10.287487,437510144],[10.423903,440365056],[10.496225,440524800],[10.891275,443465728],[11.050182,443535360],[11.202326,444239872],[11.538292,446656512],[11.7403,447455232],[11.845565,452009984],[12.218695,452063232],[12.355506,452554752],[12.612118,454549504],[12.896877,455327744],[12.923647,463831040],[14.24273,463900672],[14.335043,465154048],[14.604995,466001920],[14.642354,466845696],[14.858404,468123648],[14.964468,468140032],[15.032115,469606400],[15.202968,469671936],[15.424852,470982656],[15.548691,473321472],[15.809504,473886720],[16.211296,476598272],[16.244629,477270016],[16.441779,478101504],[16.630435,478179328],[16.803628,478920704],[16.824958,479813632],[16.949669,479911936],[17.078132,480841728],[17.123207,482668544],[17.282426,482729984],[17.91248,485122048],[17.971479,486887424],[18.307769,487325696],[18.524945,488017920],[18.54045,488611840],[18.839999,489091072],[19.189943,490299392],[19.345345,492072960],[19.516662,492367872],[19.847504,495345664],[19.99876,495501312],[20.216035,497868800],[20.286024,499978240],[20.577469,500580352],[20.828801,502366208],[20.951211,502374400],[21.010203,503226368],[21.015375,511533056],[21.05896,511737856],[21.060353,519921664],[21.611371,519929856],[21.634294,528363520],[22.279346,528412672],[22.505479,531021824],[22.720051,532402176],[22.882901,534028288],[22.884927,534982656],[23.094268,536702976],[23.240148,538533888],[23.893437,538791936],[24.048425,540741632],[24.051088,551239680],[24.068447,553762816],[24.168383,553992192],[24.173739,562323456],[24.216326,562102272],[24.217219,566517760],[24.257356,568680448],[24.352133,568692736],[24.431669,572178432],[24.436505,588955648],[24.753598,591052800],[24.818363,595247104],[25.030528,595251200],[25.21589,602836992],[25.219171,607064064],[25.438352,612835328],[25.514515,613474304],[25.892805,622809088],[25.893549,624906240],[26.075929,628580352],[26.389235,638324736],[26.604905,643915776],[26.605361,646012928],[26.770669,650883072],[26.800579,653967360],[26.810264,660496384],[26.882519,662855680],[27.053486,667017216],[27.308235,675323904],[27.350486,680984576],[27.523274,687017984],[27.605335,688799744],[27.978977,700067840],[27.993528,700071936],[28.508246,714584064],[28.795434,724197376],[28.811466,728952832],[28.870939,729849856],[28.970075,733204480],[29.129044,734175232],[29.290784,739495936],[29.303283,740659200],[29.507866,748552192],[29.692199,753782784],[29.741038,754552832],[29.882848,758882304],[29.913589,758984704],[30.134426,765685760],[30.135099,767782912],[30.331915,774295552],[30.394027,775053312],[30.562435,781615104],[30.670177,784928768],[30.716625,784932864],[30.863626,787660800],[30.973734,790466560],[31.424694,804741120],[31.632992,810237952],[31.709105,811425792],[31.709296,813522944],[31.87308,817659904],[32.000871,820162560],[32.156572,823996416],[32.273343,827863040],[32.37886,829857792],[32.380745,834068480],[32.460318,836591616],[32.590513,838848512],[32.730135,843460608],[32.887177,844988416],[33.02387,849010688],[33.226052,856031232],[33.412252,860573696],[33.564042,865775616],[33.826994,872574976],[34.044823,879144960],[34.08365,879534080],[34.32858,887996416],[34.440433,889360384],[34.957507,905891840],[35.161468,909881344],[35.361702,915791872],[35.418043,916209664],[35.52808,919887872],[35.539202,922701824],[35.599989,924307456],[35.625933,931385344],[35.843578,938577920],[35.849962,940675072],[36.005048,943882240],[36.110109,948260864],[36.459977,957435904],[36.492838,958873600],[36.524473,968335360],[37.034794,984686592],[37.142198,988450816],[37.243534,990568448],[37.535478,999268352],[37.542127,1001369600],[37.599181,1001381888],[37.670659,1003376640],[37.673733,1005473792],[37.954923,1014030336],[37.956367,1018224640],[38.066015,1021849600],[38.180879,1024053248],[38.336945,1029554176],[38.555107,1036599296],[38.676407,1039712256],[39.031584,1051660288],[39.061892,1051746304],[39.335597,1059442688],[39.541557,1066848256],[39.586772,1069404160],[39.699124,1073221632],[39.721555,1076047872],[39.741307,1083543552],[39.875136,1086599168],[39.875862,1088696320],[39.986397,1093902336],[40.051994,1095778304],[40.43166,1099636736],[40.434771,1096130560],[40.676085,1096126464],[40.676135,1003851776],[40.774887,1003855872],[40.889147,1007280128],[42.759194,1007636480],[42.784436,1008009216],[43.663183,1008021504],[43.667273,1024786432],[43.793663,1024901120],[43.794382,1028505600],[43.887641,1028857856],[43.894989,1095970816],[43.927024,1096159232],[43.930373,1091420160],[44.408212,1090297856],[44.416031,1009627136],[45.083521,1009893376],[46.029456,1009963008],[47.754614,1009967104],[47.757781,1025122304],[47.914378,1025318912],[56.946314,1025327104],[57.957848,1025339392],[75.788565,1025347584],[77.806688,1025363968],[77.921599,1029079040],[77.951832,1027112960],[78.429613,1027358720],[78.430177,1029079040],[78.578464,1028239360],[78.578565,1026588672],[78.678192,1026588672],[110.559727,1028689920],[110.563165,1060147200],[110.574181,1059430400],[110.574648,1043369984],[161.769162,1043443712],[162.094721,1043570688],[162.10473,1050681344],[162.111639,1044869120],[162.141408,1044987904],[162.154993,1051029504],[162.215649,1051070464],[162.221178,1073627136],[162.410354,1074778112],[162.412391,1085263872],[162.509635,1087361024],[162.512393,1089462272],[162.518312,1154473984],[162.776301,1160773632],[162.780814,1175363584],[162.781487,1143992320],[162.947697,1148186624],[163.006123,1150287872],[163.007398,1164967936],[163.107562,1169162240],[163.131573,1102049280],[163.134464,1070800896],[163.140696,1096347648],[163.140847,1069076480],[164.456347,1068711936],[164.456598,1060302848],[164.522478,1060098048],[164.528559,979869696],[164.531905,902152192],[164.538124,821047296],[164.539115,782106624],[164.545267,701370368],[164.547934,645558272],[164.549181,577167360],[164.550991,575946752],[164.556633,493125632],[164.557908,403578880],[164.562418,362926080],[164.563613,317853696],[164.569239,238407680],[164.576435,158298112],[164.580572,79515648],[164.585075,47783936]],