{"summary":{"timestamp":1375997522,"hash":"8f65dbfcfa11aa521aa59881f6ab064bbd07184e","max_memory":1967202304,"cpu_time":182.68,"pull_request":8385},"memory_data":[[0.002932,4096],[0.062964,573440],[0.067244,3608576],[0.106919,5775360],[0.263943,11182080],[0.453321,12652544],[0.562836,18067456],[0.653323,19996672],[0.950242,24760320],[0.951558,26144768],[1.126902,28782592],[1.231193,29519872],[1.286841,38416384],[1.327372,41680896],[1.363082,48373760],[1.396645,49541120],[1.474766,58298368],[1.549557,72421376],[1.580765,72556544],[1.653627,77815808],[1.68105,83132416],[1.763571,90701824],[1.864309,109322240],[1.911018,110063616],[1.967365,119828480],[1.999808,119848960],[2.072931,130224128],[2.106862,132816896],[2.143798,139505664],[2.199603,139640832],[2.241135,145485824],[2.337415,153141248],[2.38675,160051200],[2.549792,175738880],[2.608727,184131584],[2.646658,185782272],[2.709123,193818624],[2.769042,199217152],[2.806224,206241792],[2.86467,209367040],[2.968364,223633408],[3.01445,224108544],[3.043866,233484288],[3.060671,233500672],[3.216487,284033024],[3.460429,365219840],[3.541191,390930432],[3.641251,405868544],[3.751935,428204032],[3.792132,432668672],[3.844688,442019840],[3.90662,455417856],[3.983546,469348352],[4.041008,474079232],[4.070213,479989760],[4.114958,484765696],[4.164304,493445120],[4.256663,506347520],[4.311488,518148096],[4.376796,526827520],[4.487975,543813632],[4.520736,551325696],[4.606623,564023296],[4.810297,600219648],[4.840366,603721728],[4.920918,617140224],[4.980515,629874688],[5.238638,715653120],[5.345123,752332800],[5.572148,828657664],[5.681862,864333824],[5.717118,864460800],[5.903334,951013376],[6.136104,1062354944],[6.212776,1097924608],[6.603441,1290682368],[6.693602,1334448128],[7.489173,1334456320],[7.667451,1336557568],[7.678392,1405763584],[7.937281,1407070208],[7.999174,1410084864],[8.082407,1410953216],[8.164623,1413820416],[8.317238,1414856704],[8.539919,1415262208],[10.753167,1415307264],[10.753252,1415393280],[11.942049,1415704576],[11.987828,1416531968],[12.466434,1416769536],[12.514812,1417158656],[23.721792,1417232384],[23.722277,1417342976],[25.061776,1417371648],[25.063847,1417678848],[26.321538,1417703424],[26.618372,1417818112],[28.359632,1417859072],[28.700003,1418039296],[30.103965,1418096640],[30.659372,1418227712],[30.889623,1419935744],[31.554482,1420312576],[33.450823,1420427264],[39.795934,1420431360],[40.063803,1421164544],[43.165431,1421225984],[44.299405,1421307904],[44.451363,1424293888],[45.373122,1424449536],[45.373206,1424560128],[46.320022,1424691200],[46.350655,1425416192],[49.570461,1425436672],[49.570543,1425530880],[50.694541,1425534976],[50.754886,1425686528],[57.19821,1425686528],[88.82097,1425829888],[88.824872,1459245056],[98.311408,1459281920],[98.417912,1459380224],[98.523601,1461792768],[98.531897,1459978240],[98.733781,1460133888],[98.772537,1461313536],[98.893622,1461075968],[99.125026,1463328768],[99.556047,1463332864],[99.624089,1464492032],[100.398801,1464655872],[100.489125,1468481536],[100.619641,1467359232],[100.911414,1467387904],[101.128179,1467854848],[101.192685,1469337600],[101.47521,1469018112],[101.522682,1470554112],[101.632667,1469603840],[102.033087,1471483904],[102.230194,1471496192],[102.518235,1472540672],[102.621845,1475801088],[102.651026,1474736128],[102.812776,1474895872],[102.913836,1475616768],[103.408663,1475751936],[103.42838,1479020544],[103.463817,1479159808],[104.867007,1479192576],[105.129062,1479409664],[105.220962,1481326592],[105.244271,1482936320],[105.325748,1483399168],[107.047849,1483407360],[107.048199,1483796480],[107.319756,1483853824],[107.380675,1485021184],[107.858555,1485115392],[107.930107,1485819904],[107.975384,1488089088],[108.111085,1490227200],[108.850014,1490309120],[108.850817,1491304448],[110.311458,1491390464],[110.31265,1492914176],[110.71666,1492926464],[110.92082,1493585920],[110.967352,1496002560],[111.455292,1496027136],[111.456907,1498107904],[112.006833,1498132480],[112.030365,1499443200],[112.142164,1499762688],[112.71276,1499779072],[112.777665,1500188672],[112.922723,1504026624],[113.488931,1504116736],[113.652407,1504477184],[113.973708,1505996800],[113.974997,1509146624],[114.408265,1509240832],[114.750224,1509847040],[114.751919,1510498304],[114.993711,1510711296],[115.062433,1511636992],[115.2805,1511776256],[115.925569,1514151936],[116.296833,1516290048],[116.470998,1519923200],[116.751671,1520087040],[116.796228,1521586176],[116.800325,1524670464],[117.027484,1524715520],[117.088337,1526444032],[117.09063,1528545280],[117.551254,1528586240],[117.554564,1530658816],[118.136269,1530691584],[118.232831,1531625472],[118.529781,1533075456],[118.744588,1534844928],[119.152226,1535774720],[119.349689,1538211840],[119.764464,1539100672],[119.796665,1540038656],[120.191944,1541414912],[120.430509,1546924032],[120.59586,1547173888],[121.198001,1547214848],[121.312263,1547866112],[121.604557,1548320768],[121.873365,1550344192],[122.126503,1551339520],[122.237776,1554407424],[122.839486,1554661376],[122.914065,1556074496],[123.101635,1556254720],[123.174799,1558441984],[123.410221,1559420928],[123.414663,1562464256],[123.80364,1562886144],[123.843994,1564188672],[124.220792,1564463104],[124.296558,1565491200],[124.38705,1569103872],[124.60491,1569337344],[124.608965,1571328000],[124.954844,1571377152],[125.194769,1572098048],[125.211397,1572581376],[125.433929,1572913152],[125.682354,1574449152],[125.745689,1576607744],[125.872816,1576824832],[125.874847,1579978752],[126.419209,1580060672],[126.736241,1581088768],[126.895796,1582075904],[126.927818,1582960640],[127.069319,1583124480],[127.076726,1586266112],[127.349213,1587056640],[127.552522,1592229888],[128.021097,1592434688],[128.080978,1595039744],[128.202129,1595699200],[128.805195,1595813888],[128.973983,1596051456],[129.031142,1597280256],[129.035712,1601556480],[129.378006,1602002944],[129.419602,1602985984],[129.899543,1603629056],[130.01558,1605169152],[130.245886,1605615616],[130.313513,1607671808],[130.752759,1608380416],[130.84478,1610702848],[131.056378,1611370496],[131.281434,1611513856],[131.3224,1612271616],[131.691306,1612722176],[131.773348,1615654912],[131.852312,1617063936],[132.506031,1617674240],[132.563751,1619238912],[132.756645,1619427328],[132.804947,1621008384],[133.331337,1621356544],[133.356418,1622212608],[133.758518,1622999040],[133.839399,1625399296],[134.024318,1625608192],[134.07474,1627262976],[134.344911,1627328512],[135.002979,1628733440],[135.150971,1632800768],[135.48778,1633271808],[135.542085,1634770944],[135.769549,1635180544],[136.088069,1635246080],[136.10439,1635909632],[136.297802,1636200448],[136.332312,1637117952],[136.555054,1637511168],[136.697006,1638510592],[136.740422,1639755776],[137.124536,1640480768],[137.255494,1641402368],[137.390122,1645481984],[137.800964,1645920256],[137.824899,1646456832],[138.063627,1646645248],[138.240647,1651437568],[138.250284,1653444608],[138.338434,1653583872],[138.358613,1655922688],[138.41611,1657331712],[138.422603,1661480960],[138.465753,1661702144],[139.657979,1661734912],[140.286487,1662779392],[140.299196,1669070848],[140.513622,1670791168],[140.843352,1671868416],[140.938055,1674440704],[141.365667,1675292672],[141.414893,1676660736],[141.53865,1677905920],[141.801811,1678389248],[141.897401,1680891904],[142.189084,1681408000],[142.246275,1683709952],[142.34411,1685192704],[142.63005,1685602304],[142.6331,1687166976],[143.046961,1687736320],[143.071195,1688530944],[143.220595,1688539136],[143.600335,1689513984],[143.708925,1691435008],[143.937917,1691832320],[143.942761,1698136064],[144.37589,1698398208],[144.423961,1699250176],[144.624529,1699528704],[144.661108,1700601856],[144.965226,1701060608],[145.003807,1702285312],[145.212059,1702567936],[145.253264,1703772160],[145.77088,1704624128],[146.086335,1705717760],[146.136765,1707180032],[146.209012,1707245568],[146.273299,1709162496],[146.673957,1709867008],[146.87334,1710534656],[146.965037,1712910336],