{"summary":{"timestamp":1389678697,"hash":"900893112570eea5a01c0573ae1fa1e3a72397e9","max_memory":1279778816,"cpu_time":202.01,"pull_request":11531},"memory_data":[[0.001795,8192],[0.010714,9641984],[0.07181,21159936],[0.0905,27140096],[0.118085,29229056],[0.154473,35913728],[0.179634,43835392],[0.279436,58556416],[0.465655,90550272],[0.493333,96669696],[0.521369,96702464],[0.614088,168042496],[0.791489,168067072],[0.937404,168898560],[1.060125,170487808],[1.310732,170463232],[1.3734,179294208],[1.384226,186691584],[1.532842,203952128],[1.590824,212434944],[1.651807,218685440],[1.7367,231616512],[1.847247,231628800],[1.859596,242925568],[1.91886,285786112],[2.423419,285859840],[2.475326,293244928],[2.505581,293302272],[2.509715,307929088],[2.533721,307679232],[2.533771,300584960],[2.592696,300654592],[2.600618,329949184],[2.649453,315265024],[2.761618,315273216],[2.776429,373993472],[2.87424,373755904],[2.874293,345030656],[2.951383,345370624],[3.722729,345493504],[3.73165,368459776],[3.759292,368467968],[3.76166,376848384],[4.374404,376885248],[4.378495,389431296],[6.199,389435392],[6.204291,406208512],[7.025062,406245376],[7.08935,407212032],[7.125436,409563136],[7.229988,411697152],[7.45613,414552064],[7.528184,415956992],[7.537202,417869824],[7.596217,419078144],[7.699094,419233792],[8.053211,426119168],[8.298683,430043136],[8.32061,431677440],[8.434479,433053696],[8.435282,435228672],[8.528386,435445760],[8.618364,438833152],[8.626549,440414208],[8.63604,471871488],[8.673632,471994368],[9.531978,472092672],[9.663679,473247744],[9.667947,490008576],[10.150552,490242048],[10.269919,491696128],[10.354617,493686784],[10.355674,496771072],[10.538716,497287168],[10.652706,499761152],[10.799114,502022144],[10.90219,502882304],[11.03444,507744256],[11.154486,507781120],[11.265469,509771776],[11.385854,510709760],[11.406265,512077824],[11.604369,513724416],[11.714089,516382720],[11.819312,516927488],[11.970925,519073792],[11.972191,523517952],[12.105029,523649024],[12.308389,525824000],[12.385948,529252352],[12.474851,529113088],[12.524527,531316736],[12.595016,531435520],[12.730552,533774336],[12.86409,534708224],[12.96518,536539136],[12.997782,538742784],[13.135599,540106752],[13.334574,544268288],[13.558002,546295808],[13.593388,549130240],[13.621173,547782656],[13.749345,548732928],[13.942143,551243776],[14.088454,554897408],[14.096582,588529664],[14.128956,588087296],[14.473512,588103680],[14.475776,596344832],[14.528773,598446080],[14.532011,613126144],[14.569488,596344832],[14.56959,588087296],[17.083489,590192640],[17.104063,655200256],[17.124761,621641728],[19.906982,621682688],[19.921985,624652288],[19.991953,628850688],[20.037261,628862976],[20.181352,636497920],[20.212198,640098304],[20.329559,646352896],[20.415294,649265152],[20.68377,661458944],[20.902601,670363648],[21.020546,681127936],[21.253389,691134464],[21.349217,694083584],[21.522985,701579264],[21.711492,708378624],[21.774485,712048640],[21.86907,715960320],[21.99081,722427904],[22.098315,727171072],[22.584296,746917888],[22.804101,756535296],[22.927222,761286656],[23.052043,767795200],[23.238707,775168000],[23.377461,781631488],[23.744565,796192768],[23.782775,798642176],[23.784037,802750464],[23.828592,802758656],[24.000355,810217472],[24.155358,816238592],[24.156745,820416512],[24.209604,820449280],[24.513671,834031616],[24.520297,863395840],[24.896095,863420416],[25.131695,872562688],[25.163597,875253760],[25.459625,886747136],[25.501567,889167872],[25.827086,902209536],[25.96696,907079680],[26.091667,912474112],[26.289636,919764992],[26.569493,931352576],[26.570227,933343232],[26.646356,935055360],[26.946197,947945472],[27.291395,963248128],[27.641278,977252352],[27.84355,987213824],[27.945513,990560256],[28.137397,999690240],[28.139663,1008054272],[28.246945,1008062464],[28.547915,1019801600],[28.643714,1024823296],[28.645146,1029017600],[28.677218,1029033984],[28.692753,1038962688],[28.7458,1039003648],[28.809022,1043116032],[28.861312,1044893696],[29.043306,1054371840],[29.044068,1057513472],[29.086072,1057554432],[29.186076,1061711872],[29.187442,1065906176],[29.238675,1065934848],[29.385201,1073590272],[29.726915,1086660608],[29.84665,1092628480],[29.848364,1101021184],[29.95316,1101033472],[29.977493,1102557184],[30.141377,1108373504],[30.228506,1112592384],[30.348159,1116676096],[30.456806,1121619968],[30.851631,1137930240],[31.226731,1154220032],[31.258805,1156317184],[31.489809,1165238272],[31.593632,1168666624],[31.819746,1177178112],[32.10778,1188491264],[32.343024,1198780416],[32.421708,1200832512],[32.634175,1210155008],[32.647218,1212874752],[32.754064,1216057344],[32.754918,1218441216],[32.84948,1221550080],[32.866988,1219948544],[32.870811,1231884288],[32.904327,1233432576],[32.910229,1227325440],[33.056,1231843328],[33.577519,1250029568],[33.582623,1279479808],[33.583441,1250119680],[33.904484,1262178304],[34.29384,1262231552],[34.294601,1264300032],[34.593955,1266003968],[35.054576,1200111616],[35.058889,1165332480],[35.285284,1117093888],[35.285335,1106608128],[42.016603,1108709376],[42.019472,1140166656],[42.42011,1106608128],[140.734948,1106612224],[146.026575,1108709376],[146.02942,1140166656],[146.237299,1142267904],[146.240759,1159045120],[146.496993,1165344768],[146.503302,1230352384],[146.520091,1196793856],[146.538478,1198891008],[146.630271,1200988160],[146.650055,1134043136],[146.655886,1159262208],[146.655988,1132023808],[147.90759,1134120960],[147.909362,1132023808],[157.907585,1134120960],[157.911994,1132023808],[167.910858,1134120960],[167.912923,1132023808],[177.641348,1132011520],[177.914236,1134108672],[177.91673,1132011520],[180.704558,1131880448],[182.053606,1131872256],[184.531165,1131708416],[186.837059,1131646976],[186.838249,1131577344],[189.250003,1131515904],[189.751071,1131425792],[191.608655,1131294720],[192.705281,1131139072],[194.464929,1131061248],[196.266266,1130868736],[196.564404,1130766336],[199.863943,1130475520],[201.464676,1130221568],[203.438091,1130074112],[203.937754,1129926656],[204.866883,1129857024],[204.872344,1146503168],[205.134565,1146073088],[206.891398,1145987072],[206.996178,1154424832],[207.003791,1160003584],[207.246547,1159843840],[207.247484,1163534336],[208.202669,1162874880],[208.203427,1123581952],[208.239234,1116307456],[208.240709,1009655808],[208.242337,1008111616],[208.248143,873250816],[208.249897,872955904],[208.250871,802127872],[208.252585,800980992],[208.257516,722513920],[208.263121,601419776],[208.27506,430985216],[208.276351,356757504],[208.277988,356126720],[208.279249,285638656],[208.280802,284934144],[208.287731,166469632],[208.28931,165720064],[208.29621,47300608],[208.298788,39919616]],"pass_timing":[["parsing",0.486],["gated feature checking",0.024],["std macros injection",0.001],["configuration 1",0.124],["expansion",1.128],["configuration 2",0.21],["maybe building test harness",0.202],["std injection",0.2],["assinging node ids and indexing ast",0.543],["external crate/lib resolution",0.053],["language item collection",0.028],["resolution",1.219],["lifetime resolution",0.03],["looking for entry point",0],["freevar finding",0.059],["region resolution",0.105],["type collecting",0.113],["variance inference",0.059],["coherence checking",0.129],["type checking",9.681],["const marking",0.159],["const checking",0.043],["privacy checking",0.354],["effect checking",0.054],["loop checking",0.031],["compute moves",2.858],["match checking",0.162],["liveness checking",0.219],["borrow checking",0.761],["kind checking",0.128],["reachability checking",0.011],["death checking",0.152],["lint checking",0.42],["translation",14.889],["llvm function passes",6.159],["llvm module passes",103.715],["codegen passes",60.592],["LLVM passes",-0]]}