{"summary":{"timestamp":1371453363,"hash":"90b999aea1a4cfdda549c2ba8462d9eac23c681a","max_memory":1365671936,"cpu_time":null,"pull_request":7198},"memory_data":[[0.001496,4096],[0.062084,454656],[0.06429,3137536],[0.104109,5505024],[0.244427,9748480],[0.489861,12443648],[0.626755,17489920],[0.672515,22302720],[0.885272,27062272],[1.011479,28123136],[1.011771,32456704],[1.038923,34553856],[1.039769,38936576],[1.080623,39112704],[1.081915,49823744],[1.18267,50434048],[1.314384,52350976],[1.376492,62943232],[1.389198,62943232],[1.423676,71331840],[1.462425,73428992],[1.48056,79720448],[1.503508,79720448],[1.538964,88109056],[1.564057,90206208],[1.579813,96497664],[1.616968,96497664],[1.642961,102789120],[1.686755,104886272],[1.739771,111177728],[1.757002,111177728],[1.792439,117469184],[1.890012,130052096],[1.910395,130052096],[1.940851,138440704],[1.969629,139108352],[2.006266,147513344],[2.059008,168484864],[2.091869,174776320],[2.267972,229302272],[2.31646,229957632],[2.329823,236322816],[2.437564,322306048],[2.546814,410447872],[2.567045,406253568],[2.577168,389476352],[2.592332,385282048],[2.595659,368504832],[2.615095,339144704],[2.629003,339054592],[2.685534,274501632],[2.709211,281870336],[2.710626,292356096],[2.723346,288235520],[2.72577,305012736],[2.735259,294526976],[2.751255,296624128],[2.756414,332275712],[2.777021,313401344],[2.809288,314146816],[2.819732,387547136],[2.857207,385449984],[2.857256,349798400],[2.884584,351043584],[3.091192,352329728],[3.142616,380772352],[3.146493,378675200],[3.205404,379990016],[3.217786,388771840],[3.256976,389758976],[3.27442,401031168],[3.348922,401276928],[3.429576,405225472],[3.490063,412725248],[3.572454,421224448],[3.590112,427225088],[3.692211,428584960],[3.693456,434876416],[3.807725,435568640],[3.815315,441860096],[4.100523,443125760],[4.106788,464101376],[4.116915,451518464],[4.312371,453259264],[4.329386,459591680],[4.382778,463790080],[4.388589,478474240],[4.394691,470081536],[4.465294,470478848],[4.578876,474492928],[4.715354,476794880],[4.781756,479322112],[4.998624,482070528],[5.020985,483139584],[5.222674,486137856],[5.25166,488579072],[5.252134,492777472],[5.277048,498282496],[5.466543,500432896],[5.60702,503889920],[5.873513,507088896],[6.037761,507822080],[6.043598,511938560],[6.118716,512077824],[6.124276,516272128],[6.203827,517468160],[6.58629,518959104],[6.65495,519647232],[7.423866,520155136],[7.439406,524390400],[7.444733,539037696],[7.450465,530644992],[7.670925,530964480],[7.672798,533086208],[7.81271,533250048],[7.851748,535293952],[7.965535,537661440],[8.108575,538566656],[8.260254,540381184],[8.273641,544284672],[8.320679,544804864],[8.325864,561455104],[8.332593,553070592],[8.542025,554270720],[8.594364,558772224],[8.596153,563896320],[8.64757,563974144],[8.654772,569139200],[9.275064,569499648],[9.372326,570261504],[9.458811,573759488],[9.459971,577495040],[9.531747,577986560],[9.537557,593223680],[9.711906,593367040],[9.723835,615030784],[9.727916,590147584],[9.838334,590352384],[9.840029,597712896],[9.918145,597835776],[9.923019,618602496],[9.927496,597835776],[10.055983,597839872],[10.056136,593653760],[10.2925,593743872],[10.296163,606769152],[10.301703,594124800],[10.49648,594124800],[10.496628,589975552],[10.796112,590344192],[10.807366,586162176],[11.069356,586166272],[11.221484,588480512],[11.473635,588746752],[11.526197,594759680],[11.734756,610902016],[11.824544,616525824],[11.922575,624373760],[11.942482,627453952],[12.075696,640868352],[12.25891,654790656],[12.444093,669974528],[12.712069,690794496],[12.823803,700129280],[12.90137,705552384],[12.929906,710184960],[13.044467,718594048],[13.131267,722796544],[13.161427,726999040],[13.308132,735404032],[13.331921,739602432],[13.359053,739606528],[13.383223,743804928],[13.522557,754307072],[13.551852,754311168],[13.580544,758509568],[13.634125,760610816],[13.634517,762707968],[13.742149,769011712],[13.809234,777408512],[13.934434,785817600],[13.942318,787914752],[14.074484,798412800],[14.11401,800509952],[14.114285,804704256],[14.219087,811012096],[14.331231,819412992],[14.332394,823607296],[14.428015,825712640],[14.428124,827809792],[14.630177,844603392],[14.851584,861380608],[14.908251,863477760],[14.933954,867672064],[14.985887,869773312],[14.995191,878157824],[15.070271,882360320],[15.469358,913903616],[15.582729,922292224],[15.61215,922296320],[15.664794,928583680],[15.755404,936972288],[15.930801,949555200],[15.935734,955846656],[16.008515,960040960],[16.18812,974721024],[16.282162,981012480],[16.477074,995692544],[16.50673,995696640],[16.556493,1001984000],[16.586406,1001988096],[16.613142,1006178304],[16.765374,1018761216],[16.79093,1018761216],[16.794612,1027149824],[16.850566,1029246976],[16.908614,1033441280],[16.93726,1033441280],[16.963198,1037635584],[17.122618,1050218496],[17.218747,1058607104],[17.339183,1066995712],[17.380444,1071398912],[17.451437,1073496064],[17.47163,1077690368],[17.510163,1077694464],[17.510528,1081884672],[17.552897,1083981824],[17.556316,1088176128],[17.671441,1090273280],[17.920183,1081884672],[17.942288,1069301760],[18.049001,1068101632],[18.050259,1035776000],[18.060678,1025249280],[18.072951,1025232896],[18.074358,1004404736],[18.080008,994238464],[18.081474,970256384],[18.123139,970240000],[18.128181,961572864],[18.128557,888172544],[18.237188,889749504],[18.37276,893227008],[18.398776,892239872],[18.954434,892243968],[19.025102,893267968],[20.050298,893448192],[22.099394,893456384],[22.989336,893534208],[24.083988,893919232],[24.197616,894087168],[24.231651,902897664],[24.27762,904994816],[24.283197,911286272],[24.319731,917577728],[24.320093,921772032],[24.372853,923942912],[24.374919,925966336],[24.52229,926199808],[24.528749,959520768],[24.537148,942743552],[24.590992,944840704],[24.595243,949035008],[24.751048,946937856],[24.755282,926703616],[24.755884,894509056],[25.97688,894660608],[25.977781,898768896],[26.549205,898867200],[26.552639,903061504],[27.733974,903770112],[32.116849,903782400],[32.243623,904196096],[32.976842,904388608],[32.99123,904691712],[33.475779,904941568],[34.237605,904974336],[34.746557,905129984],[34.864055,905723904],[38.263064,907821056],[38.268481,914112512],[41.776173,914132992],[43.216917,914243584],[43.797461,914685952],[44.482839,914714624],[45.467214,915038208],[49.273179,915062784],[50.288674,915193856],[51.487529,915947520],[51.979869,915992576],[52.12613,916254720],[52.613756,916258816],[52.901996,916545536],[52.957087,917655552],[53.109221,918491136],[53.463554,918650880],[53.807379,919261184],[55.175704,919298048],[56.408582,919420928],[56.559591,920113152],[56.865722,920436736],[57.468207,920571904],[57.567452,921313280],[58.250833,921985024],[58.77237,921997312],[59.016456,922730496],[59.776627,922787840],[59.877903,923455488],[60.199363,923643904],[61.239775,923709440],[61.47754,924233728],[62.001259,924282880],[62.003376,930574336],[62.140839,930959360],[63.570532,931008512],[63.883486,931299328],[64.105019,931852288],[65.357887,931934208],[65.971108,932827136],[66.64811,932831232],[66.745087,933273600],[67.393184,933404672],[67.440988,933744640],[68.87036,933847040],[68.877354,934477824],[70.333341,934490112],[70.95331,934703104],[71.079202,935292928],[72.745048,935321600],[72.751274,968847360],[72.758218,952070144],[78.233805,952078336],[83.879386,952139776],[83.911206,953663488],[84.202488,953991168],[85.384373,954388480],[85.476077,955011072],[85.493965,956239872],[86.25218,956260352],[86.340365,959811584],[87.488028,959897600],[87.697999,962043904],[87.792568,964145152],[87.819592,966242304],[88.127797,968339456],[88.647134,970436608],[88.728804,974630912],[88.735998,976728064],[88.818011,978825216],[89.607104,980975616],[90.018861,983072768],[90.258083,983134208],[90.448646,985231360],[90.722912,985272320],[90.723365,987340800],[91.871669,987344896],[92.078808,988336128],[92.106146,989159424],[92.315647,989700096],[92.317699,992894976],[92.580999,993316864],[93.308611,993468416],[93.561405,994107392],[93.562366,