{"summary":{"timestamp":1386163595,"hash":"91695797c2ff36017edc47af270ca665f2f4d1ef","max_memory":1285050368,"cpu_time":186.57,"pull_request":10794},"memory_data":[[0.001583,8192],[0.007682,9322496],[0.158906,35958784],[0.183396,43454464],[0.285624,57896960],[0.424041,79839232],[0.500388,94228480],[0.526079,94248960],[0.60864,163328000],[0.749219,163344384],[0.990576,164909056],[0.99166,165564416],[1.172981,166060032],[1.17374,167108608],[1.321144,167260160],[1.381054,175579136],[1.446303,182591488],[1.577392,200302592],[1.616062,203694080],[1.72261,218841088],[1.823783,218873856],[1.882256,265949184],[2.721612,266006528],[2.774812,305860608],[2.78149,340635648],[2.781805,302882816],[2.808257,302915584],[2.809794,313401344],[2.835829,319926272],[2.837406,329433088],[2.859255,350056448],[2.863339,373125120],[2.864093,346001408],[3.955436,346083328],[3.957658,354414592],[4.606416,356515840],[4.609349,367001600],[5.001801,367104000],[5.02458,372736000],[5.052433,372334592],[5.208525,376307712],[5.255305,378331136],[5.42243,382103552],[5.5071,385081344],[5.51346,389275648],[5.602253,390885376],[5.612308,393437184],[5.743279,396804096],[5.844717,400424960],[5.960873,409276416],[6.046216,411504640],[6.097408,411131904],[6.209943,414208000],[6.215293,430985216],[6.222435,422592512],[6.280979,423297024],[6.545659,430268416],[6.605925,430784512],[6.608186,439173120],[6.762533,439955456],[6.909474,444383232],[7.228086,448974848],[7.275573,451059712],[7.278904,453545984],[7.412612,453697536],[7.553889,455860224],[7.58252,457027584],[7.729644,459104256],[7.850645,462729216],[7.940184,463421440],[8.039555,467410944],[8.166474,468283392],[8.352044,473112576],[8.430377,473796608],[8.459189,479858688],[8.468693,511315968],[8.48364,494534656],[8.596664,494731264],[8.706947,496480256],[8.735888,498540544],[8.838892,500301824],[8.842379,516534272],[8.85222,516984832],[9.232527,517001216],[9.542108,521515008],[9.543334,524464128],[9.60036,524627968],[9.601171,526598144],[9.731308,526757888],[9.887327,529072128],[10.02011,534384640],[10.085263,534388736],[10.369907,538976256],[10.527721,540700672],[10.562208,542642176],[10.669586,543043584],[10.804229,544919552],[10.829705,546271232],[11.022044,548036608],[11.21692,551686144],[11.258247,553775104],[11.429759,555053056],[11.548982,556617728],[11.722553,562343936],[11.784947,563339264],[11.786227,568012800],[11.974437,568147968],[12.059333,570056704],[12.197494,571367424],[12.504651,577257472],[12.65544,578232320],[12.71211,579354624],[12.727276,585461760],[12.759603,585539584],[12.761838,593850368],[12.821214,593891328],[12.825389,610627584],[12.848073,609943552],[12.84828,579301376],[14.778184,579305472],[14.873891,580231168],[15.638015,581091328],[15.983111,581697536],[15.983669,582270976],[16.316365,582279168],[16.368733,585682944],[16.368888,587890688],[16.489318,592125952],[16.528149,596377600],[16.628609,602673152],[16.656193,602677248],[16.701652,608972800],[16.762675,610373632],[16.770727,643936256],[17.08049,643985408],[17.28684,655147008],[17.377111,664387584],[17.525177,671232000],[17.52641,675426304],[17.634853,679116800],[17.880467,693202944],[18.19358,707686400],[18.372862,717897728],[18.525184,725426176],[18.540129,784154624],[19.153659,784207872],[19.275632,789291008],[19.611536,805326848],[19.840737,817983488],[19.907244,820781056],[19.927018,887894016],[19.957399,854335488],[20.247858,867942400],[20.315702,872341504],[20.417649,876630016],[20.498151,882049024],[20.66283,890175488],[20.809263,896675840],[20.831045,898744320],[21.016602,906858496],[21.188413,916127744],[21.359919,923545600],[21.361189,927657984],[21.402584,927670272],[21.580996,935358464],[21.731174,942628864],[21.732409,946790400],[21.77966,946802688],[21.990101,956534784],[22.366746,975773696],[22.500311,981921792],[22.53849,984555520],[22.724683,993079296],[22.771482,996216832],[22.879803,1000828928],[23.14193,1013542912],[23.148087,1014558720],[23.471776,1029808128],[23.497582,1031933952],[23.634423,1038741504],[23.725266,1046683648],[23.828827,1053605888],[24.179885,1071063040],[24.186423,1074630656],[24.193672,1101889536],[24.499835,1101955072],[24.666687,1108869120],[24.798284,1115660288],[25.025174,1126608896],[25.192799,1134137344],[25.394832,1144041472],[25.423665,1146118144],[25.610844,1155645440],[25.612173,1158868992],[25.682263,1160105984],[25.870481,1169104896],[25.871784,1173278720],[25.918949,1173299200],[26.033594,1177948160],[26.051029,1179533312],[26.459183,1197711360],[26.461352,1206038528],[26.558459,1206050816],[26.747753,1215504384],[26.821603,1217982464],[27.07618,1230454784],[27.084979,1232453632],[27.246894,1237131264],[27.247202,1241325568],[27.493608,1248473088],[27.664646,1253978112],[27.668853,1251520512],[27.769639,1253965824],[27.770216,1255522304],[28.10308,1263222784],[28.598743,1273438208],[28.599765,1273839616],[28.973994,1275949056],[28.983803,1277988864],[29.217134,1277939712],[29.227448,1283563520],[29.228124,1247432704],[29.232414,1243791360],[29.621378,1229107200],[29.621429,1176678400],[29.624654,1149337600],[29.625477,1101168640],[29.73594,1042444288],[35.010617,1044541440],[35.015053,1042444288],[35.549601,1044545536],[35.552333,1076002816],[35.973531,1042444288],[36.046714,1042448384],[45.013993,1044545536],[45.015056,1042448384],[55.013989,1044545536],[55.016169,1042448384],[65.013944,1044545536],[65.016704,1042448384],[75.017271,1044545536],[75.019989,1042448384],[85.020596,1044545536],[85.025026,1042448384],[89.827778,1044549632],[89.83049,1076006912],[95.023971,1078104064],[95.028409,1076006912],[105.027285,1078104064],[105.028407,1076006912],[115.027331,1078104064],[115.031183,1076006912],[125.030601,1078104064],[125.03283,1076006912],[177.164572,1078104064],[177.166604,1101176832],[184.258004,1101180928],[184.32278,1126404096],[184.359027,1126408192],[184.509852,1129549824],[184.974012,1129590784],[184.984494,1131274240],[185.143506,1131278336],[185.221609,1136521216],[185.222324,1140572160],[185.300701,1141764096],[185.301224,1148059648],[185.506439,1148137472],[185.526142,1152258048],[185.631518,1161252864],[185.646192,1171177472],[185.722572,1169788928],[185.722622,1167114240],[185.882204,1167118336],[185.889196,1148878848],[185.889763,1094934528],[186.840934,1094586368],[186.8464,1058033664],[186.875267,1058902016],[186.903496,1078120448],[186.948089,1078665216],[186.963379,1088024576],[186.96747,1100091392],[186.977471,1104920576],[187.016026,1106403328],[187.019275,1036902400],[187.019428,974766080],[187.0494,974675968],[187.049656,964182016],[187.064598,964186112],[187.07396,791293952],[187.074727,749051904],[187.079,669605888],[187.080321,669528064],[187.084916,580673536],[187.085785,525320192],[187.089452,485457920],[187.090478,431222784],[187.094158,390995968],[187.097609,301588480],[187.099655,283066368],[187.100269,125333504],[187.102068,122540032],[187.103228,57319424],[187.108001,15642624]],"pass_timing":[["parsing",0.493],["gated feature checking",0.023],["std macros injection",0.001],["configuration 1",0.112],["expansion",1.113],["configuration 2",0.191],["maybe building test harness",0.175],["std injection",0.173],["assigning node ids",0.173],["ast indexing",0.246],["external crate/lib resolution",0.197],["language item collection",0.025],["resolution",1.539],["lifetime resolution",0.027],["looking for entry point",0],["freevar finding",0.055],["region resolution",0.094],["type collecting",0.102],["variance inference",0.052],["coherence checking",0.12],["type checking",7.772],["const marking",0.151],["const checking",0.038],["privacy checking",0.361],["effect checking",0.05],["loop checking",0.028],["compute moves",1.549],["match checking",0.101],["liveness checking",0.188],["borrow checking",0.733],["kind checking",0.081],["reachability checking",0.01],["lint checking",0.298],["translation",12.993],["LLVM passes",157.01],["linking",0.168]]}