{"summary":{"timestamp":1368764378,"hash":"918bfa710c2079ed1a690036eb794694b75faa30","max_memory":1950347264,"cpu_time":null,"pull_request":6546},"memory_data":[[0.001651,16384],[0.051539,217088],[0.098221,5095424],[0.248157,9338880],[0.371841,10350592],[0.492296,12378112],[0.501944,14082048],[0.664888,18321408],[0.902106,22487040],[0.997903,23097344],[1.028746,30429184],[1.14032,32092160],[1.30846,33046528],[1.345525,37588992],[1.474662,46809088],[1.516454,53489664],[1.568394,54693888],[1.612531,60825600],[1.667975,63131648],[1.725864,71815168],[1.760947,71880704],[1.793128,78921728],[1.827625,78966784],[1.851014,83148800],[1.921097,84144128],[1.968108,91394048],[2.025056,91398144],[2.09134,97226752],[2.135192,99291136],[2.172322,103333888],[2.290779,111284224],[2.354038,118325248],[2.396813,119582720],[2.449294,124493824],[2.463389,128999424],[2.540247,130023424],[2.564532,133459968],[2.693122,163815424],[2.815612,180355072],[2.836261,185364480],[2.889001,192352256],[3.015091,215941120],[3.096694,230236160],[3.132745,230506496],[3.147968,235098112],[3.294892,324259840],[3.373786,373891072],[3.44817,417267712],[3.473186,418168832],[3.521354,434855936],[3.632893,513044480],[3.700161,513560576],[3.716775,527269888],[3.730216,523075584],[3.733317,540905472],[3.742876,531988480],[3.761771,532688896],[3.766734,568348672],[3.785923,568238080],[3.78602,550604800],[3.824156,551903232],[3.834291,623210496],[3.872369,587554816],[4.01899,590147584],[4.03936,604045312],[4.058791,609599488],[4.066413,633159680],[4.066617,612077568],[4.126019,612831232],[4.14496,621936640],[4.148183,630104064],[4.194501,631283712],[4.205899,650223616],[4.332656,651579392],[4.494069,652124160],[4.511441,658993152],[4.669855,659189760],[4.670252,660480000],[4.780299,660529152],[4.781143,663101440],[5.081575,663126016],[5.082722,668344320],[5.626473,670441472],[5.627996,678834176],[6.883442,678846464],[6.887536,699809792],[6.897424,683630592],[7.284119,684449792],[7.288966,687349760],[7.403894,687357952],[7.424067,694153216],[7.443992,694190080],[7.445814,702541824],[7.486881,702627840],[7.490516,719319040],[7.58131,720748544],[7.584755,731336704],[7.610128,732184576],[7.962904,733188096],[8.426111,733265920],[8.426728,735326208],[8.635589,735916032],[8.757546,738504704],[8.929583,739360768],[9.181166,742510592],[9.182152,746676224],[9.307795,747286528],[9.515097,747319296],[9.775117,749727744],[10.001969,750903296],[10.033302,751611904],[10.20404,752074752],[10.238668,753500160],[10.338993,753623040],[10.572626,755781632],[10.8182,757272576],[10.865302,759779328],[11.080097,760078336],[11.353372,762503168],[11.355849,770830336],[11.993006,773058560],[12.176976,773341184],[12.379992,774684672],[12.401094,775401472],[12.631943,776593408],[12.920139,777621504],[13.025813,778924032],[13.026414,781012992],[13.186372,781381632],[13.331134,783462400],[13.425321,783552512],[13.601078,785072128],[13.923407,786980864],[13.924352,790036480],[14.150215,790454272],[14.18967,794456064],[14.19092,799596544],[14.266481,799670272],[14.268981,810082304],[14.988531,810364928],[15.238347,810696704],[16.001463,810700800],[16.051358,811474944],[16.330949,813572096],[16.339138,813129728],[16.751987,813133824],[16.757693,810696704],[17.528693,810790912],[17.667284,812486656],[17.758173,815239168],[17.764685,836775936],[17.799559,859283456],[17.855606,859414528],[17.899063,861511680],[17.900559,867803136],[17.930498,869900288],[17.931542,874094592],[18.040716,874102784],[18.071553,876535808],[18.077531,891359232],[18.105072,906915840],[18.133109,908529664],[18.194361,916176896],[18.288932,926302208],[18.30099,941178880],[18.364674,945831936],[18.446686,948776960],[18.522231,953466880],[18.522777,955551744],[18.573392,957616128],[18.574968,966004736],[18.663393,970571776],[18.738295,976044032],[18.7397,982335488],[18.823666,987557888],[18.906982,991440896],[18.921878,993701888],[18.92353,1002090496],[18.980999,1005289472],[18.982422,1011580928],[19.06387,1017602048],[19.07625,1038815232],[19.084974,1039204352],[19.092915,1054142464],[19.235359,1062854656],[19.312406,1069105152],[19.388932,1073930240],[19.390791,1082318848],[19.555006,1092038656],[19.681953,1101234176],[19.743887,1104752640],[19.939951,1119170560],[19.946125,1133981696],[19.977326,1136082944],[19.978521,1142374400],[20.08603,1150111744],[20.224808,1157500928],[20.316485,1159532544],[20.395708,1164562432],[20.396312,1168756736],[20.565605,1181253632],[20.702745,1187995648],[20.844807,1198043136],[20.846342,1204334592],[21.005077,1216159744],[21.111424,1223012352],[21.211531,1227124736],[21.301632,1233526784],[21.357279,1235898368],[21.530374,1247256576],[21.551031,1250410496],[21.613705,1253801984],[21.615545,1262190592],[21.737155,1268011008],[21.766829,1270255616],[21.768249,1276547072],[21.852722,1281843200],[21.906729,1284026368],[21.911143,1300828160],[22.043309,1308712960],[22.046471,1325490176],[22.205406,1325543424],[22.441147,1339174912],[22.619299,1352335360],[22.770523,1362030592],[22.791961,1365094400],[22.883826,1369292800],[22.951592,1374208000],[22.953046,1380499456],[23.030444,1385160704],[23.108835,1391190016],[23.135523,1391788032],[23.34692,1406390272],[23.438443,1411522560],[23.514866,1416904704],[23.51612,1423196160],[23.546465,1424621568],[23.54874,1430986752],[23.566203,1433788416],[23.684152,1441677312],[23.92507,1456099328],[23.942516,1469538304],[24.058383,1476812800],[24.058896,1478909952],[24.220977,1488277504],[24.221597,1492471808],[24.439415,1504595968],[24.510447,1510191104],[24.596328,1515073536],[24.604569,1517297664],[24.731349,1526173696],[24.864268,1537159168],[25.057871,1549332480],[25.059712,1557721088],[25.30867,1574326272],[25.314784,1587044352],[25.451622,1597378560],[25.456266,1612070912],[25.474595,1613193216],[25.481147,1627996160],[25.498928,1637330944],[25.510009,1650323456],[25.520733,1673736192],[25.589455,1676943360],[25.595765,1700036608],[25.658929,1704288256],[25.760352,1706864640],[25.763214,1708740608],[26.012504,1714008064],[26.200783,1715163136],[26.208505,1705558016],[26.318182,1703936000],[26.323108,1571479552],[26.323209,1311289344],[26.389503,1311911936],[26.452999,1314353152],[26.550905,1315614720],[27.223316,1315753984],[29.10529,1315786752],[29.223496,1315913728],[29.277728,1317433344],[30.075114,1319202816],[30.699867,1319206912],[30.703568,1335848960],[30.820323,1336041472],[30.823558,1369407488],[30.831868,1368567808],[30.832219,1352761344],[31.234082,1320218624],[31.234132,1319202816],[31.765835,1319596032],[34.614955,1319612416],[34.615006,1319739392],[43.808209,1319886848],[43.811911,1336385536],[78.632939,1336455168],[78.636166,1369944064],[78.643409,1367961600],[78.643712,1353297920],[100.363924,1353330688],[100.502019,1353908224],[100.539406,1355358208],[100.779398,1355595776],[100.825461,1356132352],[101.095696,1356206080],[101.166803,1357053952],[101.396059,1357119488],[101.460187,1360527360],[101.712614,1360551936],[101.712813,1361317888],[102.128768,1361473536],[102.198681,1364123648],[102.309289,1363292160],[102.328827,1364545536],[102.396505,1363611648],[102.559273,1364566016],[102.607466,1363673088],[102.885977,1364819968],[102.895461,1365614592],[103.075429,1365639168],[103.392958,1366745088],[103.536831,1367568384],[103.767974,1371643904],[103.786749,1374687232],[103.808954,1369935872],[103.963994,1369939968],[104.015681,1371299840],[104.044425,1375784960],[104.050239,1371422720],[104.131493,1373384704],[104.156297,1377484800],[104.186291,1371443200],[104.397208,1371217920],[104.542202,1372131328],[104.587029,1373306880],[104.703458,1373917184],[105.015107,1373986816],[105.438977,1376210944],[105.592916,1378832384],[105.627573,1384714240],[105.633849,1378734080],[105.73186,1379921920],[105.77281,1386889216],[105.777409,1380044800],[105.796514,1378734080],[106.283635,1378750464],[106.357259,1379422208],[106.624297,1380233216],[106.836633,1380454400],[107.115501,1382285312],[107.148222,1384697856],[107.307034,1385144320],[107.332094,1384198144],[107.505613,