{"summary":{"timestamp":1401767490,"hash":"918dbfea60e84868537a1951ad38a782502d39c2","max_memory":1628753920,"cpu_time":166.44,"pull_request":14609},"memory_data":[[0.002967,4096],[0.043274,475136],[0.066296,10027008],[0.129896,12603392],[0.20095,13799424],[0.276897,19173376],[0.361783,20975616],[0.412502,23973888],[0.467188,30597120],[0.578378,33079296],[0.664487,36732928],[0.68808,39071744],[0.692134,43995136],[0.828087,46415872],[0.951163,56188928],[0.976426,61579264],[1.044328,65814528],[1.068372,71430144],[1.152341,77983744],[1.175168,82788352],[1.206993,83705856],[1.271212,92426240],[1.324073,94818304],[1.324333,96915456],[1.381054,100249600],[1.381401,102346752],[1.443053,105508864],[1.490682,112377856],[1.548954,115281920],[1.581356,121282560],[1.639192,124592128],[1.687949,131395584],[1.754554,133292032],[1.82506,151486464],[1.854185,162107392],[1.938314,184766464],[1.990351,166912000],[1.991016,163524608],[2.058333,165359616],[2.293065,168042496],[2.516618,173518848],[2.847176,183078912],[2.940904,190930944],[2.941199,193028096],[3.137136,211095552],[3.186603,214044672],[3.186795,216141824],[3.237607,219385856],[3.238091,221483008],[3.29585,225402880],[3.295948,227500032],[3.351321,231276544],[3.395256,236462080],[3.412415,243802112],[3.439287,247578624],[3.48635,247590912],[3.543958,251600896],[3.589263,258785280],[3.645817,262610944],[3.646016,264708096],[3.71865,271609856],[3.788595,276840448],[3.835727,284205056],[3.884988,287600640],[3.887234,289943552],[3.951701,294490112],[3.951801,296603648],[4.011496,300474368],[4.011595,302575616],[4.063761,306143232],[4.10026,311357440],[4.313039,311369728],[4.370839,326062080],[4.400576,336814080],[4.473624,355553280],[4.473722,357658624],[4.5268,371970048],[5.075022,371933184],[5.105908,363032576],[5.215769,364384256],[5.402087,372031488],[5.545947,372113408],[5.66181,376307712],[5.662187,378404864],[5.923298,384696320],[6.013995,384659456],[6.052979,373956608],[6.25036,376934400],[6.414766,377200640],[6.494728,381399040],[6.662679,384401408],[6.751258,387731456],[6.902608,391454720],[6.941251,394600448],[6.996012,411172864],[7.099778,412897280],[7.265811,419909632],[7.321989,424620032],[7.401982,440684544],[7.510897,443785216],[7.555648,450580480],[7.649289,452579328],[7.671599,455688192],[7.764002,456359936],[7.855025,463695872],[7.971391,466628608],[7.972842,472920064],[8.070842,473051136],[8.154649,475254784],[8.157769,487837696],[8.534099,488165376],[8.545738,490262528],[8.552386,507039744],[8.558754,500748288],[8.744017,502845440],[8.744327,507039744],[8.868185,507781120],[9.10409,507904000],[9.118568,509575168],[9.249258,508878848],[9.252293,500547584],[9.435572,501358592],[9.474454,504696832],[9.533553,506798080],[9.539323,508895232],[9.682993,509603840],[9.931188,512172032],[9.932524,513998848],[10.123841,515215360],[10.218772,517828608],[10.24135,521293824],[10.305732,524337152],[10.309688,528531456],[10.379588,528560128],[10.423752,530702336],[10.432128,537010176],[10.472264,539254784],[10.473019,545546240],[10.535716,545820672],[10.614851,548118528],[10.657968,550916096],[10.813771,553570304],[10.814904,549621760],[11.064356,551247872],[11.091511,555458560],[11.329246,555798528],[11.372101,557998080],[11.558208,558391296],[11.56237,560488448],[11.643944,562585600],[11.866637,564682752],[11.948175,566779904],[11.948993,577265664],[11.962951,573071360],[11.985849,575168512],[12.090077,579362816],[12.183814,581459968],[12.187248,585654272],[12.223668,587751424],[12.359624,591945728],[12.363837,594042880],[12.463373,598237184],[12.491772,602431488],[12.501984,594042880],[12.635238,594657280],[12.973581,594661376],[13.150365,596758528],[13.218914,598855680],[13.219117,600952832],[13.409505,603049984],[13.410413,605147136],[13.576959,607244288],[13.578207,621924352],[13.585962,630312960],[13.593384,617730048],[13.719326,619827200],[13.757867,621924352],[14.035413,624021504],[14.232993,626118656],[14.405066,630312960],[14.518342,632410112],[14.703504,632426496],[14.786044,634523648],[15.079104,638906368],[15.137909,641003520],[15.572341,643870720],[15.843019,648245248],[15.843277,652439552],[15.906034,654536704],[15.90622,658731008],[16.703676,660828160],[17.113924,665022464],[17.211933,667152384],[17.385711,669249536],[17.3858,671346688],[17.747109,673443840],[17.888364,675540992],[18.41199,681832448],[18.724078,686026752],[19.070238,688123904],[19.259646,692318208],[19.261761,715386880],[19.285454,740552704],[19.293084,715386880],[19.422269,717484032],[19.960881,721678336],[20.092767,723775488],[20.364872,725872640],[20.384583,727969792],[20.856186,732164096],[20.888512,734261248],[21.153859,736358400],[21.279149,738455552],[21.660746,740552704],[21.722716,742649856],[21.729926,746844160],[21.853216,748941312],[21.85979,751038464],[21.966077,753135616],[22.225482,755232768],[22.379202,757329920],[22.65668,759427072],[22.656769,761524224],[23.137307,765718528],[23.473063,767815680],[23.628978,767836160],[23.683776,769941504],[23.799951,772038656],[24.275515,774135808],[24.458709,776232960],[24.458911,780427264],[24.783726,782524416],[25.483574,786718720],[25.562814,788815872],[25.838146,790913024],[26.305214,793010176],[26.539298,793141248],[26.539385,795238400],[26.644661,799432704],[26.937465,801529856],[26.995834,803627008],[26.996857,805724160],[27.889703,807821312],[28.085651,809918464],[28.319714,810115072],[28.324598,812212224],[28.400131,812220416],[28.505245,814317568],[28.610133,814333952],[28.684474,816431104],[28.974741,820625408],[29.455848,822722560],[29.614171,822726656],[29.614264,824819712],[29.704626,829014016],[29.736554,833208320],[29.804285,835305472],[30.711823,837402624],[31.122085,839499776],[31.6137,843694080],[31.898669,843759616],[32.005927,844156928],[32.043052,849113088],[32.087481,851210240],[32.091113,855404544],[32.157569,857501696],[32.164269,859598848],[32.223537,849113088],[32.887526,834433024],[33.471961,834535424],[33.524174,836714496],[33.524573,838811648],[33.639106,840908800],[33.642054,838811648],[35.1136,841080832],[35.113754,843177984],[36.767439,843374592],[36.949455,843501568],[36.991788,844378112],[37.201675,844509184],[37.238218,845180928],[37.507318,845746176],[37.925612,845877248],[38.004815,848105472],[38.485134,850464768],[39.04368,852746240],[39.528062,852750336],[39.536027,877932544],[39.548841,865349632],[39.641992,867446784],[40.141668,867561472],[40.406655,870273024],[40.41206,910118912],[40.420861,918507520],[40.480785,960450560],[40.481986,968839168],[40.492073,918507520],[41.086645,918564864],[41.265217,920662016],[41.540714,922759168],[41.762433,922890240],[42.194952,924987392],[42.722079,925118464],[42.913299,927346688],[43.103161,927350784],[43.74699,937529344],[43.747177,939626496],[44.542076,951468032],[44.746856,955166720],[45.058897,957161472],[45.059371,961359872],[45.244924,964059136],[45.450999,967647232],[45.793385,972447744],[45.793967,976646144],[46.454978,986333184],[46.584052,987570176],[46.74689,990928896],[47.03842,995729408],[47.08303,997208064],[47.316139,1001181184],[47.55592,1005752320],[47.558782,1018433536],[47.572066,1028919296],[47.576376,1016336384],[47.659221,1017978880],[47.659621,1022173184],[47.874027,1025974272],[48.178652,1032585216],[48.447895,1037606912],[48.592049,1039261696],[48.848435,1043460096],[48.946399,1045540864],[49.227786,1050238976],[49.628203,1058201600],[49.628301,1060298752],[49.828395,1064177664],[49.994516,1066754048],[50.254326,1071796224],[50.432223,1074372608],[50.784684,1080750080],[50.784778,1082847232],[51.095832,1088868352],[51.857738,1101398016],[52.344055,1110417408],[52.344247,1112514560],[52.609711,1117179904],[52.842422,1121783808],[53.167985,1127051264],[53.354402,1130663936],[53.35481,1136955392],[53.647071,1142476800],[53.649146,1144053760],[53.797182,1147133952],[53.947872,1149120512],[54.338275,1155674112],[54.448631,1158193152],[54.615951,1160863744],[55.184895,1173762048],[55.24783,1174556672],[55.481654,1179369472],[55.484939,1185660928],[55.575681,