{"summary":{"timestamp":1375612496,"hash":"91b711883cd98e35fd7588b7decf2119e18051f7","max_memory":1964249088,"cpu_time":171.6,"pull_request":8217},"memory_data":[[0.003432,4096],[0.048022,380928],[0.10113,6246400],[0.274352,11022336],[0.480386,11206656],[0.671321,12754944],[0.679914,13856768],[0.80129,14897152],[0.846265,17145856],[0.924981,17903616],[1.086654,22573056],[1.222173,23662592],[1.261985,28463104],[1.48059,31547392],[1.530256,40431616],[1.566529,43782144],[1.597841,50434048],[1.627318,51613696],[1.695898,60383232],[1.760676,74539008],[1.785329,74330112],[1.847535,79929344],[1.871609,85213184],[1.944725,92798976],[2.034703,111386624],[2.076018,112152576],[2.120237,121380864],[2.15194,121962496],[2.214101,132214784],[2.24258,134815744],[2.273671,141484032],[2.319095,141635584],[2.354464,147488768],[2.434335,155201536],[2.475654,162111488],[2.614797,177922048],[2.663266,186191872],[2.693939,187842560],[2.796371,201273344],[2.828268,208289792],[2.875823,211423232],[2.897568,216702976],[2.932431,219484160],[2.980099,226832384],[3.005231,236285952],[3.033006,236290048],[3.25636,321699840],[3.374317,367779840],[3.44416,394039296],[3.520464,395382784],[3.579954,407031808],[3.676939,431190016],[3.748426,445112320],[3.798024,458469376],[3.862164,473006080],[3.89461,476008448],[3.956335,487116800],[3.992693,495403008],[4.064402,508547072],[4.110197,520572928],[4.173365,531750912],[4.269667,553455616],[4.33521,566181888],[4.473527,598188032],[4.578084,619266048],[4.6272,632295424],[4.848992,717914112],[4.938266,753102848],[5.192079,851296256],[5.232428,866291712],[5.25298,866410496],[5.297675,884031488],[5.475783,950992896],[5.712845,1044598784],[5.856287,1099448320],[6.024872,1167200256],[6.285957,1274318848],[6.43766,1335480320],[7.045838,1337581568],[7.057042,1406787584],[7.19858,1407320064],[7.340474,1412792320],[7.426443,1414828032],[7.587654,1415696384],[7.853476,1416110080],[9.873279,1416241152],[10.237402,1416560640],[10.245959,1417428992],[10.689093,1417580544],[10.734242,1418051584],[21.464419,1418059776],[21.464931,1418235904],[22.773112,1418305536],[22.775251,1418575872],[23.832864,1418608640],[24.142554,1418727424],[25.532616,1418817536],[25.827625,1418932224],[27.636392,1419083776],[27.835929,1420984320],[28.424168,1421377536],[28.918048,1421275136],[28.918129,1420324864],[30.099324,1420435456],[35.619328,1420439552],[35.723114,1420611584],[35.723198,1422708736],[39.638128,1422761984],[39.73588,1424494592],[39.763879,1426075648],[41.703482,1426206720],[41.743493,1426935808],[46.277982,1427087360],[46.311835,1427226624],[101.957847,1429331968],[101.962482,1460785152],[116.502549,1460879360],[117.221036,1460920320],[117.291243,1461501952],[117.612219,1461817344],[117.668094,1462456320],[118.504202,1462480896],[118.537529,1464193024],[118.602274,1464246272],[118.636913,1466146816],[118.742157,1466277888],[118.821995,1464643584],[118.907916,1464967168],[119.27133,1464971264],[119.586571,1465290752],[119.692168,1466298368],[120.100492,1466540032],[120.171662,1468121088],[120.293024,1468264448],[120.340102,1467158528],[120.450386,1467166720],[120.738917,1468452864],[120.961128,1468862464],[121.211237,1468870656],[121.652755,1469931520],[121.729333,1470803968],[121.755262,1472532480],[122.108546,1472532480],[122.171144,1473167360],[123.012982,1473208320],[123.041902,1476521984],[123.101302,1476669440],[125.58422,1476673536],[125.685211,1480462336],[125.733771,1480597504],[127.253831,1480605696],[127.403287,1481060352],[127.689056,1481064448],[127.74104,1481973760],[128.199202,1481977856],[128.311884,1484541952],[128.51222,1487437824],[129.166172,1487507456],[129.166921,1488486400],[130.591687,1488584704],[130.592854,1490145280],[131.090418,1490149376],[131.229065,1491369984],[131.231168,1492897792],[131.71098,1492959232],[131.712484,1494999040],[132.251719,1495027712],[132.286011,1496428544],[132.939543,1496580096],[133.001214,1496821760],[133.105055,1500573696],[133.657741,1500585984],[133.869338,1501147136],[134.209268,1502728192],[134.213677,1504301056],[134.615805,1506013184],[134.9389,1506529280],[134.939906,1506963456],[135.17369,1507201024],[135.245564,1508020224],[135.429302,1508077568],[136.074811,1510481920],[136.434926,1512636416],[136.607122,1516273664],[136.878456,1516429312],[136.960003,1519476736],[137.099009,1519493120],[137.185381,1521741824],[137.209557,1524875264],[137.688769,1524887552],[137.69183,1526980608],[138.191447,1527017472],[138.307552,1527980032],[138.598129,1529458688],[138.809333,1531228160],[139.199696,1532129280],[139.317851,1533726720],[139.461997,1534828544],[139.746684,1535270912],[139.85689,1536544768],[140.241091,1537916928],[140.473444,1543368704],[141.060614,1543630848],[141.663094,1544945664],[141.876483,1546842112],[142.118126,1547816960],[142.226245,1550921728],[142.624237,1551101952],[142.838827,1551474688],[142.877361,1552510976],[143.053232,1552723968],[143.125752,1554923520],[143.350415,1555816448],[143.354596,1558949888],[143.735384,1559351296],[143.765957,1560584192],[144.082015,1560875008],[144.117435,1561788416],[144.234811,1561923584],[144.311014,1563791360],[144.477413,1564069888],[144.481313,1566076928],[144.662654,1566986240],[144.871272,1567293440],[144.895459,1567891456],[145.120073,1568272384],[145.349226,1569751040],[145.411644,1571880960],[145.771104,1572814848],[145.773108,1575964672],[146.191635,1576030208],[146.528637,1577549824],[146.558173,1578405888],[146.956546,1579368448],[147.154621,1584398336],[147.158146,1587576832],[147.614475,1587757056],[147.717978,1590980608],[147.91597,1591255040],[148.545742,1591451648],[148.603486,1592889344],[148.934014,1593282560],[148.971426,1594232832],[149.092883,1594433536],[149.102444,1598631936],[149.514774,1599340544],[149.55522,1600614400],[149.783004,1601015808],[149.834178,1602973696],[150.281948,1603608576],[150.378402,1606176768],[150.807813,1606967296],[150.848075,1607733248],[151.177375,1607888896],[151.368214,1612517376],[151.781179,1612693504],[152.004722,1613053952],[152.06231,1614667776],[152.250306,1614934016],[152.297037,1616461824],[152.800838,1616646144],[153.066696,1617379328],[153.210735,1618264064],[153.294473,1620791296],[153.477149,1620992000],[153.530412,1622614016],[153.897138,1623130112],[154.162315,1623138304],[154.420782,1623900160],[154.584537,1628049408],[154.918713,1628532736],[154.94896,1629794304],[155.69845,1631326208],[155.732104,1632264192],[155.94759,1632649216],[156.084555,1633640448],[156.127548,1634893824],[156.499448,1635569664],[156.629354,1636528128],[156.756937,1640534016],[157.195791,1641517056],[157.421444,1641787392],[157.596525,1646489600],[157.605931,1648525312],[157.69869,1648828416],[157.767733,1652473856],[157.774023,1656582144],[157.912335,1657151488],[159.336027,1657233408],[159.596993,1657667584],[159.792781,1659518976],[160.01237,1660235776],[160.020494,1666527232],[160.11616,1666871296],[160.210192,1669443584],[160.594073,1670119424],[160.795617,1672945664],[161.052114,1673388032],[161.145513,1675882496],[161.424704,1676386304],[161.481585,1678684160],[161.583431,1680179200],[162.272175,1681240064],[162.325553,1682599936],[162.507822,1682964480],[162.508921,1684463616],[162.852392,1684987904],[162.937732,1686564864],[163.277387,1687068672],[163.4146,1688588288],[163.419164,1694916608],[163.862198,1695223808],[164.179551,1696043008],[164.219878,1697251328],[164.420811,1697484800],[164.466988,1698750464],[164.971107,1699581952],[165.28121,1700712448],[165.403061,1702223872],[165.467751,1704173568],[165.853655,1704624128],[165.879417,1705447424],[166.062206,1705545728],[166.153292,1707851776],[166.60529,1708474368],[166.74533,1708908544],[166.819391,1711116288],[167.180066,1711611904],[167.218703,1712783360],[167.405869,1712799744],[167.492661,1715875840],[168.132487,1715949568],[168.216523,1718681600],[168.665056,1718706176],[168.901047,1719042048],[168.994043,1720700928],[169.015854,1726992384],[169.459341,1727512576],[169.721758,1730695168],[169.896856,1731125248],[169.981214,