{"summary":{"timestamp":1373524660,"hash":"9239d697889465dec4da1b30d13d731b96a0f40d","max_memory":1597538304,"cpu_time":398.27,"pull_request":7691},"memory_data":[[0.015522,4096],[0.032665,40960],[0.04718,8220672],[0.168115,18354176],[0.233424,20828160],[0.282276,26046464],[0.343526,27357184],[0.369395,31805440],[0.409871,31846400],[0.472714,35422208],[0.569091,46166016],[0.637472,46587904],[0.659693,49934336],[0.711885,50331648],[0.784426,54063104],[0.831502,58544128],[0.8576,63496192],[0.914822,63541248],[1.005331,67911680],[1.153106,83152896],[1.240399,83267584],[1.261942,89493504],[1.363123,99057664],[1.497199,98922496],[1.5356,100114432],[1.6439,109318144],[1.681496,114991104],[1.822278,115367936],[1.892969,121057280],[1.987427,123813888],[2.055117,129806336],[2.089505,129851392],[2.109565,132907008],[2.144913,132927488],[2.260362,140558336],[2.307284,141672448],[2.327002,144982016],[2.409694,148074496],[2.430153,151658496],[2.481215,151662592],[2.540689,155127808],[2.620503,161685504],[2.685388,162758656],[2.733934,166875136],[2.78147,168198144],[2.839204,172183552],[2.889347,178647040],[3.004536,182439936],[3.039242,186241024],[3.06802,186347520],[3.159426,193654784],[3.168732,198000640],[3.217741,200503296],[3.334388,233996288],[3.489272,277475328],[3.796917,367566848],[3.96264,414081024],[4.077438,429887488],[4.143854,440545280],[4.233542,456736768],[4.255102,457818112],[4.350724,472842240],[4.397475,482185216],[4.539719,505155584],[4.620591,509399040],[4.706143,520138752],[4.868529,544190464],[4.946196,558415872],[5.04015,571035648],[5.145289,587366400],[5.158951,587468800],[5.203692,595890176],[5.301787,610082816],[5.55739,650727424],[5.588541,653672448],[5.734153,677982208],[5.76725,685817856],[6.039524,759857152],[6.574727,911085568],[6.71607,949125120],[6.990528,1024208896],[7.428946,1147940864],[7.588598,1192550400],[7.607147,1194373120],[7.690391,1216950272],[8.408631,1216954368],[8.515017,1218813952],[8.617342,1223548928],[8.808258,1235542016],[8.893124,1243623424],[9.133171,1243627520],[9.173363,1246584832],[9.180113,1251135488],[9.21847,1251168256],[9.232369,1257840640],[9.312643,1258000384],[9.335088,1261817856],[9.49346,1261924352],[9.550155,1333231616],[9.724003,1333391360],[9.768394,1344315392],[9.80041,1347813376],[9.8867,1350131712],[9.897426,1353986048],[9.941364,1353994240],[9.952266,1358647296],[10.203808,1358651392],[10.423826,1360711680],[10.593808,1363406848],[10.630535,1364742144],[10.828658,1365823488],[11.113778,1366093824],[11.621846,1366118400],[11.630387,1370812416],[12.101526,1371230208],[12.689415,1371447296],[13.655437,1371480064],[13.657465,1372229632],[13.918965,1372237824],[13.947349,1372835840],[14.433187,1372839936],[14.566751,1373167616],[14.720152,1374810112],[14.721161,1375645696],[14.922014,1376206848],[15.207534,1376227328],[15.215337,1377456128],[15.376861,1378635776],[15.486972,1380667392],[15.974443,1380757504],[16.18847,1382199296],[16.403846,1382219776],[16.534091,1383256064],[16.938443,1383378944],[17.530523,1385775104],[17.602435,1386786816],[17.624491,1388584960],[18.037062,1388601344],[18.236096,1389641728],[18.570576,1390354432],[18.786981,1391169536],[18.866769,1392009216],[19.41807,1392283648],[19.665483,1392603136],[19.730897,1393524736],[19.990721,1393537024],[20.17621,1394294784],[20.360881,1394327552],[20.580501,1395712000],[21.15737,1396510720],[21.240866,1397129216],[21.881509,1398779904],[21.947103,1399820288],[22.17805,1399984128],[22.181804,1400537088],[22.957363,1401872384],[23.140435,1402834944],[23.648233,1403457536],[25.562701,1403461632],[26.294491,1405104128],[26.860847,1405366272],[26.964711,1406402560],[26.966618,1407782912],[27.293411,1407787008],[27.325755,1408552960],[27.549659,1408647168],[27.631478,1411866624],[27.641341,1410547712],[27.750036,1411010560],[28.224663,1411149824],[28.408453,1412579328],[28.741386,1413242880],[28.91201,1415049216],[29.290638,1415323648],[29.347989,1416314880],[29.714913,1417170944],[29.717088,1418350592],[29.827191,1419063296],[31.012906,1419153408],[31.475275,1419509760],[31.512836,1421504512],[31.585042,1421529088],[31.588657,1423142912],[34.993003,1423151104],[35.078483,1425178624],[35.243193,1425387520],[36.326082,1425387520],[37.638793,1427484672],[39.110826,1427517440],[39.40779,1427755008],[39.55841,1428684800],[39.791373,1431392256],[40.015083,1432600576],[40.265136,1436291072],[40.732129,1442635776],[40.890539,1446023168],[41.432432,1451200512],[41.655069,1453776896],[42.303443,1453797376],[42.594957,1456570368],[42.782911,1459785728],[43.030466,1462415360],[43.115403,1462882304],[43.405844,1466343424],[43.480771,1466740736],[43.825138,1471287296],[43.948858,1472114688],[43.953768,1475047424],[44.17619,1475764224],[44.605677,1481383936],[44.616445,1482305536],[44.835565,1483882496],[45.254698,1491763200],[45.38326,1493233664],[46.161501,1494441984],[46.555844,1495539712],[46.764152,1495805952],[47.457932,1497481216],[47.816552,1497853952],[48.411948,1499095040],[48.761199,1500082176],[48.936132,1500233728],[49.425863,1502511104],[49.669957,1502769152],[50.651345,1505079296],[50.732573,1505431552],[51.434797,1506590720],[51.716332,1507627008],[52.056811,1508294656],[52.154579,1508954112],[52.310065,1508970496],[53.056901,1510387712],[53.337996,1511239680],[53.52844,1511436288],[53.804044,1512382464],[53.978534,1512599552],[54.15727,1514283008],[54.178842,1517699072],[54.385952,1518362624],[54.386095,1520500736],[54.938566,1520504832],[55.438475,1522003968],[55.761829,1522401280],[56.453725,1524068352],[57.140671,1524875264],[57.631497,1525886976],[57.675479,1528184832],[57.685796,1526120448],[58.40002,1526976512],[58.884949,1528000512],[59.165961,1528999936],[59.334174,1529171968],[59.59654,1530429440],[59.864529,1531297792],[60.152963,1531723776],[60.700791,1532002304],[61.139922,1532030976],[62.647882,1460723712],[64.791404,1460731904],[67.695452,1462829056],[67.71545,1460731904],[77.715511,1462829056],[77.734941,1462427648],[84.202625,1462439936],[87.732148,1464537088],[87.751665,1464139776],[92.656802,1464147968],[97.748831,1466245120],[97.768796,1465253888],[107.768859,1467351040],[107.788426,1466626048],[117.785545,1468702720],[117.800162,1466626048],[123.884453,1466634240],[127.802207,1468719104],[127.821672,1466634240],[137.818838,1468731392],[137.838367,1466646528],[147.83554,1468731392],[147.855709,1466646528],[157.85553,1468743680],[157.874853,1466679296],[167.872301,1468776448],[167.885044,1466683392],[169.164904,1466691584],[177.892095,1468788736],[177.907126,1466691584],[187.912207,1468788736],[187.92992,1466691584],[197.932162,1468788736],[197.952464,1466691584],[206.994676,1466695680],[207.952177,1468792832],[207.969588,1466695680],[216.503679,1466712064],[217.972208,1468796928],[217.984814,1466712064],[227.208332,1466732544],[227.992184,1468833792],[228.009767,1466736640],[234.466425,1466757120],[238.01217,1468854272],[238.029545,1466793984],[245.36971,1466818560],[246.768083,1466839040],[248.032124,1468936192],[248.044505,1466839040],[249.717621,1466863616],[258.048778,1468960768],[258.0661,1466884096],[264.282932,1466982400],[266.997752,1466986496],[268.065469,1469083648],[268.077358,1466986496],[275.402527,1466994688],[278.082071,1469108224],[278.094243,1467011072],[285.620715,1467039744],[288.10362,1469136896],[288.116392,1467039744],[292.268899,1467129856],[296.583166,1467142144],[298.118839,1469239296],[298.133709,1467142144],[299.11557,1467174912],[306.658698,1467203584],[308.138716,1469325312],[308.159007,1467289600],[313.761401,1467318272],[313.816197,1467371520],[317.878333,1467379712],[318.166207,1469530112],[318.178963,1467506688],[321.119485,1467514880],[321.474132,1467564032],[328.178779,1469661184],[328.198738,1467699200],[338.198792,1469796352],[338.219062,1467887616],[348.218692,1469984768],[348.236239,1467912192],[358.23538,1470009344],[358.255104,1467912192],[368.252084,1470009344],[368.271935,1467912192],[378.268791,1470009344],[378.288775,1467912192],[381.60561,1467916288],[381.887813,