{"summary":{"timestamp":1368683567,"hash":"92b7a453956f0548cf6c89117c8ae48d81553582","max_memory":1689362432,"cpu_time":111.23,"pull_request":6488},"memory_data":[[0.001583,8192],[0.005984,8134656],[0.162097,10428416],[0.225818,14962688],[0.276165,16588800],[0.376743,22421504],[0.445862,24182784],[0.525419,30875648],[0.623949,32067584],[0.683823,34828288],[0.707532,38195200],[0.81147,40497152],[0.922176,49147904],[0.987895,49283072],[0.991212,52035584],[1.046231,56279040],[1.108639,56283136],[1.152243,60465152],[1.282552,61485056],[1.347545,65294336],[1.369906,68718592],[1.469406,68726784],[1.551557,71229440],[1.600165,74481664],[1.658248,75595776],[1.751791,80576512],[1.862613,84013056],[1.945544,88420352],[1.978037,88518656],[2.082697,93573120],[2.097677,95547392],[2.178859,97284096],[2.26398,101683200],[2.290387,106213376],[2.371576,107229184],[2.412936,110927872],[2.639749,140857344],[2.749246,148512768],[2.856176,157483008],[2.896731,162893824],[2.982152,168886272],[3.038755,175558656],[3.093502,179920896],[3.209929,192978944],[3.242955,195063808],[3.384306,209809408],[3.57995,209833984],[3.658523,234766336],[3.911824,312745984],[4.165756,392744960],[4.193435,394805248],[4.455443,487174144],[4.466938,489992192],[4.547171,490029056],[4.571545,494792704],[4.573695,503713792],[4.597678,499519488],[4.601318,517349376],[4.620495,508432384],[4.652634,509132800],[4.658246,544788480],[4.696724,544542720],[4.69688,526958592],[4.761879,528347136],[4.773737,599654400],[4.851396,563998720],[4.970378,565915648],[5.008006,568844288],[5.0269,573689856],[5.059412,592658432],[5.063143,588296192],[5.105006,589217792],[5.123943,598523904],[5.126281,606322688],[5.162198,607539200],[5.175328,625577984],[5.326687,625840128],[5.398898,626929664],[5.690773,627490816],[5.729027,635326464],[5.907361,635678720],[5.907714,636817408],[6.018446,636841984],[6.019002,639438848],[6.263067,639455232],[6.264335,644681728],[6.768521,646778880],[6.77012,655171584],[8.035125,655327232],[8.038657,675897344],[8.049175,659939328],[8.430903,660717568],[8.439724,661975040],[8.611285,662114304],[8.644042,670441472],[8.675964,670560256],[8.678211,678830080],[8.745247,678887424],[8.749934,695607296],[8.876195,696041472],[8.890833,697135104],[8.894262,707620864],[8.905705,708472832],[9.404917,708980736],[9.430326,711368704],[10.471858,711512064],[10.472666,713465856],[10.763907,713469952],[10.893699,714043392],[11.173049,716656640],[11.527315,717500416],[11.833206,719044608],[11.912888,720236544],[12.031279,720740352],[12.032507,724799488],[12.30395,724869120],[12.309849,725409792],[12.731754,725426176],[12.946627,726941696],[13.395397,727982080],[13.706841,729071616],[13.76052,729673728],[14.203856,730529792],[14.204356,731697152],[14.416242,731762688],[14.677677,732606464],[14.872231,733802496],[15.024661,733954048],[15.341147,735117312],[15.371479,736210944],[15.467019,736239616],[15.467901,737783808],[15.893216,738074624],[15.961295,738807808],[16.121811,738967552],[16.447754,740470784],[16.450831,748892160],[17.779093,749064192],[17.779524,751382528],[18.150237,751386624],[18.305485,752246784],[18.519144,752660480],[18.556219,753369088],[18.781896,753606656],[19.106452,754679808],[19.584606,755515392],[19.830531,756867072],[19.831354,758882304],[20.08013,758898688],[20.495334,761450496],[20.674453,761532416],[20.714829,762118144],[21.198853,763871232],[21.607558,764952576],[21.609233,767983616],[21.917229,768020480],[21.972615,769712128],[21.973905,772308992],[22.018208,772313088],[22.019889,777551872],[22.153341,777703424],[22.156598,788037632],[22.673861,788250624],[22.903516,790347776],[22.906522,788254720],[23.447666,788316160],[23.902532,788647936],[24.97014,788647936],[25.309004,790745088],[25.320773,800169984],[25.321091,788647936],[26.027367,788688896],[26.032616,790441984],[26.981373,790536192],[27.109328,792121344],[27.19857,792252416],[27.31737,794636288],[27.323509,800931840],[27.329185,824000512],[27.369359,838733824],[27.469406,838864896],[27.539812,840962048],[27.541959,847253504],[27.596451,849350656],[27.597947,853544960],[27.808522,853549056],[27.865464,856006656],[27.875652,870825984],[27.89653,871174144],[27.89893,879562752],[27.922781,880087040],[27.924874,886378496],[28.019065,888705024],[28.100693,893845504],[28.285489,903823360],[28.290516,912404480],[28.306759,912551936],[28.308758,918843392],[28.423239,923492352],[28.565618,926437376],[28.635685,929677312],[28.746729,932413440],[28.747496,934510592],[28.806848,935276544],[28.809324,943665152],[28.969332,948199424],[29.106527,953708544],[29.108676,960000000],[29.258807,965222400],[29.296985,965550080],[29.436085,970317824],[29.437917,976609280],[29.479842,980086784],[29.544129,980852736],[29.546513,989241344],[29.627112,992350208],[29.627627,993927168],[29.694124,995487744],[29.705494,1000914944],[29.713395,1016483840],[29.728017,1016868864],[29.741001,1031806976],[29.997748,1040375808],[30.10912,1045495808],[30.191136,1047711744],[30.285681,1051598848],[30.287739,1057890304],[30.533286,1066586112],[30.579996,1067610112],[30.810076,1076789248],[30.921941,1080311808],[31.2877,1094729728],[31.297758,1111633920],[31.353587,1113743360],[31.355428,1120034816],[31.548936,1127735296],[31.801373,1135120384],[31.944078,1136455680],[32.1173,1142104064],[32.117639,1144201216],[32.317245,1152622592],[32.426833,1156694016],[32.519992,1158676480],[32.626871,1162645504],[32.677947,1163427840],[32.940983,1173454848],[32.943569,1181843456],[33.103357,1188085760],[33.142277,1188843520],[33.237394,1193627648],[33.3973,1199288320],[33.621581,1204539392],[33.784347,1210937344],[33.886079,1213300736],[34.210095,1224974336],[34.210942,1228091392],[34.351113,1231081472],[34.353231,1237372928],[34.467968,1240870912],[34.573401,1243189248],[34.627015,1245360128],[34.629503,1253748736],[34.782683,1259069440],[34.881436,1261248512],[34.887644,1275953152],[35.034557,1280966656],[35.065905,1281343488],[35.1792,1285992448],[35.300174,1287675904],[35.303962,1304436736],[35.550427,1304457216],[35.852217,1314250752],[36.155488,1325707264],[36.468713,1336975360],[36.54448,1340960768],[36.686186,1344544768],[36.806772,1349234688],[36.809272,1357623296],[37.035297,1365463040],[37.092725,1368297472],[37.141061,1368891392],[37.325744,1376022528],[37.534276,1383452672],[37.586095,1384591360],[37.783348,1392148480],[37.837804,1393664000],[37.841127,1400209408],[37.894632,1401626624],[37.898125,1405898752],[37.929852,1408700416],[38.235027,1417871360],[38.541013,1427619840],[38.595014,1429762048],[38.600455,1436172288],[38.626001,1443979264],[38.838934,1451425792],[38.839649,1454665728],[39.050766,1461956608],[39.129473,1463975936],[39.129802,1466073088],[39.325725,1472446464],[39.540595,1478828032],[39.639661,1483608064],[39.798684,1488613376],[39.799651,1492807680],[40.021909,1501233152],[40.078442,1502552064],[40.163164,1506885632],[40.432736,1517834240],[40.567551,1521520640],[40.652915,1524809728],[40.655104,1531101184],[40.895876,1539997696],[40.980286,1542504448],[41.108097,1547833344],[41.118263,1562648576],[41.259805,1568468992],[41.363062,1571913728],[41.369765,1584508928],[41.398738,1585438720],[41.415226,1604296704],[41.444894,1610838016],[41.453143,1625624576],[41.463293,1625931776],[41.469686,1640620032],[41.481212,1649344512],[41.603696,1652543488],[41.617154,1673023488],[41.678467,1677053952],[41.853381,1679503360],[41.854634,1681321984],[42.331818,1686626304],[42.599947,1687764992],[42.610911,1678237696],[42.755985,1675603968],[42.759049,1598791680],[42.770006,1411616768],[42.77018,1302503424],[42.772379,1286578176],[42.836171,1287069696],[42.917079,1290719232],[44.125921,1290858496],[45.991965,1290964992],[45.994372,1291198464],[46.607635,1291358208],[46.611307,1307844608],[46.72851,1309945856],[46.731331,1341403136],[46.739873,1339346944],[46.740208,1324756992],[47.138005,1316364288],[47.138058,1291198464],[47.860921,1291583488],[51.795462,1291587584],[51.822757,1291816960],[52.826695,1291907072],[52.913493,1294004224],[52.916481,