{"summary":{"timestamp":1375479000,"hash":"9457ebee550d8f77ffc9b895acddae8946ee631e","max_memory":1967869952,"cpu_time":145.3,"pull_request":null},"memory_data":[[0.003023,4096],[0.070534,6238208],[0.131397,7647232],[0.201176,11010048],[0.375631,12083200],[0.449356,13533184],[0.528406,18743296],[0.836196,23834624],[0.839491,28635136],[1.015266,31711232],[1.062359,40607744],[1.099413,44494848],[1.128353,50876416],[1.154907,51818496],[1.221182,60821504],[1.283985,74960896],[1.308067,74764288],[1.36926,80400384],[1.392542,85639168],[1.461596,93327360],[1.546182,111828992],[1.586258,112558080],[1.629574,121827328],[1.660846,122220544],[1.724456,132988928],[1.752094,135589888],[1.78459,142565376],[1.829242,142577664],[1.864288,148287488],[1.943279,155889664],[2.105876,178683904],[2.122424,178741248],[2.170497,187052032],[2.201471,188674048],[2.253558,196714496],[2.302954,202104832],[2.334222,209145856],[2.381411,212254720],[2.402928,217018368],[2.442496,220848128],[2.484385,227581952],[2.508782,237285376],[2.525932,237297664],[2.656943,289841152],[2.849868,369123328],[2.915879,395431936],[2.925959,396042240],[3.023838,417284096],[3.080878,432881664],[3.149405,446717952],[3.197089,460111872],[3.254849,474005504],[3.291235,477679616],[3.350979,488755200],[3.386728,497188864],[3.455325,510173184],[3.499088,522264576],[3.561201,533659648],[3.653764,555364352],[3.776105,581267456],[3.849486,600186880],[3.950836,621244416],[3.997958,634281984],[4.203171,718741504],[4.476675,832897024],[4.5667,868945920],[4.771245,953671680],[5.039812,1066786816],[5.12844,1102622720],[5.286512,1170726912],[5.411265,1225150464],[5.506991,1265221632],[5.679803,1339125760],[6.292793,1339129856],[6.300339,1387364352],[6.394107,1387364352],[6.397488,1391558656],[6.433453,1397850112],[6.481347,1399947264],[6.493251,1410433024],[6.577364,1410502656],[6.67554,1411850240],[6.714016,1414635520],[6.778363,1415655424],[6.849228,1418477568],[6.988065,1419489280],[7.273071,1419866112],[9.363148,1419870208],[9.648554,1420091392],[9.721379,1421193216],[10.166755,1421344768],[10.212061,1421824000],[20.153684,1421828096],[20.856569,1422012416],[22.149774,1422143488],[22.151796,1422364672],[22.978964,1422368768],[23.527049,1422524416],[24.90905,1422589952],[25.201643,1422737408],[27.066935,1422893056],[27.270122,1424793600],[27.855393,1425186816],[28.363829,1424134144],[29.538851,1424244736],[35.060459,1424248832],[35.301471,1425055744],[38.045529,1425125376],[39.060585,1425256448],[39.181687,1428340736],[41.126009,1428344832],[41.15341,1429225472],[45.760153,1429360640],[45.793663,1429532672],[59.071104,1429524480],[59.075238,1429299200],[103.45592,1429336064],[103.475107,1439277056],[103.496275,1462013952],[116.802245,1462018048],[116.808663,1462145024],[118.523439,1462177792],[118.58174,1462898688],[118.708346,1462521856],[118.984923,1462525952],[119.252479,1463181312],[119.390296,1464074240],[119.634495,1464565760],[119.635299,1465561088],[119.800045,1465602048],[120.777649,1467707392],[120.916159,1468297216],[121.285265,1469009920],[121.339575,1470115840],[121.750731,1470119936],[121.934744,1470590976],[122.050013,1471848448],[122.383808,1472098304],[122.451802,1472679936],[122.684536,1472684032],[122.738217,1473380352],[122.886804,1473409024],[122.943734,1474940928],[123.146303,1474420736],[123.456776,1474428928],[123.746303,1476177920],[123.90247,1475514368],[123.988064,1476644864],[124.11653,1476341760],[124.312809,1476845568],[124.43734,1477926912],[124.584961,1477902336],[124.677002,1478844416],[124.693457,1480343552],[124.88012,1480474624],[124.883184,1479331840],[125.207586,1479335936],[125.261442,1480351744],[125.490867,1480003584],[125.659992,1481265152],[125.833166,1481355264],[125.922098,1482432512],[125.934414,1483796480],[126.088013,1483939840],[126.105977,1483214848],[126.764864,1483296768],[126.949945,1483644928],[127.024943,1485074432],[127.132711,1484390400],[127.354305,1484427264],[127.521182,1485385728],[128.355164,1485393920],[128.3896,1487089664],[128.45464,1487142912],[128.490125,1489027072],[128.586924,1489485824],[128.605923,1488044032],[129.140261,1487929344],[129.464197,1488207872],[129.571551,1488994304],[129.986041,1489293312],[130.058698,1490845696],[130.19182,1490976768],[130.228747,1489928192],[130.817375,1491664896],[131.120338,1491701760],[131.568799,1492791296],[131.74153,1495326720],[132.022925,1495371776],[132.083221,1495920640],[132.929697,1495953408],[132.958492,1499258880],[133.016786,1499410432],[134.83105,1499410432],[135.591622,1499545600],[135.69712,1502470144],[135.790327,1503465472],[137.546623,1503539200],[137.766077,1503617024],[137.805198,1504706560],[138.290235,1504825344],[138.369622,1505521664],[138.431128,1507819520],[138.544186,1509347328],[139.2765,1509384192],[139.277275,1510424576],[140.50991,1510510592],[140.720621,1510932480],[140.723136,1512517632],[141.102459,1512550400],[141.357075,1513394176],[141.394828,1515687936],[141.876848,1515786240],[141.878388,1517789184],[142.453038,1517875200],[142.513367,1518641152],[143.246958,1518645248],[143.372447,1519628288],[143.806978,1519771648],[144.391872,1520807936],[144.401822,1522434048],[144.675653,1523109888],[144.678378,1523507200],[146.417121,1525276672],[146.840511,1525907456],[147.074632,1526550528],[147.076478,1527971840],[147.204425,1528000512],[147.208742,1529548800],[147.555355,1529585664],[147.633107,1531256832],[147.968054,1531416576],[147.972459,1533489152],[148.327799,1533526016],[148.328578,1534550016],[148.871843,1534574592],[149.064503,1535143936],[149.204213,1536319488],[149.710511,1537392640],[149.884293,1539457024],[150.313163,1540116480],[150.346908,1541038080],[150.664863,1541816320],[150.776642,1542438912],[150.881211,1545936896],[150.980532,1547112448],[151.124375,1547350016],[151.726314,1547386880],[152.138711,1548324864],[152.143862,1550422016],[152.303177,1550508032],[152.405522,1551384576],[152.650733,1552351232],[152.761289,1555456000],[153.38338,1556287488],[153.41339,1557069824],[153.583175,1557270528],[153.66833,1559957504],[153.758891,1560023040],[153.765858,1563127808],[154.264283,1563926528],[154.30643,1565315072],[154.638343,1565859840],[154.788684,1566724096],[154.866752,1568714752],[155.202054,1568886784],[155.226436,1569669120],[155.432412,1569943552],[155.457067,1570680832],[155.687708,1570934784],[155.933074,1572638720],[155.996742,1574764544],[156.162223,1575055360],[156.168243,1578209280],[156.675957,1578250240],[156.975836,1579270144],[157.138569,1580290048],[157.168133,1581158400],[157.337899,1581539328],[157.345454,1584627712],[157.585283,1585246208],[157.800685,1590456320],[158.277411,1590722560],[158.350084,1593475072],[158.425932,1594093568],[158.855469,1594114048],[159.169422,1594462208],[159.17847,1598664704],[159.26577,1598803968],[159.323279,1600221184],[159.649586,1600700416],[159.682725,1601568768],[159.68605,1605734400],[160.274016,1605918720],[160.521926,1606557696],[160.597356,1608724480],[161.027985,1609244672],[161.106607,1611579392],[161.570057,1612345344],[161.613338,1613197312],[161.973919,1613602816],[162.053418,1616494592],[162.129164,1617883136],[162.411094,1618374656],[162.772386,1618128896],[162.833451,1619767296],[163.019852,1619984384],[163.077435,1622040576],[163.608448,1622638592],[164.015705,1623683072],[164.100556,1626198016],[164.280475,1626034176],[164.345284,1628200960],[164.687102,1628635136],[165.290014,1629802496],[165.430126,1633628160],[165.760703,1634148352],[165.834571,1636151296],[166.331769,1636159488],[166.58789,1636810752],[166.619772,1637724160],[166.836118,1638109184],[166.978926,1639100416],[167.022669,1640370176],[167.358171,1641017344],[167.541886,1641791488],[167.672294,1645858816],[168.357447,1647149056],[168.532478,1651773440],[168.542491,1653874688],[168.641438,1653764096],[168.657673,1655988224],[168.739842,1657815040],[169.827218,1657946112],[169.843857,1670201344],[169.8486,1663938560],[170.202008,1664196608],[170.683755,1665032192],[170.898214,1666347008],[171.037572,1666568192],[171.04009,