{"summary":{"timestamp":1403756487,"hash":"99519cc8e645dd50522c2f32cf55ef8c15583012","max_memory":1979133952,"cpu_time":183.79,"pull_request":15162},"memory_data":[[0.003133,4096],[0.055182,434176],[0.080164,10559488],[0.180324,12337152],[0.19293,14905344],[0.245409,16314368],[0.270228,19251200],[0.345777,22863872],[0.411619,31416320],[0.583912,37638144],[0.599395,45056000],[0.711484,47644672],[0.7632,49913856],[0.791129,55037952],[0.840383,57831424],[0.867937,63049728],[0.941246,67387392],[0.96353,71966720],[1.035707,77754368],[1.04845,81010688],[1.083116,81383424],[1.107523,85794816],[1.131808,86040576],[1.205349,96583680],[1.314961,101777408],[1.31512,103874560],[1.38398,106962944],[1.384077,109064192],[1.435925,111607808],[1.43602,113704960],[1.489043,116371456],[1.490272,118468608],[1.545745,121188352],[1.587983,127512576],[1.652529,130838528],[1.652625,132935680],[1.701077,135131136],[1.718724,138162176],[1.812695,138919936],[1.880198,155697152],[1.880286,157794304],[1.948526,174178304],[1.979795,184811520],[2.026771,196640768],[2.041191,196190208],[2.082578,174010368],[2.28211,175616000],[2.476986,179113984],[2.886108,188923904],[3.056114,194195456],[3.195695,205496320],[3.323703,216788992],[3.323897,218890240],[3.400602,223961088],[3.400695,226058240],[3.457637,229490688],[3.457758,231587840],[3.522246,235769856],[3.522343,237883392],[3.584336,241901568],[3.584435,243998720],[3.633202,247169024],[3.633395,249266176],[3.686326,252633088],[3.686981,254730240],[3.744939,258564096],[3.745414,260661248],[3.804236,264585216],[3.80443,266686464],[3.866163,270688256],[3.871936,273620992],[3.941734,277839872],[3.941828,279937024],[3.993856,283107328],[3.993954,285208576],[4.051343,289325056],[4.05144,291434496],[4.113763,295694336],[4.113857,297791488],[4.168966,301305856],[4.215692,308645888],[4.289376,313237504],[4.289469,315338752],[4.363227,319873024],[4.363324,321974272],[4.411979,325410816],[4.427505,329068544],[4.664522,329080832],[4.726598,342179840],[4.726689,344293376],[4.801084,362651648],[4.801175,364756992],[4.891516,388681728],[5.485003,388546560],[5.523902,378867712],[5.645328,381296640],[5.819199,388714496],[5.97294,388788224],[6.055571,390885376],[6.089082,395079680],[6.349512,401371136],[6.475705,401690624],[6.506826,393543680],[6.666432,396185600],[6.830419,396648448],[6.885563,400035840],[7.069781,403836928],[7.104018,405647360],[7.247383,409522176],[7.307008,420593664],[7.323149,427278336],[7.480004,429932544],[7.515607,431702016],[7.598376,432963584],[7.774401,439922688],[7.795744,443330560],[7.878167,444633088],[7.979078,462274560],[8.02726,464109568],[8.097397,471261184],[8.15758,471908352],[8.241617,475320320],[8.283108,480219136],[8.380059,483295232],[8.394794,485392384],[8.475029,488407040],[8.534396,488538112],[8.560578,490635264],[8.562151,496926720],[8.771871,499421184],[8.775432,512004096],[8.936749,512200704],[9.182747,514297856],[9.190351,531075072],[9.197558,524783616],[9.312394,526999552],[9.312705,531193856],[9.452238,531398656],[9.469199,532189184],[9.782411,532869120],[9.834722,534843392],[9.958766,528551936],[10.071642,528916480],[10.223829,531013632],[10.223918,533110784],[10.283417,537305088],[10.51467,537366528],[10.610957,540037120],[10.704551,540721152],[10.753988,543027200],[10.988621,543813632],[10.993839,550109184],[11.042329,550453248],[11.082093,554377216],[11.174084,557424640],[11.178062,561618944],[11.21664,563621888],[11.223038,567816192],[11.263697,570044416],[11.351699,578433024],[11.370777,589017088],[11.484906,589975552],[11.538257,593592320],[11.611234,595591168],[11.742971,596926464],[11.859981,597221376],[11.866665,599318528],[12.099964,600662016],[12.158513,607051776],[12.331377,607158272],[12.357319,609255424],[12.425067,609550336],[12.451852,611958784],[12.529617,614449152],[12.594009,614465536],[12.612711,616562688],[12.801779,616677376],[12.815044,618774528],[12.938806,620892160],[12.961161,627183616],[13.012685,629526528],[13.17726,633720832],[13.329503,635817984],[13.384905,635895808],[13.460315,640376832],[13.582024,642473984],[13.738828,646668288],[13.863723,650862592],[13.873131,652959744],[14.022722,657154048],[14.044687,661348352],[14.162733,663445504],[14.16336,665542656],[14.36458,676028416],[14.409471,680222720],[14.486174,684417024],[14.494346,686514176],[14.517795,678125568],[14.69259,678883328],[15.025219,679034880],[15.029047,681132032],[15.103079,683229184],[15.235722,683257856],[15.241579,685355008],[15.243058,704229376],[15.250498,708423680],[15.262243,697942016],[15.309995,700063744],[15.403864,700137472],[15.405735,702234624],[15.478592,704331776],[15.478682,706428928],[15.685887,710623232],[15.846266,712720384],[16.107351,716914688],[16.201761,721108992],[16.303883,723206144],[16.33162,725303296],[16.557486,727400448],[16.822996,731594752],[17.241691,739983360],[17.281676,742080512],[17.445148,744177664],[17.547983,746274816],[17.673096,746303488],[17.779064,748400640],[17.858347,752594944],[17.991485,754692096],[18.205128,758886400],[18.260568,758992896],[18.365846,763187200],[18.426775,763387904],[18.685539,767582208],[18.703416,775970816],[18.768873,778067968],[18.769189,782262272],[19.557532,784359424],[19.660197,786456576],[19.848243,788553728],[19.941329,790650880],[20.264784,792748032],[20.495082,796942336],[20.495168,799039488],[20.880386,803233792],[21.011711,805330944],[21.092754,807428096],[21.273225,809525248],[21.513504,811622400],[21.627658,813719552],[21.852689,815816704],[21.920156,817913856],[22.240509,822108160],[22.302264,824205312],[22.306235,853565440],[22.313631,855662592],[22.329279,874536960],[22.336675,849371136],[22.523397,851468288],[22.636517,853565440],[22.939608,857759744],[23.048311,859856896],[23.188625,864051200],[23.188713,866148352],[23.62714,870342656],[23.918216,872439808],[24.044684,874536960],[24.111938,876634112],[24.405716,880828416],[24.508478,882925568],[24.54197,887119872],[24.919308,889217024],[24.952918,891314176],[25.322336,893411328],[25.411015,895508480],[25.649611,897605632],[25.756101,899702784],[25.803405,901799936],[26.013085,903897088],[26.040272,905994240],[26.151157,908091392],[26.410756,910188544],[26.687126,916480000],[26.903387,920674304],[26.925316,922771456],[26.930993,937451520],[26.9351,929062912],[27.011152,931160064],[27.018277,935354368],[27.101808,939548672],[27.40866,941645824],[27.830536,945840128],[27.992204,947937280],[28.424964,952131584],[28.555527,954228736],[28.983988,958423040],[29.150787,960520192],[29.409401,962617344],[29.577708,964714496],[29.849838,968908800],[30.13452,971005952],[30.441041,975200256],[30.441309,979394560],[30.549943,981491712],[30.553379,987783168],[30.769481,987799552],[31.081158,992034816],[31.582503,996229120],[31.93361,1000423424],[32.193877,1002520576],[32.34435,1002573824],[32.362308,1004670976],[32.663045,1006768128],[32.745685,1008865280],[32.957247,1010962432],[33.329096,1015156736],[33.877613,1019351040],[34.076384,1021448192],[34.27083,1025642496],[34.302628,1027739648],[34.383091,1029836800],[34.77448,1034031104],[34.859499,1036128256],[34.86477,1038225408],[35.020489,1040322560],[35.586544,1042419712],[35.834329,1044516864],[36.137508,1048711168],[36.366509,1050808320],[36.535156,1052905472],[36.594917,1055002624],[36.755744,1057099776],[36.759431,1063391232],[37.19129,1065488384],[37.297526,1067585536],[37.438974,1067601920],[37.468983,1069699072],[37.787884,1073979392],[37.848624,1076076544],[38.045232,1078173696],[38.196264,1078177792],[38.207695,1080348672],[38.6466,1086640128],[38.930698,1088737280],[39.087647,1090834432],[39.299025,1092931584],[39.462635,1095028736],[39.693323,1099223040],[39.837295,1105514496],[39.878806,1109708800],[39.882824,1153748992],[39.90065,1164234752],[39.917255,1187303424],[39.941556,1208274944],[39.94932,1157943296],[40.007488,1160040448],[40.62036,1162137600],[40.895909,1164234752],[40.974923,1166331904],[41.222404,1168429056],[41.263633,1170526208],[41.54581,1172623360],[41.655298,1174720512],[41.828565,1176817664],