{"summary":{"timestamp":1373590360,"hash":"9a9c84fb8362c26f24b1ea8443a509047f27b38f","max_memory":1634676736,"cpu_time":176.94,"pull_request":7688},"memory_data":[[0.002918,4096],[0.044134,872448],[0.080876,5701632],[0.213124,10207232],[0.382351,11534336],[0.404076,14446592],[0.61289,18182144],[0.780345,21876736],[0.919484,22077440],[1.076724,24035328],[1.076982,26275840],[1.126946,26771456],[1.133467,29331456],[1.34379,32014336],[1.418639,42184704],[1.453672,44789760],[1.480479,49868800],[1.512625,51204096],[1.527873,55635968],[1.581331,59248640],[1.636081,69988352],[1.66978,70414336],[1.754445,78557184],[1.789784,87371776],[1.817168,87433216],[1.865018,91754496],[1.954525,107569152],[1.997534,107778048],[2.005957,113348608],[2.071686,122654720],[2.145508,123895808],[2.20369,131788800],[2.22863,139018240],[2.296806,139399168],[2.335904,145014784],[2.386222,147992576],[2.451345,156971008],[2.468778,156987392],[2.566982,169041920],[2.647262,175730688],[2.722383,185745408],[2.760168,187457536],[2.85654,198156288],[2.886348,204730368],[2.946766,208519168],[3.013908,216604672],[3.050646,226426880],[3.101262,227299328],[3.131166,240676864],[3.150897,240685056],[3.300475,306298880],[3.525844,408469504],[3.605505,443359232],[3.680798,461561856],[3.763794,486506496],[3.775263,487653376],[3.857231,511934464],[3.939954,534917120],[3.983085,539144192],[4.031562,549838848],[4.126719,574197760],[4.184627,591495168],[4.221052,599846912],[4.378275,640057344],[4.498091,673869824],[4.549031,685662208],[4.635425,710275072],[4.655698,718057472],[4.83049,793464832],[4.956907,849833984],[5.161651,939732992],[5.41968,1050972160],[5.561363,1114361856],[5.775426,1209135104],[5.877279,1252401152],[6.133341,1252511744],[6.18376,1254416384],[6.230455,1262612480],[6.294578,1278779392],[6.35806,1278803968],[6.381743,1285705728],[6.399073,1285799936],[6.407436,1295278080],[6.44419,1295310848],[6.451136,1299103744],[6.522828,1299214336],[6.531538,1343258624],[6.552568,1370521600],[6.767743,1372184576],[6.790727,1381761024],[6.828291,1385758720],[6.892452,1387761664],[6.896839,1391603712],[6.964303,1393360896],[6.969081,1398124544],[7.087975,1398509568],[7.221535,1401401344],[7.284292,1401450496],[7.348875,1404674048],[7.540889,1406656512],[7.542452,1408356352],[7.745879,1408401408],[7.748525,1410854912],[8.254223,1411289088],[8.258342,1413062656],[8.469192,1413210112],[8.470037,1414332416],[8.568543,1415536640],[8.861999,1416359936],[8.885504,1417400320],[9.025005,1417666560],[9.182483,1418915840],[9.368977,1422917632],[9.431252,1423335424],[9.471384,1425305600],[9.645154,1425346560],[9.800666,1426284544],[9.8021,1427406848],[10.144681,1428336640],[10.477267,1430294528],[10.624002,1432928256],[11.0789,1433374720],[11.372378,1436463104],[11.604822,1436672000],[11.690353,1437954048],[12.04711,1438453760],[12.475366,1438593024],[12.601873,1438965760],[12.985486,1438978048],[13.280772,1439526912],[13.387601,1442004992],[13.5666,1442426880],[13.804036,1444392960],[13.807873,1446125568],[13.968481,1447272448],[14.282052,1448206336],[14.283063,1448984576],[14.526002,1448996864],[14.664212,1449775104],[14.932139,1450262528],[15.27329,1450471424],[15.918228,1450487808],[15.975502,1453142016],[16.17795,1453875200],[16.404277,1453891584],[16.595491,1454657536],[16.75307,1455968256],[16.796925,1457225728],[17.025597,1457721344],[17.075291,1458978816],[17.340371,1459544064],[17.435734,1461223424],[17.563726,1461874688],[17.56564,1463873536],[17.739026,1464078336],[17.807228,1464864768],[18.183186,1465331712],[18.348539,1466437632],[18.600806,1466966016],[18.654982,1468764160],[18.657337,1471148032],[19.752942,1471225856],[19.901423,1472020480],[20.492433,1472176128],[20.602302,1472937984],[20.603948,1474420736],[20.7259,1474494464],[22.368286,1474560000],[22.48649,1474662400],[22.574893,1476042752],[22.845986,1476882432],[22.878084,1477955584],[23.082462,1481441280],[23.234506,1482895360],[23.351321,1484996608],[23.593148,1485021184],[23.597713,1490571264],[23.797763,1490575360],[23.873114,1493229568],[23.990226,1494458368],[24.065383,1497100288],[24.21338,1500340224],[24.340251,1504153600],[24.583827,1506873344],[24.806029,1510027264],[24.940365,1513463808],[25.209473,1518329856],[25.520217,1525727232],[25.640077,1527947264],[25.827616,1530105856],[25.906638,1532936192],[26.130388,1534791680],[26.327965,1539125248],[26.389934,1539629056],[26.527121,1542397952],[26.997959,1542418432],[27.182057,1543520256],[27.789309,1545687040],[28.288216,1547001856],[28.511387,1547902976],[28.519303,1551130624],[28.919011,1551155200],[29.341704,1553125376],[29.351617,1553604608],[29.825926,1555304448],[30.428756,1557983232],[30.993139,1559801856],[31.205095,1562304512],[31.533712,1563271168],[31.587958,1564266496],[31.79253,1565806592],[32.256842,1568104448],[32.862213,1569615872],[33.122998,1571020800],[33.705451,1573036032],[34.159213,1575419904],[34.793141,1575579648],[35.253513,1576288256],[35.661596,1576484864],[35.702595,1576751104],[36.122425,1532551168],[36.123618,1505443840],[36.192877,1506373632],[36.302383,1510379520],[36.343949,1510952960],[38.609914,1511038976],[38.666911,1512079360],[42.525182,1512271872],[43.999138,1512284160],[44.015598,1512452096],[44.922493,1512542208],[53.290285,1512558592],[78.02693,1512570880],[80.273976,1512583168],[104.052578,1512595456],[111.161825,1512615936],[112.458433,1512660992],[116.833447,1512697856],[119.249493,1512820736],[119.38017,1516265472],[123.166146,1516273664],[125.242599,1516417024],[132.343025,1516453888],[133.061072,1516474368],[138.932476,1516490752],[150.080981,1516691456],[153.136693,1516847104],[157.024859,1516945408],[157.026144,1517985792],[158.628625,1517993984],[158.897204,1518088192],[158.899485,1519665152],[160.49029,1519779840],[160.510644,1519968256],[161.361961,1520312320],[161.455187,1520676864],[161.900806,1520762880],[161.974123,1521111040],[162.384294,1521324032],[164.114322,1521954816],[164.153219,1522212864],[164.65953,1522388992],[164.707567,1522733056],[165.477787,1522999296],[165.614383,1523429376],[166.84109,1523625984],[167.82568,1524068352],[168.155505,1524498432],[169.11015,1524932608],[169.755507,1525710848],[170.407772,1525882880],[170.494941,1526423552],[171.124675,1526525952],[171.582689,1526943744],[171.846782,1527881728],[172.27753,1527918592],[172.493412,1528238080],[172.953514,1528324096],[173.454928,1528680448],[173.560189,1529417728],[173.821712,1529602048],[175.08845,1529741312],[175.29981,1530273792],[176.042266,1530408960],[176.07675,1531482112],[176.477681,1532981248],[176.587582,1534185472],[176.660633,1536774144],[176.922943,1537155072],[176.977652,1538928640],[177.675895,1540472832],[177.738724,1541287936],[177.749143,1558020096],[178.06185,1558765568],[178.456167,1558773760],[178.564904,1591779328],[178.655054,1591795712],[178.767331,1594466304],[179.219375,1594503168],[179.233516,1596518400],[179.387901,1596526592],[179.544816,1601929216],[179.622578,1602621440],[179.70418,1607028736],[179.734437,1612656640],[179.776122,1612697600],[179.800306,1616392192],[179.896288,1623961600],[179.917092,1626832896],[179.932462,1634148352],[179.999486,1632972800],[179.99957,1630547968],[180.126266,1630552064],[181.089148,1629011968],[181.094145,1611976704],[181.097434,1564774400],[181.114235,1565102080],[181.134521,1580634112],[181.148783,1564930048],[181.162889,1565655040],[181.180431,1576853504],[181.234601,1577189376],[181.246965,1580740608],[181.298041,1581985792],[181.311022,1589219328],[181.314554,1583337472],[181.35957,1588883456],[181.364053,1596452864],[181.380904,1596456960],[181.391059,1604087808],[181.424369,1612713984],[181.477149,1613918208],[181.478624,1580339200],[181.487009,1562267648],[181.681492,1562017792],[181.68166,1557913600],[181.92499,1557577728],[181.926672,1516843008],[181.931425,1476009984],[181.932423,1437220864],[181.939954,1356369920],[181.946651,1238118400],[181.959763,1078620160],[181.960766,1039585280],[181.968247,959053824],[181.972094,880611328],[181.976766,839012352],[181.977762,