{"summary":{"timestamp":1370652212,"hash":"9b0986acf4397207a29ee6f94433efd5b4b5bc79","max_memory":1544527872,"cpu_time":null,"pull_request":7001},"memory_data":[[0.001549,4096],[0.058583,491520],[0.10188,5582848],[0.252276,9732096],[0.389674,11112448],[0.455075,12587008],[0.475472,15273984],[0.566618,17666048],[0.591233,22822912],[0.839156,27582464],[0.942506,28385280],[0.942786,32710656],[0.974423,34807808],[0.974619,39002112],[1.015724,41635840],[1.016175,50024448],[1.228416,52969472],[1.232442,55066624],[1.341721,65687552],[1.373632,71979008],[1.438422,76173312],[1.452815,80367616],[1.49592,82464768],[1.54163,90853376],[1.577379,92950528],[1.592721,97144832],[1.66352,99241984],[1.687522,105533440],[1.731576,105533440],[1.758944,109727744],[1.805213,111824896],[1.876826,120213504],[1.99114,128602112],[2.008837,132796416],[2.054512,134893568],[2.079162,141185024],[2.125376,142024704],[2.152753,146219008],[2.212207,167190528],[2.257745,175579136],[2.363199,202842112],[2.472332,232202240],[2.497326,232800256],[2.529508,243286016],[2.655287,335560704],[2.759515,413155328],[2.778648,408961024],[2.784967,387989504],[2.799117,379600896],[2.809363,354435072],[2.819807,346046464],[2.821845,333463552],[2.842546,333348864],[2.890996,278441984],[2.909781,278659072],[2.938921,287830016],[2.94155,306704384],[2.951205,296218624],[2.96993,298369024],[2.975147,334020608],[2.99462,331923456],[2.994669,315146240],[3.031504,315207680],[3.042699,386514944],[3.082158,348766208],[3.10739,349708288],[3.390841,351186944],[3.442556,379105280],[3.447945,399462400],[3.448038,376512512],[3.508579,377393152],[3.529062,386699264],[3.561113,387690496],[3.581643,398577664],[3.65978,398831616],[3.759213,403460096],[3.826956,409407488],[3.941687,417460224],[3.985253,424034304],[4.084423,424546304],[4.087259,429793280],[4.227922,430452736],[4.237152,435695616],[4.549119,437055488],[4.596219,439209984],[4.603519,458031104],[4.614379,447541248],[4.749139,448081920],[4.867479,449347584],[4.9128,457781248],[4.950306,459878400],[4.956148,474562560],[4.962845,466169856],[5.044848,466518016],[5.173623,471388160],[5.467068,476282880],[5.777461,478371840],[5.779806,480538624],[5.892597,481824768],[6.125843,483516416],[6.238064,486825984],[6.239511,491012096],[6.288443,491708416],[6.290113,495865856],[6.612699,498225152],[6.643576,499122176],[6.849468,501174272],[6.93977,501297152],[7.264591,504205312],[7.444074,504287232],[7.536044,505114624],[7.542484,509280256],[7.799467,509390848],[7.893293,509829120],[7.899675,513884160],[8.215988,514863104],[8.32327,515964928],[8.323858,517472256],[8.771956,518664192],[9.807276,518680576],[9.944715,519360512],[9.950968,536006656],[9.957668,527613952],[10.007885,528830464],[10.217913,529211392],[10.517105,530944000],[10.517784,533037056],[10.691142,533610496],[10.815732,535699456],[10.834162,537251840],[10.927384,538963968],[11.31924,540377088],[11.360084,541233152],[11.361343,544346112],[11.692187,544567296],[11.733628,545533952],[11.771404,549572608],[11.775759,555741184],[11.845318,557838336],[11.854625,562032640],[12.180259,562233344],[12.216812,564330496],[12.221955,581107712],[12.229304,572715008],[12.431591,572747776],[12.509201,574132224],[12.539412,576786432],[12.743747,577130496],[12.744355,581160960],[12.833718,581234688],[12.839742,606498816],[13.031232,606580736],[13.036238,593780736],[13.153985,595877888],[13.15551,601673728],[13.230907,601788416],[13.234392,624754688],[13.240525,624918528],[13.240891,601686016],[13.609763,601690112],[13.612182,618479616],[13.618184,601686016],[13.640795,597516288],[14.064955,593321984],[14.583262,593448960],[14.832122,593797120],[15.006338,595189760],[15.320635,596312064],[15.886754,596586496],[15.907251,600756224],[15.936876,600780800],[16.032887,604979200],[16.062507,609112064],[16.205489,617553920],[16.332935,623845376],[16.415913,630140928],[16.42888,634335232],[16.487916,638529536],[16.569785,646918144],[16.836717,661598208],[16.892788,665792512],[17.034282,674181120],[17.219811,686764032],[17.400237,697249792],[17.553519,707735552],[17.752908,720318464],[17.840722,726609920],[17.964401,732901376],[18.0982,737095680],[18.234192,745484288],[18.318601,751775744],[18.369874,753872896],[18.559527,764358656],[18.842686,783233024],[18.983081,789524480],[19.040761,793718784],[19.127823,797913088],[19.22848,804204544],[19.269457,810496000],[19.382542,814690304],[19.745221,833564672],[19.7712,835661824],[19.888597,839856128],[19.932559,839860224],[19.933129,844050432],[20.099511,852439040],[20.250877,862924800],[20.488405,877604864],[20.582087,883896320],[20.582934,888090624],[20.630981,888090624],[20.631895,890187776],[20.691786,894382080],[20.748333,894386176],[20.74845,896479232],[20.990981,913256448],[21.076944,917450752],[21.342575,934227968],[21.387057,936325120],[21.675931,953102336],[21.838797,961490944],[22.004023,971976704],[22.013181,976171008],[22.089446,978268160],[22.149341,982462464],[22.150411,986656768],[22.216817,988753920],[22.468431,1003433984],[22.508998,1003446272],[22.573482,1007517696],[22.573534,1009614848],[22.683866,1016012800],[22.852119,1028595712],[22.925154,1032790016],[22.950634,1032794112],[23.060741,1041182720],[23.24875,1053765632],[23.252317,1057959936],[23.3134,1060061184],[23.313458,1062154240],[23.529127,1074737152],[23.65012,1081237504],[23.731049,1083334656],[23.773994,1089626112],[23.819841,1089630208],[23.825655,1100111872],[23.950547,1102209024],[24.206938,1093820416],[24.229691,1077043200],[24.332869,1058168832],[24.333316,1041387520],[24.343346,1028804608],[24.357518,1023971328],[24.364894,984104960],[24.400637,982466560],[24.410838,970936320],[24.41158,899739648],[24.474193,900333568],[24.612173,904302592],[24.686429,904708096],[24.686679,902115328],[25.240702,902119424],[25.285927,903143424],[26.139565,903254016],[26.25213,903389184],[27.833682,903393280],[28.104807,903532544],[29.063397,903548928],[29.500303,903725056],[30.405881,903794688],[30.454365,912318464],[30.499925,914415616],[30.505712,920707072],[30.54282,926998528],[30.543178,931192832],[30.595279,933289984],[30.74896,935387136],[30.751762,966844416],[30.760474,950067200],[30.954868,937484288],[30.958574,903929856],[31.108145,903942144],[32.687985,906039296],[32.688139,908136448],[32.763053,908480512],[32.767035,912674816],[32.800255,913305600],[33.550719,913866752],[34.395864,914157568],[38.716266,914259968],[38.71637,914579456],[39.156507,914595840],[39.870131,915013632],[40.007688,915255296],[40.963982,915767296],[42.083213,917864448],[42.088776,924155904],[44.893964,924172288],[45.184804,924483584],[45.731477,924635136],[46.075972,925147136],[48.989996,925151232],[49.63504,925208576],[49.803066,925741056],[49.971802,927838208],[49.972074,929935360],[51.275558,932360192],[51.276033,936554496],[51.308186,930263040],[51.977323,930267136],[52.719312,926072832],[53.488155,926162944],[55.972701,926167040],[55.994355,927473664],[56.373252,929570816],[56.37372,933765120],[56.425762,927473664],[56.979502,927711232],[56.988584,931905536],[57.109786,932040704],[57.429859,934137856],[57.430341,938332160],[57.486088,932040704],[57.539686,927846400],[58.827936,927862784],[58.874934,928436224],[59.337514,928505856],[59.478129,929320960],[60.521132,929587200],[60.928058,929943552],[61.480772,930004992],[64.779299,930037760],[64.832508,930435072],[71.280404,930439168],[74.859426,932536320],[74.85974,936730624],[78.220235,938827776],[78.223048,970285056],[78.230813,953507840],[79.429894,955604992],[79.522605,957702144],[80.998356,959799296],[81.401021,961896448],[81.893442,961945600],[81.903316,962560000],[82.504049,962691072],[82.569963,965107712],[82.966834,966049792],[83.629217,966361088],[83.76424,967348224],[84.108659,967352320],[84.136164,968237056],[84.487093,968318976],[84.505136,968871936],[84.700386,969154560],[84.766075,970276864],[84.791746,972374016],[84.886968,974475264],[86.683462,976572416],[88.075107,980766720],[88.86877,982863872],[89.413951,984961024],[90.069023,987058176],[90.372541,989155328],