{"summary":{"timestamp":1372354656,"hash":"9b6dfb85782a6ec50c39292626acf2c74b0ae754","max_memory":1277898752,"cpu_time":null,"pull_request":7414},"memory_data":[[0.001563,4096],[0.057122,430080],[0.092461,5496832],[0.183116,7184384],[0.240768,9646080],[0.298645,9945088],[0.463122,13672448],[0.582078,17879040],[0.787744,21921792],[0.856262,24674304],[0.856427,26873856],[1.060753,29310976],[1.091705,31911936],[1.154324,41013248],[1.181031,42704896],[1.204265,48082944],[1.259991,51576832],[1.273466,55992320],[1.313708,58220544],[1.353863,66564096],[1.377271,66715648],[1.402188,74203136],[1.434686,73949184],[1.479139,81739776],[1.518194,81739776],[1.588676,88784896],[1.658862,97787904],[1.755026,106733568],[1.766411,109907968],[1.824151,114995200],[1.842752,121311232],[1.888301,121696256],[1.959999,159592448],[2.027904,193966080],[2.059147,194940928],[2.09181,199794688],[2.199394,230182912],[2.215337,231407616],[2.367826,268984320],[2.469188,296820736],[2.657117,395612160],[2.801636,474746880],[2.83817,493895680],[3.075974,494071808],[3.200067,496173056],[3.21038,565379072],[3.491015,566906880],[3.537199,569548800],[3.658804,573136896],[3.761606,574386176],[3.984659,574586880],[5.074659,574631936],[5.16133,575873024],[5.443991,576237568],[5.48799,576790528],[6.634333,576876544],[6.634483,579002368],[9.948744,579006464],[10.530369,579203072],[10.691719,581648384],[10.693311,590036992],[12.122101,590290944],[12.14944,590417920],[12.952284,590467072],[13.145872,592429056],[13.345405,592826368],[13.412086,597020672],[13.469058,603697152],[13.715808,621260800],[13.823906,626798592],[13.952815,635973632],[14.02602,644378624],[14.097314,650883072],[14.17977,656916480],[14.353082,667975680],[14.364926,669556736],[14.809422,701075456],[15.020825,716378112],[15.113494,721371136],[15.181528,726249472],[15.535033,748453888],[15.599428,753774592],[15.735317,762195968],[16.003801,779689984],[16.123895,789532672],[16.417026,809291776],[16.418396,810864640],[16.518776,819134464],[16.852841,840871936],[17.070369,855965696],[17.267588,868503552],[17.34094,874147840],[17.517618,885104640],[17.543805,887869440],[17.640473,893517824],[17.954498,914427904],[17.957131,916525056],[18.096699,926425088],[18.247189,935325696],[18.331402,941146112],[18.397486,941150208],[18.482626,946556928],[18.483705,951545856],[18.517347,951562240],[18.675244,962781184],[18.771628,968040448],[18.928475,980303872],[19.134618,993202176],[19.212323,999428096],[19.34686,1007595520],[19.349088,1009676288],[19.7087,1034002432],[19.825161,1040982016],[20.177081,1065091072],[20.37553,1077186560],[20.382545,1078714368],[20.461069,1081073664],[20.683515,1086074880],[20.749523,1088143360],[20.933472,1089187840],[20.957801,1091276800],[20.959509,1081126912],[20.982348,1071943680],[21.158366,1061453824],[21.22045,1032089600],[21.220652,990277632],[21.270003,990482432],[21.381789,993513472],[22.068551,993538048],[22.112491,994508800],[22.226178,994611200],[28.109901,994615296],[30.079106,994734080],[61.26046,994738176],[61.26066,991588352],[85.075398,991719424],[85.123445,994615296],[85.180034,995336192],[99.458594,997433344],[99.459579,1000460288],[100.486128,1002557440],[100.487238,1008848896],[103.776176,1008934912],[104.446774,1010835456],[105.184608,1012588544],[105.185249,1016778752],[105.777023,1016852480],[107.482019,1021411328],[107.599878,1021485056],[107.604656,1023057920],[107.733812,1024090112],[107.747309,1027821568],[107.879814,1027981312],[107.882246,1030033408],[107.934284,1030115328],[107.959644,1032695808],[108.024348,1034514432],[108.981305,1036685312],[108.982207,1047171072],[110.434728,1049276416],[110.436984,1053462528],[113.135262,1055563776],[113.139118,1066049536],[113.24776,1066057728],[114.688971,1069498368],[114.696878,1070170112],[114.865902,1070407680],[114.867679,1087168512],[115.004791,1087217664],[115.005783,1095561216],[116.280466,1095618560],[116.441275,1096306688],[116.654481,1096433664],[116.730827,1099763712],[117.059639,1100644352],[117.09152,1102114816],[117.307761,1102565376],[117.335174,1103958016],[117.442125,1104986112],[117.605761,1105010688],[117.628766,1106161664],[118.017574,1107038208],[118.055725,1108406272],[118.283501,1109172224],[118.463019,1110814720],[118.513729,1113063424],[118.712503,1113522176],[118.78426,1114771456],[118.932794,1115189248],[118.966206,1116831744],[119.144556,1117360128],[119.162111,1118240768],[119.381768,1118760960],[119.398002,1119424512],[119.580026,1120456704],[119.62985,1123381248],[119.855611,1124061184],[120.021953,1124081664],[120.052712,1125556224],[120.32542,1125593088],[120.636909,1127251968],[121.191746,1130860544],[121.442456,1133694976],[121.475199,1135300608],[121.73673,1136037888],[121.749162,1136631808],[122.065335,1138475008],[122.519671,1142693888],[122.61709,1143939072],[122.749104,1144250368],[122.995604,1146220544],[123.0434,1148424192],[123.177466,1148715008],[123.235979,1151209472],[123.701252,1152348160],[123.733497,1153560576],[123.90562,1153974272],[124.015769,1155317760],[124.037102,1156534272],[124.152169,1157738496],[124.476614,1158496256],[124.659819,1160212480],[124.753455,1161678848],[124.904802,1168424960],[125.050006,1168613376],[125.135952,1171914752],[125.557906,1173311488],[126.16982,1174880256],[126.20225,1176993792],[126.284729,1178419200],[126.638978,1179201536],[127.032919,1180475392],[127.06177,1181708288],[127.329264,1182482432],[127.435536,1185226752],[127.600806,1185558528],[127.662493,1187684352],[127.971211,1188696064],[127.973982,1191841792],[128.23848,1192431616],[128.277919,1194143744],[128.338449,1194160128],[128.389236,1196376064],[128.550954,1196388352],[128.83457,1197101056],[128.862069,1199255552],[128.953692,1233514496],[129.032367,1233530880],[129.137162,1236164608],[129.463427,1236197376],[129.476105,1238208512],[129.62212,1238212608],[129.698316,1243455488],[129.700774,1245777920],[129.778902,1248477184],[129.799088,1254395904],[129.993308,1254563840],[129.996189,1257992192],[130.100321,1268686848],[130.116158,1277349888],[130.179266,1276788736],[130.179372,1271787520],[130.300652,1271791616],[131.168463,1269690368],[131.174036,1210449920],[131.176989,1132572672],[131.188684,1132593152],[131.199267,1145638912],[131.202826,1136906240],[131.221422,1148571648],[131.325541,1149079552],[131.375663,1153163264],[131.432306,1153232896],[131.467978,1156362240],[131.494522,1161932800],[131.507193,1177579520],[131.520428,1185185792],[131.55179,1186271232],[131.552473,1153343488],[131.565332,1153019904],[131.566488,1135775744],[131.769895,1133535232],[131.813272,1129172992],[131.819155,957710336],[131.820191,957259776],[131.824349,838541312],[131.8273,798007296],[131.831857,679649280],[131.835431,638959616],[131.840229,508198912],[131.844856,428752896],[131.846339,427618304],[131.849456,349413376],[131.859672,188321792],[131.861201,187146240],[131.867634,69152768],[131.869909,61812736]],"pass_timing":[["parsing",0.782],["configuration 1",0.185],["expansion",0.441],["configuration 2",0.188],["maybe building test harness",0.182],["extra injection",0],["ast indexing",0.282],["external crate/lib resolution",0.422],["language item collection",0.026],["resolution",1.177],["looking for entry point",0],["freevar finding",0.069],["region resolution",0.101],["region parameterization inference",0.063],["type collecting",0.115],["coherence checking",0.19],["type checking",5.079],["const marking",0.254],["const checking",0.023],["privacy checking",0.15],["effect checking",0.04],["loop checking",0.018],["compute moves",0.551],["match checking",0.078],["liveness checking",0.18],["borrow checking",0.878],["kind checking",0.081],["lint checking",0.158],["translation",8.038],["LLVM passes",109.957],["linking",0.389]]}