{"summary":{"timestamp":1382948776,"hash":"9ef23e9060d60189894f6d725e6c1c73b887c802","max_memory":1432072192,"cpu_time":176.27,"pull_request":9967},"memory_data":[[0.003026,8192],[0.016103,9023488],[0.146821,35946496],[0.226816,51011584],[0.265273,61771776],[0.280686,62652416],[0.372758,83107840],[0.386064,83238912],[0.442813,93855744],[0.631871,131805184],[0.688433,142573568],[0.706696,142581760],[0.756134,171536384],[0.90355,261406720],[1.184876,261459968],[1.360716,262615040],[1.443575,264310784],[1.597978,264527872],[1.599237,265838592],[1.67786,265957376],[1.715062,272404480],[1.810954,286187520],[1.84389,292511744],[1.946534,308432896],[1.998247,318185472],[2.060569,326983680],[2.171307,344711168],[2.282508,344727552],[2.408955,418701312],[2.771584,418746368],[3.034685,419160064],[3.037375,436654080],[3.062018,439037952],[3.067108,472592384],[3.079436,472354816],[3.079519,454762496],[3.116484,456863744],[3.126889,526069760],[3.15178,511385600],[3.151863,490414080],[3.218758,490450944],[3.220614,501063680],[3.263682,526229504],[3.271529,560246784],[3.272213,525529088],[3.286003,525533184],[3.293035,540241920],[3.295475,525529088],[3.30685,525537280],[3.30869,536047616],[3.319845,542842880],[3.322897,557793280],[4.43595,557842432],[4.445511,591351808],[5.165743,593448960],[5.168472,608133120],[7.299245,608243712],[7.302815,624910336],[9.238023,624955392],[9.282846,626438144],[9.438179,628109312],[9.466564,629690368],[9.564278,630734848],[9.565941,633368576],[9.709464,634200064],[9.782474,635437056],[9.830214,638255104],[9.880879,637788160],[9.960246,640139264],[10.014105,640086016],[10.073165,641900544],[10.077193,658485248],[10.283447,660611072],[10.29046,692064256],[11.256733,692076544],[11.351319,692314112],[11.529492,696279040],[11.596122,696422400],[11.732123,699027456],[11.818167,699371520],[11.919379,702521344],[12.049754,702902272],[12.225072,705372160],[12.2415,706625536],[12.493501,709255168],[12.658127,711999488],[12.693789,713961472],[12.750341,714059776],[12.851997,716169216],[13.100073,719400960],[13.2382,723419136],[13.518473,728739840],[13.632612,729456640],[13.634102,734834688],[13.788514,734969856],[14.143354,739667968],[14.217743,741994496],[14.377812,742780928],[14.441602,743890944],[14.464904,747732992],[14.467064,752873472],[14.50267,754974720],[14.504006,763363328],[14.572648,763367424],[14.577171,784338944],[14.583776,764805120],[14.597097,743829504],[14.650736,744222720],[14.900564,743829504],[16.254688,743833600],[16.304579,744648704],[16.717466,744951808],[16.799356,745381888],[17.11935,745611264],[17.456156,746364928],[17.489598,749051904],[17.82694,749056000],[17.913673,755433472],[18.138391,767156224],[18.182121,771239936],[18.246088,773890048],[18.414841,783241216],[18.814608,802648064],[18.923392,811614208],[19.088728,818667520],[19.144066,821952512],[19.283826,827854848],[19.542922,840654848],[19.555153,841707520],[19.764584,850509824],[19.766302,854695936],[19.815833,854704128],[20.152236,870019072],[20.203564,873222144],[20.530566,887459840],[20.707841,896585728],[20.857702,902176768],[20.92534,905797632],[21.071349,911360000],[21.095082,913395712],[21.287358,921546752],[21.314008,923631616],[21.47922,931831808],[22.050288,955797504],[22.362419,969383936],[22.429938,973578240],[22.619432,981057536],[22.705824,986058752],[22.95039,996585472],[23.379428,1014484992],[23.487273,1019572224],[23.845812,1034641408],[24.681537,1072087040],[24.683152,1076191232],[24.736187,1076203520],[24.781372,1078579200],[25.041639,1088827392],[25.356502,1101914112],[25.408183,1104793600],[25.470346,1110740992],[25.489537,1115594752],[25.49662,1147047936],[25.717575,1147744256],[25.732666,1149845504],[25.753821,1290354688],[25.805086,1290350592],[25.805174,1219047424],[26.055605,1229778944],[26.179976,1237069824],[26.397367,1247920128],[26.498,1251586048],[26.646245,1258029056],[26.82219,1266909184],[27.06599,1276747776],[27.325821,1287794688],[27.353928,1289916416],[27.906655,1313443840],[28.00064,1316552704],[28.375863,1332195328],[28.40337,1334263808],[28.603977,1342681088],[28.66178,1345802240],[28.663308,1348874240],[28.697492,1348878336],[28.8361,1353728000],[28.973152,1360822272],[29.068606,1364738048],[29.078798,1366683648],[29.283937,1372434432],[29.287024,1377353728],[29.630952,1387356160],[29.634005,1402441728],[29.835274,1408331776],[29.841138,1431457792],[29.842347,1393438720],[30.100759,1401724928],[30.474929,1401778176],[30.476152,1403719680],[30.582609,1404313600],[30.584071,1375014912],[30.588016,1372409856],[30.956341,1359818752],[30.959664,1284317184],[31.122758,1265438720],[31.122847,1141706752],[33.944047,1141710848],[36.404398,1141817344],[36.412854,1158356992],[36.683684,1160458240],[36.686533,1191915520],[36.69507,1188954112],[36.695412,1175269376],[36.769467,1175281664],[36.775732,1187721216],[37.051533,1185882112],[37.056222,1141710848],[37.166689,1141735424],[51.019278,1141854208],[51.02771,1158381568],[90.751046,1160482816],[90.753973,1191940096],[90.761527,1190858752],[90.761871,1175293952],[141.061227,1175310336],[141.064291,1181454336],[142.203149,1181515776],[142.207391,1189842944],[151.475056,1189892096],[151.481336,1202425856],[152.830027,1204523008],[152.830375,1208721408],[158.02701,1208762368],[158.030827,1221304320],[159.893096,1221394432],[159.895302,1238081536],[175.755133,1238159360],[175.758032,1263247360],[180.50644,1265344512],[180.506895,1269542912],[180.736388,1269616640],[180.752603,1272008704],[180.850621,1280122880],[180.867597,1289330688],[180.941826,1287966720],[181.103164,1287970816],[181.111049,1220722688],[181.576755,1220231168],[181.577013,1210368000],[182.08857,1176809472],[182.121292,1179021312],[182.149542,1177632768],[182.158105,1184096256],[182.188845,1193824256],[182.208408,1194647552],[182.220384,1205792768],[182.229849,1205972992],[182.235988,1217318912],[182.248999,1222545408],[182.287399,1224843264],[182.288007,1193992192],[182.2923,1172819968],[182.29247,1138741248],[182.390183,1137283072],[182.392448,1095663616],[182.399527,1015631872],[182.405505,974225408],[182.406761,933994496],[182.432988,655933440],[182.43548,655568896],[182.437068,614117376],[182.443662,574328832],[182.445361,496996352],[182.447927,496373760],[182.448762,422817792],[182.457062,362766336],[182.459078,324046848],[182.461867,321998848],[182.463566,283684864],[182.470851,242556928],[182.472928,204238848],[182.47558,203677696],[182.47767,164806656],[182.480401,163741696],[182.482462,125239296],[182.485193,123400192],[182.487278,85069824],[182.489933,84467712],[182.492002,45871104],[182.500098,15196160]],"pass_timing":[["parsing",0.672],["gated feature checking",0.015],["std macros injection",0.001],["configuration 1",0.231],["expansion",1.266],["configuration 2",0.278],["maybe building test harness",0.181],["std injection",0.178],["assigning node ids",0.168],["ast indexing",0.199],["external crate/lib resolution",0.14],["language item collection",0.025],["resolution",1.679],["looking for entry point",0],["freevar finding",0.057],["region resolution",0.094],["region parameterization inference",0.039],["type collecting",0.119],["coherence checking",0.115],["type checking",8.947],["const marking",0.164],["const checking",0.037],["privacy checking",0.267],["effect checking",0.048],["loop checking",0.027],["stack checking",0.036],["compute moves",1.294],["match checking",0.104],["liveness checking",0.202],["borrow checking",0.756],["kind checking",0.08],["reachability checking",0.053],["lint checking",0.275],["translation",12.859],["LLVM passes",150.909],["linking",0.198]]}