{"summary":{"timestamp":1368243300,"hash":"9f106a643e6cdf2f3c8d62bcec61da087ed24c5b","max_memory":1476882432,"cpu_time":110,"pull_request":6260},"memory_data":[[0.001597,8192],[0.005958,8118272],[0.092151,10522624],[0.138317,13647872],[0.140084,16384000],[0.194689,15781888],[0.21248,21790720],[0.251341,22872064],[0.33518,21979136],[0.368844,25702400],[0.373993,35299328],[0.420311,34332672],[0.468201,30519296],[0.540025,31674368],[0.560609,37105664],[0.604653,35741696],[0.657595,37253120],[0.702816,41877504],[0.710172,54558720],[0.767921,53768192],[0.768174,46448640],[0.815385,46456832],[0.825885,56594432],[0.872867,56598528],[0.880019,49475584],[0.925356,50388992],[0.933967,60432384],[0.986827,60342272],[0.987095,53440512],[1.033215,55427072],[1.039011,65454080],[1.189231,64360448],[1.189386,60985344],[1.341982,66621440],[1.343638,69865472],[1.400772,68583424],[1.460086,72962048],[1.506416,73588736],[1.507588,75780096],[1.582137,76533760],[1.606785,79364096],[1.644178,79495168],[1.645936,83017728],[1.680706,81805312],[1.741768,82976768],[1.802818,86605824],[1.804954,90923008],[1.858144,88571904],[1.942494,92213248],[1.968384,96264192],[2.041001,96526336],[2.121055,116723712],[2.337313,167288832],[2.414528,186728448],[2.625286,237203456],[2.778877,245518336],[2.884294,255205376],[2.967236,260472832],[3.014837,266551296],[3.108025,272957440],[3.19776,273821696],[3.300849,277602304],[3.464698,286355456],[3.516648,291213312],[3.650946,297529344],[3.713135,301436928],[3.849627,308105216],[4.029401,320184320],[4.149452,327516160],[4.209046,333541376],[4.232747,333688832],[4.253913,340099072],[4.289644,358940672],[4.421349,425562112],[4.544219,426078208],[4.55928,432975872],[4.572386,430870528],[4.574559,439791616],[4.601172,435597312],[4.604234,453431296],[4.623979,452898816],[4.624128,444514304],[4.66268,445239296],[4.668808,480882688],[4.707485,480473088],[4.70756,463052800],[4.784914,464433152],[4.795994,535740416],[4.872287,535064576],[4.872435,500084736],[4.929451,501338112],[5.016459,501342208],[5.125719,502603776],[5.158634,521580544],[5.166383,545218560],[5.166433,524251136],[5.200933,525172736],[5.217259,542453760],[5.251134,543633408],[5.26551,563146752],[5.413863,563281920],[5.438619,564453376],[5.731553,564965376],[5.763422,571703296],[5.988724,572014592],[5.989222,573194240],[6.159718,573210624],[6.160796,575815680],[6.535008,577912832],[6.536267,581062656],[7.302016,581279744],[7.304418,591548416],[9.23549,593649664],[9.239272,612524032],[9.261994,607637504],[9.262376,596045824],[9.833871,596774912],[9.848968,598040576],[10.01754,598179840],[10.049774,602365952],[10.050842,606507008],[10.083537,606638080],[10.085795,614895616],[10.153423,614924288],[10.158119,631672832],[10.27374,632160256],[10.307866,633880576],[10.49469,633884672],[10.731813,634683392],[10.844764,636776448],[10.94543,637558784],[10.946417,638607360],[11.070197,638955520],[11.226272,640352256],[11.601089,641679360],[11.869023,643166208],[11.869872,645193728],[12.106378,645214208],[12.298339,646242304],[12.550666,648716288],[12.899309,649568256],[12.918268,650215424],[13.191591,651108352],[13.277831,652374016],[13.393012,652718080],[13.395102,656904192],[13.659358,657453056],[14.071105,657481728],[14.263185,658886656],[15.017562,661110784],[15.087991,661831680],[15.430411,662278144],[15.551506,662827008],[15.552656,664059904],[15.971392,664674304],[16.163969,665903104],[16.310111,666025984],[16.621913,667201536],[16.648501,668299264],[16.750664,668368896],[16.751557,669872128],[17.167074,670289920],[17.215703,671399936],[17.4607,671444992],[17.705869,672718848],[17.707983,681062400],[19.023466,681136128],[19.023985,683552768],[19.36065,683556864],[19.555934,684568576],[19.69486,684638208],[19.733995,685383680],[20.133448,686125056],[20.198188,686657536],[20.782854,687702016],[20.994293,688996352],[21.000183,691040256],[21.237102,691093504],[21.639345,693526528],[21.819382,693620736],[21.856001,694206464],[22.312883,695889920],[22.720182,697020416],[22.721884,700051456],[23.026391,700121088],[23.084052,701825024],[23.08536,704425984],[23.132047,704573440],[23.133676,709668864],[23.276345,709771264],[23.279622,720154624],[23.310132,720297984],[23.312057,730087424],[23.516499,730279936],[24.613208,730357760],[25.043552,730562560],[25.668444,732659712],[25.672649,730562560],[26.241455,732659712],[26.246977,742088704],[26.251631,730562560],[26.75279,732663808],[26.756886,730562560],[27.891589,730652672],[27.981489,732090368],[28.108403,732385280],[28.221915,734789632],[28.273517,741773312],[28.382673,741904384],[28.44612,744001536],[28.477076,748195840],[28.514713,748204032],[28.582251,757993472],[28.611234,760090624],[28.649699,766451712],[28.651787,772669440],[28.698618,774770688],[28.818604,788738048],[28.845209,794292224],[28.908944,798932992],[28.985746,801878016],[29.020962,804925440],[29.11635,809639936],[29.117034,813834240],[29.1747,816635904],[29.280802,823873536],[29.281723,828067840],[29.423076,836710400],[29.525735,843730944],[29.526334,847925248],[29.61076,854151168],[29.633403,869511168],[29.756552,877273088],[29.930407,889294848],[29.930712,891392000],[30.090275,901111808],[30.240913,911794176],[30.371647,920006656],[30.452483,923246592],[30.524951,928112640],[30.531351,934531072],[30.580738,936628224],[30.581251,938725376],[30.694765,946462720],[30.838772,954052608],[30.914407,955383808],[31.008392,961015808],[31.008598,963112960],[31.175799,975527936],[31.31046,982093824],[31.452271,992059392],[31.453023,996253696],[31.611528,1008070656],[31.697385,1013731328],[31.824197,1019461632],[31.907757,1025380352],[31.963727,1027743744],[32.150928,1040461824],[32.151339,1043619840],[32.215397,1045581824],[32.215703,1047678976],[32.375774,1055789056],[32.376198,1057886208],[32.434115,1059577856],[32.537151,1065390080],[32.538633,1069608960],[32.637293,1074999296],[32.699893,1079681024],[32.763311,1081290752],[32.854704,1087537152],[32.857286,1104318464],[33.004301,1104326656],[33.561231,1141850112],[33.56197,1146044416],[33.641397,1150668800],[33.726556,1157484544],[33.792731,1160577024],[33.954453,1171886080],[34.120607,1182101504],[34.173902,1190895616],[34.277457,1196343296],[34.383258,1203408896],[34.511344,1208025088],[34.511449,1210122240],[34.566996,1211957248],[34.667587,1217966080],[34.683069,1227112448],[34.832855,1235632128],[34.935545,1242144768],[34.935594,1244250112],[34.986369,1246633984],[34.986473,1248731136],[35.229217,1262137344],[35.294863,1267425280],[35.385582,1272614912],[35.393992,1274843136],[35.655006,1294716928],[35.775029,1302683648],[35.846871,1306550272],[35.847124,1308647424],[35.965955,1316429824],[35.966069,1318526976],[36.098428,1327300608],[36.102641,1331634176],[36.235682,1341038592],[36.242705,1347342336],[36.290413,1358356480],[36.31466,1367851008],[36.366731,1369239552],[36.368486,1373462528],[36.441948,1378717696],[36.530063,1380200448],[36.530964,1382035456],[36.824562,1387405312],[37.021743,1388400640],[37.022,1378922496],[37.1332,1377837056],[37.133766,1227923456],[37.193953,1228185600],[37.280724,1231929344],[38.478771,1232068608],[41.325801,1232175104],[41.329283,1232412672],[42.317602,1232609280],[42.322635,1249062912],[42.49656,1251168256],[42.500459,1282621440],[42.511962,1282424832],[42.512689,1265975296],[42.842215,1266044928],[42.845991,1278427136],[43.076455,1277050880],[43.081351,1232416768],[43.908183,1232797696],[47.885383,1232826368],[47.912457,1233022976],[48.918464,1233113088],[49.124218,1233244160],[64.488617,1233293312],[64.493568,1249890304],[125.279311,1251995648],[125.283034,1283448832],[125.293874,1281503232],[125.294338,1266802688],[166.400432,1266806784],[166.605537,1267970048],[166.640262,1270087680],[166.672898,1266860032],[167.107765,1266864128],[167.148559,1267777536],[167.437179,1268076544],[167.437448,1268944896],[167.685318,1269084160],[167.812499,1271578624],[167.834316,1270566912],[167.958177,1270575104],[168.050684,1271840768],[168.09604,1270763520],[168.186661,1271930880],[168.224131,