{"summary":{"timestamp":1398442880,"hash":"a28a701d648d88ed63f575fa1efed47f5cbb81ca","max_memory":1477529600,"cpu_time":154.1,"pull_request":13747},"memory_data":[[0.003299,8192],[0.011734,6340608],[0.076587,13656064],[0.187796,30793728],[0.207591,37433344],[0.300021,51482624],[0.470883,81252352],[0.503265,88059904],[0.532784,88084480],[0.628127,141500416],[0.665321,142163968],[0.936751,142274560],[1.045511,142884864],[1.279652,185782272],[1.293936,194088960],[1.325688,195526656],[1.644731,257540096],[1.760355,257548288],[1.862966,313741312],[2.465234,313786368],[2.545818,317956096],[2.545869,320053248],[2.624379,322158592],[2.624429,324255744],[2.902903,324313088],[2.904326,327565312],[2.957188,327766016],[2.958779,331894784],[3.07252,332324864],[3.077272,338685952],[3.100608,341307392],[3.305758,341319680],[3.314513,354414592],[3.380197,354418688],[3.437948,356519936],[3.440051,359661568],[3.648386,359268352],[3.650276,351645696],[3.787842,353742848],[3.807432,357806080],[3.842157,357810176],[3.888676,365469696],[4.143284,365490176],[4.180003,368521216],[4.185207,373805056],[4.235778,375635968],[4.249964,385597440],[4.603469,385601536],[4.872501,387706880],[4.876917,381022208],[4.939896,384356352],[5.029399,384364544],[5.090082,385740800],[5.090433,388157440],[5.176396,390660096],[5.177801,399982592],[5.215835,399802368],[5.216375,384126976],[5.652311,384188416],[5.653756,387194880],[5.859561,389296128],[5.862914,411213824],[5.869472,399777792],[6.12975,399855616],[6.219553,402247680],[6.284448,402423808],[6.326602,406540288],[6.414992,406810624],[6.606161,412082176],[6.645083,414978048],[6.826691,419307520],[6.996958,422092800],[7.17993,424136704],[7.191134,435351552],[7.538739,435363840],[7.686191,438312960],[7.916699,443711488],[7.944041,445767680],[8.06154,446119936],[8.110598,448909312],[8.11158,451063808],[8.220148,451194880],[8.338531,454537216],[8.423556,455696384],[8.559446,460636160],[8.652384,461570048],[8.86202,465612800],[8.977998,469889024],[9.20721,472805376],[9.237907,474947584],[9.326495,475181056],[9.332395,499204096],[9.342982,524369920],[9.34927,525295616],[9.349366,500346880],[9.439116,501780480],[9.461154,503353344],[9.553988,503758848],[9.634284,506744832],[9.718444,508022784],[9.764253,509988864],[9.87305,511537152],[9.903483,515518464],[9.932513,514232320],[10.080325,517619712],[10.122816,519749632],[10.356047,522711040],[10.571432,526675968],[10.575697,539271168],[10.629667,539447296],[10.633475,549568512],[11.1972,549707776],[11.234921,551092224],[11.427577,553193472],[11.520641,555442176],[11.582394,558477312],[11.718982,559001600],[11.902286,562520064],[12.017879,563769344],[12.042648,565428224],[12.111536,565440512],[12.229417,567332864],[12.232206,571691008],[12.372879,571809792],[12.390998,572968960],[12.521088,573366272],[12.58689,575422464],[12.720181,576434176],[12.744591,578105344],[12.814725,578232320],[13.072849,581632000],[13.157264,583520256],[13.218071,586584064],[13.31406,587456512],[13.416561,594456576],[13.417605,591446016],[13.501059,591491072],[13.627899,593870848],[13.81897,596123648],[13.934317,598499328],[14.036232,601624576],[14.20727,604680192],[14.349191,608444416],[14.484855,609406976],[14.629247,612573184],[14.706047,618541056],[14.706597,622006272],[14.748737,622911488],[15.088457,623284224],[15.176326,624672768],[15.227463,627904512],[15.242381,626720768],[15.352229,629112832],[15.530994,631369728],[15.550405,633122816],[15.617577,633131008],[15.740613,635555840],[15.918655,635564032],[15.950966,642113536],[15.99285,644214784],[15.996867,651026432],[16.028402,646107136],[16.028666,636461056],[16.44913,636432384],[16.449228,621780992],[16.785015,621830144],[16.87315,622555136],[17.048755,625401856],[17.237783,626278400],[17.29342,628002816],[17.58016,630362112],[17.688716,632078336],[18.631576,632315904],[18.857768,632242176],[18.897631,636911616],[19.333483,636256256],[20.069546,636272640],[20.107437,636997632],[20.323728,645128192],[20.323778,647225344],[20.406831,650059776],[20.582206,657371136],[20.632783,662077440],[20.758833,667070464],[20.909998,672256000],[21.023109,677482496],[21.442531,692457472],[21.546543,694644736],[21.709147,701419520],[21.794116,703770624],[21.936375,708931584],[22.148155,717602816],[22.170185,719183872],[22.50912,730705920],[22.531664,732282880],[22.737499,739577856],[23.144451,754880512],[23.488263,765960192],[23.608191,770514944],[23.761336,773554176],[23.762713,776699904],[23.809177,776704000],[23.999832,783323136],[24.18747,789270528],[24.187811,792383488],[24.235408,792420352],[24.43405,798883840],[24.434909,800456704],[24.576766,803745792],[24.750957,812302336],[24.831649,815173632],[25.047247,824512512],[25.048524,827658240],[25.084585,827666432],[25.273289,836186112],[25.558978,845914112],[25.719121,852131840],[25.955776,862208000],[26.113703,867745792],[26.153255,869924864],[26.497434,882278400],[26.524266,883798016],[26.809162,894701568],[26.813152,945037312],[26.829634,972300288],[26.838464,995368960],[26.846176,945033216],[27.072166,953135104],[27.457735,968372224],[27.496993,970452992],[27.712256,978149376],[27.977288,989343744],[27.97935,995635200],[28.074318,995639296],[28.217275,1000861696],[28.218105,1004007424],[28.267165,1004015616],[28.425915,1010417664],[28.651265,1021587456],[28.684892,1022578688],[28.966772,1035059200],[28.969247,1041350656],[29.051561,1041362944],[29.315485,1051906048],[29.493522,1058299904],[29.780491,1070960640],[29.952556,1077153792],[30.111646,1084620800],[30.19415,1087045632],[30.402809,1095086080],[30.525045,1101033472],[30.532841,1126199296],[30.676837,1126215680],[30.703659,1128316928],[30.705556,1132507136],[30.757387,1132511232],[30.809101,1134608384],[30.816199,1155584000],[30.818388,1144045568],[30.865147,1144168448],[30.871207,1164492800],[31.117306,1164500992],[31.294419,1173835776],[31.29557,1176981504],[31.343546,1178566656],[31.786179,1201283072],[31.887007,1204953088],[31.915956,1207836672],[32.044506,1214377984],[32.251016,1223110656],[32.443771,1232523264],[32.819811,1248710656],[32.893255,1252519936],[33.032783,1256914944],[33.103212,1259950080],[33.350804,1267957760],[33.427792,1271468032],[33.74408,1282977792],[33.817716,1286668288],[34.079957,1294958592],[34.169644,1299062784],[34.319463,1304510464],[34.668222,1315917824],[34.776703,1321558016],[34.776753,1323659264],[34.890333,1328123904],[35.041057,1335926784],[35.305642,1345011712],[35.353534,1347489792],[35.597349,1355571200],[35.598044,1361862656],[35.614077,1361866752],[35.620443,1370251264],[35.646784,1372352512],[35.699395,1372356608],[35.770405,1375129600],[35.771661,1387716608],[35.92292,1387737088],[35.923631,1391923200],[36.010734,1394151424],[36.010787,1396248576],[36.096264,1398345728],[36.177961,1404637184],[36.341452,1413029888],[36.408761,1417224192],[36.611534,1427709952],[36.652458,1433866240],[36.734986,1435066368],[36.7796,1477382144],[36.781521,1433337856],[37.162975,1433346048],[37.163692,1435332608],[37.25475,1435820032],[37.543131,1435873280],[37.55615,1443504128],[37.556302,1431769088],[37.609532,1430532096],[38.065846,1329864704],[38.875106,1329831936],[38.875358,1317273600],[45.739802,1317281792],[140.888046,1317277696],[148.57625,1317064704],[149.166722,1316974592],[155.277621,1316741120],[155.327673,1318842368],[155.329719,1341911040],[155.347382,1343930368],[155.364707,1360867328],[155.372578,1383653376],[155.379389,1383546880],[155.63511,1348931584],[155.63587,1316433920],[155.646734,1346383872],[156.590298,1346375680],[156.592628,1302466560],[156.652174,1302458368],[156.656177,1215528960],[156.656719,1128263680],[156.665566,956256256],[156.666374,889802752],[156.672693,764530688],[156.67637,723140608],[156.677318,684908544],[156.680922,645066752],[156.681812,606322688],[156.685698,564674560],[156.686897,505323520],[156.691294,463192064],[156.700696,286158848],[156.702261,285044736],[156.708825,162316288],[156.710361,161832960],[156.717053,42590208],[156.720295,29949952]],