{"summary":{"timestamp":1372249206,"hash":"a30ab764e10232d8e9c1f9282c33b65ca9ef7daf","max_memory":1236017152,"cpu_time":370.24,"pull_request":7255},"memory_data":[[0.010283,4096],[0.0403,8192],[0.066894,11186176],[0.274045,21688320],[0.346362,23347200],[0.410577,28704768],[0.456736,28762112],[0.563308,32186368],[0.603484,36597760],[0.674971,36966400],[0.716389,38821888],[0.82775,47071232],[0.887353,46845952],[0.966935,54693888],[1.061997,54431744],[1.162195,58732544],[1.188078,62205952],[1.309821,62345216],[1.381269,64688128],[1.429698,67756032],[1.492429,69160960],[1.616366,74907648],[1.726768,78110720],[1.816555,82673664],[1.952211,86990848],[1.98445,90165248],[2.06255,91602944],[2.143634,95277056],[2.189556,101343232],[2.252784,101351424],[2.375346,112762880],[2.458341,119050240],[2.512367,125177856],[2.596454,132345856],[2.648218,133578752],[2.82786,147038208],[2.881044,152473600],[2.968203,158539776],[3.128926,171065344],[3.2832,184324096],[3.341672,187510784],[3.479732,199802880],[4.035001,297021440],[4.067722,298926080],[4.418037,360914944],[4.620903,396390400],[5.610392,398491648],[5.66426,467697664],[9.932099,469803008],[9.947227,484478976],[14.066949,486576128],[14.074773,484478976],[15.873863,484544512],[15.881523,492871680],[21.093292,492883968],[21.108479,509652992],[21.201938,511766528],[21.217406,526434304],[21.232715,524869632],[21.232857,518041600],[24.083676,520138752],[24.096101,518041600],[24.167623,518549504],[24.170459,521580544],[24.650669,521715712],[24.962397,523124736],[24.997472,523845632],[25.300458,524238848],[25.430983,524873728],[25.471081,528687104],[25.543977,530788352],[25.547653,533934080],[25.7291,533942272],[25.736629,544337920],[25.750267,535375872],[27.333631,535437312],[27.609331,536350720],[27.61062,537395200],[27.868328,537673728],[28.099416,539545600],[28.101721,541585408],[28.464923,541716480],[28.506302,543813632],[28.509281,547426304],[28.663528,549523456],[28.664391,547426304],[30.119206,547430400],[30.151966,547819520],[31.289346,547844096],[31.33287,547426304],[32.219109,547434496],[32.470739,551923712],[32.922144,561434624],[33.099448,568115200],[33.179462,569864192],[33.833932,586215424],[33.978038,588857344],[34.1475,591224832],[34.521662,600555520],[34.683024,606240768],[34.729481,608731136],[34.943618,615444480],[35.144255,620617728],[35.683513,633061376],[35.720322,634646528],[35.90619,639406080],[36.710694,659034112],[36.802359,661663744],[37.099105,668651520],[37.38815,676601856],[37.583824,681394176],[37.855835,686469120],[38.049272,691359744],[38.4421,700137472],[38.702946,705638400],[39.042904,713269248],[39.211193,717410304],[39.223661,718594048],[39.360372,721219584],[39.651987,727568384],[39.881026,733241344],[39.969565,734855168],[40.426362,745222144],[40.662916,751869952],[41.050512,761946112],[41.537462,773070848],[41.615696,775229440],[41.61841,778297344],[41.686807,778301440],[41.940336,784977920],[41.942604,787038208],[42.021658,787611648],[42.393077,795865088],[42.527624,799289344],[42.882343,806998016],[43.247085,816095232],[43.857679,829775872],[44.060135,835100672],[44.263312,838901760],[44.264192,839434240],[44.466508,843325440],[44.788916,850726912],[44.840747,852766720],[44.968952,855728128],[45.164297,859426816],[46.057971,880197632],[46.059802,884396032],[46.145487,884416512],[46.419316,891232256],[46.915646,901382144],[47.294643,910053376],[47.370168,912445440],[47.374599,917405696],[47.472502,917413888],[47.946151,928681984],[47.973053,928694272],[48.261465,934785024],[48.288845,937918464],[48.34282,937930752],[48.679947,946741248],[49.328903,960921600],[49.488259,965271552],[49.635084,968081408],[49.9569,975396864],[49.961033,979550208],[50.055853,979570688],[50.231965,983744512],[50.438134,987938816],[50.765348,995622912],[51.00663,1001664512],[51.326702,1008513024],[51.488672,1012953088],[52.143859,1028313088],[52.387678,1034563584],[52.679341,1040560128],[52.958574,1047158784],[53.069598,1047842816],[53.078706,1048956928],[53.832045,1054040064],[53.842884,1060823040],[54.07083,1062223872],[54.136954,1064321024],[54.156795,1062223872],[54.567934,1061924864],[54.573783,1047842816],[55.155824,1032773632],[55.156538,1014280192],[55.207527,1014030336],[55.207809,1003790336],[55.268696,987009024],[55.483035,915701760],[64.166339,917798912],[64.174218,915701760],[73.238166,917798912],[73.254452,932814848],[73.777907,934916096],[73.798215,966373376],[73.831331,965464064],[73.832474,949727232],[74.17361,951824384],[74.191329,949727232],[74.787484,928751616],[74.78763,916168704],[84.190354,918265856],[84.202463,916168704],[94.206948,918265856],[94.219173,916168704],[104.227003,918265856],[104.23415,916168704],[109.695382,916193280],[109.712247,932814848],[114.246948,934912000],[114.259445,932814848],[121.275546,932818944],[124.274548,934912000],[124.27969,932814848],[134.286991,934912000],[134.297361,932814848],[144.306926,934912000],[144.323689,932814848],[154.326971,934912000],[154.350044,932814848],[164.346963,934912000],[164.36578,932823040],[174.363589,934920192],[174.384504,932847616],[184.383626,934944768],[184.404282,932851712],[194.40366,934948864],[194.424924,932851712],[195.219632,934952960],[195.24006,966410240],[195.271685,965976064],[195.272683,949764096],[204.423655,951861248],[204.444545,949764096],[214.443625,951861248],[214.463848,949764096],[224.463612,951861248],[224.480997,949764096],[234.480192,951861248],[234.497788,949764096],[244.500243,951836672],[244.500384,951767040],[280.501749,951775232],[280.505767,954781696],[281.642375,954847232],[281.65081,961073152],[284.08507,961077248],[284.093204,968994816],[291.19949,969003008],[291.735947,969375744],[291.861819,970121216],[292.481946,970567680],[293.062598,970571776],[293.488565,970801152],[293.569733,971325440],[293.841494,971235328],[294.927787,972419072],[295.077577,972697600],[295.748642,973197312],[295.753185,977330176],[297.406341,977387520],[297.892106,977645568],[297.985093,978178048],[299.027431,979304448],[300.203196,980393984],[301.763287,982040576],[303.515498,983678976],[303.76114,983728128],[303.762714,985305088],[304.187986,985415680],[304.243425,989237248],[304.671894,989396992],[304.680326,991449088],[304.839076,991473664],[304.911017,994095104],[305.072476,994226176],[305.134912,995774464],[305.324192,995954688],[306.810676,995958784],[306.81932,1008537600],[311.316988,1010642944],[311.325874,1014829056],[318.823318,1016934400],[318.84074,1027411968],[321.826831,1027489792],[321.83508,1035800576],[323.366332,1037897728],[323.375504,1052581888],[328.833493,1052594176],[328.96514,1054523392],[329.239405,1054547968],[329.436859,1054937088],[329.871231,1055211520],[329.961132,1056657408],[330.542282,1057062912],[330.615472,1058402304],[330.856254,1058455552],[330.911244,1059479552],[331.376641,1059753984],[331.437026,1060614144],[332.445116,1061507072],[332.561819,1062907904],[333.171935,1063718912],[333.229009,1064382464],[333.494841,1064730624],[333.658609,1065357312],[333.796532,1067560960],[334.330619,1068072960],[334.511602,1068806144],[334.964791,1069793280],[335.055539,1071415296],[335.550981,1071886336],[335.600356,1072889856],[336.219532,1073475584],[336.265853,1074126848],[336.601871,1074434048],[336.77178,1075240960],[336.95336,1078366208],[338.011344,1079230464],[338.09075,1080045568],[339.072989,1080930304],[339.097191,1081282560],[339.418455,1081614336],[339.644672,1082531840],[339.855975,1082740736],[340.776591,1084837888],[341.468088,1087148032],[341.538404,1088282624],[341.761172,1088602112],[341.854075,1090138112],[342.558884,1090895872],[342.59313,1091448832],[342.989965,1091940352],[344.603736,1097150464],[344.831026,1097666560],[344.885902,1098596352],[345.26291,1098964992],[345.923351,1100865536],[346.059838,1103069184],[346.431784,1103376384],[346.506816,1105108992],[346.596405,1105776640],[347.07869,1106067456],[347.190832,1106391040],[347.885855,1107042304],[348.057115,1107812352],[348.12809,1108725760],[348.249729,1108770816],[348.308066,1109823488],[349.001641,