{"summary":{"timestamp":1364514453,"hash":"a34948a2c5d7cd296abda6970652a9513d67feb7","max_memory":1307217920,"cpu_time":103.22,"pull_request":null},"memory_data":[[0.001634,8192],[0.005555,7122944],[0.088109,10985472],[0.362312,21241856],[0.732359,35688448],[1.020733,46157824],[1.102824,49639424],[1.472917,63447040],[2.197047,89686016],[2.227927,90542080],[2.305184,111357952],[2.516973,165437440],[2.593408,185765888],[2.797916,237658112],[2.921497,245223424],[3.039827,255954944],[3.129439,261492736],[3.162489,266321920],[3.250983,273932288],[3.325836,275382272],[3.566607,287207424],[3.628398,292978688],[3.76684,298971136],[3.925823,308076544],[4.108432,320987136],[4.249,329482240],[4.301324,335106048],[4.392219,335671296],[4.415164,340713472],[4.417434,350154752],[4.440856,345735168],[4.443838,364613632],[4.459632,363319296],[4.459709,355172352],[4.492954,356036608],[4.499804,393789440],[4.530344,374910976],[4.596961,376516608],[4.609064,452018176],[4.670014,415571968],[4.80399,414994432],[4.864297,416239616],[4.890664,429322240],[4.891927,436629504],[4.934036,437440512],[4.95105,443023360],[4.995505,444751872],[4.998028,452108288],[5.069805,452497408],[5.328236,459485184],[5.42255,460877824],[5.477447,464990208],[5.525816,471285760],[5.656302,474243072],[5.657097,476733440],[5.757352,476844032],[5.758451,481976320],[5.992476,482119680],[5.994716,492462080],[6.615551,492613632],[6.618643,513437696],[6.627806,497590272],[6.751009,498049024],[6.754689,500977664],[6.863158,501002240],[6.885107,509390848],[6.909092,509394944],[6.911172,516083712],[6.962359,516169728],[6.96625,532860928],[7.051256,534548480],[7.314933,534790144],[7.315338,535756800],[7.620167,536788992],[7.804459,539168768],[7.807367,540995584],[7.928405,541007872],[8.101021,542871552],[8.301373,543948800],[8.302527,547622912],[8.578541,547758080],[8.68372,548913152],[8.860414,549130240],[8.939241,550064128],[9.199633,551297024],[9.428507,553959424],[9.430658,561299456],[10.081865,561635328],[10.231209,562544640],[10.330263,564248576],[10.469203,564985856],[10.662431,566919168],[10.798864,567521280],[10.812593,568512512],[11.157542,568659968],[11.354207,570564608],[11.752123,572362752],[11.755144,586964992],[13.313367,586997760],[13.577002,588484608],[13.578124,589770752],[13.756007,590012416],[13.891333,590815232],[14.003257,592392192],[14.173064,592424960],[14.395621,594079744],[14.515844,594124800],[14.519235,595279872],[14.665338,595460096],[14.891419,596844544],[15.007197,596897792],[15.076764,598294528],[15.293899,598413312],[15.499829,599863296],[15.519091,601026560],[15.865648,601919488],[16.35906,605335552],[16.539282,605433856],[16.716873,606334976],[16.966948,606793728],[16.986984,607645696],[17.214997,608321536],[17.331417,609456128],[17.645125,610414592],[17.650117,639774720],[20.182547,639778816],[20.36973,640196608],[20.370455,642019328],[20.504337,642023424],[20.639427,643284992],[20.914749,644169728],[20.991259,645165056],[21.291827,645877760],[21.481122,647561216],[21.755899,648331264],[21.822971,649990144],[21.843348,653856768],[21.879488,653905920],[21.881094,659099648],[22.007422,659128320],[22.009866,669585408],[24.18581,669691904],[24.767178,669929472],[24.778433,672149504],[24.972909,671289344],[25.320008,671383552],[25.400229,673026048],[25.560242,673464320],[25.624843,674926592],[25.631539,686903296],[25.672453,691097600],[25.814551,691228672],[25.883153,693334016],[25.899846,696168448],[25.972325,698265600],[26.080799,698351616],[26.12247,699617280],[26.158896,703815680],[26.169569,710107136],[26.242868,714301440],[26.351137,716398592],[26.354919,719040512],[26.471723,723234816],[26.514482,723238912],[26.728036,733401088],[26.758581,734322688],[26.759224,737890304],[26.794398,740179968],[26.921231,744677376],[27.058699,745529344],[27.227203,749920256],[27.457089,754044928],[27.457428,756142080],[27.640501,758444032],[27.86573,765698048],[27.865906,767795200],[28.030864,772464640],[28.175531,773414912],[28.255172,775139328],[28.344979,778346496],[28.426296,779206656],[28.426884,783400960],[28.615552,787812352],[28.642312,794763264],[28.650711,801275904],[28.680774,803770368],[28.86934,806633472],[28.938457,808906752],[29.026975,809844736],[29.155717,814772224],[29.272072,816840704],[29.461036,823922688],[29.520665,824004608],[29.649154,827531264],[29.805954,829964288],[29.897403,833716224],[30.112862,840781824],[30.189171,841363456],[30.268848,844058624],[30.337814,845094912],[30.50869,850112512],[30.625575,852410368],[30.733718,855691264],[30.862566,858189824],[30.867247,862502912],[30.916952,864133120],[30.917373,866230272],[31.136422,873451520],[31.165473,873455616],[31.289698,877531136],[31.375358,878374912],[31.464824,881377280],[31.784878,882532352],[31.888146,884015104],[31.971416,886751232],[32.081048,888459264],[32.081394,890556416],[32.200151,895107072],[32.200969,897142784],[32.25535,897245184],[32.440812,903131136],[32.617943,905154560],[32.745838,908681216],[32.85046,909238272],[33.031299,914464768],[33.160452,917622784],[33.160961,919719936],[33.326877,925675520],[33.40513,926437376],[33.505721,930594816],[33.605374,933081088],[33.668157,933253120],[33.73181,935890944],[33.834812,936419328],[33.865202,937709568],[34.017736,939016192],[34.066625,941273088],[34.140308,941608960],[34.22576,944656384],[34.304841,945274880],[34.305024,947372032],[34.375348,948793344],[34.376169,950808576],[34.492064,952680448],[34.665791,958586880],[34.750264,959500288],[34.81589,961880064],[34.816729,965025792],[34.867591,965046272],[34.965522,968171520],[35.043038,968757248],[35.043394,970854400],[35.139495,972161024],[35.212174,974454784],[35.401479,976830464],[35.497455,979333120],[35.497802,981430272],[35.592231,982745088],[35.706409,986640384],[35.878763,988573696],[35.879106,990670848],[35.940741,992690176],[36.004584,992948224],[36.06115,994807808],[36.121953,994922496],[36.252265,999616512],[36.377316,1000001536],[36.612794,1002430464],[36.71954,1004118016],[36.812542,1007382528],[37.010617,1011118080],[37.081557,1013616640],[37.221422,1016479744],[37.357179,1021063168],[37.467902,1023123456],[37.630014,1027608576],[37.658731,1027612672],[37.801283,1031524352],[37.80147,1033625600],[37.907325,1035259904],[37.981616,1038209024],[38.070725,1039327232],[38.160616,1042468864],[38.372172,1043902464],[38.464862,1046196224],[38.660297,1052913664],[38.763456,1053442048],[38.863007,1056665600],[38.905335,1056747520],[39.014266,1060483072],[39.184409,1063243776],[39.296362,1066762240],[39.475071,1069826048],[39.574349,1073229824],[39.650852,1074581504],[39.656637,1077108736],[39.717938,1078501376],[39.738983,1083322368],[39.978747,1089761280],[40.143799,1094762496],[40.568843,1104166912],[40.612158,1105903616],[40.638717,1115054080],[40.793902,1119768576],[40.836928,1121935360],[40.958477,1125486592],[41.136751,1131606016],[41.137672,1133686784],[41.187947,1133813760],[41.257874,1136123904],[41.25797,1138221056],[41.507785,1145061376],[41.687184,1149206528],[41.897952,1155121152],[41.899174,1159208960],[41.997461,1159217152],[42.136237,1162756096],[42.263561,1168629760],[42.426631,1171226624],[42.758062,1182732288],[42.862175,1185247232],[42.951422,1186062336],[43.031354,1188585472],[43.044785,1191452672],[43.324385,1199656960],[43.460161,1201332224],[43.555665,1203531776],[43.785531,1212723200],[43.856006,1215029248],[43.915164,1215119360],[44.026563,1220014080],[44.029857,1226321920],[44.065331,1227407360],[44.106149,1232879616],[44.126758,1239818240],[44.244336,1242177536],[44.245741,1246380032],[44.310588,1250201600],[44.422949,1252487168],[44.861761,1256001536],[44.896695,1263554560],[45.133898,1262166016],[45.13582,1253236736],[45.338283,1223872512],[45.339145,1102233600],[45.38148,1102352384],[45.490886,1106382848],[46.462004,1106395136],[46.462095,1106522112],[49.265972,1106632704],[49.276986,1106968576],[50.219439,1107062784],[50.223595,1121554432],[50.308331,1121787904],[50.309358,1127845888],[50.370494,1127849984],[50.373694,1161404416],[50.720943,