{"summary":{"timestamp":1389836802,"hash":"a5ed0c58cb9f38af940403c34e283b68c89f5aa2","max_memory":1286512640,"cpu_time":142.38,"pull_request":11565},"memory_data":[[0.001619,8192],[0.00806,7225344],[0.217998,9940992],[0.348659,33918976],[0.369897,41107456],[0.433312,51347456],[0.492074,59240448],[0.594547,76709888],[0.655512,88686592],[0.738344,89759744],[0.785184,100560896],[0.883314,132997120],[1.236686,134959104],[1.416238,134979584],[1.488433,136167424],[1.614833,136511488],[2.040556,136871936],[2.176625,137609216],[2.334961,146231296],[2.647984,165941248],[2.831968,165965824],[2.938406,201768960],[3.80753,202084352],[3.808801,205606912],[3.840332,205791232],[3.841911,212951040],[3.857117,209276928],[3.907273,209403904],[3.91165,223961088],[3.942011,216616960],[4.039917,216637440],[4.048355,245985280],[4.109351,244928512],[4.109431,231301120],[4.300318,231366656],[4.316755,290025472],[4.440014,260661248],[4.640547,261283840],[4.736743,263311360],[4.826596,263524352],[5.073016,269205504],[5.490347,277143552],[5.638592,277291008],[5.765421,279068672],[5.932135,282771456],[5.990471,283389952],[6.216938,291950592],[6.329222,298131456],[6.592991,304201728],[6.670566,306724864],[6.886679,307064832],[7.038383,307904512],[7.048989,308854784],[7.286552,309915648],[8.077573,310587392],[8.106266,310915072],[8.632067,311558144],[8.753426,311967744],[8.785661,313024512],[8.980704,314085376],[9.122921,316379136],[9.512194,317009920],[10.185921,317255680],[10.188472,325496832],[10.418876,325644288],[10.4553,326430720],[11.08048,327065600],[11.246422,329162752],[11.249732,339652608],[11.34576,340336640],[12.20439,341176320],[12.297064,343658496],[12.669247,344268800],[12.682414,345112576],[12.929265,345513984],[12.964883,346857472],[13.481936,348143616],[13.863285,348508160],[14.08394,349462528],[14.405447,349794304],[14.445223,350621696],[14.615423,351481856],[14.874566,351682560],[15.007701,352780288],[15.057367,354422784],[15.058948,358621184],[15.120546,359686144],[15.273398,359940096],[15.529948,363487232],[15.530848,365449216],[15.647469,365666304],[15.792429,367525888],[15.837019,368963584],[15.966308,370192384],[15.968826,378474496],[16.30951,378634240],[16.341098,379289600],[16.560384,379342848],[16.574143,383836160],[16.739953,383868928],[16.885158,386789376],[17.208907,387477504],[17.783967,387547136],[17.78982,388628480],[17.950978,390557696],[18.008165,392347648],[18.087719,393048064],[18.2618,401121280],[18.520028,401391616],[18.5239,418172928],[19.141488,418394112],[19.216247,419213312],[19.257767,421531648],[19.394431,422551552],[19.498261,422416384],[19.540673,424611840],[19.673841,424656896],[19.676728,432844800],[19.88952,432865280],[19.993672,433688576],[20.035356,435412992],[20.253819,438206464],[20.54515,438341632],[20.742845,440467456],[20.981436,441942016],[21.102141,443363328],[21.119537,445456384],[21.215235,446488576],[21.385667,446631936],[21.729016,450113536],[21.807469,451743744],[22.167675,454696960],[22.319492,457187328],[22.379905,456904704],[22.442282,459001856],[22.639825,460206080],[22.640815,462389248],[22.780942,462643200],[22.881759,464973824],[22.890525,498659328],[22.96205,498335744],[23.330907,498561024],[24.492376,498671616],[24.633569,499585024],[24.670452,502292480],[24.674084,516972544],[24.840835,517222400],[25.506394,517267456],[25.683906,518701056],[25.68519,519774208],[25.843939,520843264],[25.845379,523988992],[26.136333,524251136],[26.181266,525185024],[26.450433,527273984],[26.519582,528310272],[26.832793,530243584],[27.009122,534323200],[27.192282,534327296],[27.353934,535851008],[27.608674,537284608],[27.644717,538673152],[27.980074,540397568],[28.129932,541765632],[28.170638,543576064],[28.310597,543686656],[28.524632,544583680],[28.651103,545718272],[28.653082,550211584],[28.905415,550350848],[29.231665,552120320],[29.362289,555511808],[29.388023,554553344],[29.505682,555216896],[29.600294,557527040],[29.811021,558075904],[29.959736,559996928],[30.180714,560889856],[30.285194,562647040],[30.312878,564740096],[30.457618,566370304],[30.534622,566370304],[30.608761,568238080],[30.953321,571052032],[31.235364,572596224],[31.290572,575393792],[31.331436,574046208],[31.458696,575102976],[31.608474,575299584],[31.895536,577572864],[31.979131,579244032],[32.081036,579649536],[32.136043,582778880],[32.144153,614236160],[32.503712,614273024],[32.800193,614629376],[32.80316,622882816],[32.876177,624996352],[32.880872,639660032],[32.935544,639627264],[32.935709,614625280],[33.534479,614633472],[36.81596,616734720],[36.832279,681746432],[36.875166,648187904],[38.266219,648339456],[38.868209,648605696],[41.155666,648736768],[41.365108,650653696],[41.612247,650809344],[41.669717,652783616],[41.669808,654880768],[41.72288,654888960],[41.739282,657043456],[41.81281,657285120],[41.878754,659640320],[41.879201,661737472],[41.938132,661741568],[41.95403,663838720],[42.09285,668041216],[42.1071,670138368],[42.183593,670318592],[42.188944,672415744],[42.262331,674549760],[42.366814,674586624],[42.469655,677433344],[42.873178,687034368],[43.050167,692346880],[43.197497,695382016],[43.428683,706441216],[43.611043,710250496],[43.655264,710512640],[43.816031,713932800],[43.903261,716894208],[44.018782,718688256],[44.303977,725757952],[44.60578,731971584],[44.805099,738103296],[44.891562,739344384],[44.938935,741322752],[45.175954,746708992],[45.176849,748675072],[45.228078,748683264],[45.522845,755302400],[45.855376,763322368],[45.891518,764895232],[46.000392,766431232],[46.340955,774660096],[46.341441,775593984],[46.576023,780812288],[46.761444,786382848],[46.955596,790347776],[47.13606,795103232],[47.356143,799952896],[47.882506,813117440],[47.884026,817274880],[47.968255,817291264],[48.072536,820199424],[48.073611,822255616],[48.353271,827764736],[48.470674,830586880],[48.473016,834781184],[48.572537,834830336],[48.573203,835878912],[48.873412,842604544],[48.884347,871964672],[49.568754,872128512],[49.89806,879599616],[49.934062,881180672],[50.086929,884490240],[50.177137,887390208],[50.32212,890621952],[50.493305,895287296],[50.74339,901017600],[50.865587,904605696],[51.169036,911503360],[51.248261,913719296],[51.608545,921427968],[51.771387,925437952],[52.238553,935673856],[52.4562,940707840],[52.457181,942764032],[52.517851,942927872],[52.687631,946589696],[53.069794,956194816],[53.281145,961134592],[53.313024,961155072],[53.628676,968712192],[53.794381,973807616],[53.93168,976277504],[54.216915,983183360],[54.330768,985513984],[54.34259,988078080],[54.432959,988917760],[54.560536,992784384],[54.732554,996118528],[54.843922,999391232],[55.064054,1004609536],[55.066738,1013002240],[55.26176,1013035008],[55.529884,1019265024],[55.579375,1021337600],[55.701354,1023950848],[55.808233,1027211264],[55.910052,1029238784],[55.911921,1033433088],[55.986087,1034047488],[56.004863,1038811136],[56.006336,1045102592],[56.066863,1045676032],[56.068696,1047773184],[56.156508,1048121344],[56.22593,1050681344],[56.31479,1052246016],[56.468509,1056493568],[56.566791,1059975168],[56.656069,1061109760],[57.002676,1069867008],[57.012079,1070772224],[57.362592,1078853632],[57.71843,1086418944],[57.846242,1089703936],[57.848092,1093898240],[57.924011,1094119424],[57.92654,1102434304],[58.10748,1102442496],[58.936079,1121337344],[59.076116,1125167104],[59.827851,1142505472],[59.828767,1145688064],[59.995445,1148006400],[60.284126,1155125248],[60.285179,1157173248],[60.336671,1157185536],[60.604942,1163423744],[60.721477,1165496320],[61.248914,1176879104],[61.525171,1183064064],[61.908048,1192062976],[62.087899,1196802048],[62.218614,1198845952],[62.464695,1204637696],[62.568281,1207832576],[62.588988,1210261504],[62.680828,1211179008],[62.792229,1213497344],[62.793189,1215819776],[63.266857,1224548352],[63.426118,1227849728],[63.428686,1242529792],[63.436572,1242537984],[63.438638,1227063296],[63.457959,1227333632],[63.461401,1242427392],[64.19285,1256751104],[64.199582,1286008832],[64.20091,1243508736],[64.491275,1247653888],[64.824664,