{"summary":{"timestamp":1361086238,"hash":"a6945f2a45d56ef692cd8f2955dcef4e4c10d50a","max_memory":1246175232,"cpu_time":91.88,"pull_request":4993},"memory_data":[[0.003033,8192],[0.013421,3026944],[0.115726,4669440],[0.455944,16334848],[0.855235,30887936],[1.131456,40460288],[1.454404,52264960],[2.357445,83812352],[2.392372,84295680],[2.659933,134008832],[3.0699,208248832],[3.216788,233984000],[3.327916,241418240],[3.40291,250339328],[3.491103,255766528],[3.542404,262832128],[3.592867,267157504],[3.738674,271556608],[3.878851,279609344],[3.935247,284729344],[4.05421,290258944],[4.195765,298885120],[4.217588,301326336],[4.471284,319156224],[4.52241,324575232],[4.612118,325115904],[4.667708,337039360],[4.681756,338108416],[4.733162,349188096],[4.734378,353394688],[4.762647,351301632],[4.86542,373284864],[4.99903,374607872],[5.022592,386535424],[5.055777,385191936],[5.069937,394055680],[5.106417,395100160],[5.119318,410116096],[5.258383,411316224],[5.549652,411193344],[5.676535,411496448],[5.750015,418304000],[6.092372,420704256],[6.095123,421752832],[6.20809,421756928],[6.447045,423165952],[6.452199,425250816],[6.75749,425254912],[7.114493,427700224],[7.295764,428531712],[7.306938,432730112],[7.912723,432746496],[7.915497,433778688],[8.095082,433782784],[8.467983,436166656],[8.892726,439468032],[8.916586,447856640],[9.137628,448102400],[9.165643,453337088],[9.208008,453849088],[9.229355,462241792],[9.300676,462245888],[9.323708,464248832],[9.40383,465035264],[9.405089,471887872],[9.420745,472895488],[9.635224,480231424],[9.758889,480903168],[9.791128,481984512],[9.964692,483184640],[10.086508,483348480],[10.530034,488579072],[10.804268,490098688],[10.829496,491257856],[10.947056,491483136],[10.952523,493477888],[11.185468,493518848],[11.302143,494084096],[11.378187,495329280],[11.659079,496832512],[11.959026,501399552],[12.221651,502517760],[12.233652,506626048],[12.622942,506675200],[12.741732,509231104],[13.170377,512770048],[13.373185,512946176],[13.516866,513675264],[14.030624,517341184],[14.119962,521072640],[14.366896,520941568],[14.612598,522076160],[14.85556,524034048],[15.037397,524685312],[15.06151,532938752],[16.32114,532979712],[16.483657,534663168],[16.740007,535515136],[16.776053,536403968],[16.984383,537636864],[17.080115,537640960],[17.148322,539058176],[17.31305,539176960],[17.524046,540553216],[17.624964,542752768],[18.021343,544210944],[18.304483,546684928],[18.493513,547655680],[18.835834,548487168],[19.101192,550526976],[19.144265,552341504],[19.297209,552407040],[19.900066,554807296],[19.940965,556228608],[20.26823,557015040],[20.47336,558268416],[20.763052,558772224],[21.097248,559968256],[21.195633,561299456],[21.402908,562073600],[21.718241,565026816],[21.86123,565166080],[22.073344,567554048],[22.140304,569651200],[22.415763,570093568],[22.45912,571027456],[22.784856,572207104],[22.790465,580751360],[22.831903,580771840],[22.833784,589139968],[23.383502,589156352],[23.411357,597942272],[24.619872,598036480],[24.761753,598302720],[24.839288,599539712],[24.95285,599543808],[25.066574,600674304],[25.254375,600756224],[25.486969,602681344],[25.72553,603529216],[25.727964,604442624],[25.929687,606048256],[26.080732,607965184],[26.726069,608223232],[26.792549,609595392],[26.909931,610373632],[26.912035,620314624],[26.930873,622817280],[27.084645,622989312],[27.107688,625090560],[27.110948,631382016],[27.152522,631332864],[27.154459,635572224],[27.209146,639832064],[27.31239,639848448],[27.391694,643325952],[27.395245,660103168],[27.758726,662200320],[27.854558,666394624],[28.115352,666398720],[28.253579,672198656],[28.256291,676429824],[28.473712,681672704],[28.658877,682782720],[28.714245,684470272],[28.782308,684666880],[28.875201,687276032],[29.119159,692150272],[29.119569,694247424],[29.20061,694915072],[29.383571,697913344],[29.479842,701173760],[29.605197,703410176],[29.727402,707620864],[29.856194,709894144],[29.999863,713629696],[30.000495,717824000],[30.060558,718712832],[30.179889,722685952],[30.208355,725712896],[30.216833,730144768],[30.293835,732692480],[30.512043,736841728],[30.700891,743174144],[30.791264,745291776],[30.830269,750735360],[30.998572,756776960],[31.113251,758558720],[31.268332,762863616],[31.50744,770211840],[31.652582,772927488],[31.766451,776433664],[31.986233,781508608],[32.030887,784146432],[32.098282,784465920],[32.391174,794148864],[32.409604,798924800],[32.503196,799821824],[32.601976,803155968],[32.875148,804122624],[33.004481,808275968],[33.25974,818368512],[33.321195,819474432],[33.454004,823558144],[33.533709,824193024],[33.695992,828538880],[33.766498,828874752],[33.872199,831426560],[34.00672,835657728],[34.006963,837754880],[34.208874,844251136],[34.323362,845008896],[34.48855,851886080],[34.561507,851898368],[34.612863,853766144],[34.763737,854691840],[34.791955,855855104],[34.959333,857350144],[35.006513,859856896],[35.121627,860360704],[35.217429,863457280],[35.252035,865636352],[35.594012,876646400],[35.734891,879190016],[35.852477,882626560],[36.047969,884842496],[36.13262,887427072],[36.307285,889933824],[36.367108,891981824],[36.511191,893763584],[36.627183,897630208],[36.784384,899620864],[36.786148,905928704],[36.861974,908455936],[36.932106,908718080],[36.989153,910581760],[37.053182,910659584],[37.189924,915333120],[37.482777,916852736],[37.54166,917798912],[37.689359,922595328],[37.695625,924692480],[37.746556,924700672],[37.845947,927903744],[37.948307,929234944],[38.074304,932454400],[38.221533,937619456],[38.452434,942473216],[38.613443,947699712],[38.719648,950317056],[38.793242,950710272],[38.878309,954068992],[38.909735,954077184],[39.052382,959143936],[39.248343,960503808],[39.588696,971677696],[39.712814,973463552],[39.821804,977100800],[39.913344,978935808],[40.067114,980434944],[40.192373,983736320],[40.283698,984932352],[40.315811,986583040],[40.422642,987418624],[40.547354,991428608],[40.549761,993898496],[40.61382,995540992],[40.636702,1000431616],[40.745109,1003917312],[40.874593,1007030272],[40.891691,1009659904],[40.958905,1009700864],[41.021481,1012731904],[41.07966,1013178368],[41.20257,1017364480],[41.474564,1022930944],[41.634451,1026703360],[41.669549,1028247552],[41.705466,1039794176],[42.023905,1048985600],[42.044165,1050030080],[42.272787,1056014336],[42.387648,1059651584],[42.503785,1061773312],[42.810041,1070133248],[42.986333,1074126848],[42.994865,1078259712],[43.057472,1078280192],[43.183127,1082302464],[43.310679,1085222912],[43.440652,1090760704],[43.598753,1092976640],[43.756891,1098477568],[44.086397,1108656128],[44.117339,1108660224],[44.49257,1120743424],[44.556568,1120833536],[44.684511,1124024320],[44.803858,1125920768],[45.107027,1136123904],[45.149244,1138708480],[45.249813,1142173696],[45.287799,1145532416],[45.307285,1153056768],[45.371861,1153454080],[45.457811,1156075520],[45.457994,1158172672],[45.51985,1161666560],[45.579987,1163235328],[45.68993,1163997184],[45.691343,1165172736],[46.24926,1168793600],[46.262465,1165529088],[46.529612,1140359168],[46.529698,1073250304],[46.641146,1073274880],[46.684202,1075781632],[46.740873,1076756480],[48.128204,1076887552],[49.407053,1077108736],[49.420505,1077493760],[50.264134,1077661696],[50.267988,1094270976],[50.391037,1096368128],[50.391395,1098469376],[50.482511,1100570624],[50.489151,1165582336],[50.522352,1165647872],[50.525377,1160495104],[50.994581,1159086080],[51.00225,1131130880],[51.002355,1078702080],[51.641638,1078960128],[55.602484,1079209984],[55.606528,1094598656],[55.764815,1094725632],[64.377756,1094733824],[65.35564,1094750208],[82.672036,1094754304],[84.428649,1094770688],[85.083208,1095081984],[85.083935,1097392128],[85.239934,1095426048],[85.341528,1094901760],[111.718751,1094905856],[115.43616,1097003008],[115.443662,1128460288],[115.454507,1126600704],[115.45495,1111683072],[151.733357,1111687168],[164.192372,1111756800],[164.65617,1111863296],[164.671748,1118593024],[164.683727,1112772608],[164.745459,1115418624],[164.746828,1119612928],[164.833966,1121034240],