{"summary":{"timestamp":1378435254,"hash":"a980f28028f4712efbb89017bd23c25183fddbfe","max_memory":2012418048,"cpu_time":null,"pull_request":9011},"memory_data":[[0.001496,4096],[0.048516,397312],[0.048624,2760704],[0.093811,7520256],[0.218366,12324864],[0.349293,15106048],[0.376561,18796544],[0.433931,20619264],[0.457073,25907200],[0.702319,30224384],[0.706012,51699712],[0.732462,50536448],[0.732885,54865920],[0.908407,58155008],[0.948577,68734976],[0.998611,79220736],[1.016304,85512192],[1.071876,93900800],[1.13841,112775168],[1.17207,119066624],[1.191628,119066624],[1.239286,133746688],[1.301163,144232448],[1.562377,199192576],[1.579592,220352512],[1.654995,318918656],[1.690569,329854976],[1.715289,344535040],[1.729308,348729344],[1.782433,378089472],[1.802577,382283776],[1.856471,405352448],[1.869764,413741056],[1.91687,432615424],[1.968332,457781248],[2.009914,474034176],[2.049716,493416448],[2.073241,516182016],[2.11295,566730752],[2.200978,667488256],[2.223946,678109184],[2.272463,736829440],[2.323417,795549696],[2.360915,841687040],[2.384529,850280448],[2.419568,896417792],[2.470172,959332352],[2.511833,1015955456],[2.535483,1011892224],[2.543793,986726400],[2.556378,965754880],[2.570541,902840320],[2.577395,886063104],[2.591387,877080576],[2.599804,844120064],[2.610235,827305984],[2.613116,793812992],[2.626609,768032768],[2.634097,710021120],[2.643215,710017024],[2.64774,694390784],[2.685379,595570688],[2.710391,536809472],[2.7278,489644032],[2.730758,438239232],[2.742557,438214656],[2.751564,408854528],[2.755022,408821760],[2.776456,353894400],[2.793372,317919232],[2.796102,285540352],[2.808556,296202240],[2.827398,300810240],[2.829915,319684608],[2.836255,309198848],[2.856491,310992896],[2.86605,346652672],[2.878102,327778304],[2.918872,331177984],[2.929528,404586496],[2.955425,404246528],[2.956475,368930816],[2.998068,372940800],[3.084423,373936128],[3.148398,415281152],[3.160269,448184320],[3.16032,414654464],[3.185165,415629312],[3.210128,426901504],[3.235649,427757568],[3.257665,441131008],[3.299736,441446400],[3.348197,445702144],[3.41436,445710336],[3.475182,460771328],[3.605602,464666624],[3.606406,467230720],[3.697543,467681280],[3.699189,472928256],[3.965673,473608192],[3.974885,478740480],[4.416977,479256576],[4.575557,479670272],[4.581199,502738944],[4.593484,501297152],[4.593813,492249088],[4.819623,492920832],[4.820076,495149056],[4.963439,495546368],[5.053666,497033216],[5.054977,501215232],[5.080298,505409536],[5.119399,507506688],[5.12245,524283904],[5.128251,515891200],[5.194869,516149248],[5.402313,526540800],[5.448204,531329024],[5.534794,535343104],[5.623809,542793728],[5.739603,545021952],[5.740449,551313408],[5.940891,556064768],[6.011732,556789760],[6.381517,566042624],[6.382772,570097664],[6.4521,571543552],[6.457567,573644800],[6.53155,575148032],[6.638112,582840320],[6.72184,584146944],[6.987839,590520320],[7.000132,591851520],[7.149272,594276352],[7.387634,598982656],[7.410798,601612288],[7.50684,603410432],[7.509881,622288896],[7.516058,613896192],[7.684637,618369024],[7.715933,619872256],[7.856821,622198784],[7.954828,622743552],[7.96684,629030912],[8.115927,630886400],[8.185863,631062528],[8.256538,633085952],[8.334512,633118720],[8.790785,639406080],[8.7934,640987136],[8.873672,642785280],[9.10275,646074368],[9.180169,648257536],[9.309614,650051584],[9.41735,653393920],[9.555209,654884864],[9.649205,656666624],[9.649957,659611648],[9.726116,661139456],[9.877564,662589440],[9.933569,664358912],[10.092612,666390528],[10.276476,671801344],[10.481884,673685504],[10.643891,676327424],[10.854522,678498304],[10.990895,680800256],[10.997011,716451840],[11.011355,697577472],[11.017823,716476416],[11.024698,705990656],[11.261344,708497408],[11.38968,712343552],[11.47117,712429568],[11.647237,714973184],[11.735476,715173888],[11.862529,717148160],[11.943989,717406208],[12.030839,719552512],[12.312954,721821696],[12.36326,723415040],[12.450898,724156416],[12.451349,727494656],[12.629186,729010176],[12.670892,730329088],[12.779081,731160576],[13.106755,737116160],[13.320793,739184640],[13.423511,742404096],[13.589768,744448000],[13.590531,750739456],[13.726528,751792128],[13.770603,753262592],[13.931732,753803264],[14.122365,755838976],[14.145754,757202944],[14.316009,758366208],[14.398029,760258560],[14.524369,773627904],[14.525785,778784768],[14.596913,786792448],[14.602129,790990848],[14.703271,805179392],[14.708849,812515328],[14.832501,829517824],[14.918187,838262784],[14.96422,841515008],[14.966289,852000768],[15.014375,849862656],[15.06094,859144192],[15.819261,859430912],[15.901376,860114944],[15.902028,862212096],[16.145949,862973952],[16.164029,866590720],[17.464108,866840576],[17.609368,868462592],[17.708203,868519936],[17.742264,872452096],[17.787633,873615360],[17.880563,878956544],[17.96459,884912128],[18.003305,889323520],[18.101258,893689856],[18.143706,897884160],[18.309493,906285056],[18.452229,916709376],[18.452328,918806528],[18.564442,922488832],[18.759345,933167104],[18.793272,937488384],[18.869453,941699072],[19.059262,950124544],[19.060939,952221696],[19.136543,956420096],[19.224855,956669952],[19.281584,960868352],[19.33792,962969600],[19.384031,967163904],[19.546831,975560704],[19.654835,979763200],[19.667131,981860352],[19.846933,990261248],[19.929174,992231424],[19.963837,994414592],[20.179607,1004412928],[20.293251,1011109888],[20.423924,1017507840],[20.455132,1021722624],[20.541039,1025953792],[20.687784,1034362880],[20.688555,1038557184],[20.786985,1042759680],[20.858579,1049055232],[21.099702,1061650432],[21.17988,1063755776],[21.210427,1067945984],[21.316306,1074241536],[21.344129,1074245632],[21.385865,1078439936],[21.431247,1078448128],[21.46981,1082638336],[21.513466,1082642432],[21.664678,1093140480],[21.801275,1099440128],[22.086403,1114132480],[22.148726,1116233728],[22.205562,1120428032],[22.478543,1137217536],[22.77628,1154015232],[22.874085,1156169728],[22.913263,1160364032],[22.985769,1162469376],[22.994537,1164566528],[23.093126,1170862080],[23.144651,1170862080],[23.14481,1172959232],[23.345884,1183444992],[23.44918,1193930752],[23.525452,1200222208],[23.613163,1204424704],[23.647357,1204428800],[23.664893,1208619008],[23.672763,1242173440],[23.689482,1225396224],[23.766675,1231687680],[23.890972,1240076288],[23.898866,1246367744],[23.972427,1248473088],[23.990346,1330266112],[24.002108,1391079424],[24.052435,1317679104],[24.06537,1319776256],[24.165549,1326067712],[24.422702,1338650624],[24.455766,1340747776],[24.835557,1359622144],[25.147164,1374302208],[25.644186,1401565184],[25.705907,1403662336],[25.792514,1409957888],[25.801687,1420439552],[26.02922,1424633856],[26.400235,1414148096],[26.430024,1401565184],[26.531627,1402888192],[26.595907,1405054976],[26.762183,1407959040],[27.664252,1407967232],[29.739645,1410064384],[29.785186,1420550144],[29.816618,1422647296],[29.837658,1431035904],[29.842327,1439424512],[30.066568,1441521664],[30.074905,1472978944],[30.081382,1456201728],[30.098439,1462493184],[30.332956,1445715968],[30.336652,1412161536],[30.504326,1412169728],[32.989452,1414266880],[32.989654,1416364032],[33.040081,1418461184],[33.042625,1420558336],[33.09392,1420636160],[38.429314,1420767232],[39.695838,1422864384],[40.639189,1424961536],[41.133013,1424961536],[42.072978,1427058688],[42.078364,1433350144],[42.699393,1435447296],[47.636248,1437544448],[50.257077,1439641600],[51.249219,1441738752],[51.249372,1443835904],[54.265844,1445933056],[54.840102,1448030208],[55.122866,1450127360],[56.929236,1452224512],[57.052667,1454321664],[57.768219,1456418816],[59.500062,1458515968],[60.278525,1464807424],[62.196147,1466904576],[62.889137,1469001728],[63.018691,1471098880],[63.038964,1475293184],[65.682425,1477390336],[65.682576,1479487488],[67.648778,1481584640],[67.729865,1483681792],[68.990233,1485778944],[69.622447,1487876096],[69.813828,1489973248],[69.813985,1492070400],[70.980814,1494167552],[71.691405,1496264704],[72.111579,1498361856],[72.113413,1500459008],