{"summary":{"timestamp":1389138398,"hash":"aa1839bd693176f03f372fb34baa7b19b5030af7","max_memory":1310597120,"cpu_time":213.26,"pull_request":11364},"memory_data":[[0.001796,8192],[0.008281,9269248],[0.073055,21331968],[0.091662,27115520],[0.121178,29356032],[0.158917,35938304],[0.185189,43933696],[0.200575,44572672],[0.269936,58322944],[0.289148,58576896],[0.476407,89796608],[0.508349,96567296],[0.537097,96595968],[0.629001,167694336],[0.805562,167784448],[0.950066,168534016],[1.074783,170139648],[1.321443,170119168],[1.385365,179036160],[1.395927,186437632],[1.548419,203784192],[1.605068,212086784],[1.642753,215445504],[1.749821,231202816],[1.860729,231206912],[1.872544,242495488],[1.929185,285282304],[2.430349,285392896],[2.483337,292741120],[2.513474,292745216],[2.516906,307191808],[2.541419,306786304],[2.541528,300081152],[2.600225,302186496],[2.607346,329449472],[2.656261,327843840],[2.656316,314765312],[2.766597,316870656],[2.782233,373489664],[2.879439,344125440],[2.883695,344829952],[4.295632,344932352],[4.299533,359579648],[4.363873,359686144],[4.366097,367968256],[5.32938,368021504],[5.333394,380555264],[6.345387,380645376],[6.348101,388972544],[7.202544,389009408],[7.207855,405757952],[8.027492,405762048],[8.195811,409477120],[8.368608,411377664],[8.453749,413696000],[8.511985,413794304],[8.525717,415862784],[8.723571,418021376],[8.914777,420683776],[8.931596,421539840],[9.206596,425549824],[9.292672,427855872],[9.345239,427995136],[9.418443,430563328],[9.472754,430362624],[9.473502,432607232],[9.534604,432611328],[9.62842,434589696],[9.647834,436113408],[9.8733,438452224],[9.883329,472010752],[10.749681,472113152],[10.753751,488734720],[11.422157,488759296],[11.423021,490831872],[11.591886,491970560],[11.592965,495026176],[11.793481,495161344],[12.043243,499200000],[12.202199,500559872],[12.294133,502943744],[12.3431,505454592],[12.519571,505741312],[12.733895,509714432],[12.949719,511365120],[13.059279,513814528],[13.17805,514506752],[13.21104,515690496],[13.343962,516820992],[13.34522,521371648],[13.465692,521379840],[13.68139,523063296],[13.794902,526573568],[13.872137,526594048],[13.916565,528429056],[14.039592,529178624],[14.129185,531054592],[14.212668,531218432],[14.379944,533757952],[14.414537,536023040],[14.563271,537501696],[14.773857,541593600],[15.004574,543789056],[15.039865,546594816],[15.067717,545251328],[15.200601,546250752],[15.408875,548782080],[15.526519,550973440],[15.56418,554135552],[15.571563,585592832],[15.961101,585674752],[15.963332,593879040],[16.016939,595980288],[16.020265,610660352],[16.05755,593879040],[16.057654,585621504],[19.875805,587726848],[19.896672,652734464],[19.922697,619175936],[20.723446,619220992],[20.784008,624922624],[20.818665,624988160],[20.97289,632229888],[21.015391,636334080],[21.240634,647364608],[21.529035,660606976],[21.648205,665182208],[21.766792,675598336],[22.166269,693346304],[22.354044,701128704],[22.515232,708415488],[22.75434,717934592],[22.91122,725274624],[23.109748,733224960],[23.145931,735408128],[23.291088,741224448],[23.31958,743346176],[23.506407,751087616],[23.533246,753188864],[23.683017,760590336],[23.850353,766672896],[24.001049,773562368],[24.278034,784482304],[24.567958,796790784],[24.628413,800067584],[24.722467,803254272],[24.751877,805314560],[25.062368,817377280],[25.212401,824213504],[25.339509,828694528],[25.577185,838582272],[25.793786,846835712],[25.826535,849518592],[25.924701,853037056],[25.925988,857169920],[25.983161,857174016],[26.080662,860860416],[26.08843,890228736],[26.379463,890298368],[26.380751,894431232],[26.506326,894439424],[26.74357,903487488],[26.899403,909860864],[27.151638,919396352],[27.400099,929734656],[27.672141,941576192],[27.851301,948109312],[28.045214,957308928],[28.133214,960286720],[28.267853,966696960],[28.43008,972611584],[28.454694,974680064],[28.777634,989339648],[28.954975,996089856],[28.972627,997670912],[29.301652,1010659328],[29.38566,1014308864],[29.466596,1020366848],[29.466648,1022464000],[29.527207,1026936832],[29.603592,1030123520],[29.609967,1036308480],[29.670875,1036337152],[29.799175,1042993152],[29.86336,1044758528],[29.963834,1049153536],[29.964456,1052209152],[30.009624,1052229632],[30.171,1060499456],[30.515926,1073586176],[30.517303,1077710848],[30.562059,1077723136],[30.724514,1084317696],[30.797558,1087950848],[30.960568,1093898240],[31.351127,1109557248],[31.51201,1116311552],[31.514247,1124622336],[31.617962,1124638720],[31.859473,1134100480],[32.090316,1144590336],[32.250101,1150676992],[32.252335,1159008256],[32.369735,1159024640],[32.438294,1161490432],[32.440572,1169879040],[32.542191,1169883136],[32.792575,1179267072],[32.824334,1181294592],[33.000808,1188040704],[33.213385,1197322240],[33.290398,1199534080],[33.504807,1209012224],[33.520786,1211883520],[33.666915,1216307200],[33.668264,1220173824],[33.902894,1227591680],[34.061231,1233149952],[34.06828,1250160640],[34.070826,1231183872],[34.090357,1231675392],[34.100195,1266987008],[34.449947,1278726144],[34.456158,1310203904],[34.457456,1263247360],[34.797592,1275502592],[35.466191,1277599744],[35.466731,1275502592],[35.950569,1208815616],[35.955025,1174831104],[36.188986,1117671424],[36.189037,1116106752],[43.046728,1118208000],[43.04963,1149665280],[43.487193,1147564032],[43.487284,1116106752],[43.616547,1116127232],[45.466164,1118224384],[45.468775,1116127232],[55.466169,1118224384],[55.467949,1116127232],[65.469467,1118224384],[65.469978,1116127232],[75.469501,1118224384],[75.470976,1116127232],[85.472805,1118224384],[85.475863,1116127232],[95.476186,1118224384],[95.479723,1116127232],[105.479501,1118224384],[105.483228,1117470720],[115.482822,1119567872],[115.483307,1117470720],[125.482785,1119567872],[125.486449,1117470720],[135.486133,1119567872],[135.490322,1117470720],[145.489491,1119567872],[145.490462,1117470720],[154.242711,1119567872],[154.256616,1128243200],[154.407985,1132441600],[154.410913,1163898880],[154.460165,1165996032],[154.550401,1166000128],[154.632854,1167814656],[154.636413,1186689024],[154.818729,1190883328],[154.864913,1192984576],[154.872135,1209987072],[154.882476,1257996288],[154.899256,1230729216],[154.89931,1224437760],[155.034638,1228632064],[155.079917,1209397248],[155.082405,1161592832],[155.088499,1187569664],[155.088602,1160302592],[155.492828,1162399744],[155.500354,1160302592],[163.310493,1160298496],[165.285049,1160187904],[165.499514,1162285056],[165.500009,1160187904],[168.549109,1160118272],[170.87637,1159954432],[172.832536,1159929856],[174.739414,1159774208],[175.983528,1159757824],[176.873054,1159655424],[180.918682,1159409664],[182.933716,1159213056],[184.189081,1159172096],[184.19033,1159077888],[185.779612,1158959104],[187.056623,1158938624],[187.356411,1158815744],[188.93189,1158733824],[189.456418,1158586368],[190.5929,1158561792],[191.237051,1158397952],[192.38251,1158324224],[192.384218,1158234112],[194.228618,1158094848],[194.471047,1157931008],[195.79955,1157902336],[196.299916,1157697536],[197.809915,1157468160],[198.749741,1157439488],[199.886425,1157197824],[201.336248,1157115904],[201.836423,1156935680],[202.627974,1156927488],[204.570254,1156456448],[205.220272,1156452352],[205.222778,1156280320],[206.255824,1156243456],[206.813524,1155899392],[208.000867,1155870720],[208.700497,1155559424],[210.515064,1155403776],[211.016418,1155231744],[213.063312,1155125248],[213.065743,1154650112],[213.363535,1154478080],[214.372938,1154379776],[214.670195,1154207744],[215.372551,1154166784],[215.473442,1153990656],[216.535043,1153900544],[217.23643,1153601536],[217.974987,1153556480],[217.977481,1153314816],[218.96302,1153318912],[219.073299,1161691136],[219.081461,1167286272],[219.334834,1167147008],[219.335858,1170751488],[220.0853,1170587648],[220.405387,1169825792],[220.406087,1130598400],[220.44485,1123282944],[220.445875,1086488576],[220.446034,905920512],[220.450528,831283200],[220.455517,682876928],[220.458805,642945024],[220.465912,482168832],[220.469335,435859456],[220.470333,