{"summary":{"timestamp":1389272793,"hash":"ab9ec6d59a0e5e79e553e0e4570a28ded1ead1aa","max_memory":1372151808,"cpu_time":161.13,"pull_request":11402},"memory_data":[[0.002169,8192],[0.010162,7217152],[0.073691,7622656],[0.074375,9887744],[0.158224,11526144],[0.231086,19484672],[0.29427,23998464],[0.335055,29876224],[0.392925,32096256],[0.447096,38502400],[0.47081,38850560],[0.525461,46702592],[0.5527,47308800],[0.585764,51793920],[0.671184,57864192],[0.695561,61083648],[0.732341,61394944],[0.879459,73109504],[0.958352,80658432],[1.063588,88715264],[1.121068,99483648],[1.22156,100540416],[1.227692,104206336],[1.353623,146288640],[1.390645,172068864],[1.724412,173690880],[1.844556,175312896],[2.086855,175325184],[2.147917,183988224],[2.160145,191557632],[2.306102,208744448],[2.362623,217055232],[2.409311,221708288],[2.507154,236175360],[2.615066,236208128],[2.628746,247709696],[2.691826,290295808],[3.177435,290537472],[3.229032,297971712],[3.258162,297996288],[3.262258,312655872],[3.285351,305311744],[3.341693,307412992],[3.348632,334675968],[3.395503,319991808],[3.502417,322101248],[3.517767,378720256],[3.610857,349356032],[3.615018,350052352],[3.785879,350515200],[3.869585,352808960],[3.953611,353067008],[4.109751,357277696],[4.453119,364285952],[4.599767,365203456],[5.020426,365924352],[5.053861,366317568],[5.593789,367190016],[5.686609,368230400],[6.063257,369426432],[6.317747,374341632],[6.468132,381087744],[6.827511,386531328],[7.033821,391413760],[7.258675,395370496],[7.401849,397430784],[7.533797,400568320],[7.816971,405368832],[8.038488,406323200],[8.277204,406597632],[8.809273,406667264],[8.815321,421339136],[9.094185,421404672],[9.151095,422289408],[9.36349,422641664],[9.958824,422670336],[10.155352,422912000],[10.160801,435445760],[10.266307,436183040],[10.757334,436674560],[10.829915,438120448],[10.952716,442998784],[11.139529,444551168],[11.246397,446640128],[11.418957,447827968],[11.646054,447971328],[12.952924,448057344],[13.219842,448184320],[13.302021,450318336],[13.554144,450330624],[13.589182,452902912],[13.751705,453406720],[13.756218,469880832],[13.765142,470216704],[14.118048,470347776],[14.148626,472080384],[14.316546,474271744],[14.341302,476446720],[14.420297,476561408],[14.42304,484827136],[14.557815,484868096],[14.772301,490364928],[15.775503,490487808],[15.783687,490852352],[16.361942,491524096],[16.632869,494116864],[16.690407,497512448],[16.859472,498679808],[17.065869,502521856],[17.167644,505171968],[17.297717,506859520],[17.455863,511184896],[17.549584,512065536],[17.550467,514224128],[17.69165,516124672],[17.746441,519966720],[17.755735,551424000],[17.985851,551792640],[18.6732,551800832],[18.78787,553091072],[18.792117,569798656],[19.195141,570052608],[19.394199,572690432],[19.460211,574337024],[19.460746,577306624],[19.630965,577634304],[19.846645,581914624],[19.985614,583626752],[20.061297,583819264],[20.268525,588173312],[20.575074,588460032],[20.816368,590688256],[20.940715,591060992],[20.995628,592121856],[21.290095,593637376],[21.475945,595181568],[22.748181,595247104],[23.217816,595365888],[23.282204,597479424],[23.313439,596779008],[23.518189,597463040],[23.596609,598581248],[23.718777,598753280],[23.828941,599769088],[23.83147,604430336],[24.215023,604680192],[24.440985,605990912],[24.649866,609501184],[24.698794,608763904],[24.800227,609513472],[24.890934,611340288],[25.043195,611557376],[25.179208,613982208],[25.305939,614887424],[25.399287,616665088],[25.43091,618942464],[25.629754,620556288],[25.671664,622399488],[25.875023,625250304],[26.038391,626835456],[26.073234,629682176],[26.099772,628334592],[26.321699,630067200],[26.477186,631836672],[26.617116,635555840],[26.625787,668635136],[27.039965,668979200],[27.042305,677220352],[27.093191,679321600],[27.096451,694001664],[27.132006,676290560],[27.132065,668962816],[29.521786,671068160],[29.542154,736075776],[29.567196,715100160],[29.567254,702517248],[30.595634,702660608],[31.202359,702914560],[32.710847,703045632],[32.876157,704651264],[33.131349,705064960],[33.17273,708591616],[33.231051,708612096],[33.299277,712814592],[33.392301,713154560],[33.447981,715096064],[33.66654,720891904],[33.741756,724475904],[34.06248,732196864],[34.143379,736595968],[34.297626,742944768],[34.38583,747319296],[34.540737,753405952],[34.666018,764231680],[34.750466,768225280],[34.84088,769892352],[34.965882,776097792],[35.052379,779018240],[35.202437,785788928],[35.3646,792137728],[35.508531,799539200],[35.608123,801189888],[35.70639,805720064],[35.835944,810340352],[35.996869,817840128],[36.251597,823037952],[36.253356,825085952],[36.309658,825143296],[36.490571,830033920],[36.637311,836370432],[36.660044,838451200],[36.856979,847409152],[36.946201,852488192],[37.034752,855756800],[37.293948,867586048],[37.634941,881504256],[37.663899,883666944],[37.852127,893030400],[38.111684,902762496],[38.135226,904650752],[38.356439,914194432],[38.360792,916799488],[38.367206,944066560],[38.717194,944091136],[38.788877,947163136],[38.790365,951353344],[38.842633,951365632],[38.999239,958312448],[39.26871,969244672],[39.307127,971530240],[39.308563,975724544],[39.361121,975790080],[39.621989,986820608],[39.847081,995762176],[39.887272,997859328],[40.215643,1011032064],[40.216995,1012146176],[40.427824,1020293120],[40.459431,1022398464],[40.675541,1032323072],[40.730906,1035440128],[40.835444,1038786560],[40.938611,1043722240],[41.064709,1050951680],[41.095151,1051537408],[41.392473,1064120320],[41.571468,1073315840],[41.668745,1076736000],[41.846406,1085722624],[41.928086,1088733184],[42.088091,1096155136],[42.15917,1098346496],[42.414859,1108709376],[42.418683,1113149440],[42.479847,1114083328],[42.506602,1116717056],[42.583213,1118998528],[42.588861,1121349632],[42.722411,1124016128],[42.770162,1126404096],[42.857545,1128525824],[42.984908,1134854144],[43.073005,1137618944],[43.074833,1140862976],[43.165804,1143087104],[43.167412,1147273216],[43.225878,1147297792],[43.369678,1154629632],[43.721003,1167269888],[43.848871,1173610496],[43.965835,1175797760],[44.060634,1180483584],[44.345097,1191510016],[44.347528,1199902720],[44.44067,1199919104],[44.80709,1215664128],[44.809527,1224052736],[44.90688,1224065024],[45.322606,1242304512],[45.352783,1244418048],[45.479126,1249718272],[45.485648,1258110976],[45.597266,1258143744],[46.024361,1274855424],[46.260697,1284833280],[46.365986,1289846784],[46.458981,1292603392],[46.566136,1297350656],[46.634081,1298255872],[46.706835,1301270528],[46.738482,1304371200],[46.782351,1304387584],[46.883194,1308114944],[46.884577,1311322112],[46.924296,1312673792],[46.925316,1317232640],[47.135488,1324032000],[47.648026,1342095360],[47.653315,1371529216],[47.655173,1339252736],[47.954988,1350701056],[47.980238,1354518528],[47.982889,1349955584],[48.635734,1353502720],[48.652554,1357217792],[49.093111,1291272192],[49.097421,1256546304],[49.324588,1256542208],[49.324646,1198215168],[49.372752,1198112768],[49.559488,1201696768],[49.758368,1204932608],[50.853421,1204981760],[54.760915,1204985856],[55.910372,1205014528],[56.395558,1207115776],[56.398393,1238573056],[56.82396,1236471808],[56.824019,1205014528],[57.379569,1205284864],[58.016518,1205383168],[61.965139,1205391360],[239.408559,1205395456],[247.342534,1207492608],[247.344236,1215885312],[247.581811,1220083712],[247.585048,1251540992],[247.632405,1253638144],[248.17777,1262030848],[248.250809,1264132096],[248.257308,1329143808],[248.280281,1295585280],[248.338055,1297682432],[248.472226,1299779584],[248.519593,1232666624],[248.530723,1258360832],[248.53093,1231200256],[249.501841,1233297408],[249.503606,1241690112],[249.741492,1245888512],[249.744623,1277345792],[249.791685,1279442944],[250.336364,1287835648],[250.409579,1289936896],[250.416121,1354948608],[250.439038,1321390080],[250.497193,1323487232],[250.631964,1325584384],[250.679671,1258471424],[250.690782,1284108288],[250.690992,1257005056],[251.898213,1254993920],[251.909219,1247985664],[251.910747,1210019840],[251.955456,1200984064],