{"summary":{"timestamp":1391553696,"hash":"acb1ec0b6715a529e3f6a7053737d99f03971c27","max_memory":1330364416,"cpu_time":142.86,"pull_request":11230},"memory_data":[[0.002215,8192],[0.010804,7274496],[0.052836,9814016],[0.139176,11382784],[0.204385,22863872],[0.218696,27328512],[0.277174,35590144],[0.305526,43687936],[0.398719,57278464],[0.544646,81571840],[0.608729,93552640],[0.648134,94208000],[0.673588,100466688],[0.746153,138969088],[0.859556,141066240],[1.129682,142376960],[1.263518,144052224],[1.547988,144879616],[1.680946,157773824],[1.710096,161390592],[1.87797,177471488],[1.991653,177491968],[2.067779,217653248],[2.595739,217788416],[2.651148,220037120],[2.659964,226332672],[2.769962,241000448],[2.862836,241164288],[2.965638,242700288],[3.072086,242900992],[3.163481,245800960],[3.376536,250273792],[3.473864,252964864],[3.678099,256692224],[3.740208,256761856],[3.961041,261042176],[4.149519,265342976],[4.282592,272457728],[4.356467,275415040],[4.428388,280502272],[4.524319,283480064],[4.651294,288595968],[4.800393,291868672],[5.074243,296955904],[5.23723,297820160],[5.422735,298131456],[6.220819,298332160],[6.258477,299319296],[6.443813,299839488],[7.163038,300421120],[7.167462,312786944],[7.328958,313769984],[7.696921,314245120],[7.733945,317927424],[7.881987,318357504],[7.94593,319447040],[8.085706,326590464],[8.176497,329846784],[8.303428,332013568],[8.409069,336044032],[8.476523,337289216],[8.481513,339386368],[8.580237,342454272],[8.692893,343207936],[8.96324,347086848],[8.967986,349220864],[9.09717,349523968],[9.18076,350814208],[9.299581,354226176],[9.435391,355536896],[9.443661,359731200],[9.614184,362409984],[9.653644,364068864],[9.766902,364179456],[9.908448,365977600],[9.910304,370057216],[10.090869,370106368],[10.351524,374804480],[10.530449,382484480],[10.531399,385769472],[10.593533,385548288],[10.593651,382615552],[10.75499,382631936],[10.820776,385867776],[10.826414,402558976],[10.83575,394166272],[10.948116,393945088],[11.030394,394792960],[11.089029,397144064],[11.268034,398143488],[11.39497,400052224],[11.674099,402767872],[11.86418,408174592],[11.896596,411082752],[12.044923,411086848],[12.081695,411840512],[12.240734,411881472],[12.295159,412794880],[12.297966,421048320],[12.538833,421306368],[12.766356,423841792],[12.769504,424996864],[12.972675,426381312],[12.994937,427487232],[13.378128,429821952],[13.414532,430940160],[13.558707,431362048],[13.631426,433709056],[13.811681,433856512],[14.015916,436391936],[14.239686,438194176],[14.304615,439640064],[14.535443,441737216],[14.700319,442744832],[14.833862,444657664],[14.844212,478216192],[14.862348,461959168],[14.960977,462114816],[15.060647,463745024],[15.106972,466227200],[15.265183,466239488],[15.291876,467316736],[15.427144,468631552],[15.477953,470646784],[15.764307,471949312],[15.965349,474587136],[15.9989,475987968],[16.262838,478027776],[16.369642,478355456],[16.426715,479985664],[16.57668,480366592],[16.699677,482619392],[16.820781,482648064],[16.903175,483741696],[16.97214,487124992],[16.975736,504057856],[17.085516,504311808],[17.804265,504406016],[17.896271,505733120],[17.89752,507633664],[18.071359,507858944],[18.375206,510087168],[18.375986,511127552],[18.868018,514334720],[19.082197,516968448],[19.219983,517644288],[19.365567,519245824],[19.609464,520720384],[19.807379,525574144],[20.049312,525594624],[20.252141,527667200],[20.47152,528637952],[20.669233,530841600],[20.934372,532168704],[21.060657,535429120],[21.313362,535891968],[21.339757,539222016],[21.586002,539389952],[21.779555,541364224],[21.932947,541847552],[22.207901,543686656],[22.358481,546308096],[22.49332,546664448],[22.607454,549142528],[22.764496,549441536],[23.013251,551387136],[23.065736,552570880],[23.251209,553218048],[23.274124,554123264],[23.432222,554958848],[23.497513,557293568],[23.655548,558985216],[23.715713,558977024],[23.820111,560955392],[23.881779,560996352],[24.116204,563539968],[24.370668,564604928],[24.506647,565641216],[24.597976,569233408],[24.605251,600690688],[24.867046,602791936],[24.885029,667803648],[24.921753,634245120],[26.108746,634347520],[26.200523,634757120],[26.203482,638758912],[26.251897,638914560],[26.255033,647147520],[26.333428,647208960],[26.339043,663924736],[26.407974,661606400],[26.408297,634695680],[28.587825,634904576],[29.269188,635219968],[30.739502,635224064],[30.742151,639283200],[31.555221,639287296],[31.992245,639418368],[32.241368,641286144],[32.413899,641433600],[32.434737,643997696],[32.510184,644005888],[32.518371,646103040],[32.591231,648204288],[32.682576,648220672],[32.779479,650313728],[32.812454,652414976],[32.896169,654647296],[32.903035,683880448],[33.149082,684032000],[33.225665,684679168],[33.440263,684691456],[33.569844,688889856],[33.650058,689070080],[33.65746,691167232],[33.723815,693293056],[33.803013,693297152],[33.811357,695394304],[33.884086,695468032],[34.19074,708382720],[34.578853,716644352],[34.617362,718217216],[34.791825,721772544],[34.848564,723767296],[35.038824,727699456],[35.253535,736698368],[35.261703,740864000],[35.268085,761835520],[35.279747,762847232],[35.279816,751341568],[35.297579,751345664],[35.449845,757579776],[35.600407,765882368],[36.056416,775528448],[36.070026,778031104],[36.307727,782135296],[36.633837,788996096],[36.748748,791879680],[36.96723,796434432],[37.240218,803004416],[37.257011,805634048],[37.318136,805646336],[37.448691,809103360],[37.696141,813498368],[37.850575,817524736],[37.852775,821719040],[37.937545,821731328],[38.044566,823431168],[38.377334,830902272],[38.424732,832450560],[38.426915,836636672],[38.533708,836653056],[38.979146,846237696],[39.283655,853065728],[39.405528,856276992],[39.811249,865325056],[39.813477,869519360],[39.913913,869560320],[40.273784,878768128],[40.275777,882966528],[40.358274,882978816],[40.704901,890482688],[40.852211,894246912],[41.439125,907317248],[42.03808,920190976],[42.113787,922374144],[42.299274,926359552],[42.510255,931745792],[42.61913,935821312],[42.871485,942829568],[42.980156,947003392],[43.091877,949211136],[43.124986,951541760],[43.266745,954839040],[43.463021,960684032],[43.505553,962924544],[43.663634,967966720],[43.782427,970752000],[43.784634,974950400],[43.875398,974999552],[44.525757,989175808],[44.528361,997429248],[44.697287,997449728],[44.982681,1004572672],[45.37246,1011621888],[45.580993,1016700928],[45.61394,1018757120],[45.881452,1025306624],[45.88465,1033613312],[45.989745,1033650176],[46.236016,1043849216],[46.882322,1072943104],[46.984729,1078075392],[47.059848,1079328768],[47.060703,1082474496],[47.125501,1082503168],[47.205139,1084084224],[47.206925,1085657088],[47.302785,1086898176],[47.398032,1090220032],[47.41572,1091887104],[47.565639,1097256960],[47.883774,1104998400],[47.929096,1106583552],[47.932331,1114816512],[48.121866,1114824704],[48.354167,1119842304],[48.443705,1122471936],[48.443829,1124577280],[48.680974,1129697280],[48.736701,1132003328],[48.740365,1140391936],[48.838184,1140396032],[48.875788,1139343360],[49.130893,1144201216],[49.318596,1149403136],[49.506856,1153327104],[49.580546,1155514368],[49.882861,1161756672],[50.047771,1166077952],[50.127585,1167388672],[50.298819,1172017152],[50.568683,1178607616],[50.718213,1181696000],[50.801811,1184133120],[51.170202,1192153088],[51.327732,1195159552],[51.456501,1198690304],[51.708295,1204371456],[52.099596,1212428288],[52.101516,1214525440],[52.156603,1214562304],[52.531095,1221570560],[53.79883,1248264192],[53.992535,1253142528],[54.135251,1255579648],[54.327323,1260179456],[54.379123,1260298240],[54.556483,1264201728],[54.578671,1266470912],[54.673132,1266475008],[54.771296,1268416512],[54.772453,1269948416],[55.002189,1273999360],[55.011917,1279717376],[55.019824,1273589760],[55.033275,1285382144],[55.034592,1273831424],[55.044108,1279942656],[55.412474,1286070272],[55.654423,1290620928],[55.659383,1307320320],[55.660799,1288028160],[56.198978,1296064512],[56.200886,1296621568],[56.876966,1311059968],[56.879106,1314209792],[57.20888,1320898560],