{"summary":{"timestamp":1390417584,"hash":"aedf567a950a22acd183da6b1dd7a7fef92e8351","max_memory":1291624448,"cpu_time":197.43,"pull_request":10943},"memory_data":[[0.001614,4096],[0.101217,532480],[0.101469,3039232],[0.164588,8749056],[0.265425,9973760],[0.385343,14741504],[0.441818,18444288],[0.593836,22212608],[0.604461,24023040],[0.684426,27549696],[0.979074,32829440],[1.051809,35610624],[1.121101,36528128],[1.121858,38719488],[1.242832,41197568],[1.373814,65282048],[1.394643,72130560],[1.485169,85372928],[1.657004,114470912],[1.682356,120025088],[1.752872,121143296],[1.780917,132366336],[1.833649,164282368],[2.152688,166264832],[2.158142,167387136],[2.436035,168038400],[2.590659,168902656],[2.681118,178450432],[2.727082,179298304],[2.857199,193675264],[2.918296,199589888],[3.033748,199614464],[3.095518,237477888],[3.62345,237727744],[3.682959,239849472],[3.692179,246145024],[3.778072,258707456],[3.868365,258871296],[3.961483,261152768],[4.052232,261443584],[4.154197,264445952],[4.239449,264482816],[4.28064,265674752],[4.640142,266276864],[4.812365,266940416],[4.87767,268177408],[5.027597,268414976],[5.140041,269283328],[5.206793,270790656],[5.320803,271708160],[5.513784,272101376],[5.692458,275394560],[5.772836,275607552],[5.91058,278224896],[5.964509,280178688],[6.09802,280637440],[6.181886,282210304],[6.349278,287248384],[6.536492,294993920],[6.655519,302039040],[6.720903,303255552],[6.901393,309739520],[7.01005,311054336],[7.139343,314048512],[7.286473,314867712],[7.613042,315379712],[7.875706,315412480],[8.038184,316616704],[8.455578,317173760],[8.459397,329666560],[8.667127,330452992],[8.669745,333107200],[8.81478,333508608],[8.83144,335982592],[8.928094,337674240],[9.041167,342949888],[9.047492,344924160],[9.126251,346120192],[9.287996,346656768],[9.647848,346841088],[9.661491,348274688],[9.85153,350081024],[10.053022,351023104],[10.104894,352972800],[10.290189,353804288],[10.31557,355049472],[10.526274,355094528],[10.566284,359964672],[10.627023,362078208],[10.72783,362135552],[10.862363,365514752],[10.863062,367431680],[11.114018,371187712],[11.214791,371191808],[11.334653,374632448],[11.339319,378707968],[11.408939,381313024],[11.538684,381923328],[11.570768,383311872],[11.572024,387379200],[11.668199,387395584],[11.77809,390848512],[11.869543,399085568],[11.916815,400494592],[12.034235,400531456],[12.123982,402432000],[12.12921,419213312],[12.134709,410820608],[12.172461,413421568],[12.250944,413863936],[12.393987,417812480],[12.451139,418394112],[12.48682,421617664],[12.628869,422608896],[12.661624,424128512],[12.663274,432283648],[12.800312,432521216],[12.917731,434872320],[13.093842,439750656],[13.312954,443125760],[13.344441,445161472],[13.434569,445300736],[13.613365,448712704],[13.743455,452071424],[13.835819,453128192],[13.915654,455786496],[13.961178,455925760],[14.021202,458530816],[14.073187,458547200],[14.077316,461119488],[14.158325,461393920],[14.236729,464887808],[14.299862,465342464],[14.308859,498900992],[14.318902,482119680],[14.476927,483901440],[14.559437,486612992],[14.734614,488808448],[14.761426,490360832],[14.834171,490688512],[14.891214,492539904],[14.951761,492642304],[15.035851,495910912],[15.040223,512552960],[15.454431,512675840],[15.534199,513261568],[15.543642,515915776],[15.638978,516071424],[15.731482,518598656],[15.967059,521572352],[16.183174,525922304],[16.280895,526839808],[16.390707,531734528],[16.50465,531685376],[16.801645,536768512],[16.898721,537509888],[16.995568,540405760],[17.089644,540979200],[17.224852,543109120],[17.226286,547565568],[17.339911,547696640],[17.52228,549916672],[17.591453,552394752],[17.682438,553017344],[17.72781,555274240],[17.820904,555524096],[17.937077,558137344],[18.022404,558620672],[18.108104,560316416],[18.138824,562573312],[18.264285,564158464],[18.451983,568393728],[18.640823,570396672],[18.691459,571883520],[18.878166,574259200],[18.886267,607899648],[19.399727,608026624],[19.459397,608370688],[19.524326,610553856],[19.52596,618729472],[19.576557,620863488],[19.579776,635543552],[19.617403,618266624],[19.617452,610504704],[20.001888,610508800],[21.846127,612614144],[21.861655,677621760],[21.881734,644063232],[22.869633,644460544],[24.315435,644489216],[24.444745,646053888],[25.00365,646410240],[25.273832,647008256],[25.30882,651038720],[25.394781,653205504],[25.429349,655302656],[25.523575,657121280],[25.709233,657473536],[25.834929,663113728],[25.870802,667365376],[25.914321,669491200],[26.051753,669691904],[26.066602,670748672],[26.214379,670765056],[26.334145,675516416],[26.338701,704884736],[26.657368,705032192],[26.787022,710320128],[27.2237,711245824],[27.376064,717451264],[27.607286,727867392],[27.705886,738283520],[27.871058,745394176],[28.020105,745529344],[28.103906,748564480],[28.104681,750579712],[28.161195,751726592],[28.282062,758390784],[28.394541,763170816],[28.50365,763174912],[28.552098,764297216],[28.719841,771784704],[28.815225,775266304],[28.839773,777371648],[29.105805,788729856],[29.228566,792842240],[29.336205,798478336],[29.451608,802709504],[29.553175,807579648],[29.802031,817942528],[29.804368,822136832],[29.848365,822161408],[29.940651,825966592],[30.088569,833179648],[30.08981,837304320],[30.117588,839401472],[30.170906,839524352],[30.775229,864165888],[30.993676,872755200],[30.994944,876949504],[31.047123,876957696],[31.147946,881008640],[31.216391,885747712],[31.490218,896782336],[31.619559,903036928],[31.808892,911077376],[32.032239,919830528],[32.25595,929157120],[32.627964,943628288],[32.846603,953450496],[33.095998,963809280],[33.193365,968843264],[33.321817,973680640],[33.556364,983396352],[33.563315,993882112],[33.689992,994025472],[33.833973,1000718336],[34.021504,1008148480],[34.023839,1016528896],[34.125194,1016569856],[34.366047,1027584000],[34.405144,1027776512],[34.41381,1052950528],[34.425939,1044647936],[34.502989,1045626880],[34.512095,1049251840],[34.5739,1050697728],[34.672465,1056440320],[34.709846,1057280000],[34.721864,1060630528],[34.896679,1068875776],[35.143041,1078730752],[35.286784,1086083072],[35.680701,1101471744],[35.681925,1105588224],[35.732286,1105739776],[35.892815,1112481792],[35.895008,1120870400],[35.999525,1120886784],[36.105045,1125236736],[36.107605,1133641728],[36.206128,1133645824],[36.363506,1140285440],[36.461563,1145262080],[36.581483,1149894656],[36.583531,1151672320],[36.700922,1155325952],[36.810425,1159917568],[36.811198,1163063296],[36.870363,1164431360],[37.202326,1177800704],[37.246602,1180270592],[37.575286,1193029632],[37.966923,1208922112],[38.067259,1213689856],[38.229706,1219710976],[38.32669,1221255168],[38.397636,1224617984],[38.417794,1227161600],[38.473611,1227165696],[38.586469,1231179776],[38.587736,1234546688],[38.855789,1243615232],[38.8618,1256177664],[38.86341,1241788416],[38.875677,1242103808],[38.882783,1268195328],[38.98639,1271975936],[38.989559,1290866688],[38.990354,1259114496],[39.407093,1270190080],[39.659793,1275920384],[39.888184,1284685824],[39.893357,1273724928],[40.079272,1273774080],[40.079571,1274679296],[40.558753,1277394944],[40.571404,1281155072],[41.001912,1215119360],[41.005441,1184677888],[41.006477,1125949440],[41.049118,1121746944],[41.223039,1120612352],[41.22324,1096577024],[41.462448,1101217792],[41.637904,1104097280],[47.165253,1104125952],[47.645023,1106227200],[47.647795,1137684480],[47.987407,1104125952],[48.535263,1104203776],[48.948594,1104478208],[52.439108,1104527360],[52.609846,1104601088],[74.830841,1106698240],[74.831373,1104601088],[84.83085,1106698240],[84.834833,1104601088],[94.834178,1106698240],[94.835652,1104601088],[104.837546,1106677760],[104.840785,1105203200],[114.840862,1107247104],[114.841742,1105203200],[124.840838,1107300352],[124.844679,1105203200],[134.84421,1107247104],[134.847611,1105203200],[144.847498,1107300352],[144.84901,1105203200],[151.013308,1105207296],[151.016212,1112993792],[151.176218,1116585984],[151.179007,1150140416],[151.391467,1154940928],[151.395529,1157169152],[151.573475,1161363456],