{"summary":{"timestamp":1390814491,"hash":"b0280ac5385433bd663e825e24f6990a816a5f40","max_memory":1255739392,"cpu_time":173.19,"pull_request":11834},"memory_data":[[0.002364,8192],[0.01141,7208960],[0.053918,7491584],[0.054746,9867264],[0.149874,11456512],[0.200072,15814656],[0.276277,26959872],[0.367952,35012608],[0.410944,43040768],[0.502315,52228096],[0.60368,61165568],[0.710875,73867264],[0.729159,74711040],[0.805037,85520384],[0.834414,91062272],[0.903676,91996160],[0.934093,102653952],[1.005383,134930432],[1.146867,137236480],[1.291413,138354688],[1.427244,138653696],[1.470696,139882496],[1.917786,141135872],[2.036489,150908928],[2.093195,151740416],[2.159973,157732864],[2.333017,170983424],[2.47267,170987520],[2.56362,208945152],[3.203339,208990208],[3.293859,209223680],[3.303769,217010176],[3.399695,221204480],[3.399801,223305728],[3.487485,229597184],[3.645086,230060032],[3.823819,231227392],[3.882682,233566208],[4.142105,240304128],[4.264069,242270208],[4.40014,245444608],[4.484656,245534720],[4.59988,247357440],[4.711636,250503168],[4.821348,252137472],[4.925476,255668224],[5.117506,264585216],[5.299049,267689984],[5.42918,267952128],[5.710381,274108416],[5.888342,278376448],[6.11189,282324992],[6.159749,283836416],[6.329934,284655616],[6.83846,285143040],[7.289541,285212672],[7.33656,286031872],[7.518642,286392320],[7.936074,286662656],[8.716507,286744576],[8.721662,299249664],[9.038074,300158976],[9.212559,302784512],[9.473261,303239168],[9.481789,305782784],[9.604844,307388416],[9.714335,315039744],[9.839709,316936192],[9.857854,318189568],[9.999805,321429504],[10.119691,325283840],[10.201325,327000064],[10.210404,329773056],[10.324308,332238848],[10.399401,332378112],[10.574357,335126528],[10.66601,335785984],[10.66729,337707008],[10.770381,337870848],[10.935163,340107264],[11.007424,342642688],[11.140264,345382912],[11.14529,349437952],[11.216129,351895552],[11.306162,352215040],[11.347158,353980416],[11.348167,358121472],[11.459074,358133760],[11.585246,361570304],[11.688423,369774592],[11.739486,371187712],[11.874653,371220480],[11.974717,373022720],[11.97887,389804032],[11.984597,381411328],[12.033064,384094208],[12.118739,384458752],[12.355785,389050368],[12.394589,392294400],[12.559496,393220096],[12.596347,394760192],[12.598291,402976768],[12.762878,403181568],[12.879911,405659648],[12.880421,406654976],[12.999121,409194496],[13.108038,410345472],[13.360454,411938816],[13.426601,413241344],[13.539126,413786112],[13.592987,415735808],[13.736489,415772672],[14.12299,419368960],[14.200381,420827136],[14.381014,422719488],[14.5613,423710720],[14.6858,426373120],[14.735091,426012672],[14.847363,428630016],[14.92895,429113344],[14.93402,431550464],[15.028936,431886336],[15.089125,434561024],[15.173032,435642368],[15.182351,469200896],[15.192545,452419584],[15.303773,453132288],[15.401377,455598080],[15.521475,457183232],[15.771259,459083776],[15.875775,459403264],[15.931155,460976128],[16.080778,461963264],[16.109031,463302656],[16.183121,463249408],[16.281495,466558976],[16.284537,483172352],[16.749275,483348480],[16.841382,483958784],[16.852982,486592512],[16.960748,486682624],[17.154438,490401792],[17.329482,492335104],[17.61048,496881664],[17.687738,497606656],[17.764154,499867648],[17.81184,502587392],[17.941687,502550528],[18.052837,504561664],[18.190042,505589760],[18.332082,507981824],[18.499978,509534208],[18.530174,511143936],[18.704998,511787008],[18.748894,513015808],[18.914122,513839104],[18.916608,518295552],[19.074075,518336512],[19.401408,521011200],[19.482492,523390976],[19.554946,523722752],[19.60404,525983744],[19.715341,526266368],[19.849478,528867328],[19.946561,529309696],[20.042882,531030016],[20.076616,533241856],[20.20678,535076864],[20.25285,534814720],[20.346661,536834048],[20.415248,536940544],[20.619435,539164672],[20.989566,541200384],[21.043695,544051200],[21.080031,542703616],[21.403342,544370688],[21.431561,546967552],[21.438647,578424832],[22.263663,578584576],[22.368352,579039232],[22.378895,589398016],[22.455513,591499264],[22.459423,606179328],[22.523139,589398016],[22.523333,581140480],[23.240747,581144576],[25.517022,583249920],[25.534516,648257536],[25.55676,614699008],[26.338676,614760448],[26.816948,615129088],[27.96688,615137280],[27.967678,616570880],[28.041902,615129088],[28.47986,615260160],[28.562829,616624128],[28.794723,617467904],[28.914383,623325184],[28.9281,625422336],[28.982679,625491968],[29.143361,630587392],[29.43132,643190784],[29.476432,647528448],[29.614698,652804096],[29.621142,682135552],[30.036068,682164224],[30.172339,687144960],[30.303722,690241536],[30.518379,698429440],[30.718346,706764800],[30.839398,717099008],[30.948192,722534400],[31.111303,728711168],[31.144999,730800128],[31.346223,737132544],[31.552298,744828928],[31.580786,746917888],[32.123659,766054400],[32.276475,770179072],[32.385121,775270400],[32.491788,778506240],[32.829777,790437888],[32.830016,794632192],[32.889036,794644480],[33.064222,800997376],[33.066073,803098624],[33.119791,804057088],[33.1214,808251392],[33.170767,808259584],[33.303974,813449216],[33.884435,834080768],[34.099611,841170944],[34.101143,845365248],[34.16224,845467648],[34.451946,855482368],[34.598795,863068160],[34.950889,875618304],[34.972024,876765184],[35.232597,886001664],[35.470302,893943808],[35.739368,903577600],[36.153613,917417984],[36.433098,928137216],[36.686313,936787968],[36.731599,939208704],[37.10656,952496128],[37.107699,954593280],[37.189,956203008],[37.191625,964591616],[37.308482,964628480],[37.721791,979877888],[37.724597,988266496],[37.847772,988303360],[37.926934,992034816],[38.075869,997416960],[38.077383,1001541632],[38.205275,1002663936],[38.216878,1028141056],[38.234602,1027928064],[38.236908,1015599104],[38.435461,1015640064],[38.483066,1016819712],[38.487193,1020448768],[38.543576,1021054976],[38.545038,1023057920],[38.633339,1024258048],[38.737972,1024495616],[38.821486,1026842624],[39.012954,1028083712],[39.085081,1032978432],[39.143641,1032982528],[39.250168,1034821632],[39.601719,1043996672],[39.924279,1050468352],[40.208522,1057816576],[40.469059,1063079936],[40.471164,1067270144],[40.588789,1067282432],[40.815054,1071550464],[41.124372,1078878208],[41.126728,1087266816],[41.298917,1087287296],[41.459714,1090478080],[41.462807,1098862592],[41.618127,1098887168],[41.907331,1104654336],[42.221106,1111597056],[42.249305,1112670208],[42.826557,1125183488],[42.968685,1127542784],[43.152032,1131855872],[43.152685,1134895104],[43.234242,1134903296],[43.37492,1138192384],[43.771228,1146519552],[43.82052,1148592128],[44.287914,1157758976],[44.416491,1160736768],[44.650063,1164967936],[45.220989,1176809472],[45.604723,1185591296],[45.742653,1187733504],[46.072888,1195020288],[46.073768,1197121536],[46.125544,1198358528],[46.15282,1201090560],[46.243972,1201094656],[46.452934,1205121024],[46.455463,1208516608],[46.836934,1215004672],[46.848365,1225019392],[46.849977,1213157376],[46.901912,1213968384],[46.904549,1224929280],[47.220521,1230745600],[47.230841,1249619968],[47.232104,1220341760],[47.285726,1222553600],[47.969565,1232781312],[48.496231,1239564288],[49.068976,1246302208],[49.071153,1249447936],[49.198502,1250942976],[49.203829,1247928320],[49.490838,1248096256],[49.491485,1248993280],[50.235802,1251737600],[50.238474,1255481344],[50.880594,1255469056],[50.880779,1188360192],[50.888834,1186918400],[50.892287,1100267520],[50.934741,1100087296],[50.957538,1096065024],[51.216126,1095565312],[51.217112,1068797952],[51.396133,1071407104],[51.4774,1073680384],[51.547324,1073901568],[51.712028,1075892224],[52.034292,1075937280],[56.960727,1075941376],[62.46232,1075970048],[63.223214,1076170752],[63.227437,1109528576],[63.743241,1076346880],[63.743335,1075970048],[64.847244,1076023296],[64.872576,1076228096],[65.398743,1076330496],[69.516934,1076342784],[280.225214,1076387840],[280.230961,1084739584],[280.502633,1088372736],[280.513228,1094250496],[280.528536,1121906688],[280.888376,1126584320],[280.900673,