{"summary":{"timestamp":1382661367,"hash":"b0c475229a286542b0a94bf33598cc53a525d8da","max_memory":1422979072,"cpu_time":188.33,"pull_request":10055},"memory_data":[[0.002954,8192],[0.004705,3936256],[0.095719,6815744],[0.205286,26992640],[0.235616,35110912],[0.285074,41697280],[0.329407,49950720],[0.372019,61063168],[0.388845,61960192],[0.586451,98041856],[0.653294,108863488],[0.767413,131235840],[0.828431,142102528],[0.847559,142106624],[1.055543,261324800],[1.30585,261369856],[1.475455,262270976],[1.640226,264687616],[1.807187,264949760],[1.808024,266215424],[1.899277,266342400],[1.956995,275607552],[2.03791,286150656],[2.039132,287887360],[2.122468,298848256],[2.240756,318038016],[2.28782,322859008],[2.429808,344813568],[2.546135,344846336],[2.676375,418930688],[3.062595,418951168],[3.063324,419348480],[3.367754,419172352],[3.374061,454717440],[3.425767,456818688],[3.436435,526024704],[3.461846,514482176],[3.461936,490369024],[3.542976,490487808],[3.546511,508203008],[3.572889,523927552],[3.581247,558854144],[3.581966,524034048],[3.603575,524136448],[3.607062,537157632],[3.629784,537202688],[3.633264,552898560],[4.774264,555003904],[4.785417,586461184],[5.539988,586477568],[5.544175,603242496],[7.90921,603250688],[7.91317,620023808],[10.013877,620027904],[10.132343,623738880],[10.309538,625430528],[10.341856,627027968],[10.450685,627924992],[10.452449,630669312],[10.609174,631398400],[10.689322,632619008],[10.743351,634994688],[10.8675,636055552],[11.000798,638672896],[11.00763,655515648],[11.299184,657641472],[11.31254,689074176],[11.324192,689053696],[11.324282,672292864],[11.548141,672333824],[11.8204,675405824],[11.903736,677785600],[12.171444,680964096],[12.173455,684101632],[12.255326,684204032],[12.256657,686219264],[12.347502,686718976],[12.401997,689377280],[12.500198,689553408],[12.78256,693514240],[12.940968,696107008],[13.039387,696418304],[13.143439,699187200],[13.328505,700141568],[13.501392,702279680],[13.636725,705089536],[13.80995,706269184],[13.826792,706985984],[14.014438,708964352],[14.055894,710934528],[14.120759,711032832],[14.184987,713142272],[14.239712,713150464],[14.539522,716398592],[14.694241,720478208],[14.92229,724467712],[15.13946,726482944],[15.142061,731910144],[15.341756,732237824],[15.610964,735174656],[15.723938,736796672],[15.806395,739196928],[15.985671,739950592],[16.052646,741232640],[16.078751,745074688],[16.080103,750198784],[16.116927,750305280],[16.119679,760684544],[16.191669,760762368],[16.204758,781660160],[16.211494,779980800],[16.211694,762130432],[16.226161,760541184],[16.226709,741154816],[16.284175,741548032],[16.544848,729292800],[16.545041,728567808],[16.8525,728571904],[17.06901,729096192],[17.341375,732565504],[17.341647,734662656],[17.54134,736759808],[17.684622,736763904],[17.685613,738238464],[17.908793,738856960],[17.909487,740954112],[18.042252,743051264],[18.310208,742662144],[18.313772,743247872],[18.614748,743788544],[19.151095,744370176],[19.302662,744800256],[19.338551,747245568],[19.702417,747249664],[19.771851,751812608],[20.018308,764145664],[20.06756,768544768],[20.133867,771215360],[20.296076,779849728],[20.48002,788164608],[20.523143,790794240],[20.71747,799211520],[20.844886,808914944],[20.938364,813223936],[21.023374,816009216],[21.230147,825237504],[21.513435,839131136],[21.726259,847654912],[21.727992,851849216],[21.779247,851853312],[22.140886,867430400],[22.194424,870633472],[22.561449,885633024],[22.733771,894009344],[22.895387,899596288],[22.97207,903401472],[23.117525,908734464],[23.143896,910811136],[23.350789,918953984],[23.552204,929251328],[24.149304,953159680],[24.476905,966606848],[24.55491,971137024],[24.825182,981561344],[24.826031,983134208],[25.001692,990330880],[25.552436,1011912704],[25.580323,1013956608],[25.754441,1020456960],[26.016882,1030930432],[26.316284,1043509248],[26.922181,1069453312],[26.923811,1073623040],[26.977634,1073627136],[27.311604,1087012864],[27.632838,1099276288],[27.685496,1102217216],[27.766538,1110884352],[27.78537,1144442880],[27.795479,1128288256],[27.899275,1136590848],[28.055602,1144123392],[28.057301,1156714496],[28.13138,1286733824],[28.182349,1221718016],[28.182436,1215426560],[28.268556,1219985408],[28.362599,1223352320],[28.492359,1229398016],[28.638418,1237262336],[28.742406,1241493504],[28.772504,1245446144],[28.817051,1245523968],[29.101301,1255985152],[29.10513,1257283584],[29.203272,1261711360],[29.481305,1273020416],[29.534028,1274331136],[29.808702,1285287936],[29.836117,1287389184],[30.176438,1300201472],[30.428764,1311154176],[30.528416,1314123776],[30.687372,1320611840],[30.923651,1329553408],[30.955186,1331744768],[31.155932,1339736064],[31.230051,1343287296],[31.231602,1346359296],[31.266868,1346367488],[31.416574,1351344128],[31.560809,1358315520],[31.659634,1362018304],[31.670525,1363939328],[31.874915,1369309184],[31.883855,1374470144],[32.094339,1380286464],[32.101097,1391198208],[32.102561,1375948800],[32.123818,1376428032],[32.133249,1398497280],[32.139883,1399664640],[32.142505,1376755712],[32.157583,1400078336],[32.160429,1377284096],[32.169774,1399414784],[32.176128,1400877056],[32.178216,1377239040],[32.20292,1401229312],[32.204954,1377280000],[32.223132,1401798656],[32.225096,1377513472],[32.251418,1378050048],[32.254792,1391439872],[32.542528,1399386112],[32.547328,1422479360],[32.54796,1399410688],[32.809113,1407406080],[33.308339,1403183104],[33.308903,1378414592],[33.721351,1360039936],[33.725125,1323896832],[33.726993,1273540608],[33.894888,1271435264],[33.896042,1219166208],[33.904818,1130930176],[39.444452,1133027328],[39.445803,1147711488],[39.723855,1149812736],[39.726782,1181270016],[39.73568,1179172864],[39.73577,1164488704],[39.815968,1166589952],[39.816932,1177075712],[40.10471,1164488704],[40.108834,1130930176],[54.679489,1133043712],[54.680861,1147727872],[95.466205,1147731968],[95.469379,1181286400],[95.477007,1164505088],[161.589682,1166602240],[161.590705,1177092096],[167.495793,1177133056],[167.499666,1189675008],[169.169641,1189679104],[169.172991,1206452224],[189.545791,1206513664],[189.558683,1231622144],[191.738308,1231626240],[191.856711,1240645632],[191.874784,1250148352],[192.125359,1250152448],[192.134964,1183035392],[193.171881,1149476864],[193.233628,1149607936],[193.249168,1159753728],[193.317337,1171259392],[193.336303,1191051264],[193.349275,1195646976],[193.390312,1198010368],[193.390923,1166622720],[193.395919,1132761088],[193.396266,1083744256],[193.47801,1082241024],[193.483508,1002799104],[193.498144,880955392],[193.499761,841814016],[193.503964,802091008],[193.506844,801226752],[193.511137,761298944],[193.521253,643198976],[193.523837,642576384],[193.525735,601382912],[193.532658,560021504],[193.534492,513564672],[193.537375,510967808],[193.539336,473841664],[193.542195,472526848],[193.544403,434204672],[193.547214,433741824],[193.549462,394395648],[193.552279,393609216],[193.554405,354672640],[193.557321,353124352],[193.5595,315244544],[193.562274,314798080],[193.564526,275394560],[193.567395,273698816],[193.569846,235503616],[193.57287,234016768],[193.575014,195780608],[193.577752,194957312],[193.579943,156057600],[193.582666,155930624],[193.584917,116334592],[193.58759,116088832],[193.589739,77008896],[193.592466,76185600],[193.594769,36888576],[193.601361,17100800]],