{"summary":{"timestamp":1369683492,"hash":"b0f3686515410c013f6cd12ce4fc5236e3dee3f2","max_memory":2458300416,"cpu_time":null,"pull_request":6703},"memory_data":[[0.001557,4096],[0.0424,405504],[0.087833,5750784],[0.239815,9994240],[0.467709,12165120],[0.546206,14766080],[0.616791,15097856],[0.660822,17334272],[0.711171,17358848],[0.930508,21999616],[1.118093,23891968],[1.118272,26128384],[1.223223,26574848],[1.223646,28942336],[1.381059,29986816],[1.503977,31862784],[1.643677,47091712],[1.664633,52297728],[1.705893,53530624],[1.739396,59723776],[1.771116,60575744],[1.824733,70111232],[1.857783,70283264],[1.879355,77545472],[1.923802,77570048],[1.970321,85508096],[2.020321,85766144],[2.133893,97484800],[2.228432,105517056],[2.344924,118579200],[2.355853,123146240],[2.435662,124055552],[2.535534,155131904],[2.556123,156364800],[2.632565,175947776],[2.766679,208048128],[2.808546,220327936],[2.83716,220348416],[2.850518,224157696],[3.002046,315928576],[3.156284,411406336],[3.187588,417599488],[3.18854,426053632],[3.200836,421978112],[3.203945,439812096],[3.211533,430895104],[3.229738,431583232],[3.234665,467238912],[3.250024,466173952],[3.250123,449409024],[3.286751,450826240],[3.297484,522137600],[3.32799,486481920],[3.402212,488411136],[3.575463,489340928],[3.588777,490209280],[3.621162,508477440],[3.624222,525414400],[3.635987,537014272],[3.640177,557985792],[3.640599,532398080],[3.71125,533368832],[3.733494,542679040],[3.736242,551047168],[3.7816,552169472],[3.795627,570556416],[3.903411,570814464],[3.93539,572108800],[4.096632,572129280],[4.111112,575774720],[4.172954,580243456],[4.193196,585498624],[4.275706,588476416],[4.27646,590962688],[4.335608,591024128],[4.336866,596205568],[4.489409,596258816],[4.491497,606691328],[4.889524,606834688],[4.893204,626913280],[4.902701,626499584],[4.902851,611864576],[5.089894,612798464],[5.100493,615669760],[5.199362,615673856],[5.209478,621961216],[5.232026,621965312],[5.235314,630251520],[5.278762,632352768],[5.282022,647032832],[5.366676,647327744],[5.394761,648785920],[5.62756,649269248],[5.749902,652492800],[5.750681,653537280],[6.073113,657477632],[6.124637,657629184],[6.135965,660119552],[6.245076,660156416],[6.437479,662405120],[6.560278,667021312],[6.561259,671215616],[6.887837,672067584],[7.107382,677167104],[7.305276,677203968],[7.423515,678903808],[7.91329,682475520],[7.913919,683704320],[8.026521,684072960],[8.168721,685764608],[8.170334,693985280],[8.5611,694087680],[8.565146,696619008],[8.801226,696623104],[8.829985,697651200],[8.933062,697679872],[9.116623,699727872],[9.238091,700309504],[9.469724,702443520],[9.608931,703057920],[9.609533,705507328],[9.733045,705536000],[10.064124,708947968],[10.592057,711450624],[10.675514,712945664],[10.676067,714874880],[10.763801,714952704],[10.972121,718876672],[11.285821,720699392],[11.412836,721780736],[11.414032,724783104],[11.636306,724787200],[11.725612,725241856],[11.794327,730128384],[11.795581,735318016],[11.867465,735440896],[11.86993,745803776],[12.388277,746115072],[12.391327,762793984],[12.973521,763011072],[13.708978,763052032],[14.153468,765239296],[14.153674,763142144],[15.222694,763146240],[15.360759,764882944],[15.426383,764911616],[15.538519,767631360],[15.542639,782311424],[15.579826,812212224],[15.689079,812580864],[15.694563,822091776],[15.728913,822292480],[15.7357,830681088],[15.818801,830685184],[15.830817,834199552],[15.875754,835985408],[15.887381,852889600],[15.900306,853245952],[15.906029,863731712],[15.91932,864256000],[15.922655,872644608],[15.967204,875401216],[15.983956,892375040],[16.04595,897085440],[16.112433,899833856],[16.163751,903774208],[16.251705,908533760],[16.25586,916922368],[16.3129,919556096],[16.400552,926072832],[16.559879,942903296],[16.564612,949481472],[16.636603,954212352],[16.729543,958541824],[16.746001,961212416],[16.74986,971313152],[16.806701,974307328],[16.809491,982691840],[16.886949,988667904],[16.904498,1014075392],[16.913299,1014476800],[16.925915,1029419008],[17.05056,1037139968],[17.208788,1048772608],[17.213146,1059258368],[17.368004,1068994560],[17.508692,1079644160],[17.543325,1081470976],[17.745163,1096065024],[17.758546,1115070464],[17.790071,1117282304],[17.793991,1125670912],[17.893205,1133228032],[18.024842,1140424704],[18.118784,1142718464],[18.192711,1147494400],[18.193313,1149591552],[18.363459,1162371072],[18.501948,1169408000],[18.639138,1179271168],[18.644572,1187659776],[18.803246,1199534080],[18.911992,1206431744],[19.018436,1211043840],[19.098371,1217380352],[19.153246,1219584000],[19.33675,1233018880],[19.33737,1236111360],[19.382544,1237188608],[19.398681,1247625216],[19.516936,1252888576],[19.545924,1255100416],[19.550758,1265586176],[19.685311,1273135104],[19.698648,1292042240],[19.795613,1297506304],[19.854497,1302228992],[19.970244,1306583040],[20.064578,1313996800],[20.195445,1321623552],[20.434084,1339060224],[20.525921,1344405504],[20.570255,1348792320],[20.648292,1352699904],[20.725881,1357959168],[20.732128,1366347776],[20.964203,1380888576],[21.123628,1392316416],[21.185057,1395683328],[21.289076,1403211776],[21.294315,1411854336],[21.325546,1413251072],[21.330766,1419616256],[21.381762,1422536704],[21.381813,1424633856],[21.702411,1444220928],[21.725611,1459728384],[21.838373,1467154432],[21.838966,1469251584],[21.995264,1478758400],[21.996463,1482952704],[22.195865,1494552576],[22.271304,1500778496],[22.357073,1505861632],[22.359605,1510055936],[22.482186,1518661632],[22.536418,1521631232],[22.70001,1534377984],[22.827641,1541832704],[22.831503,1550221312],[23.075656,1566756864],[23.085994,1583669248],[23.219369,1593315328],[23.230277,1610166272],[23.251136,1611718656],[23.264804,1630715904],[23.288197,1640185856],[23.303862,1659400192],[23.312919,1660018688],[23.336538,1679638528],[23.353455,1706975232],[23.359512,1707356160],[23.371051,1726242816],[23.474861,1731465216],[23.489835,1758752768],[23.548147,1762836480],[23.645434,1765384192],[23.64618,1767219200],[23.890995,1772593152],[24.081164,1773752320],[24.086029,1764114432],[24.221449,1765625856],[24.338788,1768439808],[25.01709,1768579072],[26.910898,1768685568],[27.018679,1772023808],[27.539116,1772044288],[27.553027,1778184192],[27.577562,1778196480],[27.579318,1786572800],[27.613199,1786671104],[27.628374,1789947904],[27.630039,1806495744],[27.682802,1806606336],[27.6836,1812787200],[27.747603,1814888448],[27.755825,1846345728],[28.152865,1845653504],[28.15378,1807679488],[28.157583,1772023808],[28.546102,1772433408],[30.536069,1772605440],[30.56805,1774460928],[30.56889,1778593792],[30.638558,1778761728],[30.640268,1786982400],[31.373903,1787125760],[39.96834,1789222912],[39.97006,1805283328],[45.246717,1805283328],[48.156392,1807380480],[48.185764,1809055744],[48.185915,1804365824],[48.783968,1804431360],[48.784371,1806331904],[48.95421,1806450688],[49.045046,1809477632],[49.045552,1811574784],[49.308728,1811558400],[49.308942,1812553728],[49.971341,1812754432],[49.971843,1815175168],[50.151824,1814630400],[50.151923,1811374080],[50.315376,1811509248],[50.380903,1814061056],[50.461819,1814298624],[50.462325,1816682496],[50.636291,1816813568],[50.638046,1821925376],[50.669772,1821675520],[50.669923,1811374080],[50.924009,1811468288],[50.950543,1812094976],[51.615305,1812099072],[51.619259,1814360064],[51.661948,1812131840],[51.745613,1813188608],[51.745867,1814425600],[52.397915,1814585344],[52.398417,1817047040],[52.579518,1814794240],[52.579567,1812262912],[52.684657,1812615168],[56.909962,1812627456],[57.229126,1812705280],[57.229477,1814593536],[57.289917,1816690688],[57.290547,1819287552],[57.57252,1819287552],[57.572887,1821913088],[57.722256,1819287552],[57.798203,1819295744],[57.825876,1817489408],[57.826279,1813139456],[75.409877,1815240704],[75.410619,1823629312],[75.426293,1846697984],[81.106119,1846706176],[81.156247,1850130432],[81.278985,1851674624],[81.337849,1850322944],[81.420195,1851801600],[81.432467,1850376192],[81.526372,1851867136],[81.600305,1850273792],[81.671221,1851621376],