{"summary":{"timestamp":1390914688,"hash":"b3d10f43833f065ec0e635ce6cdb2332f4ee5049","max_memory":1337991168,"cpu_time":199.38,"pull_request":11864},"memory_data":[[0.001576,4096],[0.038832,102400],[0.05137,3960832],[0.09955,8900608],[0.239058,12308480],[0.311948,15159296],[0.358648,18698240],[0.421536,19927040],[0.493929,24793088],[0.572201,27758592],[0.789135,32145408],[0.891494,34844672],[0.930393,39677952],[1.019892,41766912],[1.148739,65957888],[1.169009,72855552],[1.257258,86085632],[1.428384,115826688],[1.455044,121593856],[1.514094,122220544],[1.540245,132378624],[1.596191,165679104],[1.688514,167702528],[1.943234,169152512],[2.074705,170778624],[2.226218,171601920],[2.374012,171642880],[2.472031,182112256],[2.513071,182648832],[2.537165,185745408],[2.703334,202166272],[2.8206,202186752],[2.885164,241188864],[3.51763,241233920],[3.574576,243474432],[3.583107,249765888],[3.656122,260259840],[3.683861,262512640],[3.925594,263831552],[4.009073,266723328],[4.541278,278122496],[4.605047,280219648],[4.608183,278343680],[4.777583,281395200],[4.92235,284999680],[4.999482,286187520],[5.064607,288706560],[5.176889,289329152],[5.369089,297877504],[5.47709,305426432],[5.533382,308080640],[5.742424,313794560],[5.932926,317005824],[5.967082,318304256],[6.079054,319168512],[6.383603,319832064],[6.632372,319897600],[6.663889,320835584],[7.028612,321642496],[7.190649,321662976],[7.194527,334229504],[7.274564,334966784],[7.495525,335458304],[7.540697,339808256],[7.61969,341139456],[7.635873,343932928],[7.749324,349167616],[7.920044,352075776],[7.974779,354406400],[8.05361,355651584],[8.284407,356274176],[8.305989,357888000],[8.503119,358084608],[8.563618,360718336],[8.609928,360800256],[8.664332,366968832],[8.760205,367804416],[8.895718,371417088],[8.896263,373465088],[8.96056,373624832],[9.037094,376700928],[9.154728,379846656],[9.159382,383905792],[9.245168,387526656],[9.384553,389435392],[9.386006,393629696],[9.476421,393682944],[9.588695,397402112],[9.679666,405626880],[9.710815,407068672],[9.861279,407949312],[9.864739,424730624],[9.870197,416337920],[9.944104,419811328],[10.059193,421343232],[10.108549,422907904],[10.393779,429404160],[10.426755,430985216],[10.428001,439201792],[10.551016,439427072],[10.665929,441921536],[10.666474,442953728],[10.840767,446279680],[11.06025,449183744],[11.093448,451391488],[11.195937,452345856],[11.37213,455364608],[11.419045,457097216],[11.583302,459911168],[11.710953,464056320],[11.80103,465059840],[11.805553,466481152],[11.895144,467918848],[11.928559,470048768],[11.935419,501514240],[11.946499,503603200],[11.946548,486825984],[12.089655,488443904],[12.231713,492503040],[12.4015,494776320],[12.427118,496332800],[12.4992,496693248],[12.558654,498880512],[12.652024,499888128],[12.68349,502706176],[12.685746,519299072],[13.145043,519737344],[13.177995,522764288],[13.252185,522780672],[13.428631,525950976],[13.431069,527089664],[13.576599,528429056],[13.789799,533082112],[13.886219,533819392],[13.988079,538636288],[14.105864,538877952],[14.32485,542728192],[14.548937,545693696],[14.604711,547622912],[14.821488,550440960],[14.85156,554541056],[14.999066,554704896],[15.115417,556269568],[15.206386,559009792],[15.267995,559333376],[15.314699,561623040],[15.376338,561725440],[15.602632,565051392],[15.687014,566833152],[15.717422,569085952],[15.845492,570880000],[16.027654,575275008],[16.218207,577376256],[16.25996,578875392],[16.37928,580059136],[16.387877,613617664],[16.94979,613773312],[17.018929,614170624],[17.02106,622497792],[17.071234,624623616],[17.074528,639303680],[17.107979,639479808],[17.113102,614440960],[17.516629,614477824],[18.445608,616579072],[18.460683,681590784],[18.480846,648032256],[20.020586,648171520],[20.131962,650313728],[20.135452,648994816],[20.242096,649195520],[21.162623,649220096],[21.191823,652673024],[21.262539,650444800],[21.615026,650575872],[21.834975,652808192],[21.934423,656371712],[21.94317,658468864],[21.997351,659177472],[22.121048,663990272],[22.278647,672206848],[22.327553,676077568],[22.406038,680239104],[22.410654,709603328],[22.677251,709750784],[22.810141,715673600],[22.870032,719208448],[23.032603,726364160],[23.115987,728764416],[23.334694,737968128],[23.395796,742416384],[23.473502,745750528],[23.571206,755691520],[23.721692,763506688],[23.770164,764166144],[23.977324,772841472],[24.00209,774893568],[24.128184,780771328],[24.305845,788180992],[24.568056,800124928],[24.615964,804585472],[24.832997,812658688],[24.893831,816054272],[24.895082,820244480],[24.938424,820264960],[25.143247,828792832],[25.185732,831422464],[25.186279,835620864],[25.237156,835629056],[25.516679,848171008],[25.542152,850190336],[25.805595,862834688],[25.80684,866988032],[25.893763,867987456],[25.901823,893169664],[25.91081,880582656],[26.129873,892309504],[26.347188,901840896],[26.364627,903417856],[26.591351,914153472],[26.68673,919371776],[26.788012,923529216],[27.05731,936341504],[27.155561,941662208],[27.261043,948404224],[27.430701,961245184],[27.584323,970285056],[27.601154,972550144],[27.887505,987365376],[27.888722,991502336],[27.936295,991510528],[28.17041,1002463232],[28.172579,1010819072],[28.25269,1010831360],[28.317328,1014272000],[28.476427,1020989440],[28.648676,1030676480],[28.770826,1035710464],[28.772996,1044099072],[28.851851,1044107264],[28.984462,1049624576],[29.192179,1059512320],[29.26647,1063628800],[29.421906,1070440448],[29.53712,1076281344],[29.560259,1078386688],[29.717498,1085202432],[29.750747,1087344640],[29.75129,1091457024],[29.814342,1091698688],[29.894632,1094975488],[29.89829,1099702272],[29.974563,1100124160],[30.042998,1105326080],[30.083547,1106894848],[30.090396,1110093824],[30.23953,1117368320],[30.287497,1120792576],[30.289659,1129086976],[30.385767,1129095168],[30.522706,1135951872],[30.67002,1142079488],[30.711314,1144627200],[30.903756,1152815104],[30.905061,1161207808],[30.993479,1161596928],[31.108527,1167290368],[31.231122,1172426752],[31.371467,1179250688],[31.499241,1186385920],[31.79807,1200943104],[31.937686,1206706176],[31.999454,1210429440],[32.332621,1225207808],[32.360547,1227268096],[32.561658,1235013632],[32.652855,1239711744],[33.024343,1255411712],[33.228215,1265459200],[33.412398,1272471552],[33.502426,1277046784],[33.526838,1279512576],[33.581899,1279520768],[33.650563,1282035712],[33.653186,1284333568],[33.925208,1294340096],[34.026447,1298530304],[34.03366,1316397056],[34.036986,1300238336],[34.044876,1331109888],[34.049016,1332883456],[34.051274,1300611072],[34.05977,1331245056],[34.063961,1333153792],[34.066265,1300283392],[34.079421,1333448704],[34.081741,1300234240],[34.0907,1333628928],[34.094889,1333735424],[34.097129,1300234240],[34.10106,1317126144],[34.514459,1328795648],[34.731254,1333792768],[34.823019,1337573376],[34.825725,1322790912],[34.976286,1329512448],[35.354092,1329573888],[35.354785,1331511296],[35.682564,1333432320],[35.695882,1337344000],[36.15433,1318465536],[36.154378,1270231040],[36.16008,1242963968],[36.162585,1182138368],[36.191323,1180561408],[36.379036,1177137152],[36.379382,1154338816],[36.550933,1156968448],[36.593255,1158897664],[36.796299,1161924608],[42.518746,1161932800],[43.047111,1162047488],[43.050338,1195491328],[43.416475,1194627072],[43.416528,1161932800],[43.780828,1162235904],[44.255254,1162338304],[44.618426,1164435456],[44.620327,1162338304],[48.062444,1162371072],[54.621762,1164468224],[54.624763,1162371072],[64.625082,1164468224],[64.629545,1162371072],[74.628426,1164468224],[74.632819,1162371072],[94.631765,1164468224],[94.635194,1162371072],[104.635114,1164468224],[104.639567,1162383360],[114.638416,1164480512],[114.6429,1162395648],[124.641724,1164492800],[124.64567,1162395648],[134.645037,1164492800],[134.646203,1162395648],[149.021434,1162448896],[149.024685,1195954176],[149.236485,1198055424],[149.239724,1214832640],[149.419385,1219026944],[149.447036,1221128192],[149.449818,1250611200],[149.45732,1286139904],[149.473702,1252581376],[149.61645,1256775680],[149.647106,1223069696],