{"summary":{"timestamp":1390914688,"hash":"b3d10f43833f065ec0e635ce6cdb2332f4ee5049","max_memory":1306755072,"cpu_time":164.31,"pull_request":11864},"memory_data":[[0.00202,8192],[0.01048,7274496],[0.151547,9818112],[0.269115,20377600],[0.298737,24756224],[0.350348,26918912],[0.39952,32751616],[0.420287,32854016],[0.479046,40902656],[0.612684,51142656],[0.667885,54099968],[0.80503,64925696],[1.024128,83181568],[1.092146,89649152],[1.17255,90136576],[1.225196,100429824],[1.357979,133734400],[1.459827,134541312],[1.488235,135827456],[1.727122,136871936],[1.956857,137117696],[1.964558,137777152],[2.119784,137854976],[2.221762,138764288],[2.514279,138928128],[2.516014,139583488],[2.809296,139755520],[2.998599,149889024],[3.086967,150753280],[3.192541,156856320],[3.343472,164245504],[3.453032,168701952],[3.468639,170270720],[3.67552,170291200],[3.828095,209293312],[4.346683,209334272],[4.788259,209625088],[4.789838,216817664],[4.888507,221016064],[4.888619,223113216],[5.026408,232546304],[5.149985,232706048],[5.312751,233865216],[5.398577,236756992],[5.523289,239443968],[5.625166,239640576],[5.800987,243974144],[6.012078,248156160],[6.100687,248287232],[6.470091,255115264],[6.605425,259641344],[6.806392,268156928],[6.917385,269537280],[7.199166,277331968],[7.535843,284602368],[7.656388,286294016],[7.702359,287858688],[7.8652,288727040],[8.37321,289390592],[8.830929,289456128],[8.85705,290394112],[9.038128,290652160],[9.604685,290656256],[10.128315,291201024],[10.369231,293306368],[10.373635,303788032],[10.474039,304521216],[10.789184,304803840],[10.89426,305754112],[10.931622,309436416],[11.009547,309690368],[11.013981,311304192],[11.099564,312172544],[11.261465,320884736],[11.358951,322154496],[11.462761,324878336],[11.626244,330498048],[11.692914,331919360],[11.696961,333885440],[11.754561,336752640],[12.008287,338903040],[12.168541,341282816],[12.169829,343224320],[12.29725,343379968],[12.39215,344498176],[12.582003,348770304],[12.658731,349544448],[12.666794,353738752],[12.870773,356827136],[13.053464,358162432],[13.090522,359190528],[13.092321,363294720],[13.272677,363347968],[13.426259,366288896],[13.509299,367058944],[13.709034,375275520],[13.765771,376717312],[13.993812,376725504],[14.08366,377909248],[14.087727,393142272],[14.099805,386146304],[14.197553,387293184],[14.262745,389619712],[14.43747,390619136],[14.963615,396615680],[15.036064,398028800],[15.168607,399097856],[15.235455,400699392],[15.238144,408879104],[15.480254,408997888],[15.716273,411594752],[15.717482,412622848],[15.889114,413900800],[15.918021,415121408],[16.291441,417361920],[16.435079,419229696],[16.470164,418861056],[16.539853,421072896],[16.721926,421212160],[16.755423,422055936],[17.128851,425099264],[17.225235,426790912],[17.576116,429608960],[17.709795,432001024],[17.778694,431751168],[17.842961,433778688],[18.034727,434970624],[18.22357,437682176],[18.295722,439836672],[18.305014,473395200],[18.325691,457089024],[18.431459,456937472],[18.477062,457887744],[18.625667,458272768],[18.825981,460849152],[18.870444,462344192],[19.227997,464633856],[19.279879,466116608],[19.494788,467202048],[19.550133,468672512],[19.666388,468701184],[19.748536,469766144],[19.811601,473202688],[19.815022,489111552],[20.581558,489349120],[20.737023,489635840],[20.804752,490561536],[20.806062,492646400],[20.954361,492666880],[21.32443,495853568],[21.329117,497004544],[21.48737,497324032],[21.628809,498348032],[21.826295,500727808],[21.956,501379072],[22.138441,503771136],[22.256703,508592128],[22.392207,508837888],[22.644327,512679936],[22.845381,514723840],[22.950467,517582848],[23.05909,518205440],[23.098025,519401472],[23.226174,520663040],[23.249998,524505088],[23.423506,524713984],[23.590335,526405632],[23.737793,528805888],[23.86518,529125376],[23.96748,531423232],[24.189602,531820544],[24.337867,533110784],[24.381814,534540288],[24.5719,534904832],[24.616477,536068096],[24.750488,536625152],[24.814567,538873856],[24.885445,539070464],[25.395718,544960512],[25.657123,546111488],[25.781596,547098624],[25.83248,549912576],[25.863145,548564992],[26.104478,549761024],[26.112901,551862272],[26.120158,583319552],[27.264136,583475200],[27.377016,583712768],[27.380298,592011264],[27.458343,594112512],[27.462482,608792576],[27.528873,591634432],[27.528986,583753728],[28.202488,583790592],[30.191659,585895936],[30.211787,650903552],[30.254362,617345024],[33.166447,617394176],[33.441649,617488384],[33.636695,619630592],[33.643129,618369024],[33.837853,618569728],[35.54566,618582016],[35.590899,622104576],[35.699043,621158400],[35.699249,619876352],[36.396151,620007424],[36.482257,621350912],[36.628043,621838336],[36.716836,624087040],[36.829228,625356800],[36.847755,627453952],[36.937386,627466240],[37.205059,632938496],[37.224989,633823232],[37.708561,646692864],[37.714364,676057088],[38.22262,676220928],[38.254344,677437440],[38.507858,682557440],[38.609713,685699072],[38.934349,692793344],[38.958622,693866496],[39.204759,698642432],[39.326637,701894656],[39.436276,703823872],[39.552003,706818048],[39.589795,708927488],[39.745356,712261632],[39.968923,722219008],[40.083047,724803584],[40.132402,726884352],[40.349187,731840512],[40.713406,739340288],[40.762124,741441536],[41.015882,747323392],[41.357797,754659328],[41.884372,766689280],[41.951749,769200128],[41.953258,771153920],[42.006003,771166208],[42.096889,773267456],[42.370747,778383360],[42.529392,782659584],[42.53153,786833408],[42.619365,786849792],[42.696651,788094976],[43.034109,795402240],[43.118976,798031872],[43.119609,802230272],[43.219185,802234368],[43.779308,814776320],[43.829975,816664576],[44.369188,829394944],[44.371357,833589248],[44.467438,833601536],[44.497131,836669440],[44.507199,861859840],[44.524307,849272832],[44.726947,854294528],[44.9709,861007872],[45.154517,865316864],[45.408848,870490112],[45.411129,872103936],[45.477573,873095168],[45.715937,878252032],[45.883872,882311168],[46.044672,885596160],[46.104203,888057856],[46.330108,892649472],[46.860525,905027584],[47.064023,910344192],[47.176351,914210816],[47.287603,917102592],[47.51699,925446144],[47.624746,927604736],[47.657039,929935360],[47.796174,933236736],[47.885716,936562688],[47.980787,938971136],[48.022752,941252608],[48.347618,949493760],[48.509629,952774656],[48.511141,954851328],[48.605866,956071936],[48.607987,960192512],[48.70296,960196608],[49.009927,966852608],[49.177761,971116544],[49.181345,979505152],[49.341831,979517440],[49.475987,982962176],[49.82148,989675520],[49.994438,993943552],[50.162805,999124992],[50.417696,1004400640],[50.421419,1012793344],[50.580735,1012801536],[50.84876,1018318848],[51.416223,1032011776],[51.743135,1039134720],[51.981364,1044975616],[52.027135,1047085056],[52.345207,1053896704],[52.413606,1056043008],[52.415341,1060233216],[52.518184,1060376576],[52.665835,1063653376],[52.670783,1068343296],[52.754808,1068777472],[52.793458,1071210496],[52.959907,1076727808],[53.250677,1083867136],[53.25293,1086013440],[53.335144,1087352832],[53.338505,1095700480],[53.528019,1095716864],[53.788215,1102004224],[53.944357,1104461824],[54.140122,1108701184],[54.143178,1110470656],[54.224887,1111252992],[54.617543,1119432704],[54.620031,1127825408],[54.749507,1127964672],[54.762433,1130303488],[54.900695,1132564480],[55.061638,1136562176],[55.32646,1142403072],[55.478314,1146470400],[55.563432,1147957248],[55.972624,1158623232],[56.20188,1164177408],[56.691853,1175379968],[56.820261,1179111424],[57.491693,1193889792],[57.493233,1195941888],[57.545865,1195950080],[57.954955,1203712000],[58.141926,1208397824],[58.371259,1212813312],[58.395774,1213771776],[58.894548,1224093696],[59.215996,1231536128],[59.314033,1234239488],[59.45175,1236520960],[59.56053,1239478272],[59.713853,1242484736],[59.836267,1245728768],[59.860057,1248186368],[59.948025,1248190464],[60.0097,1250709504],[60.012895,1253052416],[60.29109,1263063040],[60.393248,1267216384],[60.401812,1285033984],[60.405261,1268928512],[60.418872,1301561344],[60.421974,1269346304],