{"summary":{"timestamp":1363469264,"hash":"b53da4b9dd977fdffba3f10e570d7c025238dec3","max_memory":1284374528,"cpu_time":98.22,"pull_request":5342},"memory_data":[[0.00352,8192],[0.011813,3084288],[0.099697,4108288],[0.11059,5488640],[0.566808,19689472],[0.941231,31907840],[1.238675,40972288],[1.604679,53039104],[2.277172,73555968],[2.582361,83099648],[2.608092,83472384],[2.83758,131317760],[2.919074,147505152],[3.059719,177074176],[3.309789,227708928],[3.342012,227844096],[3.434177,232833024],[3.484276,234369024],[3.626725,244666368],[3.735547,249851904],[3.814647,257597440],[3.883841,261779456],[3.956405,262475776],[4.07856,265936896],[4.271911,273797120],[4.344452,278740992],[4.510422,284090368],[4.693214,292311040],[4.719852,294641664],[4.813729,298487808],[4.925006,304865280],[5.081996,312164352],[5.142177,317399040],[5.181865,317407232],[5.237837,329314304],[5.252003,330375168],[5.305108,341446656],[5.308052,345657344],[5.337704,343556096],[5.443004,365645824],[5.448392,374038528],[5.490557,371625984],[5.492862,378232832],[5.508792,371257344],[5.617807,372322304],[5.644231,383877120],[5.687891,383930368],[5.698583,392699904],[5.733644,393326592],[5.752245,409161728],[5.866639,410279936],[5.965371,409837568],[6.159166,410263552],[6.220506,414912512],[6.537467,417316864],[6.540236,418365440],[6.638719,418369536],[6.836115,419745792],[6.841901,421842944],[7.064462,421847040],[7.480626,424415232],[7.624608,425046016],[7.636842,429244416],[8.342672,429322240],[8.345759,430292992],[8.545877,430297088],[8.865367,431890432],[9.508323,436051968],[9.53301,444440576],[9.772885,444538880],[9.828072,450797568],[9.845179,459186176],[9.894388,460754944],[9.898142,469151744],[9.928302,469250048],[9.92992,477540352],[10.027939,479043584],[10.127385,479059968],[10.234298,482865152],[10.35409,483631104],[10.364944,484696064],[10.524108,485179392],[10.560475,485933056],[10.753473,486363136],[10.926405,488058880],[10.929148,489082880],[11.038737,489095168],[11.113593,490164224],[11.585601,493486080],[11.609867,496140288],[11.828532,496144384],[11.878216,496685056],[12.177165,497692672],[12.272509,498921472],[12.356443,498925568],[12.595864,500641792],[12.948043,505597952],[12.988117,505602048],[13.000272,509661184],[13.555193,509878272],[13.717656,510865408],[13.820205,513388544],[13.960533,514236416],[14.335872,517341184],[14.541767,517464064],[14.693062,518746112],[14.891757,519335936],[15.017894,520519680],[15.454138,522465280],[15.556377,526487552],[15.850529,526323712],[16.130683,527339520],[16.15709,535855104],[17.450288,535900160],[17.73233,537264128],[17.879114,538787840],[17.994527,538988544],[18.547327,541929472],[18.594511,542883840],[18.936124,544272384],[19.064871,546521088],[19.272848,546525184],[19.471644,547856384],[19.520637,549150720],[19.605102,549195776],[19.727219,550580224],[19.842798,550584320],[20.105131,551784448],[20.35422,553873408],[20.57459,555028480],[20.72006,555077632],[20.961456,555974656],[20.986215,556916736],[21.113258,556982272],[21.30209,559460352],[21.47798,559828992],[21.840875,561201152],[22.177899,562819072],[22.222072,564240384],[22.603556,564457472],[22.657376,565108736],[22.853591,565305344],[22.941533,566161408],[23.201348,566661120],[23.588653,567959552],[23.771296,570040320],[23.946642,570245120],[24.453343,573915136],[24.45895,582168576],[24.500819,582287360],[24.502712,590557184],[25.046694,590675968],[26.413987,590712832],[26.465151,591544320],[26.489375,595091456],[26.525465,595881984],[26.535787,600080384],[26.614644,601673728],[26.638036,610066432],[27.909566,610349056],[28.033755,611254272],[28.2025,611389440],[28.239992,612052992],[28.481711,612802560],[28.50251,614150144],[28.740665,614297600],[28.799387,616042496],[28.892244,616185856],[28.901044,618659840],[29.043297,619233280],[29.351389,619294720],[29.648638,622714880],[30.234714,622944256],[30.355786,624254976],[30.556557,625143808],[30.682161,629223424],[30.683859,639713280],[30.733584,641884160],[30.869036,642019328],[30.977875,646217728],[30.987706,650407936],[31.181382,652402688],[31.311548,658272256],[31.417063,661262336],[31.424499,667742208],[31.521761,670863360],[31.522404,672960512],[31.610206,674725888],[31.764524,680931328],[31.773848,682508288],[31.998516,691032064],[32.002152,695226368],[32.042861,697528320],[32.148849,700694528],[32.258542,702967808],[32.457071,704237568],[32.526079,706097152],[32.596066,706301952],[32.676624,709017600],[32.979944,714199040],[32.98057,716296192],[33.194775,718864384],[33.316141,721502208],[33.541195,727396352],[33.542301,731590656],[33.660134,733982720],[33.772767,737337344],[33.877223,737652736],[33.942831,739487744],[34.014396,739733504],[34.12931,742961152],[34.225062,743899136],[34.225629,745996288],[34.349427,747757568],[34.461448,751075328],[34.474912,757833728],[34.502807,762728448],[34.603115,765648896],[34.728731,767569920],[34.852164,770555904],[35.068797,776814592],[35.399727,787283968],[35.650734,791900160],[35.842487,797552640],[36.036151,802516992],[36.213477,805789696],[36.49394,812904448],[36.621324,815427584],[36.62335,819630080],[36.659872,820686848],[36.691476,827867136],[37.167678,841048064],[37.260279,841785344],[37.37437,845049856],[37.543944,845500416],[37.705821,846585856],[37.867905,851136512],[37.909806,855121920],[38.156346,862785536],[38.231172,864100352],[38.384765,868155392],[38.468726,868806656],[38.637945,873037824],[38.714378,873222144],[38.839042,876056576],[39.063752,882192384],[39.064855,886386688],[39.270124,892080128],[39.392811,893104128],[39.594916,899842048],[39.663888,900026368],[39.743837,902467584],[39.856503,903008256],[39.930429,905338880],[40.083889,906334208],[40.180882,909111296],[40.246882,909193216],[40.359403,912363520],[40.396121,914542592],[40.753617,924557312],[40.914516,927252480],[41.062059,930856960],[41.26369,932978688],[41.333974,934776832],[41.33532,941068288],[41.460267,941076480],[41.580439,942637056],[41.696256,945205248],[41.696344,947302400],[41.802877,948584448],[41.940226,952549376],[41.984287,954830848],[42.110213,954929152],[42.112037,959143936],[42.202946,961679360],[42.27443,961941504],[42.34105,963809280],[42.406576,963887104],[42.571505,968671232],[42.786656,969482240],[42.878006,970317824],[42.879257,974512128],[42.942319,975441920],[43.262022,984354816],[43.369316,985534464],[43.515817,988790784],[43.68109,993714176],[43.815602,995876864],[43.945569,998739968],[44.110594,1003397120],[44.246435,1006456832],[44.321848,1006858240],[44.419993,1010139136],[44.45193,1010143232],[44.622823,1015103488],[44.829694,1016545280],[45.071012,1023045632],[45.172081,1026392064],[45.304222,1029292032],[45.367033,1029824512],[45.500365,1033654272],[45.592611,1035350016],[45.726764,1036476416],[45.897275,1040510976],[46.072944,1043185664],[46.240786,1047928832],[46.243533,1050390528],[46.312922,1051987968],[46.338463,1057026048],[46.444662,1060499456],[46.747817,1068265472],[46.876933,1072484352],[47.200564,1078845440],[47.23985,1080479744],[47.367863,1082544128],[47.419643,1084735488],[47.444733,1093791744],[47.575414,1098354688],[47.779661,1104310272],[48.213056,1115234304],[48.216215,1119490048],[48.290889,1120886784],[48.493697,1126436864],[48.645501,1130070016],[48.838934,1134039040],[48.845181,1136066560],[48.912289,1136082944],[49.053371,1140113408],[49.084343,1140117504],[49.221261,1143877632],[49.222428,1148071936],[49.258612,1148207104],[49.372343,1151737856],[49.559355,1154383872],[49.796282,1161400320],[50.130203,1170407424],[50.162271,1170411520],[50.27948,1173565440],[50.279995,1175662592],[50.601847,1184309248],[50.667472,1184399360],[50.970487,1190440960],[50.983485,1194549248],[51.0931,1194582016],[51.327691,1201532928],[51.437827,1205981184],[51.44286,1212321792],[51.492751,1213718528],[51.512015,1218461696],[51.536713,1219133440],[51.560562,1226272768],[51.700103,1228816384],[51.704073,1233539072],[51.777266,1237229568],[51.944335,1238962176],[51.968733,1241632768],[52.401869,1244618752],[52.618888,1244758016],[52.625616,