{"summary":{"timestamp":1389054712,"hash":"b6602cb74bb10f888989c3620cd99cd897d09372","max_memory":1280053248,"cpu_time":215.32,"pull_request":11354},"memory_data":[[0.001788,4096],[0.009201,7180288],[0.075317,19226624],[0.094453,25010176],[0.123189,27234304],[0.160816,33837056],[0.187859,41828352],[0.202637,42463232],[0.273368,56217600],[0.292519,56467456],[0.486008,88301568],[0.515629,94420992],[0.54606,94425088],[0.642695,165511168],[0.824078,165560320],[0.972452,166350848],[1.099151,167956480],[1.349932,167931904],[1.418292,176869376],[1.428481,183910400],[1.578496,200970240],[1.638439,209469440],[1.786282,226312192],[1.793539,228564992],[1.90805,228581376],[1.920027,239202304],[1.980481,282206208],[2.498501,282312704],[2.554082,289669120],[2.584832,289751040],[2.589011,304353280],[2.613816,297009152],[2.673559,297033728],[2.681691,326373376],[2.731196,326369280],[2.731301,311689216],[2.792465,311693312],[2.844276,313794560],[2.859224,370417664],[2.963077,341753856],[4.397086,341929984],[4.405595,364855296],[4.472132,364990464],[4.474323,373284864],[5.46877,373346304],[5.472834,385867776],[6.546561,385900544],[6.549411,394285056],[7.011117,394293248],[7.467843,396390400],[7.472273,411074560],[8.856181,411172864],[8.856854,412647424],[9.065962,414547968],[9.23827,417382400],[9.57378,421945344],[9.740807,425930752],[9.845001,426655744],[9.845754,428904448],[9.908166,428937216],[10.026127,432254976],[10.220481,434081792],[10.297545,436576256],[10.308061,470175744],[10.331457,469647360],[11.173633,469680128],[11.178135,486301696],[11.835053,486391808],[11.903557,487550976],[11.904917,490680320],[12.089238,490860544],[12.343151,495251456],[12.460804,496209920],[12.581253,500830208],[12.729933,501080064],[12.824228,502861824],[12.942287,503951360],[12.958058,505163776],[13.12425,506380288],[13.271956,509284352],[13.387338,509964288],[13.550381,512245760],[13.551618,516837376],[13.610133,518934528],[13.613354,516837376],[13.730193,517107712],[13.886188,518742016],[13.968024,522186752],[14.057495,522326016],[14.103961,523993088],[14.294415,525647872],[14.330214,526897152],[14.449528,527474688],[14.55032,529199104],[14.585113,531451904],[14.728587,532860928],[14.934502,536809472],[15.153521,539017216],[15.18804,541843456],[15.216616,540499968],[15.370202,541724672],[15.596182,545767424],[15.658429,546226176],[15.744456,548540416],[15.753459,582098944],[16.080484,582307840],[16.082696,590561280],[16.135151,592662528],[16.138391,607342592],[16.174255,590196736],[16.174308,582303744],[20.43055,582311936],[20.605739,582365184],[20.689558,589484032],[20.743056,590409728],[20.763572,657522688],[20.789956,623964160],[20.850193,626888704],[20.891776,630996992],[21.226015,647839744],[21.491019,659828736],[21.608187,670351360],[21.750617,676356096],[21.852057,681701376],[22.278783,701509632],[22.564044,713584640],[22.692991,720089088],[22.853454,726687744],[22.913585,730542080],[23.062401,736194560],[23.164395,741691392],[23.281998,746029056],[23.433586,754692096],[23.637646,762888192],[24.022434,779460608],[24.483431,800559104],[24.831434,814206976],[24.853188,815906816],[25.245606,832151552],[25.259365,833204224],[25.467735,841523200],[25.499397,844193792],[25.59756,847880192],[25.598815,852017152],[25.652383,852025344],[26.021708,867672064],[26.023171,871870464],[26.071966,871882752],[26.359513,883507200],[26.46522,888209408],[26.729276,898371584],[26.928916,907804672],[27.016093,910770176],[27.134367,916152320],[27.142554,945610752],[27.483539,945631232],[27.560358,949415936],[27.560406,951521280],[27.676808,955846656],[27.677702,957939712],[27.753737,959795200],[27.937623,967503872],[27.959665,969494528],[28.063154,973959168],[28.081578,977301504],[28.117413,977305600],[28.248968,983269376],[28.487026,992878592],[28.686495,1002201088],[28.845466,1008967680],[28.974444,1019412480],[29.061633,1023275008],[29.063073,1027477504],[29.128299,1029582848],[29.228516,1035456512],[29.27198,1036480512],[29.429998,1043316736],[29.506476,1047732224],[29.696028,1056559104],[29.770271,1058664448],[29.770625,1061789696],[29.811373,1061806080],[29.950693,1068077056],[29.95192,1072185344],[30.009372,1072193536],[30.06601,1075167232],[30.468647,1091629056],[30.878459,1109598208],[30.880627,1117798400],[30.984017,1117818880],[31.274853,1129984000],[31.290616,1131606016],[31.42291,1137397760],[31.585032,1143726080],[31.587296,1152114688],[31.701249,1152135168],[31.761588,1154555904],[31.76374,1162805248],[31.867601,1162829824],[32.100415,1171951616],[32.129448,1174036480],[32.292042,1180442624],[32.492836,1189548032],[32.568497,1191763968],[32.724481,1198387200],[32.784879,1201623040],[32.799125,1204363264],[32.942323,1208750080],[32.943794,1212653568],[33.227519,1222254592],[33.233625,1235886080],[33.235423,1219969024],[33.265251,1220915200],[33.267574,1235599360],[33.692777,1250357248],[33.697793,1279799296],[33.699221,1237987328],[34.012603,1249882112],[34.203162,1249886208],[34.203564,1250832384],[34.678867,1253421056],[34.692112,1257086976],[35.112685,1231912960],[35.112735,1190387712],[35.11682,1156415488],[35.337338,1097691136],[39.567739,1097695232],[41.961926,1099796480],[41.96473,1131253760],[42.388222,1097695232],[42.515235,1097719808],[43.620055,1099816960],[43.621659,1097719808],[53.620075,1099816960],[53.62213,1097719808],[63.623426,1099816960],[63.627233,1097719808],[73.626814,1099816960],[73.628693,1097719808],[83.626767,1099816960],[83.627804,1097719808],[93.626755,1099816960],[93.628389,1097719808],[103.630102,1099816960],[103.631434,1097719808],[113.630115,1099816960],[113.633503,1097719808],[118.688031,1097719808],[123.633436,1099816960],[123.633986,1097719808],[133.633416,1099816960],[133.63411,1097719808],[143.63342,1099816960],[143.635018,1097719808],[153.633397,1099816960],[153.637875,1097719808],[156.584514,1097838592],[156.587504,1106112512],[156.753628,1109680128],[156.7566,1143238656],[156.984603,1148055552],[156.988812,1150287872],[157.180326,1154482176],[157.230838,1156587520],[157.237452,1221595136],[157.254953,1188036608],[157.302336,1190133760],[157.404031,1192230912],[157.447042,1179639808],[157.447095,1125134336],[157.454027,1151021056],[157.454129,1123762176],[163.636766,1125859328],[163.641462,1123762176],[173.640108,1125859328],[173.642335,1123762176],[183.643433,1125859328],[183.648099,1123762176],[193.646797,1125859328],[193.649649,1123762176],[203.650085,1125859328],[203.655269,1123762176],[213.65343,1125859328],[213.658145,1123762176],[219.212356,1123799040],[219.21609,1140408320],[221.288934,1140412416],[221.397541,1149210624],[221.404438,1154662400],[221.658808,1154666496],[221.664439,1138020352],[221.674632,1141690368],[222.752518,1140809728],[222.761676,1093771264],[222.783389,1091764224],[222.800818,1084018688],[222.801666,1032265728],[222.806958,945106944],[222.809735,860815360],[222.815116,775401472],[222.815896,710303744],[222.819476,670023680],[222.822795,591753216],[222.824268,590209024],[222.827572,511635456],[222.829043,509292544],[222.829197,203591680],[222.832807,162889728],[222.839809,50184192],[222.842607,43839488]],