{"summary":{"timestamp":1398220295,"hash":"bcc3e8c0d44bbbbf752db45a9c85f7ac4b4d61ce","max_memory":1457057792,"cpu_time":157.52,"pull_request":13415},"memory_data":[[0.003366,8192],[0.01212,6324224],[0.112817,13692928],[0.192269,22560768],[0.209376,22794240],[0.255471,29659136],[0.27278,29700096],[0.317623,37404672],[0.433438,48156672],[0.479788,51113984],[0.605177,62926848],[0.666153,70090752],[0.736735,75841536],[0.840645,87511040],[0.889173,87523328],[0.970351,114962432],[1.051774,140591104],[1.114719,141250560],[1.568566,141307904],[1.668571,141955072],[1.707306,147738624],[1.901682,184823808],[1.914637,192724992],[1.943755,194068480],[2.133744,231522304],[2.221577,247824384],[2.253835,255393792],[2.360522,255426560],[2.450859,310943744],[3.025472,311021568],[3.17088,318816256],[3.180462,321454080],[3.452441,321679360],[3.453802,324763648],[3.505755,324886528],[3.508466,328040448],[3.617069,330141696],[3.617603,335044608],[3.642026,337199104],[3.843283,339300352],[3.844927,350507008],[3.914734,350310400],[3.97158,352411648],[3.973647,355553280],[4.177203,355115008],[4.179011,347668480],[4.314307,349765632],[4.333447,353828864],[4.399437,358162432],[4.412215,361246720],[4.656446,361615360],[4.693208,364625920],[4.702855,369831936],[4.764195,371490816],[4.769608,382222336],[4.815687,380919808],[4.815735,378081280],[5.112371,378089472],[5.367415,380190720],[5.371974,375734272],[5.417969,375787520],[5.456451,378810368],[5.5842,382365696],[5.584666,385355776],[5.667829,388042752],[5.669456,396111872],[5.707271,395444224],[5.70781,381812736],[6.098671,381882368],[6.10003,384880640],[6.318762,386981888],[6.322965,409726976],[6.327594,397459456],[6.473776,397475840],[6.575973,400965632],[6.727651,400658432],[6.76215,403972096],[6.852046,404660224],[6.928947,407461888],[6.93411,409243648],[6.999614,409104384],[7.069895,413261824],[7.134877,413593600],[7.243686,416731136],[7.562032,421412864],[7.574629,432701440],[7.921045,432762880],[8.063685,435736576],[8.084511,437628928],[8.144033,437886976],[8.282699,441069568],[8.309339,443150336],[8.421261,443457536],[8.469511,448417792],[8.574063,448544768],[8.606343,450596864],[8.768789,452988928],[8.900098,457940992],[8.952029,458055680],[9.083397,461955072],[9.129961,461475840],[9.366403,467406848],[9.393091,469262336],[9.520095,470069248],[9.552773,471740416],[9.647529,472592384],[9.650108,504053760],[9.657842,520830976],[9.665398,522661888],[9.665497,497758208],[9.83425,500649984],[9.924844,503906304],[10.0059,505171968],[10.049006,507199488],[10.149059,508420096],[10.185139,510971904],[10.351047,514461696],[10.382654,516448256],[10.462944,516993024],[10.820775,523493376],[10.824898,536076288],[10.889262,536186880],[10.892359,546373632],[11.431479,546529280],[11.464994,547901440],[11.63951,549826560],[11.735287,552157184],[11.797173,555237376],[11.945515,556429312],[12.162402,560160768],[12.249067,562171904],[12.314414,562266112],[12.422141,564146176],[12.424077,568545280],[12.566925,568610816],[12.639763,570093568],[12.752629,570793984],[12.776614,572268544],[12.904197,573288448],[12.926239,574857216],[13.095888,576462848],[13.247476,578514944],[13.37371,583360512],[13.465679,584212480],[13.563823,591171584],[13.566099,588193792],[13.646224,588238848],[13.830057,591077376],[13.853623,592400384],[13.961515,593084416],[14.07316,595484672],[14.16498,598429696],[14.327524,601395200],[14.46253,605224960],[14.594169,606183424],[14.728809,609320960],[14.803814,615194624],[14.804347,618811392],[14.844639,619716608],[15.153065,620003328],[15.239589,621068288],[15.291248,624115712],[15.382085,623902720],[15.458659,626405376],[15.576011,627326976],[15.59707,629329920],[15.682754,629395456],[15.779807,631779328],[15.862061,631795712],[15.893932,638332928],[15.935309,640430080],[15.938409,647249920],[15.968576,638332928],[15.968722,631951360],[16.377905,631312384],[16.378004,617267200],[20.894781,617271296],[21.202306,619261952],[21.332698,621273088],[21.333376,623370240],[22.022211,623374336],[22.022696,624222208],[22.185797,624226304],[22.553713,626561024],[22.693816,628228096],[23.876212,628514816],[23.877434,631410688],[24.845549,631554048],[25.090747,641093632],[25.090795,643190784],[25.181653,646414336],[25.343602,653344768],[25.391374,658018304],[25.467985,661667840],[25.661187,668172288],[25.661675,668958720],[25.989865,681504768],[26.197584,688922624],[26.292899,690958336],[26.400626,694857728],[26.457926,697888768],[26.65997,704667648],[26.872975,713633792],[26.895489,715214848],[27.227546,726716416],[27.248675,728293376],[27.458119,735879168],[27.613872,742330368],[27.862775,751382528],[28.198862,762429440],[28.321624,767098880],[28.444466,769134592],[28.458577,772878336],[28.504143,772882432],[28.666667,778809344],[28.864157,785096704],[28.865948,788242432],[28.911561,788250624],[29.09747,794398720],[29.119034,795975680],[29.266218,800284672],[29.324256,803921920],[29.410969,807022592],[29.707752,820355072],[29.708792,823500800],[29.751109,823504896],[29.94315,832503808],[30.220716,842256384],[30.382173,848613376],[30.607184,858411008],[30.94675,870907904],[31.251328,883298304],[31.613912,896950272],[31.978483,911724544],[31.982397,962060288],[32.009805,1012391936],[32.018242,962056192],[32.071557,964595712],[32.299883,973271040],[32.565415,984387584],[32.567813,990679040],[32.653263,990699520],[32.795461,995672064],[32.795898,998817792],[32.838914,998825984],[32.988223,1004851200],[33.205819,1015812096],[33.436005,1025503232],[33.532941,1030078464],[33.535043,1036374016],[33.625923,1036382208],[33.848255,1045708800],[34.02005,1051934720],[34.227408,1061412864],[34.470522,1070645248],[34.505164,1072525312],[34.735248,1082036224],[34.909112,1088544768],[35.058105,1096040448],[35.061379,1120366592],[35.065825,1121206272],[35.267007,1121226752],[35.33159,1123328000],[35.34112,1144287232],[35.341266,1132756992],[35.354116,1139130368],[35.455139,1141231616],[35.456867,1145421824],[35.488618,1145548800],[35.494704,1165869056],[35.746968,1165877248],[35.781428,1167622144],[35.782356,1170767872],[35.8287,1172344832],[36.48818,1207042048],[36.68737,1215770624],[36.975098,1229783040],[37.26966,1242619904],[37.317984,1245257728],[37.439487,1249263616],[37.916238,1266892800],[38.134551,1275334656],[38.206075,1279008768],[38.400232,1285226496],[38.688511,1296781312],[39.028116,1308164096],[39.121897,1313308672],[39.121945,1315409920],[39.231833,1319890944],[39.374263,1327591424],[39.583661,1334632448],[39.677724,1339154432],[40.039519,1351536640],[40.060303,1368825856],[40.188815,1368887296],[40.232626,1372659712],[40.362666,1379090432],[40.364502,1388253184],[40.463956,1394544640],[40.545064,1395777536],[40.545211,1389760512],[40.789153,1405313024],[40.914,1410019328],[40.935225,1414742016],[41.041986,1418547200],[41.077081,1454198784],[41.082202,1455702016],[41.082802,1412591616],[41.101463,1412870144],[41.821802,1416941568],[41.847837,1429786624],[41.848031,1416953856],[41.898811,1415708672],[42.350757,1315041280],[43.145167,1314078720],[43.145415,1302454272],[49.876507,1302462464],[145.731932,1302458368],[151.777869,1302437888],[157.337772,1302384640],[162.752642,1302310912],[166.391248,1302286336],[166.609261,1304387584],[166.640213,1342140416],[166.651428,1369337856],[167.021876,1348333568],[167.023284,1302478848],[167.035556,1331949568],[168.26464,1331732480],[168.264718,1288335360],[168.365735,1283534848],[168.367011,1244213248],[168.371405,1203073024],[168.372655,1116229632],[168.379875,1035792384],[168.381052,953106432],[168.382722,951947264],[168.386658,863444992],[168.391108,821104640],[168.397943,700116992],[168.414835,497467392],[168.416818,496766976],[168.418868,436740096],[168.423064,388567040],[168.429223,348561408],[168.453432,105840640],[168.455495,66596864],[168.46192,29753344]],