{"summary":{"timestamp":1404273389,"hash":"bd893d19223ae6979c180291be6b2a3b9311148a","max_memory":1917771776,"cpu_time":183.67,"pull_request":15069},"memory_data":[[0.003437,8192],[0.051839,401408],[0.076851,10739712],[0.190731,12623872],[0.210507,15396864],[0.26389,17272832],[0.314238,21860352],[0.411105,24588288],[0.426051,28123136],[0.472094,29663232],[0.47398,31969280],[0.644479,36306944],[0.671076,40419328],[0.715979,40775680],[0.718741,45350912],[0.892396,49233920],[0.938862,55455744],[0.987219,58388480],[1.013885,63569920],[1.083843,67743744],[1.106266,72413184],[1.223268,81973248],[1.230033,84742144],[1.295582,89698304],[1.339072,97001472],[1.446275,102281216],[1.44669,104378368],[1.513854,107479040],[1.513953,109580288],[1.563349,112009216],[1.563443,114106368],[1.617045,116879360],[1.660593,123260928],[1.709442,125575168],[1.709533,127672320],[1.770502,130936832],[1.770595,133033984],[1.823417,135651328],[1.843405,138801152],[1.92227,139358208],[1.984593,156045312],[1.984684,158146560],[2.046765,174243840],[2.046858,176349184],[2.122565,197320704],[2.136768,196755456],[2.18512,173658112],[2.254402,175771648],[2.337745,176594944],[2.43767,178868224],[2.535389,179232768],[3.15552,184414208],[3.155708,186511360],[3.510805,189276160],[3.542135,191905792],[3.740567,200466432],[3.961192,211333120],[4.183437,221442048],[4.233136,224223232],[4.239857,227491840],[4.40604,234668032],[4.530328,241631232],[4.539187,246083584],[4.686144,253628416],[4.886067,262955008],[4.904337,264826880],[4.964196,254332928],[4.966182,248520704],[5.011196,249823232],[5.136233,257224704],[5.354794,318730240],[5.43667,318402560],[5.482664,312520704],[5.532811,312709120],[5.723819,315940864],[5.844413,318685184],[5.901209,318537728],[5.945372,310878208],[5.962748,305082368],[6.086158,308092928],[6.276677,318578688],[6.361073,318414848],[6.398099,312246272],[6.448959,312655872],[6.49024,315416576],[6.493029,318255104],[6.579351,320020480],[6.580141,322121728],[6.665296,324534272],[6.66539,326631424],[6.746718,328556544],[6.748417,330653696],[6.846435,331558912],[6.901551,321585152],[6.903763,313077760],[7.118671,315801600],[7.283551,316260352],[7.340892,319860736],[7.585322,323825664],[7.758559,329052160],[7.787933,334016512],[7.800905,339943424],[7.85431,353972224],[8.096543,358645760],[8.178473,361082880],[8.214786,363495424],[8.292076,379637760],[8.41615,387088384],[8.627722,391606272],[8.662525,396775424],[8.706176,397197312],[8.74178,401846272],[8.817285,404135936],[8.862444,409026560],[8.914595,411938816],[8.997205,412889088],[9.016234,414986240],[9.141423,420331520],[9.142505,426622976],[9.206461,427036672],[9.207559,431230976],[9.315599,431243264],[9.32962,433340416],[9.33322,445923328],[9.568235,446119936],[9.590648,448966656],[9.747333,449003520],[9.761759,451100672],[9.76496,463683584],[9.776518,461586432],[10.031906,462004224],[10.040207,462770176],[10.176997,462794752],[10.186512,465530880],[10.313211,465760256],[10.352192,467857408],[10.382377,472084480],[10.548763,472555520],[10.55505,440762368],[10.751493,441491456],[10.78028,443678720],[10.805867,449773568],[10.860069,451870720],[10.865859,453967872],[10.924751,454242304],[10.948619,457637888],[11.09812,457719808],[11.19286,461156352],[11.259659,462290944],[11.260149,466489344],[11.569149,467980288],[11.575338,476397568],[11.683203,479244288],[11.687368,481341440],[11.768148,484773888],[11.770687,487944192],[11.807295,491606016],[11.876992,495546368],[11.92466,504451072],[11.943986,504692736],[11.955305,515411968],[12.025606,515665920],[12.22491,517832704],[12.263186,519569408],[12.276061,523341824],[12.469377,528351232],[12.469632,524156928],[12.508233,524562432],[12.548462,528777216],[12.685297,530214912],[12.725052,534478848],[12.873585,534745088],[12.89148,536842240],[13.0058,537280512],[13.005894,539381760],[13.141876,544055296],[13.206151,544071680],[13.228974,546168832],[13.675163,546459648],[13.683729,548556800],[13.778558,548564992],[13.808869,550666240],[13.812101,563249152],[13.81945,556957696],[13.908127,559960064],[13.908595,562057216],[13.988943,562180096],[14.034369,564277248],[14.36271,570568704],[14.503238,572665856],[14.704029,576860160],[14.857514,583151616],[15.049925,589443072],[15.071039,593637376],[15.181826,595734528],[15.229333,599928832],[15.36494,606224384],[15.404311,606232576],[15.464004,612540416],[15.505426,612548608],[15.541151,618840064],[15.589048,618856448],[15.589492,610467840],[15.756701,611221504],[16.109226,611389440],[16.194157,615641088],[16.195862,638709760],[16.210238,636612608],[16.210318,626126848],[16.367026,630321152],[16.368288,632418304],[16.520985,634515456],[16.545187,638709760],[16.697552,640806912],[16.80065,642904064],[16.999754,645001216],[17.261269,649195520],[17.351912,653389824],[17.460935,655486976],[17.512784,659681280],[17.864841,661778432],[18.136045,665972736],[18.461576,672264192],[18.490943,674361344],[18.691639,676458496],[18.768101,678555648],[18.935596,678592512],[19.034659,682786816],[19.128713,684883968],[19.485713,691175424],[19.530987,693272576],[19.587937,693493760],[19.679532,697688064],[19.754769,697929728],[19.933964,700026880],[19.9708,702124032],[19.973552,708415488],[20.097941,710512640],[20.098253,714706944],[20.773937,716804096],[20.987743,718901248],[21.329157,723095552],[21.606076,725192704],[21.932144,729387008],[21.937186,731484160],[22.120123,733581312],[22.210711,735678464],[22.409883,737775616],[22.835293,744067072],[23.133354,746164224],[23.218598,748261376],[23.463273,750358528],[23.535628,752455680],[23.68415,754552832],[23.686594,781815808],[23.709445,802787328],[23.716761,777621504],[23.728281,779718656],[23.904088,781815808],[23.949273,783912960],[24.150276,786010112],[24.287177,788107264],[24.609719,792301568],[24.73145,794398720],[24.815712,798593024],[25.009118,800690176],[25.23013,804884480],[25.620946,806981632],[25.784079,809078784],[25.874081,811175936],[25.903909,813273088],[26.232715,817467392],[26.232807,819564544],[26.504156,821661696],[26.725618,823758848],[26.769776,825856000],[27.106568,827953152],[27.243959,830050304],[27.298196,832147456],[27.600179,834244608],[27.675981,836341760],[27.904247,838438912],[27.938368,840536064],[28.089688,844730368],[28.373428,846827520],[28.51859,848924672],[28.554026,851021824],[28.819714,855216128],[28.829525,861507584],[28.888267,865701888],[28.895548,869896192],[29.037151,874090496],[29.318265,876187648],[29.755566,880381952],[29.889633,882479104],[30.166869,884576256],[30.337983,886673408],[30.75276,890867712],[31.132658,895062016],[31.37778,897159168],[31.780512,901353472],[31.931708,903450624],[32.355287,907644928],[32.528702,909742080],[32.564884,911839232],[32.565064,916033536],[32.668275,918130688],[32.671758,924422144],[33.23114,926519296],[33.502409,928616448],[33.905236,932810752],[34.043981,934907904],[34.376191,937005056],[34.572739,939102208],[34.670735,941199360],[35.001637,943296512],[35.049,945393664],[35.393451,947490816],[35.461746,949587968],[36.0089,953782272],[36.481721,957976576],[36.680675,962170880],[36.799263,966365184],[37.224924,970559488],[37.305445,972656640],[37.322781,974753792],[37.437563,976850944],[37.683595,978948096],[38.430909,981045248],[38.753279,985239552],[38.996972,987336704],[39.244559,991531008],[39.357122,991662080],[39.384451,993759232],[39.387936,1000050688],[39.869232,1002147840],[39.984895,1004244992],[40.301141,1008439296],[40.356728,1010536448],[40.508153,1010622464],[40.550996,1012719616],[40.852637,1016913920],[40.943814,1016991744],[41.274307,1023283200],[41.472025,1025380352],[41.741897,1027477504],[41.959299,1029574656],[42.320107,1033768960],[42.350088,1035866112],[42.35389,1075712000],[42.384617,1102974976],[42.408288,1134432256],[42.415634,1084100608],[42.572335,1086197760],[42.699125,1092489216],[42.847611,1096683520],[42.885892,1098780672],[43.210999,1100877824],[43.831203,1102974976],[43.921097,1105072128],[44.187958,1107169280],[44.26022,1109266432],[44.498636,1111363584],[44.836138,1115557888],