{"summary":{"timestamp":1365224450,"hash":"bdd2439529c23b4fcd2676d7427c45ca223385ce","max_memory":1272418304,"cpu_time":102.26,"pull_request":5733},"memory_data":[[0.001591,8192],[0.005843,7266304],[0.115747,9125888],[0.139633,10936320],[0.825739,36962304],[1.072626,45916160],[1.187487,50581504],[1.630888,67051520],[2.232669,88997888],[2.272268,89915392],[2.46099,139284480],[2.56027,164114432],[2.841535,235749376],[2.981019,244883456],[3.072576,253898752],[3.160829,259448832],[3.192818,264232960],[3.282635,271933440],[3.356619,273379328],[3.432364,276480000],[3.590147,285069312],[3.644458,290381824],[3.858846,300609536],[3.954197,308056064],[4.031593,312365056],[4.114209,318574592],[4.251905,327028736],[4.301694,332570624],[4.380238,332587008],[4.392839,339800064],[4.403652,337637376],[4.405459,347082752],[4.426994,342659072],[4.429865,361537536],[4.446149,352096256],[4.478145,352952320],[4.485028,390709248],[4.515952,371830784],[4.580902,373432320],[4.593034,448933888],[4.657212,411611136],[4.78515,413089792],[4.808092,422977536],[4.815256,435212288],[4.847796,436105216],[4.864005,446787584],[4.912406,450113536],[4.914469,456876032],[5.038567,458108928],[5.256249,457605120],[5.356902,459223040],[5.408093,463065088],[5.461305,469663744],[5.627816,472354816],[5.629099,474824704],[5.78863,474910720],[5.790437,480067584],[6.174182,485797888],[6.176113,490553344],[7.190949,492654592],[7.196411,511528960],[7.215574,506101760],[7.215725,495697920],[7.404388,496070656],[7.409666,498577408],[7.515024,498610176],[7.538953,507072512],[7.565729,507076608],[7.568295,514195456],[7.621273,516296704],[7.624611,530976768],[7.760431,532516864],[8.027794,532926464],[8.028201,533737472],[8.264822,533741568],[8.496197,536514560],[8.496935,538263552],[8.60843,538271744],[8.659651,539189248],[9.00787,541609984],[9.009331,545075200],[9.264376,545226752],[9.557065,546631680],[9.874229,548884480],[10.06134,551391232],[10.063399,558735360],[10.715412,559050752],[10.818254,559804416],[10.900899,561446912],[11.039442,562163712],[11.343622,565288960],[11.574931,565440512],[11.70206,566562816],[11.845322,566919168],[11.869568,567734272],[12.183452,568950784],[12.283736,570023936],[12.295709,571842560],[12.298376,584425472],[13.818016,584458240],[14.143831,586371072],[14.152848,587649024],[14.271331,587792384],[14.424898,589520896],[14.593536,589529088],[14.783563,591007744],[14.965256,591433728],[14.965746,592379904],[15.276589,593813504],[15.39969,593899520],[15.458263,595259392],[15.654492,595361792],[15.868932,596832256],[15.887994,597983232],[16.114205,598925312],[16.2227,598929408],[16.695389,602120192],[16.854603,602161152],[16.943076,602894336],[17.251551,603566080],[17.545609,605806592],[17.683843,606101504],[18.081588,607883264],[18.101982,612646912],[18.108951,639905792],[19.727308,639913984],[20.791973,640090112],[20.815489,641077248],[21.115337,641081344],[21.159328,641900544],[21.57059,643309568],[21.611969,644550656],[21.826873,644587520],[21.938896,645763072],[22.008543,652382208],[22.009898,655466496],[22.138231,655527936],[22.14113,665952256],[22.770172,666058752],[24.246657,666062848],[24.423085,668381184],[24.426691,666284032],[24.818241,666288128],[24.868111,667869184],[25.021283,667111424],[25.377839,667140096],[25.602601,669274112],[25.63578,671252480],[25.637694,682135552],[25.65022,686329856],[25.857016,686804992],[25.877635,692559872],[25.948022,694657024],[26.109124,694697984],[26.112732,696983552],[26.164044,699080704],[26.181114,705372160],[26.23632,709566464],[26.323453,713760768],[26.365532,713785344],[26.392126,716582912],[26.501222,718684160],[26.563602,722821120],[26.762163,731578368],[26.762725,734924800],[26.797306,737210368],[26.919704,741675008],[27.053871,742531072],[27.212856,746688512],[27.438029,750821376],[27.452682,753475584],[27.512969,753618944],[27.691589,756981760],[27.790449,760782848],[27.864335,762474496],[27.864927,766668800],[28.024925,771203072],[28.16622,772153344],[28.329937,777039872],[28.409554,777904128],[28.409982,780001280],[28.593983,784412672],[28.629074,798060544],[28.706835,800727040],[28.843575,802574336],[28.910175,804827136],[28.997644,805761024],[29.176945,812875776],[29.234688,814329856],[29.3895,820019200],[29.447591,820101120],[29.630141,824872960],[29.748589,826081280],[29.843131,829988864],[30.044045,836771840],[30.119179,837357568],[30.428625,846102528],[30.541663,848404480],[30.644838,851660800],[30.77352,854175744],[30.778172,858484736],[30.826605,860110848],[30.826979,862208000],[31.03547,869257216],[31.069733,869396480],[31.191916,873603072],[31.270343,874274816],[31.356359,877260800],[31.566945,877895680],[31.754074,879644672],[31.838541,882434048],[31.944478,884068352],[31.944743,886165504],[32.158663,894185472],[32.276652,897413120],[32.452329,899670016],[32.574022,903233536],[32.6758,903786496],[32.842934,908656640],[32.843864,910716928],[32.903873,910729216],[32.977575,913227776],[32.977824,915324928],[33.138655,921247744],[33.242579,922017792],[33.404553,928604160],[33.465764,928784384],[33.528297,931270656],[33.625493,931782656],[33.654485,933064704],[33.811791,934780928],[33.852981,938291200],[33.931103,939077632],[34.014545,942358528],[34.129058,943284224],[34.238683,947060736],[34.239581,949067776],[34.29723,949075968],[34.439681,954208256],[34.522786,955117568],[34.587757,957558784],[34.588777,963854336],[34.6385,963862528],[34.732528,966946816],[34.811314,967532544],[34.811407,969629696],[34.905705,970928128],[34.976482,973230080],[35.160498,975601664],[35.253892,977969152],[35.25407,980066304],[35.346385,981385216],[35.453963,985280512],[35.62214,987209728],[35.624033,991428608],[35.682859,993427456],[35.746238,993685504],[35.800637,995545088],[35.85871,995631104],[35.986523,1000357888],[36.250329,1001930752],[36.375595,1004548096],[36.442421,1004834816],[36.737123,1013227520],[36.809855,1013760000],[36.906601,1016328192],[37.050866,1021243392],[37.16861,1023557632],[37.310458,1027743744],[37.338334,1027747840],[37.513969,1032859648],[37.581112,1033256960],[37.653426,1036214272],[37.744365,1037418496],[37.826378,1040457728],[38.033584,1041891328],[38.128559,1044262912],[38.315542,1050882048],[38.417212,1051410432],[38.45951,1053069312],[38.551736,1054269440],[38.658563,1058373632],[38.735973,1060139008],[38.856415,1061228544],[38.996019,1065164800],[39.15336,1068015616],[39.237552,1071222784],[39.31051,1072566272],[39.315874,1075077120],[39.373451,1076436992],[39.394059,1081204736],[39.633994,1087721472],[39.669061,1089343488],[39.89136,1095430144],[40.037447,1097977856],[40.210526,1101971456],[40.248428,1103581184],[40.271764,1112649728],[40.525512,1120448512],[40.525692,1122545664],[40.73333,1128648704],[40.740017,1131278336],[40.796979,1131548672],[40.837472,1133502464],[41.069239,1139781632],[41.248986,1145331712],[41.408567,1149009920],[41.524489,1152737280],[41.525957,1156935680],[41.621312,1156943872],[41.735082,1159737344],[41.735763,1163931648],[41.767251,1164062720],[41.860542,1167712256],[42.018267,1170305024],[42.339467,1181773824],[42.440143,1184329728],[42.526552,1185112064],[42.616276,1188405248],[42.616705,1190502400],[42.763038,1195270144],[42.890274,1198718976],[43.025462,1200390144],[43.117788,1202614272],[43.17622,1205608448],[43.401217,1213992960],[43.487593,1218478080],[43.490972,1222750208],[43.525628,1223831552],[43.530452,1228120064],[43.562326,1229213696],[43.585068,1238298624],[43.700233,1240793088],[43.700321,1242890240],[43.756829,1246244864],[43.868343,1248956416],[44.29199,1252507648],[44.301592,1262206976],[44.54295,1257586688],[44.544854,1247645696],[44.73671,1235054592],[44.737822,1096642560],[44.798498,1097007104],[44.874618,1099984896],[47.175031,1100079104],[47.199758,1100423168],[48.013672,1102520320],[48.015629,1107767296],[48.134891,1107845120],[48.135759,1109770240],[48.228499,1111687168],[48.235276,1178800128],[48.263858,1179095040],[48.27182,1191596032],[48.723968,1185300480],[48.732192,1107767296],[48.957232,1108029440],[52.697951,1110257664],