{"summary":{"timestamp":1391186794,"hash":"bec01ad17c6a519c38063d99b8863bf1f801f226","max_memory":1374134272,"cpu_time":175.95,"pull_request":11933},"memory_data":[[0.001611,4096],[0.053395,421888],[0.075682,6221824],[0.106813,8896512],[0.216412,12111872],[0.333185,19034112],[0.415322,20889600],[0.454044,23949312],[0.560815,27795456],[0.779601,31481856],[0.900727,33996800],[1.082029,39276544],[1.210888,63352832],[1.231763,70283264],[1.320699,83488768],[1.460535,107540480],[1.519849,119214080],[1.572265,119705600],[1.599473,129990656],[1.654055,163422208],[1.744122,165429248],[1.987533,166744064],[2.117888,168386560],[2.397653,169365504],[2.504593,180838400],[2.550285,181710848],[2.601397,187797504],[2.728759,199704576],[2.736172,201265152],[2.849261,201269248],[2.884827,223449088],[2.918878,241242112],[3.552273,241549312],[3.553316,247459840],[3.656251,264495104],[3.876691,266014720],[4.057354,271532032],[4.202312,274497536],[4.340176,278036480],[4.462859,280420352],[4.537742,280551424],[4.694538,282865664],[4.926154,288624640],[5.075156,296288256],[5.178462,303497216],[5.26509,306044928],[5.370214,306278400],[5.498231,310771712],[5.59571,315187200],[5.667374,315691008],[5.812507,319635456],[5.937897,320503808],[6.23055,321060864],[6.469211,321130496],[6.636352,322551808],[7.058698,323133440],[7.062445,335683584],[7.153533,336437248],[7.412253,336887808],[7.4254,340267008],[7.468237,341995520],[7.615114,344526848],[7.65221,347492352],[7.802952,353415168],[7.948746,356626432],[8.067078,362070016],[8.0975,367017984],[8.175549,367792128],[8.311304,371630080],[8.311875,373571584],[8.422546,374923264],[8.576048,379998208],[8.580633,384278528],[8.66732,387887104],[8.785915,389808128],[8.786513,393846784],[8.875519,394014720],[8.987363,397807616],[9.076365,406024192],[9.107794,407465984],[9.255477,408268800],[9.258757,423260160],[9.264699,416657408],[9.340498,420278272],[9.455502,421793792],[9.691625,427483136],[9.82355,431443968],[9.825174,439754752],[9.978593,439922688],[10.093212,442433536],[10.131964,444391424],[10.420744,448180224],[10.509786,449703936],[10.542506,451911680],[10.631775,452055040],[10.721168,454520832],[10.832967,456343552],[10.873929,458055680],[11.035334,460660736],[11.172864,465051648],[11.256061,466059264],[11.377316,470036480],[11.384473,503595008],[11.394434,488054784],[11.54993,489496576],[11.682001,493555712],[11.851561,495849472],[11.876969,497405952],[12.075177,500092928],[12.133833,503406592],[12.13745,520359936],[12.364461,520527872],[12.399238,521117696],[12.427211,524595200],[12.427311,520724480],[12.572321,522780672],[12.612146,525012992],[12.673593,525152256],[12.688515,527810560],[12.771919,527925248],[13.321371,538251264],[13.409336,539070464],[13.515972,544083968],[13.634447,544169984],[13.863228,548323328],[14.082258,551276544],[14.122459,553295872],[14.237396,554295296],[14.357455,556306432],[14.358229,558653440],[14.669056,562176000],[14.743493,564649984],[14.805833,564969472],[14.851262,567271424],[14.95592,567672832],[15.047152,570097664],[15.139366,570699776],[15.223076,572456960],[15.253756,574705664],[15.400804,576720896],[15.58546,580771840],[15.774272,582922240],[15.800519,585789440],[15.879704,584912896],[15.896698,588075008],[15.902116,619532288],[15.911384,619008000],[16.170232,619077632],[16.393893,621219840],[16.408271,684134400],[16.428446,682029056],[16.428495,652668928],[16.623506,652951552],[16.624706,657051648],[16.654296,659152896],[16.655578,665444352],[16.705783,665554944],[16.709225,682221568],[16.748888,673775616],[16.749088,652988416],[19.086877,653033472],[19.604369,653103104],[20.04722,653512704],[20.833077,653537280],[20.833826,657575936],[21.427308,657707008],[21.517094,659214336],[21.686437,660000768],[22.04757,677163008],[22.052747,706527232],[22.343236,707104768],[22.48334,714813440],[22.621123,720433152],[22.670695,723492864],[22.835726,731226112],[22.941944,733982720],[23.159096,744054784],[23.178307,746156032],[23.260176,749441024],[23.361088,759808000],[23.511341,767627264],[23.739277,776966144],[23.764091,779014144],[24.079897,791556096],[24.086527,816566272],[24.095707,815349760],[24.095756,804163584],[24.199778,808914944],[24.246853,810053632],[24.391965,816578560],[24.451605,820916224],[24.636545,828166144],[24.636594,830267392],[24.7139,834482176],[24.715135,838676480],[24.812866,840507392],[24.984023,848097280],[25.0079,854126592],[25.061863,854130688],[25.35051,866971648],[25.620188,880074752],[25.621388,884224000],[25.667704,884232192],[25.817226,890585088],[25.967967,898985984],[26.160473,907087872],[26.176251,908664832],[26.480562,922746880],[26.750054,934477824],[26.974373,945967104],[27.140163,956375040],[27.187996,961064960],[27.241882,963252224],[27.253439,965578752],[27.322021,968880128],[27.42573,976891904],[27.533782,982851584],[27.657544,988110848],[27.680762,994500608],[27.727234,994512896],[27.916926,1002508288],[27.965962,1005219840],[27.968104,1013526528],[28.051017,1013538816],[28.147104,1018658816],[28.311909,1025265664],[28.444179,1032024064],[28.44515,1036218368],[28.489719,1036238848],[28.61196,1042051072],[28.61349,1050443776],[28.699215,1050456064],[28.893851,1059155968],[28.962094,1062969344],[29.350083,1080651776],[29.427996,1086001152],[29.495121,1088299008],[29.593218,1093455872],[29.693801,1097662464],[29.694551,1100808192],[29.751619,1101484032],[29.825409,1104809984],[29.867748,1108357120],[29.881,1112694784],[29.916554,1113305088],[30.078241,1122275328],[30.080433,1130663936],[30.185272,1130795008],[30.356036,1138425856],[30.411833,1141780480],[30.515896,1145925632],[30.516349,1147490304],[30.586711,1149595648],[30.586764,1151696896],[30.699663,1156362240],[30.701445,1164750848],[30.793049,1164759040],[30.831668,1167138816],[31.111262,1179688960],[31.503699,1199210496],[31.571748,1203068928],[31.798365,1212702720],[31.861066,1216442368],[32.155133,1229262848],[32.178823,1231331328],[32.431724,1240985600],[32.719121,1253896192],[33.020196,1266274304],[33.11694,1271390208],[33.193899,1274007552],[33.381903,1282207744],[33.392965,1284411392],[33.44786,1284423680],[33.526009,1286926336],[33.526916,1289203712],[33.804475,1299279872],[33.886934,1302654976],[33.893802,1318318080],[33.895762,1302274048],[33.901362,1317765120],[33.904497,1302310912],[33.909827,1317822464],[33.912473,1302298624],[33.920135,1332535296],[33.924159,1333669888],[33.92636,1302450176],[33.947551,1306632192],[34.105909,1312923648],[34.159944,1312935936],[34.162012,1315287040],[34.25166,1317412864],[34.260096,1319632896],[34.337928,1320615936],[34.344612,1352691712],[34.593977,1358520320],[34.611293,1362272256],[34.762206,1368862720],[34.764692,1365581824],[34.951839,1365585920],[34.952189,1366540288],[35.476589,1369591808],[35.490104,1373511680],[35.964792,1352531968],[35.964862,1307058176],[35.970531,1277034496],[35.972941,1218306048],[36.001943,1216729088],[36.192972,1214590976],[36.193324,1189457920],[36.367968,1192128512],[36.37724,1193414656],[36.591592,1197379584],[36.686611,1197404160],[41.046082,1197449216],[41.049687,1214181376],[41.291516,1216282624],[41.292331,1226768384],[41.307451,1226936320],[41.310647,1260326912],[41.664403,1247264768],[41.668938,1197535232],[42.016821,1197580288],[42.037151,1197920256],[42.347767,1198043136],[42.898223,1200140288],[42.901517,1198043136],[45.283601,1198231552],[45.331835,1198284800],[52.901523,1200381952],[52.903675,1198284800],[62.9049,1200381952],[62.909365,1198284800],[72.908194,1200381952],[72.912101,1198284800],[82.911513,1200381952],[82.91601,1198288896],[92.91489,1200386048],[92.919711,1198297088],[102.918149,1200394240],[102.921518,1198309376],[112.921552,1200406528],[112.925152,1198309376],[130.419568,1198346240],[130.422105,1210761216],[132.370148,1208340480],[132.370346,1198309376],[132.936879,1198452736],[132.940502,1214955520],[133.012044,1217056768],[133.013477,1225445376],[133.104499,1227542528],[133.166716,1227759616],[133.170404,1261101056],[133.207103,1261105152],[133.38597,1265303552],[133.39172,1282002944],