{"summary":{"timestamp":1389841605,"hash":"bf2ab22cd0eda8e019cb243916e6c127708739cf","max_memory":1201897472,"cpu_time":198.54,"pull_request":11574},"memory_data":[[0.001727,8192],[0.008501,9207808],[0.141345,33542144],[0.163205,40742912],[0.25393,53968896],[0.389239,76353536],[0.450039,88174592],[0.476209,88199168],[0.501753,99291136],[0.557493,131178496],[0.747532,132497408],[0.848355,132517888],[0.890749,133705728],[1.203929,134406144],[1.279405,135155712],[1.392675,146780160],[1.474777,154312704],[1.54883,163479552],[1.664225,163495936],[1.726234,199311360],[2.256316,199434240],[2.289865,206655488],[2.318547,206721024],[2.322457,221339648],[2.345015,220622848],[2.345115,213995520],[2.399708,216100864],[2.406638,243363840],[2.452605,242601984],[2.452656,228679680],[2.554564,228687872],[2.5698,287404032],[2.660512,266428416],[2.660563,258039808],[3.529514,258240512],[3.531689,266498048],[4.112155,268595200],[4.115127,279085056],[4.484538,279097344],[4.543006,281571328],[4.544248,285765632],[4.652919,286957568],[4.800419,290566144],[4.843685,292478976],[5.047282,297181184],[5.049533,305545216],[5.245711,305713152],[5.273492,310796288],[5.372337,310923264],[5.466104,314683392],[5.590316,318423040],[5.678801,325951488],[5.826036,326070272],[5.830555,342904832],[6.187267,343089152],[6.239313,345911296],[6.376367,346849280],[6.399201,349024256],[6.476089,349016064],[6.478507,357261312],[6.616498,357404672],[6.680252,360267776],[6.787201,362590208],[7.001091,365395968],[7.0791,367374336],[7.079742,368918528],[7.246358,370896896],[7.67921,378425344],[7.82364,382459904],[7.935996,383643648],[7.936745,385814528],[8.015831,386129920],[8.069595,388419584],[8.077026,421978112],[8.12047,421810176],[8.954024,421888000],[9.040762,422813696],[9.063796,425533440],[9.067032,440213504],[9.516345,440496128],[9.633954,442036224],[9.722041,444166144],[9.723824,447311872],[9.888589,447578112],[10.127168,452251648],[10.257993,453500928],[10.349224,457699328],[10.464541,457654272],[10.587128,459657216],[10.704975,460734464],[10.969566,464826368],[11.009482,466153472],[11.110763,466722816],[11.265879,468848640],[11.267265,473321472],[11.374227,473346048],[11.574624,475176960],[11.647401,478568448],[11.732379,478392320],[11.781173,480587776],[11.849811,480686080],[12.050182,483192832],[12.199513,485691392],[12.227598,487788544],[12.358102,489254912],[12.484741,492175360],[12.756231,495333376],[12.787224,497397760],[12.848175,496816128],[13.118804,500355072],[13.143236,501833728],[13.22284,502386688],[13.256078,505516032],[13.263188,536973312],[13.619955,537014272],[13.622413,545267712],[13.674188,547409920],[13.678256,562044928],[13.71387,562012160],[13.714052,537010176],[15.913838,539111424],[15.928552,604123136],[15.949668,570564608],[18.545945,570568704],[18.676779,570630144],[18.750106,576892928],[18.792564,576897024],[18.826383,581091328],[18.868127,583192576],[19.027729,593698816],[19.086166,593735680],[19.371275,606162944],[19.472225,611467264],[19.556549,614514688],[19.671169,625557504],[19.95301,636968960],[20.113274,644030464],[20.203377,646983680],[20.3546,653586432],[20.452619,659390464],[20.587391,664788992],[20.617081,666750976],[21.050421,684388352],[21.243188,692596736],[21.243532,693547008],[21.376487,698781696],[21.478202,704335872],[21.587464,708296704],[21.689217,713056256],[21.849297,719454208],[22.110183,731054080],[22.111446,735223808],[22.158461,735236096],[22.215949,738160640],[22.291534,744656896],[22.439988,750669824],[22.441231,754810880],[22.497931,755916800],[22.669118,762638336],[22.676316,791994368],[23.038562,792027136],[23.222205,799498240],[23.377117,807280640],[23.627063,817926144],[23.743824,824086528],[24.185804,841539584],[24.27147,845328384],[24.533405,855568384],[24.783636,866488320],[25.06108,879325184],[25.120847,881041408],[25.316418,889368576],[25.392517,893599744],[25.470198,896061440],[25.701959,905797632],[25.824315,912572416],[25.920128,915939328],[26.103459,924389376],[26.105729,932782080],[26.213553,932818944],[26.362902,939012096],[26.558638,948715520],[26.559929,952909824],[26.594438,953147392],[26.601491,963637248],[26.674392,963657728],[26.846656,971780096],[26.900755,975245312],[26.951281,976384000],[27.137514,984494080],[27.221443,989122560],[27.521804,1000452096],[27.609785,1004462080],[27.611076,1008631808],[27.653329,1008680960],[27.65553,1017024512],[27.758591,1017094144],[28.172288,1034125312],[28.29153,1039753216],[28.518261,1049210880],[28.54073,1050976256],[28.687806,1057075200],[28.688428,1060257792],[28.743077,1061097472],[28.941717,1069543424],[28.976141,1071751168],[29.125695,1077993472],[29.282412,1083551744],[29.484335,1091452928],[29.858478,1106628608],[29.957362,1111359488],[30.030551,1113419776],[30.226926,1122131968],[30.239638,1124691968],[30.367618,1128521728],[30.368809,1131806720],[30.692697,1142636544],[30.695561,1156763648],[31.135525,1172033536],[31.14096,1201410048],[31.142311,1158041600],[31.673222,1169473536],[31.674412,1172619264],[31.720633,1173450752],[31.720731,1170243584],[31.906104,1170247680],[31.906453,1171193856],[32.372783,1173917696],[32.385093,1177501696],[32.813147,1141846016],[32.813196,1110388736],[32.817571,1076830208],[33.055559,1020051456],[33.05561,1018105856],[39.245,1018109952],[39.247831,1051664384],[39.614388,1043271680],[39.614449,1018105856],[137.213022,1018109952],[142.316387,1020207104],[142.319169,1051664384],[142.545009,1053769728],[142.548497,1070546944],[142.732433,1074741248],[142.755761,1076842496],[142.761484,1141854208],[142.77863,1108295680],[142.934752,1112489984],[142.942475,1066348544],[142.942979,1045479424],[142.948927,1070522368],[142.949028,1043304448],[200.251267,1043308544],[200.348783,1051865088],[200.355251,1056784384],[200.580208,1056792576],[200.585559,1060487168],[201.538811,1060290560],[201.548538,1052340224],[201.549238,1013915648],[201.580435,1006137344],[201.584648,920137728],[201.588367,878489600],[201.589288,823332864],[201.592955,780816384],[201.593865,708304896],[201.602206,586375168],[201.603156,526389248],[201.606778,467591168],[201.607728,409268224],[201.613616,324890624],[201.614562,271261696],[201.619666,183443456],[201.623746,142901248],[201.624828,97718272],[201.63016,42381312]],"pass_timing":[["parsing",0.442],["gated feature checking",0.022],["std macros injection",0.001],["configuration 1",0.106],["expansion",0.995],["configuration 2",0.202],["maybe building test harness",0.207],["std injection",0.196],["assinging node ids and indexing ast",0.522],["external crate/lib resolution",0.065],["language item collection",0.027],["resolution",1.179],["lifetime resolution",0.028],["looking for entry point",0],["freevar finding",0.057],["region resolution",0.095],["type collecting",0.106],["variance inference",0.056],["coherence checking",0.122],["type checking",9.117],["const marking",0.154],["const checking",0.04],["privacy checking",0.349],["effect checking",0.053],["loop checking",0.028],["compute moves",2.564],["match checking",0.147],["liveness checking",0.21],["borrow checking",0.734],["kind checking",0.123],["reachability checking",0.01],["death checking",0.147],["lint checking",0.4],["translation",13.919],["llvm function passes",5.636],["llvm module passes",102.759],["codegen passes",57.637],["LLVM passes",-0]]}