{"summary":{"timestamp":1395328906,"hash":"c01e2f05a3ef27e464d1f0057ddabcde6ffde70c","max_memory":1419513856,"cpu_time":141.98,"pull_request":13017},"memory_data":[[0.001497,4096],[0.046189,475136],[0.06591,8732672],[0.104354,9338880],[0.125599,13348864],[0.186663,14254080],[0.304311,22048768],[0.3297,26796032],[0.545501,33468416],[0.667441,35631104],[0.722673,37482496],[0.836989,50286592],[0.861177,54460416],[0.909475,57368576],[0.956393,64110592],[0.975313,64339968],[1.030046,73310208],[1.05373,73424896],[1.081141,77946880],[1.159593,84992000],[1.1797,88256512],[1.213169,88526848],[1.31546,99090432],[1.395158,105828352],[1.568325,123076608],[1.627138,130142208],[1.731057,131260416],[1.816309,160813056],[1.897776,187768832],[2.025766,188694528],[2.099492,191102976],[2.116831,204328960],[2.169343,232505344],[2.22605,235458560],[2.74988,235794432],[2.910678,236756992],[3.159639,236933120],[3.160352,237449216],[3.389435,237875200],[3.410347,242905088],[3.479788,242954240],[3.694589,256925696],[3.797331,265408512],[3.920103,274042880],[4.037514,280973312],[4.052453,283004928],[4.091935,281128960],[4.094227,243490816],[4.244974,243499008],[4.408544,301158400],[5.298274,301174784],[5.568958,301355008],[5.632812,303411200],[5.633829,305238016],[5.716547,305643520],[5.71672,307740672],[5.788341,307744768],[5.797595,309841920],[5.873647,309846016],[5.873833,311943168],[5.995897,312094720],[6.01132,324608000],[6.059689,349782016],[6.1446,350851072],[6.16181,358387712],[6.195415,360222720],[6.271645,361078784],[6.312651,388624384],[6.342411,389607424],[6.353448,394358784],[6.411788,395579392],[6.540843,396304384],[6.777048,396742656],[6.778068,398106624],[6.873471,398110720],[6.878044,401649664],[7.110182,401653760],[7.120317,409784320],[7.147005,410832896],[7.567824,410845184],[7.573114,424558592],[7.58767,426045440],[7.816188,426053632],[7.822127,429191168],[8.123599,429232128],[8.125443,430764032],[8.25865,429297664],[8.587361,429547520],[8.59691,435773440],[8.697497,436641792],[9.26088,437207040],[9.26371,440209408],[9.432865,440352768],[9.433037,442830848],[9.669164,442834944],[9.992426,443473920],[9.999475,447660032],[10.145009,448188416],[11.52698,448204800],[11.537818,456585216],[11.836616,456597504],[11.919906,457150464],[11.920781,462254080],[12.015337,462196736],[12.015421,457007104],[14.044025,457105408],[14.362187,459628544],[14.368418,465584128],[14.522518,467693568],[14.524098,486580224],[14.543362,490754048],[15.647451,490811392],[15.765282,493064192],[15.837976,493051904],[15.898147,494997504],[16.131742,496906240],[16.158956,498118656],[16.281114,499392512],[16.350853,502099968],[16.416414,501334016],[16.46599,502951936],[16.468314,505442304],[16.690746,505749504],[16.9251,510599168],[17.100157,511836160],[17.132603,512827392],[17.25252,513060864],[17.314062,515575808],[17.415066,515645440],[17.569001,517013504],[17.624497,518381568],[17.800752,519847936],[17.835292,522461184],[17.95018,521895936],[18.046739,524980224],[18.128471,525742080],[18.207931,525094912],[18.307052,526307328],[18.347303,528814080],[18.499654,529162240],[18.596565,530628608],[18.63523,532283392],[18.697357,532340736],[18.763947,534900736],[18.88886,534986752],[19.223906,538820608],[19.371058,539832320],[19.423789,540917760],[19.434951,553185280],[19.944044,553336832],[20.17874,556425216],[20.251423,556589056],[20.484504,559362048],[20.682152,560443392],[20.829804,562827264],[20.941051,567234560],[20.943758,565673984],[21.164122,566124544],[21.459139,569806848],[21.635041,570470400],[21.864654,573112320],[21.867616,602529792],[21.886745,619307008],[21.906131,623448064],[21.90659,598278144],[22.108023,599400448],[22.254197,602062848],[22.439791,602628096],[22.509159,603987968],[22.58989,604008448],[22.909966,607956992],[23.056647,608899072],[23.357522,612278272],[23.390638,614285312],[23.440904,614006784],[23.444358,618848256],[23.598975,619069440],[23.681355,621256704],[23.681618,623874048],[23.726846,621371392],[23.810533,623468544],[23.986964,623869952],[24.086991,623341568],[24.188783,625205248],[24.355112,625954816],[24.388547,627130368],[24.52172,628002816],[24.563189,629858304],[24.770154,631795712],[24.83858,633909248],[25.198683,637968384],[25.417748,639229952],[25.602057,642007040],[25.729413,648110080],[25.72993,650727424],[25.804068,651001856],[25.814691,647733248],[25.941405,648032256],[25.978277,650551296],[26.116805,651132928],[26.25952,650850304],[26.456649,655065088],[26.59304,655618048],[26.635546,657055744],[26.922401,659128320],[26.955826,661004288],[27.163238,661663744],[27.239872,663445504],[27.363171,664059904],[27.412543,665944064],[27.417761,670064640],[27.483815,670097408],[27.500829,678539264],[27.551534,674340864],[27.656482,674349056],[28.253818,662810624],[30.060562,664850432],[30.064753,662810624],[40.063873,664907776],[40.065397,662810624],[42.899773,662847488],[43.319931,662913024],[43.428664,665010176],[43.431625,662913024],[45.120179,662970368],[45.122467,663994368],[46.570153,664006656],[46.962794,664121344],[47.04955,665616384],[47.260604,666226688],[47.407097,670629888],[47.708222,677871616],[47.860724,683134976],[47.984146,686211072],[48.063565,690896896],[48.246108,695726080],[48.47771,700698624],[48.642208,704815104],[48.83898,710356992],[49.187646,718151680],[49.407572,723529728],[49.562371,725381120],[49.871678,732696576],[50.014542,736710656],[50.398686,745185280],[50.400337,746758144],[50.472573,747393024],[50.706259,752992256],[50.759624,755408896],[51.28092,766414848],[51.396601,770035712],[51.75027,778551296],[51.962473,782888960],[52.168946,788058112],[52.620286,797286400],[52.911422,803979264],[53.093134,805490688],[53.165117,807886848],[53.555363,816799744],[53.55835,819826688],[53.63597,819830784],[54.179167,831111168],[54.182196,834256896],[54.267801,834269184],[54.470815,838197248],[54.540398,840552448],[54.895754,848736256],[54.932148,851701760],[54.968046,851714048],[55.239332,859291648],[55.34212,861224960],[55.547762,867545088],[55.78734,873226240],[55.790399,876363776],[55.867004,876396544],[56.1518,882520064],[56.201067,884121600],[56.416365,888758272],[56.818735,900521984],[57.082363,906952704],[57.313883,911712256],[57.750678,922230784],[57.96406,926773248],[58.13604,931962880],[58.395255,941027328],[58.495691,943169536],[58.611213,947990528],[58.865172,953974784],[59.040841,959811584],[59.107995,963284992],[59.25347,966496256],[59.489894,973647872],[59.711615,978796544],[60.257442,992190464],[60.25778,995258368],[60.333412,995270656],[60.674523,1002504192],[60.773371,1005383680],[60.94468,1008918528],[61.159685,1014738944],[61.534445,1020985344],[61.554551,1021677568],[61.561052,1027964928],[61.683334,1027977216],[62.223593,1041514496],[62.226631,1044660224],[62.291936,1044676608],[62.451928,1049030656],[62.784131,1056129024],[62.790649,1062420480],[62.897568,1062436864],[63.016803,1065365504],[63.144882,1070125056],[63.567971,1079459840],[63.81473,1085919232],[64.052929,1091493888],[64.398972,1099157504],[64.543011,1105420288],[64.659593,1109442560],[64.65987,1111539712],[64.736117,1113694208],[64.737616,1126285312],[64.747284,1138450432],[64.757437,1138860032],[65.260633,1138884608],[65.466935,1144582144],[65.468165,1155112960],[65.48846,1167654912],[65.488612,1159262208],[65.614023,1159274496],[65.72521,1162219520],[66.144678,1170927616],[66.154285,1173549056],[66.283636,1175343104],[66.437308,1179648000],[66.443711,1185939456],[66.544274,1186144256],[66.550473,1192259584],[66.629304,1192374272],[66.630289,1193832448],[66.711237,1193840640],[66.857723,1197391872],[67.022361,1202163712],[67.381123,1211420672],[67.518468,1215401984],[67.696549,1219579904],[67.804301,1223409664],[68.063899,1229320192],[68.270008,1233215488],[68.469744,1237737472],[68.590925,1241194496],[68.799833,1246294016],[69.129959,1253236736],[69.202709,1257455616],[69.591152,1265627136],[69.789189,1270116352],[69.857139,1272225792],[70.656178,1289281536],[70.834547,1295613952],[70.905806,1296662528],[71.082995,1302937600],[71.160736,