{"summary":{"timestamp":1390092399,"hash":"c0578b4a4132c3c3117fe33a4e3c9e0b134ccaff","max_memory":1239883776,"cpu_time":204.2,"pull_request":11632},"memory_data":[[0.001695,8192],[0.008733,9203712],[0.144046,33763328],[0.165646,40648704],[0.260353,53886976],[0.435284,82993152],[0.46139,88588288],[0.488308,88592384],[0.513877,99667968],[0.569726,131801088],[0.751871,133115904],[0.871902,133156864],[0.877212,134324224],[1.164951,134979584],[1.166104,135634944],[1.327454,135835648],[1.522331,154210304],[1.631179,166113280],[1.751803,166141952],[1.816785,203722752],[2.370897,203755520],[2.401669,211066880],[2.430009,211165184],[2.432432,225521664],[2.452802,224440320],[2.452901,218406912],[2.505863,220512256],[2.510513,247775232],[2.55106,246317056],[2.551109,233091072],[2.648888,235196416],[2.659264,291815424],[2.74055,262451200],[2.979101,262520832],[4.115092,264617984],[4.118214,275107840],[4.278168,275161088],[4.279091,277729280],[4.41491,277741568],[4.458439,280514560],[4.542244,288759808],[4.589203,290652160],[4.590555,294846464],[4.694295,296017920],[4.837262,299528192],[4.838083,301490176],[4.90244,301666304],[5.078777,306561024],[5.080734,314904576],[5.279695,315146240],[5.280999,319217664],[5.372166,319250432],[5.484604,322420736],[5.600507,331345920],[5.650153,332759040],[5.776336,332824576],[5.857583,334401536],[5.861823,350998528],[6.214974,351117312],[6.249056,353685504],[6.334064,353869824],[6.441971,356552704],[6.444257,364785664],[6.57521,364838912],[6.694947,367276032],[6.695366,368197632],[6.84299,371019776],[7.075743,374370304],[7.109031,376352768],[7.203384,376492032],[7.389121,379932672],[7.438346,381657088],[7.636349,384667648],[7.720521,387334144],[7.767356,387493888],[7.877575,392007680],[7.975682,392785920],[8.055623,396156928],[8.07617,395767808],[8.084483,429326336],[8.830563,431468544],[8.834954,446148608],[9.338376,448245760],[9.501877,448249856],[9.544551,449798144],[9.800326,452841472],[9.906207,455266304],[10.143054,458268672],[10.247459,462811136],[10.372829,463032320],[10.507792,465612800],[10.587782,466071552],[10.610525,467492864],[10.847825,470069248],[10.880309,472526848],[10.92476,472035328],[11.133641,474685440],[11.134672,479064064],[11.256283,479195136],[11.479339,481918976],[11.550526,484818944],[11.620684,484507648],[11.668957,486752256],[11.809687,487485440],[11.891775,489603072],[11.988745,490233856],[12.084035,492068864],[12.111418,494149632],[12.244458,495898624],[12.279582,497680384],[12.625147,501903360],[12.656379,504733696],[12.720282,503463936],[12.891326,505667584],[12.899804,507768832],[12.907194,539226112],[13.017951,540659712],[13.197242,545210368],[13.324344,545714176],[13.452389,548192256],[13.466982,554299392],[13.498754,554364928],[13.500564,562688000],[13.554426,562692096],[13.558166,579465216],[13.597396,574992384],[13.597789,548134912],[15.523525,550240256],[15.53867,615251968],[15.560388,581693440],[16.407586,581697536],[16.474045,582336512],[17.6936,582590464],[17.758499,582877184],[17.759031,587075584],[17.839841,587100160],[17.871984,589434880],[17.941954,587206656],[18.407226,587239424],[18.558412,596180992],[18.769191,605630464],[18.855959,612552704],[19.001847,618463232],[19.007193,647827456],[19.338855,647843840],[19.568979,656646144],[19.61823,659902464],[19.711515,662999040],[19.868228,669511680],[19.976951,679972864],[20.220711,689696768],[20.379527,697475072],[20.406516,699576320],[20.500854,703115264],[20.737325,713187328],[20.824541,716255232],[20.848212,718368768],[21.129629,729714688],[21.275923,734498816],[21.398035,740487168],[21.5212,744833024],[21.596797,748515328],[21.858364,758804480],[21.859674,762994688],[21.913647,762998784],[22.157856,773566464],[22.159151,777768960],[22.236468,779997184],[22.471092,788836352],[22.760054,801112064],[23.084748,813461504],[23.086099,817655808],[23.14289,817721344],[23.256983,822079488],[23.335386,827039744],[23.462584,831811584],[23.757133,843657216],[23.772055,844967936],[24.829945,885116928],[25.027281,893579264],[25.303517,904704000],[25.470925,912478208],[25.541701,914612224],[25.774126,923688960],[25.785824,934133760],[25.903466,934146048],[26.269436,948826112],[26.271698,957157376],[26.383602,957186048],[26.643894,968552448],[26.645143,972681216],[26.676787,976011264],[26.782723,980701184],[26.78959,1005875200],[27.021526,1006727168],[27.117519,1011523584],[27.246192,1016102912],[27.435726,1024712704],[27.772753,1036967936],[27.774033,1041141760],[27.827388,1041149952],[28.042547,1050112000],[28.0449,1058476032],[28.152193,1058492416],[28.221159,1061187584],[28.22342,1069576192],[28.328315,1069596672],[28.449557,1074360320],[28.6737,1084067840],[28.807509,1088749568],[28.808908,1090482176],[28.931465,1094160384],[29.046536,1098813440],[29.0469,1101959168],[29.088706,1101963264],[29.144045,1104539648],[29.380432,1113341952],[29.481624,1118277632],[29.827549,1131081728],[29.918895,1134907392],[30.143517,1143185408],[30.340906,1151774720],[30.416997,1153945600],[30.617885,1162518528],[30.631458,1165131776],[30.768097,1169285120],[30.769495,1172918272],[30.867806,1176297472],[30.87946,1187614720],[31.017383,1192058880],[31.51574,1209917440],[31.52048,1239396352],[31.522528,1202872320],[31.857662,1215610880],[31.860059,1214701568],[32.250527,1214705664],[32.251266,1216696320],[32.549244,1218289664],[32.5661,1222094848],[33.005772,1203216384],[33.005853,1154981888],[33.010229,1121423360],[33.275514,1063718912],[33.275584,1062699008],[39.571002,1064800256],[39.573835,1096257536],[39.930601,1062699008],[40.073913,1062727680],[143.054258,1062731776],[148.32074,1064828928],[148.323561,1096286208],[148.545503,1098391552],[148.549015,1115168768],[148.735914,1119363072],[148.766528,1121464320],[148.772383,1186476032],[148.789677,1152917504],[148.934109,1157111808],[148.964225,1121456128],[148.964274,1089998848],[148.970775,1115566080],[148.970924,1088430080],[209.229741,1088434176],[209.332484,1096900608],[209.338506,1101832192],[209.566948,1101840384],[209.572453,1105604608],[210.5917,1104941056],[210.601711,1095921664],[210.602381,1058811904],[210.620873,1054900224],[210.635012,1046024192],[210.635972,979775488],[210.641939,896745472],[210.646685,774455296],[210.652292,655785984],[210.653704,655052800],[210.656934,575979520],[210.663375,485965824],[210.66446,419135488],[210.668855,376721408],[210.670134,316665856],[210.677379,212819968],[210.68139,134750208],[210.682965,133120000],[210.687012,55304192],[210.690033,42876928]],"pass_timing":[["parsing",0.454],["gated feature checking",0.022],["std macros injection",0.001],["configuration 1",0.107],["expansion",1.063],["configuration 2",0.214],["maybe building test harness",0.214],["std injection",0.207],["assinging node ids and indexing ast",0.496],["external crate/lib resolution",0.068],["language item collection",0.03],["resolution",1.036],["lifetime resolution",0.03],["looking for entry point",0],["looking for macro registrar",0.028],["freevar finding",0.064],["region resolution",0.131],["type collecting",0.113],["variance inference",0.059],["coherence checking",0.132],["type checking",8.952],["const marking",0.16],["const checking",0.041],["privacy checking",0.351],["effect checking",0.055],["loop checking",0.03],["compute moves",2.4],["match checking",0.144],["liveness checking",0.232],["borrow checking",0.795],["kind checking",0.131],["reachability checking",0.01],["death checking",0.155],["lint checking",0.409],["translation",14.27],["llvm function passes",5.719],["llvm module passes",108.463],["codegen passes",60.602],["LLVM passes",-0]]}