{"summary":{"timestamp":1358881580,"hash":"c07ae16de18ad24004e1d1c425c08bcf3e7c4811","max_memory":1057361920,"cpu_time":84.93,"pull_request":null},"memory_data":[[0.003356,8192],[0.02022,3457024],[0.073888,4710400],[0.261175,16044032],[0.631358,41152512],[0.80287,53075968],[1.276746,84586496],[1.310365,85729280],[1.622614,135950336],[1.787206,161878016],[2.280953,161898496],[2.318561,167813120],[2.431806,168427520],[3.597138,168472576],[3.699683,175763456],[3.74825,180850688],[3.937317,181145600],[4.046835,183283712],[4.070171,185315328],[4.258645,185454592],[4.30985,186621952],[4.332223,195923968],[4.355768,196980736],[4.36951,205594624],[4.396782,206909440],[4.403663,218271744],[4.62762,219320320],[4.86375,219684864],[8.048974,221782016],[8.254548,222015488],[8.350652,226410496],[8.352429,230617088],[8.394345,230621184],[8.457275,235716608],[8.534667,236900352],[8.550799,245014528],[8.814133,252571648],[8.99075,253358080],[9.104812,255684608],[9.383742,258043904],[9.596368,260304896],[9.891129,261599232],[10.039395,263053312],[10.308173,264118272],[10.309192,265080832],[10.472659,265502720],[10.681472,266870784],[10.972475,271265792],[11.155706,271405056],[11.302173,272375808],[11.348951,273883136],[11.641583,274620416],[11.676025,277319680],[11.798745,277983232],[12.09766,280473600],[12.455085,281337856],[12.489737,282050560],[12.751289,283250688],[12.79505,283906048],[13.158341,285491200],[13.323334,286564352],[13.418322,287801344],[13.646293,287903744],[13.824861,288776192],[13.898792,291454976],[14.133565,291594240],[14.2558,292392960],[14.488002,292925440],[14.788974,294985728],[15.035433,295636992],[15.125707,296697856],[15.265792,296775680],[15.436447,297930752],[15.440758,302059520],[15.768539,302063616],[16.194701,303415296],[16.307475,305037312],[16.48564,306102272],[16.58744,306130944],[16.994492,308752384],[17.496203,310177792],[17.512463,310931456],[17.72896,311758848],[17.765749,312942592],[18.160245,314077184],[18.481441,315518976],[18.514127,316628992],[18.7629,317181952],[18.813093,317702144],[19.087776,318193664],[19.166872,319049728],[19.640168,320262144],[19.844045,322211840],[20.004278,322420736],[20.200755,323604480],[20.302785,324927488],[20.45229,325021696],[20.58623,327413760],[20.84926,328044544],[21.096864,329764864],[21.209166,329768960],[21.315439,331071488],[21.542985,331669504],[21.607103,332451840],[21.763195,342708224],[21.767007,346906624],[21.843022,348319744],[22.244999,348377088],[22.41001,353849344],[22.412143,355926016],[22.510859,357425152],[22.747954,357519360],[22.8922,358572032],[22.89294,360566784],[23.03892,362708992],[23.043562,360611840],[23.320917,360624128],[23.630648,364068864],[24.594643,364224512],[24.761586,366120960],[24.767817,376610816],[24.864774,377233408],[24.954459,379396096],[24.967367,381493248],[25.071113,381505536],[25.215001,387125248],[25.296795,388161536],[25.412981,393474048],[25.540911,397074432],[25.662026,399515648],[25.950589,411803648],[25.991666,415117312],[26.198161,420892672],[26.314065,422043648],[26.421498,424251392],[26.490507,426913792],[26.570529,428355584],[26.577543,436744192],[26.617574,436224000],[26.617729,432545792],[26.898322,437694464],[27.089179,443224064],[27.18925,445362176],[27.743812,460754944],[27.853013,464093184],[28.155135,471113728],[28.431778,479309824],[28.719021,488370176],[28.907249,492523520],[29.07553,497561600],[29.746093,514887680],[29.941841,519667712],[30.073755,524066816],[30.492346,536145920],[30.528215,536268800],[30.818135,544489472],[30.888152,548093952],[31.006569,552042496],[31.245002,558047232],[31.299278,558759936],[31.480546,563589120],[31.642787,566849536],[32.115223,580308992],[32.262702,583073792],[32.347945,586579968],[32.542542,591462400],[32.768678,596017152],[32.885697,597573632],[32.999581,600776704],[33.033851,600858624],[33.194016,605396992],[33.214624,607576064],[33.313299,609935360],[33.79601,623595520],[34.064536,630304768],[34.174805,631623680],[34.175573,633720832],[34.331471,637190144],[34.47769,639737856],[34.652618,643559424],[34.78638,647417856],[34.865056,648671232],[34.991044,652234752],[35.061131,652873728],[35.257206,658862080],[35.306359,659349504],[35.681469,670023680],[35.723331,672796672],[35.730251,681152512],[35.93801,681160704],[36.137542,687452160],[36.36148,692518912],[36.516788,697241600],[36.670235,700334080],[36.727184,702582784],[36.953303,707629056],[37.128434,712720384],[37.189293,713572352],[37.459338,721154048],[37.647028,726958080],[37.690712,727261184],[37.847969,731447296],[38.07759,736034816],[38.25213,741081088],[38.474584,745558016],[38.647909,750395392],[38.674525,755388416],[38.762794,758661120],[38.970872,764612608],[39.200911,772800512],[39.601904,782630912],[39.638465,784101376],[39.669481,793362432],[39.907725,800206848],[39.907817,802304000],[40.087738,807366656],[40.486505,819290112],[40.632694,822247424],[41.019866,832761856],[41.234055,838021120],[41.491711,845352960],[41.49299,849547264],[41.662252,853487616],[42.192441,868376576],[42.39104,873332736],[42.512757,877678592],[42.720769,882159616],[43.018133,889802752],[43.30763,899022848],[43.353432,901603328],[43.471136,904986624],[43.473485,907087872],[43.534092,907878400],[43.559829,912863232],[43.669002,915582976],[43.719135,919232512],[43.801413,921440256],[43.985585,923869184],[44.001356,927428608],[44.124404,925581312],[44.128347,922271744],[44.328887,919416832],[44.329392,876130304],[44.431162,876134400],[44.517244,879173632],[44.700501,879329280],[46.504057,879366144],[46.523485,879812608],[47.544167,879955968],[47.546269,896593920],[47.753997,900562944],[47.760643,967675904],[47.781333,962183168],[47.781416,950894592],[47.801483,951361536],[47.803061,957652992],[47.852785,958853120],[48.319323,957059072],[48.326812,879943680],[48.981021,880148480],[53.689654,880406528],[53.925804,880844800],[64.219981,880861184],[69.768264,880951296],[71.164868,881065984],[71.169432,897597440],[130.10517,899698688],[130.108378,931155968],[130.11882,930496512],[130.119297,914509824],[149.832501,914583552],[150.196485,914599936],[150.221096,918654976],[150.256239,918892544],[150.257559,922857472],[150.346755,922861568],[150.354425,927150080],[150.355993,943931392],[150.576922,947318784],[150.578497,955707392],[150.624268,956420096],[150.626607,966901760],[150.75518,968998912],[150.766986,971100160],[150.773495,1036111872],[150.909438,1038209024],[151.275873,1044639744],[151.385597,1044598784],[151.385774,1036251136],[151.404213,1038348288],[151.482021,971235328],[151.485707,937885696],[151.493542,959946752],[151.493631,936873984],[152.829391,936816640],[152.830309,928423936],[152.93275,928432128],[152.939563,807657472],[152.946121,644149248],[152.949634,603205632],[152.952696,524980224],[152.959404,399532032],[152.963065,357195776],[152.964168,284504064],[152.971774,146497536],[152.975938,105648128],[152.977086,67051520],[152.980746,43286528]],"pass_timing":[["parsing",1.225],["configuration",0.503],["maybe building test harness",0.449],["expansion",1.352],["intrinsic injection",0.041],["core injection",0],["building lint settings table",0.054],["ast indexing",0.229],["external crate/lib resolution",0.295],["language item collection",0.062],["resolution",3.58],["freevar finding",0.152],["region resolution",0.211],["region parameterization inference",0.073],["typechecking",13.056],["const marking",0.254],["const checking",0.054],["privacy checking",0.306],["loop checking",0.041],["mode computation",0.266],["match checking",0.238],["liveness checking",0.532],["borrow checking",0.662],["kind checking",0.21],["lint checking",0.418],["translation",19.596],["LLVM passes",108.009]]}