{"summary":{"timestamp":1377572157,"hash":"c0aadfd76c33ccc26f5e1672243add2e2f73e923","max_memory":2116411392,"cpu_time":null,"pull_request":8747},"memory_data":[[0.001497,4096],[0.084653,225280],[0.143878,7434240],[0.270717,12472320],[0.366714,12972032],[0.477221,14766080],[0.608886,19718144],[0.664087,20721664],[0.664428,24997888],[0.794956,27066368],[0.90754,29704192],[0.997987,30707712],[1.00065,51916800],[1.024122,51855360],[1.035945,56320000],[1.24522,59219968],[1.291878,76128256],[1.33965,90808320],[1.349977,97099776],[1.449221,128557056],[1.463479,136945664],[1.483226,139042816],[1.497207,147431424],[1.513886,147431424],[1.558939,168402944],[1.573637,170500096],[1.647213,195665920],[1.656189,195665920],[1.713702,216637440],[1.773247,233414656],[1.80172,245997568],[1.86189,267251712],[1.957831,439218176],[1.987832,454303744],[2.015298,479469568],[2.029085,485761024],[2.077953,527704064],[2.093559,531898368],[2.145125,567549952],[2.15563,578035712],[2.184316,596910080],[2.245748,643047424],[2.313028,699670528],[2.365548,796139520],[2.430188,917774336],[2.45012,953425920],[2.462913,966139904],[2.509476,1052123136],[2.569078,1165369344],[2.592114,1207312384],[2.619411,1209696256],[2.63519,1226485760],[2.730994,1360629760],[2.751777,1385836544],[2.795899,1448767488],[2.813474,1465675776],[2.830359,1461481472],[2.838538,1453092864],[2.840894,1427927040],[2.855928,1381789696],[2.861712,1373401088],[2.863676,1348235264],[2.869754,1327263744],[2.872553,1297903616],[2.880655,1285320704],[2.900968,1239183360],[2.908213,1197240320],[2.915017,1188851712],[2.92244,1163685888],[2.926586,1117548544],[2.932622,1109159936],[2.93495,1083994112],[2.941199,1079799808],[2.948073,1016885248],[2.957504,1016832000],[2.964008,992378880],[3.019469,816435200],[3.033841,774897664],[3.046817,728227840],[3.065571,670969856],[3.068908,599691264],[3.083217,587083776],[3.088674,553529344],[3.096212,553238528],[3.115025,493215744],[3.139685,424591360],[3.146608,400662528],[3.174115,411348992],[3.176783,430227456],[3.183127,419741696],[3.202034,421187584],[3.207282,458944512],[3.219523,440070144],[3.257481,445554688],[3.267812,516857856],[3.292578,479109120],[3.330285,483332096],[3.475798,484360192],[3.482836,493187072],[3.509005,509308928],[3.535469,529756160],[3.541181,559116288],[3.541378,525561856],[3.607754,526123008],[3.632338,537776128],[3.676348,538632192],[3.698655,552132608],[3.793788,554393600],[3.898004,563527680],[3.949135,573751296],[4.05723,576815104],[4.057991,579334144],[4.141016,581746688],[4.141714,585940992],[4.377611,586706944],[4.386437,592998400],[4.544864,593162240],[4.546129,594214912],[4.922442,594731008],[4.929104,617799680],[4.940856,605216768],[5.261384,605794304],[5.309942,607809536],[5.353014,618639360],[5.388995,620736512],[5.391842,637513728],[5.398667,627027968],[5.548477,628736000],[5.594367,630300672],[5.770809,641798144],[5.798699,645181440],[5.912689,651370496],[5.99357,658087936],[6.05196,659722240],[6.052784,666013696],[6.104996,666701824],[6.285908,671715328],[6.352744,672579584],[6.538469,677515264],[6.600076,678141952],[6.700279,681361408],[6.701269,687652864],[6.718337,692121600],[6.85429,695578624],[6.926974,701874176],[7.068331,705732608],[7.112575,706187264],[7.275799,711143424],[7.490713,715075584],[7.649821,719446016],[7.67174,721051648],[7.676172,737816576],[7.681816,727330816],[7.905817,734384128],[8.158738,737345536],[8.164154,741543936],[8.339997,743325696],[8.389057,744873984],[8.490783,745254912],[8.572578,747102208],[8.870945,751460352],[8.910914,754147328],[9.107441,757747712],[9.334175,762417152],[9.434827,765857792],[9.560874,767361024],[9.689346,769802240],[9.690288,772558848],[9.792831,773963776],[9.907835,776581120],[10.076538,778907648],[10.194383,782385152],[10.449092,784769024],[10.689131,787632128],[10.846603,790888448],[10.852501,826540032],[10.864575,825462784],[10.864972,809758720],[10.96298,811159552],[10.967402,827867136],[10.972632,817381376],[11.078423,818061312],[11.210432,822607872],[11.291146,822923264],[11.519481,825810944],[11.603448,827604992],[11.707756,828149760],[11.856644,831016960],[12.061354,832688128],[12.084363,833728512],[12.277808,836046848],[12.278903,839196672],[12.436552,840937472],[12.703745,846241792],[12.88118,848453632],[13.027488,853073920],[13.265453,856457216],[13.268271,862748672],[13.420093,865521664],[13.670024,868012032],[13.685658,868814848],[13.844562,870383616],[13.923421,872914944],[13.948065,878039040],[14.041686,890355712],[14.042604,896647168],[14.103042,905289728],[14.107974,911589376],[14.202354,929398784],[14.222977,932225024],[14.228851,938516480],[14.262192,943874048],[14.442136,976486400],[14.477576,989691904],[14.479341,1000177664],[14.488238,993886208],[14.507963,1001148416],[14.601276,1017561088],[15.061726,1018388480],[15.154172,1019453440],[15.56927,1020403712],[15.591677,1023086592],[15.664776,1025736704],[15.665204,1029160960],[15.69924,1029271552],[15.730153,1032392704],[16.095722,1032589312],[16.423855,1033101312],[16.424103,1033830400],[16.85187,1033912320],[16.963524,1036464128],[17.145454,1048645632],[17.199591,1049853952],[17.352826,1058263040],[17.599277,1070137344],[17.64683,1071599616],[17.689671,1075109888],[17.791722,1079771136],[17.842427,1079836672],[18.01949,1086734336],[18.047843,1086754816],[18.214825,1094610944],[18.295203,1094672384],[18.447681,1103134720],[18.539059,1105862656],[18.61339,1110753280],[18.746483,1116860416],[18.826965,1117667328],[18.85636,1119223808],[18.95932,1119727616],[18.959516,1121824768],[19.007899,1121873920],[19.205627,1131851776],[19.26247,1131888640],[19.37825,1137790976],[19.399518,1142112256],[19.498066,1142124544],[19.514033,1144868864],[19.551967,1144942592],[19.604599,1147682816],[19.664875,1147744256],[19.777112,1153536000],[19.816045,1153564672],[19.947831,1160040448],[19.950181,1166331904],[20.012901,1166372864],[20.144654,1173721088],[20.252655,1178705920],[20.442036,1189326848],[20.539532,1193656320],[20.576186,1193668608],[20.722493,1204170752],[20.835133,1210462208],[20.87528,1210474496],[21.009325,1216593920],[21.047258,1220874240],[21.092294,1220919296],[21.123817,1225121792],[21.206782,1227243520],[21.320921,1233387520],[21.320969,1235488768],[21.384976,1237553152],[21.463874,1242480640],[21.464613,1246674944],[21.521606,1248124928],[21.556781,1252356096],[21.662723,1256587264],[21.663068,1258684416],[21.843499,1269190656],[22.144368,1286098944],[22.273408,1292390400],[22.387486,1300779008],[22.451837,1309167616],[22.52337,1315459072],[22.59357,1319653376],[22.60771,1323847680],[22.674251,1325944832],[22.722521,1330139136],[22.739385,1334333440],[22.745063,1367887872],[22.755701,1367130112],[22.756104,1351106560],[22.852865,1355796480],[22.882497,1363689472],[22.937121,1363701760],[23.012418,1367879680],[23.060746,1374175232],[23.078099,1487421440],[23.091265,1518878720],[23.140971,1500004352],[23.14102,1445478400],[23.350196,1455964160],[23.419029,1460158464],[23.587288,1468547072],[23.778835,1479032832],[24.032572,1491615744],[24.293636,1506295808],[24.464552,1516912640],[24.570272,1521135616],[24.60795,1527427072],[24.647629,1529524224],[24.666948,1533718528],[24.675122,1542107136],[24.694606,1537912832],[24.901321,1542107136],[25.196961,1531621376],[25.216464,1527336960],[25.227728,1516937216],[25.44888,1520664576],[25.482813,1522122752],[25.95947,1522126848],[26.055964,1524350976],[26.073355,1526579200],[26.091985,1534836736],[26.121995,1537105920],[26.140992,1545904128],[26.141448,1552195584],[26.191931,1553948672],[26.193469,1558077440],[26.223607,1564368896],[26.23271,1597923328],[26.241328,1581146112],[26.266225,1585340416],[26.664243,1572757504],[26.66811,1526620160],[26.837466,1526673408],[26.867179,1527742464],[27.453383,1527754752],[29.721207,1529851904],[29.721356,1531949056],[29.772132,1531981824],[29.775988,1536143360],[29.833695,1536421888],[38.085693,1536434176],[40.201635,1538531328],[40.207245,1544822784],[41.172888,1546919936],[43.84041,1549017088],[45.056987,1549049856],