{"summary":{"timestamp":1382507470,"hash":"c1ef1ce9472cbff969cfd4051ac1379e9cbee394","max_memory":1425113088,"cpu_time":173.92,"pull_request":10015},"memory_data":[[0.002717,8192],[0.010669,8331264],[0.061528,19800064],[0.218806,50884608],[0.255759,61493248],[0.271899,62320640],[0.362798,82956288],[0.375695,83066880],[0.450021,98500608],[0.509754,109400064],[0.611561,131858432],[0.666355,142749696],[0.685491,142770176],[0.878791,262225920],[1.114722,262283264],[1.277682,263184384],[1.427639,265592832],[1.58599,265809920],[1.586803,267120640],[1.672217,267255808],[1.722748,276328448],[1.798047,286785536],[1.820731,291463168],[1.934261,309088256],[1.988865,319598592],[2.133296,340873216],[2.143013,344109056],[2.252575,344141824],[2.371034,416735232],[2.737237,416747520],[2.737875,417144832],[2.996284,417218560],[2.998856,434700288],[3.022815,437075968],[3.02774,470630400],[3.039865,452800512],[3.076304,454905856],[3.087721,524107776],[3.111964,488452096],[3.177618,488570880],[3.179745,498393088],[3.219609,526348288],[3.226062,558424064],[3.226757,522764288],[3.240735,522878976],[3.247299,536768512],[3.250094,522764288],[3.261604,522854400],[3.272832,538877952],[3.276984,554491904],[4.359336,554631168],[4.36994,588050432],[5.085578,590147584],[5.088234,604831744],[7.246185,604860416],[7.249705,621608960],[8.871338,621649920],[8.917319,622153728],[9.23836,622157824],[9.404619,624017408],[9.433542,625623040],[9.534577,626606080],[9.536215,629276672],[9.679603,629911552],[9.753067,631115776],[9.800472,633352192],[9.91326,634499072],[10.033447,637231104],[10.037323,653934592],[10.293093,656035840],[10.298737,687493120],[11.267465,687624192],[11.342244,687910912],[11.736032,694603776],[11.821988,694906880],[11.912306,697348096],[12.058693,698347520],[12.234235,700817408],[12.351771,703516672],[12.504915,704720896],[12.668393,707399680],[12.704285,709365760],[12.76167,709468160],[12.816758,711573504],[12.888615,711753728],[13.113815,714801152],[13.254703,718905344],[13.530706,724193280],[13.532215,729632768],[13.715952,729673728],[13.91279,731414528],[14.142833,734867456],[14.217672,737271808],[14.377108,738000896],[14.438658,739110912],[14.462738,743022592],[14.464002,748150784],[14.499553,750252032],[14.500883,758640640],[14.569375,760750080],[14.573787,779616256],[14.580311,760082432],[14.592909,739106816],[14.646032,739500032],[14.885402,739106816],[16.236663,739110912],[16.257421,739471360],[16.668352,739766272],[16.747436,740204544],[17.056328,740425728],[17.377197,741203968],[17.411097,745885696],[17.790226,748007424],[17.855652,752345088],[18.033047,761708544],[18.080424,766124032],[18.140462,768753664],[18.28146,777011200],[18.684699,797511680],[18.789889,806477824],[18.949182,813617152],[19.002565,816857088],[19.134108,822755328],[19.3194,832135168],[19.39641,836714496],[19.633693,847114240],[19.635355,851308544],[19.683956,851316736],[19.995605,866189312],[20.069248,870514688],[20.26469,878931968],[20.510251,891482112],[20.662363,897269760],[20.732721,901074944],[20.867073,906358784],[20.89322,908468224],[21.079978,916688896],[21.232259,925446144],[21.651847,943624192],[22.048421,961101824],[22.201969,969105408],[22.436003,979226624],[22.436792,980799488],[22.55253,986128384],[23.109889,1009467392],[23.13724,1011650560],[23.469747,1025478656],[23.832798,1042817024],[24.02749,1051152384],[24.212319,1060245504],[24.373924,1067298816],[24.375618,1071493120],[24.425601,1071501312],[24.992157,1095876608],[25.069255,1100083200],[25.188246,1111339008],[25.19904,1115447296],[25.204779,1146904576],[25.478506,1147072512],[25.497465,1148026880],[25.517045,1280204800],[25.523505,1290686464],[25.573697,1219379200],[25.701383,1224626176],[25.822754,1231921152],[26.034976,1242832896],[26.298405,1253330944],[26.301979,1254617088],[26.530434,1265250304],[26.688141,1271640064],[26.940236,1282695168],[26.967343,1284837376],[27.099576,1290825728],[27.27521,1297526784],[27.397182,1303502848],[27.772986,1319022592],[28.003542,1329078272],[28.026828,1331195904],[28.200939,1338773504],[28.208492,1342504960],[28.242178,1342517248],[28.359725,1346924544],[28.453714,1352183808],[28.584699,1357680640],[28.593811,1359527936],[28.783744,1364914176],[28.79371,1370116096],[29.197962,1382146048],[29.205305,1399316480],[29.207476,1378930688],[29.268964,1380417536],[29.271669,1399291904],[29.347469,1401393152],[29.356441,1424527360],[29.35714,1382862848],[29.590663,1390612480],[30.054822,1393377280],[30.063805,1389113344],[30.064411,1364537344],[30.069182,1367101440],[30.437662,1333542912],[30.440674,1279008768],[30.581722,1276903424],[30.581894,1136398336],[35.740254,1136480256],[35.748607,1153175552],[36.015994,1153298432],[36.018966,1185263616],[36.028177,1183145984],[36.028443,1170087936],[36.102619,1170161664],[36.108699,1182539776],[36.380121,1178759168],[36.384711,1136529408],[39.256552,1138626560],[39.257896,1136529408],[49.644815,1136640000],[49.652998,1153175552],[69.25757,1155272704],[69.266851,1153175552],[79.266582,1155272704],[79.275595,1153175552],[86.957402,1153392640],[86.960284,1185263616],[86.968648,1185808384],[86.969024,1170087936],[89.276565,1172185088],[89.286573,1170087936],[99.286571,1172185088],[99.292633,1170087936],[109.295553,1172185088],[109.300133,1170087936],[119.299654,1172185088],[119.30093,1170087936],[129.30055,1172185088],[129.301823,1170087936],[137.283213,1170092032],[137.286272,1176248320],[138.44371,1176301568],[138.447792,1184636928],[139.301597,1186734080],[139.310575,1184636928],[148.185188,1184784384],[148.19138,1197219840],[149.310578,1199316992],[149.313104,1197219840],[153.799299,1199316992],[153.811329,1209806848],[154.576021,1209880576],[154.582429,1218195456],[155.335365,1218318336],[155.345961,1234972672],[160.323983,1234968576],[161.946223,1234907136],[165.148547,1234886656],[165.151017,1234849792],[168.317663,1234829312],[168.320003,1234788352],[171.523072,1234763776],[173.614123,1234714624],[173.627557,1259749376],[175.522619,1259753472],[175.632655,1268895744],[175.65041,1278099456],[175.888284,1278091264],[175.895162,1236279296],[176.810817,1235808256],[176.810943,1202720768],[176.82615,1207070720],[176.834784,1239281664],[176.834912,1207926784],[176.849413,1203617792],[176.858163,1210109952],[176.890085,1219272704],[176.921008,1224511488],[176.938443,1244192768],[176.950385,1248677888],[176.989157,1251135488],[176.990041,1218523136],[176.994739,1199570944],[176.995381,1165389824],[177.063849,1163956224],[177.0681,1080270848],[177.074186,997912576],[177.075083,956915712],[177.084526,798023680],[177.088422,756723712],[177.089299,718577664],[177.093462,675794944],[177.094342,637038592],[177.098503,595714048],[177.101276,543010816],[177.101537,325414912],[177.10702,255311872],[177.111019,176836608],[177.112787,174911488],[177.116537,97390592],[177.122251,20738048],[177.125688,15220736]],"pass_timing":[["parsing",0.654],["gated feature checking",0.015],["std macros injection",0.001],["configuration 1",0.227],["expansion",1.261],["configuration 2",0.268],["maybe building test harness",0.182],["std injection",0.179],["assigning node ids",0.162],["ast indexing",0.195],["external crate/lib resolution",0.135],["language item collection",0.024],["resolution",1.645],["looking for entry point",0],["freevar finding",0.056],["region resolution",0.093],["region parameterization inference",0.038],["type collecting",0.115],["coherence checking",0.11],["type checking",9.036],["const marking",0.163],["const checking",0.036],["privacy checking",0.256],["effect checking",0.046],["loop checking",0.026],["stack checking",0.034],["compute moves",1.264],["match checking",0.102],["liveness checking",0.205],["borrow checking",0.726],["kind checking",0.075],["reachability checking",0.053],["lint checking",0.265],["translation",12.425],["LLVM passes",146.178],["linking",0.178]]}