{"summary":{"timestamp":1362155942,"hash":"c355f17943e1dc3ec9c3193f35fc1ec9c43f51d4","max_memory":1266556928,"cpu_time":93.26,"pull_request":null},"memory_data":[[0.00296,8192],[0.010982,2904064],[0.116109,4030464],[0.152769,5795840],[0.55832,20004864],[0.872608,31596544],[1.126183,40255488],[1.483562,53309440],[2.365523,83697664],[2.409118,84697088],[2.514169,134045696],[2.573515,160518144],[2.621644,183746560],[2.735448,234754048],[2.849082,243044352],[2.914777,251703296],[2.995739,257150976],[3.043452,264343552],[3.093746,268468224],[3.15397,269139968],[3.251996,272871424],[3.403412,281694208],[3.44672,286121984],[3.564067,291655680],[3.70766,300318720],[3.729026,302743552],[3.979506,320933888],[4.028393,326430720],[4.28001,326520832],[4.401211,350588928],[4.404171,354787328],[4.43302,352686080],[4.533905,374390784],[4.603108,376307712],[4.627627,386326528],[4.669985,387072000],[4.683731,395710464],[4.712881,396828672],[4.727088,412168192],[4.875115,413335552],[4.997776,412872704],[5.267155,413388800],[5.326764,417509376],[5.893311,422416384],[5.899052,424513536],[6.146047,424517632],[6.552028,427155456],[6.699709,427794432],[6.712821,431992832],[7.314544,432005120],[7.31745,433041408],[7.515802,433045504],[7.926201,435548160],[8.364336,438738944],[8.388633,447127552],[8.63053,447344640],[8.658425,452485120],[8.698367,453152768],[8.720332,461545472],[8.786663,461553664],[8.804221,463130624],[8.809341,471523328],[8.848897,471703552],[8.851113,479911936],[8.961798,481505280],[9.063764,481632256],[9.16421,484786176],[9.29438,485457920],[9.332176,486756352],[9.6085,487960576],[10.075423,493584384],[10.383337,495587328],[10.406294,498372608],[10.548474,498569216],[10.618403,499499008],[10.831374,500215808],[11.304297,503660544],[11.626093,508473344],[11.724018,508493824],[11.736168,512552960],[12.006843,512704512],[12.028377,513679360],[12.134831,513638400],[12.338114,514797568],[12.434448,517332992],[12.886624,521162752],[13.100364,521314304],[13.272957,522604544],[13.494199,523476992],[13.518196,524308480],[13.775236,525271040],[13.869258,529305600],[14.353169,530251776],[14.521882,531439616],[14.546795,539844608],[15.728399,539918336],[15.92895,541511680],[16.085542,541638656],[16.237958,542507008],[16.330437,543793152],[16.584683,544608256],[16.619955,545538048],[16.837771,546787328],[16.941723,546807808],[17.007926,548233216],[17.178589,548274176],[17.276378,549765120],[17.40283,549888000],[17.448614,551280640],[17.529467,551325696],[17.643548,552640512],[17.908214,553205760],[18.207428,556040192],[18.403577,556871680],[18.606045,557084672],[18.764795,557801472],[18.785972,558727168],[18.912218,558878720],[19.087,561463296],[19.3466,562659328],[19.579728,563208192],[19.627852,563777536],[19.88307,564682752],[19.927373,566222848],[20.085817,566308864],[20.42401,568049664],[20.710259,569126912],[21.130345,570298368],[21.296725,572301312],[21.46276,572563456],[21.785539,575152128],[22.051777,578093056],[22.167447,578252800],[22.171408,586522624],[22.214749,586694656],[22.216319,594911232],[23.667296,594993152],[23.709056,597483520],[23.720328,601677824],[23.80029,603283456],[23.822985,611672064],[25.139871,611721216],[25.295112,612397056],[25.360367,613367808],[25.537167,613756928],[25.552308,615075840],[25.789922,615145472],[25.842374,616669184],[26.010615,616603648],[26.013116,617635840],[26.240293,617897984],[26.625119,622243840],[27.320827,622460928],[27.373623,623788032],[27.482808,624480256],[27.487769,632786944],[27.529302,629784576],[27.530714,636981248],[27.546901,637140992],[27.549074,647467008],[27.570326,649986048],[27.719074,650158080],[27.754755,652255232],[27.995897,652427264],[28.000428,656777216],[28.232134,656818176],[28.270584,660836352],[28.419187,667127808],[28.4206,669224960],[28.506831,673419264],[28.581188,675516416],[28.861431,687423488],[28.864933,691748864],[29.081551,697004032],[29.261962,698167296],[29.31729,699863040],[29.383571,700059648],[29.449431,702672896],[29.712927,707768320],[29.713645,709865472],[29.793093,710553600],[29.974665,713601024],[30.072917,716910592],[30.103681,716922880],[30.308362,724054016],[30.434188,726126592],[30.582174,730038272],[30.583476,734068736],[30.642855,734973952],[30.762878,738979840],[30.799694,746438656],[30.880528,749105152],[31.096187,753283072],[31.287296,759697408],[31.377008,761835520],[31.416408,767287296],[31.589299,773500928],[31.805952,777695232],[31.96303,783212544],[32.225657,790507520],[32.255539,790511616],[32.365377,793931776],[32.690061,801665024],[32.977487,811147264],[32.979801,815349760],[33.08912,816848896],[33.185573,820133888],[33.379676,820690944],[33.495647,821567488],[33.513506,822943744],[33.665706,827703296],[33.666042,829800448],[33.87789,837660672],[33.944257,838918144],[34.078997,843063296],[34.158871,843821056],[34.335507,848683008],[34.398517,848793600],[34.66197,856449024],[34.662286,858546176],[34.710547,860082176],[34.710993,862179328],[34.896947,868106240],[35.00734,868876288],[35.174412,875388928],[35.239458,875565056],[35.329744,878190592],[35.439435,878534656],[35.642996,881594368],[35.716371,884273152],[35.77819,884355072],[35.872574,887435264],[35.906271,889618432],[36.245147,900595712],[36.385775,903217152],[36.502599,906686464],[36.685565,908713984],[36.765922,911167488],[36.931469,913530880],[36.990316,915607552],[37.13109,917405696],[37.247197,921333760],[37.342883,922435584],[37.350318,924557312],[37.404183,924561408],[37.429528,928821248],[37.430533,935051264],[37.55419,935579648],[37.61127,937443328],[37.675893,937578496],[37.810419,942219264],[38.092109,943697920],[38.150814,944680960],[38.420109,953487360],[38.519313,954707968],[38.643627,957919232],[38.788828,963055616],[39.015687,967909376],[39.157849,972546048],[39.246244,974639104],[39.253058,976998400],[39.359121,977006592],[39.45978,979705856],[39.602453,984588288],[39.792666,985960448],[39.994673,992288768],[40.082804,995610624],[40.257358,998584320],[40.368603,1002663936],[40.444468,1004220416],[40.568997,1005322240],[40.720292,1009299456],[40.833218,1011539968],[40.916921,1012305920],[41.040765,1016352768],[41.043096,1018818560],[41.104183,1020370944],[41.126718,1025241088],[41.23369,1028792320],[41.548568,1037389824],[41.67524,1041854464],[41.886755,1046028288],[42.149781,1053052928],[42.187203,1064607744],[42.514549,1074593792],[42.758536,1081298944],[42.858176,1085550592],[42.973183,1087594496],[43.180494,1093726208],[43.43636,1099964416],[43.499998,1104138240],[43.688534,1109430272],[43.718616,1109434368],[43.829052,1112854528],[43.961845,1118523392],[44.116383,1120735232],[44.331064,1127981056],[44.59287,1136058368],[44.622738,1136062464],[44.740241,1139621888],[44.865694,1144590336],[44.981941,1147400192],[45.043962,1147490304],[45.321127,1153732608],[45.333945,1157926912],[45.425303,1157951488],[45.605182,1163862016],[45.648244,1166475264],[45.743861,1169780736],[45.750356,1172402176],[45.797268,1173794816],[45.799633,1178001408],[45.931784,1180852224],[45.931873,1182949376],[45.994288,1186471936],[46.062472,1188130816],[46.177375,1188978688],[46.179793,1191649280],[46.217657,1189355520],[46.219293,1192402944],[46.537926,1194729472],[46.739185,1194815488],[46.745441,1187766272],[47.03529,1185345536],[47.036064,1095487488],[47.148077,1095618560],[47.247732,1098915840],[48.666812,1099026432],[49.637782,1099268096],[49.661221,1099640832],[50.524024,1099644928],[50.526548,1114320896],[50.596935,1114370048],[50.648802,1116319744],[50.649427,1120518144],[50.743568,1122619392],[50.750205,1187631104],[50.785574,1188016128],[50.787232,1194147840],[50.81879,1194954752],[51.269647,1190526976],[51.277096,1114320896],[51.929199,1114599424],[52.78599,1114669056],[55.93539,1116766208],[55.935569,1114669056],[56.104617,1114865664],[66.332154,1114873856],[67.520629,1114886144],[83.470802,1114894336],[85.461242,1114910720],[86.1995,1115074560],[86.20031,1117401088],[86.391118,1117077504],[86.391337,1114910720],[116.2608,1114931200],[116.264638,1148469248],[165.120434,1148514304],