{"summary":{"timestamp":1370217333,"hash":"c40baf68cb3306f1beaf1d5443bb2433043b7da7","max_memory":1514881024,"cpu_time":null,"pull_request":6905},"memory_data":[[0.001571,4096],[0.04838,172032],[0.104533,5603328],[0.226005,9715712],[0.342246,10883072],[0.364866,13770752],[0.485907,18145280],[0.786963,23486464],[0.804422,28766208],[0.980187,31789056],[1.062621,40849408],[1.107519,43982848],[1.160262,52269056],[1.206942,53485568],[1.246838,60215296],[1.279608,60608512],[1.344545,70393856],[1.379736,70565888],[1.413736,78336000],[1.465972,78450688],[1.507346,85749760],[1.554863,85749760],[1.59418,88367104],[1.700363,98729984],[1.804483,106479616],[1.939861,120074240],[1.963489,125890560],[2.014723,126275584],[2.119917,157331456],[2.141934,158818304],[2.216157,177143808],[2.367684,212197376],[2.4122,224600064],[2.450854,224960512],[2.460438,227864576],[2.500591,251715584],[2.624774,322785280],[2.712767,375558144],[2.789482,420339712],[2.949944,420438016],[3.082613,422649856],[3.092985,491855872],[3.216853,492769280],[3.377067,493035520],[3.446251,496312320],[3.557716,499482624],[3.674799,499908608],[3.701228,501010432],[3.890968,501264384],[4.780455,501415936],[5.098961,501612544],[5.103225,518389760],[5.179649,518750208],[5.202326,520306688],[5.51327,520847360],[5.58679,521564160],[8.075556,521641984],[10.256542,521777152],[10.260724,538435584],[10.913392,538443776],[12.052644,538722304],[12.132927,539287552],[12.134525,544407552],[12.209668,544534528],[12.216109,549650432],[12.735115,549908480],[12.738754,566616064],[13.301889,566841344],[13.312517,577650688],[13.324162,567054336],[13.34844,566972416],[13.361595,577433600],[13.36222,566972416],[13.37227,577318912],[13.372739,566972416],[13.383652,566972416],[13.392688,577388544],[13.411623,566972416],[13.415447,577368064],[13.432615,566972416],[13.469872,566972416],[13.479335,575205376],[13.497982,566980608],[13.514805,575148032],[13.519043,566972416],[13.542161,566972416],[13.553976,575062016],[13.558165,566972416],[13.57355,574992384],[13.573884,566972416],[13.592757,566972416],[13.599944,574943232],[13.618563,566972416],[13.635767,566972416],[13.647402,574836736],[13.654654,566976512],[13.665591,574730240],[13.669734,566972416],[13.926062,567033856],[13.933743,587317248],[13.934042,566972416],[14.429869,566976512],[14.435413,583675904],[14.439872,566972416],[15.415147,567046144],[15.594599,569188352],[15.829792,569450496],[15.901523,572796928],[15.967347,579997696],[16.084965,586661888],[16.151259,591372288],[16.230431,594825216],[16.270253,597934080],[16.470299,608202752],[16.536112,615120896],[16.683323,628891648],[16.765924,634011648],[16.800105,634753024],[16.888782,639795200],[17.075456,652283904],[17.272871,664375296],[17.369737,671461376],[17.490999,678039552],[17.617652,687038464],[17.665341,689614848],[17.880744,703897600],[18.037297,714760192],[18.182734,722153472],[18.265355,723484672],[18.352086,728014848],[18.432625,734199808],[18.547753,741736448],[18.698673,748683264],[18.793877,754683904],[19.009643,769597440],[19.108475,775577600],[19.235929,780845056],[19.330627,788504576],[19.389966,790892544],[19.579172,803979264],[19.60645,807129088],[19.769049,814534656],[19.884596,822001664],[19.951009,824520704],[20.042578,829644800],[20.106542,834367488],[20.2481,839135232],[20.304044,844156928],[20.418705,850472960],[20.713844,869781504],[20.740034,870596608],[20.879115,880271360],[20.982981,885395456],[21.052465,890626048],[21.123073,893280256],[21.256246,902430720],[21.403288,910790656],[21.619803,924925952],[21.642237,925618176],[21.990354,946245632],[22.000969,949813248],[22.146637,957612032],[22.306472,965128192],[22.362838,969187328],[22.509865,977948672],[22.586159,983625728],[22.656683,986877952],[22.657543,991862784],[22.704053,991887360],[23.046285,1011122176],[23.167702,1019424768],[23.234807,1023012864],[23.418862,1036288000],[23.506269,1040252928],[23.833385,1061761024],[23.834745,1065959424],[23.859219,1065967616],[23.995384,1074470912],[24.088794,1079083008],[24.094089,1080545280],[24.196119,1083703296],[24.232512,1087057920],[24.334386,1089540096],[24.335161,1091379200],[24.610139,1096974336],[24.792104,1097949184],[24.793652,1088262144],[24.942141,1071480832],[24.942326,1054699520],[24.95672,1054683136],[24.956773,1044254720],[24.978451,1027428352],[25.033809,956121088],[25.089843,956694528],[25.247464,960569344],[25.311702,961208320],[26.083491,961265664],[26.123745,962236416],[27.275145,962416640],[32.229446,962420736],[32.233126,979066880],[32.510452,979083264],[32.513283,1011388416],[32.522215,1010655232],[32.522525,995979264],[32.751543,963321856],[32.751594,962420736],[34.830188,962469888],[35.720853,962691072],[45.663846,962801664],[45.6675,979337216],[82.671426,979365888],[82.674296,1011658752],[82.682071,1012080640],[82.682383,996249600],[115.252836,996368384],[115.375516,999714816],[115.444133,999845888],[116.801707,999886848],[126.075617,999890944],[126.247406,1000542208],[126.757863,1001738240],[126.846995,1002741760],[127.050682,1002749952],[127.073524,1004474368],[127.239889,1006870528],[127.273624,1008984064],[127.424072,1009106944],[127.443033,1010094080],[127.444384,1016061952],[127.578167,1016066048],[127.936298,1024602112],[127.956201,1026990080],[127.965446,1033232384],[128.099046,1033351168],[128.178275,1034653696],[128.180285,1037795328],[128.283805,1040949248],[128.287264,1044447232],[128.638299,1045020672],[128.700575,1047257088],[128.787779,1047474176],[129.479614,1047494656],[129.626827,1047748608],[131.404077,1047785472],[131.600412,1049890816],[131.60252,1054076928],[132.751939,1054109696],[132.779742,1054265344],[132.780773,1062498304],[133.19857,1062653952],[133.304481,1069158400],[133.498586,1069199360],[133.676899,1073795072],[134.033767,1081995264],[134.064785,1084395520],[134.07461,1090756608],[134.278499,1091117056],[134.28194,1095376896],[134.3912,1098616832],[134.397086,1102127104],[135.061398,1102323712],[135.085404,1104871424],[135.161972,1105203200],[135.913574,1105231872],[135.993056,1105428480],[138.939796,1105530880],[138.941157,1118060544],[141.061415,1118097408],[141.168161,1121685504],[141.173957,1123934208],[141.299334,1126313984],[142.007685,1126440960],[142.039653,1128255488],[142.040624,1136398336],[143.033993,1136435200],[143.11612,1136570368],[143.27235,1142059008],[143.469911,1142595584],[143.746279,1142738944],[143.998063,1143332864],[144.019175,1144098816],[144.250753,1145266176],[144.276534,1146482688],[144.458317,1147113472],[144.516536,1149390848],[144.758681,1149837312],[144.827905,1152364544],[145.179166,1153253376],[145.194234,1155350528],[145.296088,1158443008],[145.735037,1158635520],[145.798803,1161388032],[146.071346,1161932800],[146.332078,1170583552],[146.510653,1177157632],[146.526093,1185513472],[146.546814,1186148352],[147.030134,1186263040],[147.052533,1192677376],[147.171772,1194213376],[147.209028,1196171264],[147.303594,1196318720],[147.318054,1202827264],[148.34959,1202872320],[148.784758,1204977664],[148.789063,1215455232],[149.845834,1215467520],[150.270029,1217564672],[150.271402,1232248832],[150.981388,1232273408],[150.988981,1232498688],[152.682693,1232515072],[153.068405,1232646144],[153.550086,1233784832],[153.630652,1235902464],[153.975922,1236570112],[154.013574,1238208512],[154.084722,1238298624],[154.111192,1240145920],[154.251205,1241030656],[154.773179,1242320896],[154.885102,1246384128],[155.512806,1248071680],[155.566362,1250541568],[155.881754,1251127296],[155.913037,1252499456],[156.540017,1253928960],[156.64579,1255333888],[156.790791,1260359680],[157.203859,1261035520],[157.500506,1261830144],[157.54959,1263435776],[157.80448,1264074752],[157.828567,1264553984],[158.11255,1265152000],[158.19166,1268494336],[158.660226,1269628928],[158.74729,1273270272],[159.186658,1274236928],[159.234079,1275727872],[159.526836,1276473344],[159.675225,1277513728],[159.708023,1278889984],[159.918705,1279356928],[159.940828,1280303104],[159.943102,1297084416],[160.159212,1297842176],[161.086865,