{"summary":{"timestamp":1406090769,"hash":"c4209d17a0a4fcdb753c4209cecc1ae19cbfcbd6","max_memory":1854566400,"cpu_time":195.93,"pull_request":15897},"memory_data":[[0.003493,4096],[0.020427,17829888],[0.049098,21872640],[0.095411,24768512],[0.128087,29151232],[0.183714,40910848],[0.237939,47624192],[0.255894,53202944],[0.290355,57413632],[0.314033,64114688],[0.397986,82542592],[0.463279,88813568],[0.510285,99889152],[0.563287,102326272],[0.604592,128651264],[0.657981,160235520],[0.666353,159555584],[0.686547,140328960],[0.977904,143433728],[0.978561,145530880],[1.237845,148799488],[1.240517,150896640],[1.376019,152870912],[1.491602,161923072],[1.491652,164032512],[1.56681,171560960],[1.774038,186793984],[1.794354,189579264],[1.848966,192135168],[1.849065,194232320],[2.11701,215064576],[2.117061,217161728],[2.190977,223088640],[2.293424,228818944],[2.306544,220905472],[2.387683,226459648],[2.424681,247934976],[2.466808,268222464],[2.501818,288837632],[2.68577,290963456],[2.742986,324558848],[2.775992,324345856],[2.806543,310947840],[2.873171,315326464],[2.945535,324186112],[3.040924,324415488],[3.077724,325943296],[3.091501,330432512],[3.169128,333647872],[3.206222,338784256],[3.26121,338890752],[3.293926,325500928],[3.398181,325545984],[3.421464,329850880],[3.460615,349966336],[3.48689,359239680],[3.531972,365633536],[3.61438,369897472],[3.61767,378286080],[3.736807,378331136],[3.747981,393011200],[3.802244,393072640],[3.820037,399364096],[3.995937,399413248],[4.005645,418287616],[4.010367,411996160],[4.063957,412024832],[4.072415,416219136],[4.476982,416620544],[4.51646,401846272],[4.617875,402239488],[4.681408,410628096],[4.810849,410632192],[4.919456,412315648],[4.920319,413978624],[5.064917,414384128],[5.096339,418627584],[5.113124,429162496],[5.165447,431378432],[5.17184,443961344],[5.220489,444002304],[5.248905,439808000],[5.303157,444002304],[5.364277,446099456],[5.41487,446103552],[5.459111,450293760],[5.660373,456585216],[5.682982,462876672],[5.772518,469168128],[5.969299,469172224],[5.969866,471265280],[6.198864,477556736],[6.316074,479653888],[6.359132,481751040],[6.420162,481755136],[6.420322,483848192],[6.559035,488042496],[6.581411,490139648],[6.69861,492236800],[6.92292,498528256],[7.058088,498532352],[7.058408,500625408],[7.11597,502722560],[7.116123,504819712],[7.280239,506916864],[7.283602,525791232],[7.294502,519499776],[7.421656,525791232],[7.550474,527888384],[7.550828,529985536],[7.745894,532082688],[7.803122,534179840],[7.918119,536276992],[8.067232,540471296],[8.131291,546762752],[8.61187,546766848],[8.612569,548859904],[8.67447,553054208],[9.009089,557248512],[9.128905,559345664],[9.30739,561442816],[9.458383,565637120],[9.562131,567734272],[9.596719,569831424],[9.600377,576122880],[9.876943,578220032],[9.877603,582414336],[9.916933,584511488],[10.12185,586608640],[10.178525,588705792],[10.284903,590802944],[10.460531,592900096],[10.844775,601288704],[11.001502,603385856],[11.152849,607580160],[11.281248,609677312],[11.284757,632745984],[11.298119,647426048],[11.314986,657862656],[11.315038,632745984],[11.377958,634843136],[11.561687,639037440],[11.739859,641134592],[11.820788,643231744],[11.887628,647426048],[11.888488,649523200],[11.977934,653717504],[11.978037,655814656],[12.051279,658423808],[12.063509,662097920],[12.094667,662114304],[12.162309,666697728],[12.164788,668794880],[12.23907,676769792],[12.249544,672120832],[12.301391,672591872],[12.816049,672673792],[12.900099,676139008],[13.024225,676782080],[13.134339,680894464],[13.173995,684945408],[13.483421,685862912],[13.583409,689164288],[13.589761,695361536],[13.619678,695644160],[13.645959,703262720],[13.716715,707457024],[14.136407,711081984],[14.184632,713527296],[14.278361,715390976],[14.337786,718737408],[14.425835,718893056],[14.593507,721948672],[14.705714,722411520],[14.749298,723619840],[14.859189,724082688],[14.908562,725254144],[14.911196,730890240],[15.04678,732102656],[15.23484,732360704],[15.252579,733261824],[15.401786,733360128],[15.661213,737677312],[15.662739,740933632],[15.698929,741933056],[15.84516,742055936],[16.013141,746119168],[16.10156,746496000],[16.127895,748834816],[16.178207,748847104],[16.217258,751419392],[16.371563,753414144],[16.557124,753537024],[16.603756,756891648],[16.798848,757563392],[16.877428,760078336],[16.992558,760262656],[17.06423,762085376],[17.092287,764399616],[17.215552,765612032],[17.30762,769548288],[17.452617,769863680],[17.537994,771510272],[17.556054,773271552],[17.645855,775729152],[17.779786,777117696],[17.829289,779898880],[17.964568,780337152],[18.110997,782159872],[18.112978,786776064],[18.386663,787435520],[18.426391,788582400],[18.543684,789381120],[18.721783,792764416],[18.871249,793669632],[19.005641,795848704],[19.100649,796319744],[19.227621,798109696],[19.275843,800178176],[19.57951,802902016],[19.685369,804790272],[19.69327,838180864],[19.742775,905232384],[19.743186,854941696],[19.888474,856141824],[19.888524,858247168],[19.938966,860540928],[20.160732,864735232],[20.343314,866832384],[20.531774,871026688],[20.584011,875220992],[20.686444,881512448],[21.212679,881516544],[21.362076,885706752],[21.399161,887803904],[21.607506,889901056],[21.731411,889909248],[21.811735,891809792],[21.822008,896159744],[21.830669,917135360],[21.832313,905859072],[21.944801,907988992],[21.956359,930680832],[21.956766,918474752],[22.025805,920571904],[22.216569,922669056],[22.361997,922984448],[22.377782,926220288],[22.418445,926785536],[22.978504,926818304],[23.02808,931028992],[23.031803,933388288],[23.079384,933580800],[23.084212,937844736],[23.126682,937062400],[23.12694,928931840],[23.494434,914251776],[24.282662,914477056],[24.367333,915083264],[24.483541,919093248],[24.506795,922656768],[24.598256,922669056],[27.660992,924766208],[27.965547,926863360],[28.029205,928960512],[28.046218,949932032],[28.04627,937349120],[28.317921,939446272],[28.456139,941543424],[28.550251,945737728],[28.566185,954126336],[28.605312,956223488],[28.887513,960417792],[29.322129,962514944],[29.618928,966709248],[29.620109,973000704],[29.752953,973004800],[29.826245,975101952],[30.277442,975106048],[30.570623,984793088],[30.616818,990547968],[30.750649,995782656],[30.84935,998707200],[31.139085,1008525312],[31.240621,1012682752],[31.443602,1019375616],[31.444009,1021472768],[31.681133,1028993024],[31.699909,1031479296],[31.839117,1036484608],[31.914407,1041768448],[32.095961,1047269376],[32.123064,1052606464],[32.247994,1057271808],[32.252635,1064087552],[32.439192,1072377856],[32.559622,1075933184],[32.609072,1078444032],[32.716093,1081393152],[32.895442,1088471040],[33.201559,1101508608],[33.274237,1103544320],[33.660958,1120092160],[33.891019,1128329216],[34.113926,1137020928],[34.460281,1151799296],[34.668974,1158602752],[34.669333,1162797056],[34.820798,1168171008],[34.890113,1169625088],[35.069161,1175334912],[35.070519,1176801280],[35.305363,1184559104],[35.414481,1189408768],[35.635953,1198166016],[35.636005,1200263168],[35.715143,1202831360],[35.717307,1209122816],[35.901112,1216217088],[36.056908,1220272128],[36.344743,1230692352],[36.41754,1232314368],[36.665982,1240432640],[36.666389,1246724096],[36.815661,1250942976],[37.328212,1267515392],[37.469081,1270181888],[37.557051,1273253888],[37.558287,1279545344],[37.97939,1293099008],[38.085561,1295712256],[38.21693,1300480000],[38.3236,1303097344],[38.633039,1312337920],[38.908618,1321598976],[39.082185,1326444544],[39.082337,1328541696],[39.278844,1333972992],[39.404181,1338441728],[39.809041,1349693440],[39.809091,1351790592],[40.014423,1359056896],[40.180545,1361035264],[40.407066,1368702976],[40.657149,1375838208],[40.657199,1377935360],[40.826521,1383337984],[41.033592,1388863488],[41.033694,1390960640],[41.215802,1396387840],[41.383212,1402540032],[41.66835,1414164480],[41.82368,1418973184],[41.934737,1423339520],[41.935628,1425436672],[42.115431,1430745088],[42.284932,1436803072],[42.286188,1443094528],[42.382941,1446096896],[42.693498,1457737728],[42.866352,