{"summary":{"timestamp":1382760577,"hash":"c5074ae6463876bbb9511e980fe890bebc881e41","max_memory":1423867904,"cpu_time":243.72,"pull_request":10082},"memory_data":[[0.003441,8192],[0.013124,8630272],[0.14428,35627008],[0.227235,50991104],[0.264468,61480960],[0.279991,62377984],[0.372529,82894848],[0.386352,83009536],[0.538563,112115712],[0.597996,112193536],[0.751716,142532608],[0.76993,142544896],[0.964312,261672960],[1.249221,261713920],[1.424631,262885376],[1.509931,264585216],[1.66705,264810496],[1.667863,266108928],[1.749276,266235904],[1.805098,275951616],[1.88131,286519296],[1.914931,292835328],[2.025017,309731328],[2.072287,318566400],[2.136301,327389184],[2.248133,345157632],[2.357517,345174016],[2.480294,419282944],[3.081954,419409920],[3.135474,421511168],[3.140595,455065600],[3.190408,455069696],[3.201059,526372864],[3.226294,509591552],[3.226381,490717184],[3.305655,492818432],[3.308792,509595648],[3.333771,526376960],[3.340748,560173056],[3.34148,524513280],[3.362869,524529664],[3.364966,537374720],[3.387673,537649152],[3.391982,553377792],[4.491501,553484288],[4.502226,586940416],[5.217508,586989568],[5.221442,603721728],[7.363342,605831168],[7.367297,620503040],[9.248648,620515328],[9.352108,624189440],[9.510287,625922048],[9.53853,627470336],[9.638246,628494336],[9.639859,631152640],[9.780373,631828480],[9.853941,633090048],[9.902851,635621376],[9.952511,635510784],[10.028365,637755392],[10.144504,639606784],[10.148893,656388096],[10.399464,658505728],[10.40648,689946624],[10.418016,673165312],[10.624993,673193984],[10.803751,675762176],[10.87022,676069376],[10.943844,678506496],[11.184967,681873408],[11.18676,684851200],[11.25356,684978176],[11.254859,686948352],[11.333912,687489024],[11.381215,690180096],[11.462564,690348032],[11.843441,696840192],[11.928462,697151488],[12.031607,700317696],[12.167638,700858368],[12.338182,703258624],[12.354338,704483328],[12.608154,707104768],[12.773807,709849088],[12.809804,711806976],[12.865694,711905280],[12.924248,714080256],[12.991847,714256384],[13.221215,717398016],[13.358083,721469440],[13.557748,725417984],[13.750726,727396352],[13.753405,732827648],[13.910234,732979200],[14.267,737689600],[14.34273,740151296],[14.501893,740990976],[14.562076,742342656],[14.585506,746156032],[14.587674,751321088],[14.623589,751398912],[14.626218,761806848],[14.695205,763928576],[14.698101,780705792],[14.706123,778723328],[14.706301,763252736],[14.719982,742277120],[14.773793,742670336],[15.018666,731824128],[15.018841,729690112],[15.326483,729698304],[15.578806,730935296],[15.579077,733032448],[15.695042,733036544],[15.868472,735129600],[15.868562,737226752],[16.075569,737263616],[16.076742,739241984],[16.230213,739323904],[16.230477,741421056],[16.370319,743518208],[16.55364,743477248],[16.938968,744108032],[17.268226,744366080],[17.602214,745066496],[17.641681,747712512],[18.615457,747716608],[18.699976,753704960],[18.922154,765370368],[18.967332,769544192],[19.030686,772173824],[19.27265,785448960],[19.588462,800903168],[19.695572,809897984],[19.860292,816984064],[20.052365,826138624],[20.3207,839995392],[20.525171,848670720],[20.526803,852848640],[20.575267,852852736],[20.913518,868323328],[21.012229,873701376],[21.212557,882077696],[21.474768,895000576],[21.622243,900468736],[21.697389,904355840],[21.8346,909713408],[21.859894,911695872],[22.05196,919830528],[22.207823,928649216],[22.365561,935026688],[22.692674,949493760],[22.817264,954224640],[23.123921,967487488],[23.212172,972300288],[23.454749,982466560],[23.455559,984047616],[23.573334,989286400],[24.14822,1012711424],[24.175324,1014820864],[24.515484,1028644864],[24.816091,1041985536],[24.972218,1049468928],[25.087585,1054056448],[25.446286,1070297088],[25.447978,1074491392],[25.500377,1074499584],[25.54684,1076891648],[26.112987,1100214272],[26.162737,1103114240],[26.24006,1111781376],[26.247142,1145339904],[26.257172,1128599552],[26.285448,1129541632],[26.305241,1133764608],[26.503842,1144999936],[26.525246,1287618560],[26.575288,1283420160],[26.575375,1216311296],[26.657723,1220857856],[26.747196,1224245248],[26.872638,1230344192],[26.967196,1235955712],[27.174876,1246355456],[27.426756,1256439808],[27.60665,1265324032],[27.843917,1274912768],[28.110905,1286213632],[28.139131,1288323072],[28.275916,1294356480],[28.457665,1301057536],[28.631591,1309224960],[28.912036,1319747584],[29.162509,1330413568],[29.188957,1332514816],[29.394948,1341022208],[29.453752,1344114688],[29.455298,1347215360],[29.489612,1347223552],[29.630202,1352216576],[29.73967,1358041088],[29.855901,1362886656],[29.865877,1364824064],[30.066291,1370193920],[30.078102,1375432704],[30.28405,1381224448],[30.290645,1392193536],[30.292077,1376903168],[30.309814,1377271808],[30.318804,1399234560],[30.324697,1400348672],[30.326431,1377550336],[30.343919,1400930304],[30.345616,1378091008],[30.362023,1401749504],[30.363805,1378189312],[30.373176,1378082816],[30.382506,1400631296],[30.389023,1402433536],[30.390893,1378283520],[30.408784,1403027456],[30.410694,1378455552],[30.416574,1378582528],[30.432106,1403785216],[30.433919,1378721792],[30.454158,1404510208],[30.455939,1378955264],[30.461747,1392316416],[30.743214,1400266752],[30.748112,1423360000],[30.748645,1400291328],[31.001573,1408286720],[31.479473,1403756544],[31.480002,1379295232],[31.870152,1345736704],[31.872729,1323909120],[31.873711,1274421248],[32.032195,1159073792],[32.032286,1131810816],[37.295041,1133907968],[37.296755,1148592128],[37.56446,1150693376],[37.567341,1182150656],[37.575923,1165369344],[37.650395,1167470592],[37.651317,1177956352],[37.92968,1165369344],[37.933501,1131810816],[51.835445,1133907968],[51.83679,1148592128],[91.701942,1148596224],[91.704871,1182150656],[91.713164,1165369344],[151.833241,1165488128],[151.839553,1177956352],[156.7707,1178120192],[156.774847,1186344960],[158.40692,1186365440],[158.417418,1198927872],[160.282302,1199046656],[160.291001,1215705088],[176.204295,1215733760],[176.216857,1240875008],[179.075254,1240883200],[179.083545,1257652224],[181.187253,1257656320],[181.301596,1266651136],[181.318554,1275928576],[181.553688,1275932672],[182.502548,1242374144],[182.542304,1243181056],[182.556041,1249640448],[182.599655,1258852352],[182.64215,1263988736],[182.643809,1271189504],[182.660019,1271513088],[182.668968,1282961408],[182.687947,1288085504],[182.741044,1290395648],[182.742275,1257865216],[182.747116,1239207936],[182.747471,1176616960],[182.823444,1176600576],[182.826666,1129422848],[182.831946,1014071296],[182.835782,972701696],[182.836599,932478976],[182.843642,813309952],[182.847602,772694016],[182.848428,733863936],[182.852342,693952512],[182.853234,652324864],[182.857168,610254848],[182.85806,564506624],[182.866891,442376192],[182.870283,366718976],[182.871959,364601344],[182.877853,246722560],[182.88231,205594624],[182.885796,127553536],[182.891548,48107520],[182.896931,15179776]],"pass_timing":[["parsing",0.738],["gated feature checking",0.015],["std macros injection",0.001],["configuration 1",0.228],["expansion",1.283],["configuration 2",0.275],["maybe building test harness",0.182],["std injection",0.178],["assigning node ids",0.167],["ast indexing",0.201],["external crate/lib resolution",0.134],["language item collection",0.025],["resolution",1.664],["looking for entry point",0],["freevar finding",0.054],["region resolution",0.096],["region parameterization inference",0.039],["type collecting",0.117],["coherence checking",0.111],["type checking",9.025],["const marking",0.167],["const checking",0.037],["privacy checking",0.262],["effect checking",0.049],["loop checking",0.027],["stack checking",0.035],["compute moves",1.318],["match checking",0.105],["liveness checking",0.204],["borrow checking",0.76],["kind checking",0.08],["reachability checking",0.054],["lint checking",0.272],["translation",13.605],["LLVM passes",150.416],["linking",0.239]]}