{"summary":{"timestamp":1361041438,"hash":"c53b4f3b91be10560bf2f2094f39b7a8a7e9166f","max_memory":1245519872,"cpu_time":98.13,"pull_request":4975},"memory_data":[[0.003498,8192],[0.012424,3018752],[0.121626,4186112],[0.149512,5537792],[0.473133,16461824],[0.884256,30814208],[1.176628,40648704],[1.513076,52457472],[2.442016,83496960],[2.495554,84467712],[2.62195,108236800],[3.04001,183783424],[3.31928,232763392],[3.357368,237842432],[3.445118,241868800],[3.516573,250327040],[3.607732,255766528],[3.657848,262868992],[3.713771,267329536],[3.858229,271601664],[4.013521,280334336],[4.060348,284778496],[4.183018,290299904],[4.328938,298930176],[4.351316,301371392],[4.613009,319213568],[4.664526,324599808],[4.793223,324947968],[4.852495,336879616],[4.866984,337932288],[4.921923,349011968],[4.924896,353218560],[4.95347,351121408],[5.062113,372924416],[5.097226,374251520],[5.121838,384192512],[5.160484,384966656],[5.175112,393887744],[5.195933,395051008],[5.209469,409952256],[5.321678,410247168],[5.356255,411332608],[5.770101,411406336],[5.85329,418205696],[6.218787,420614144],[6.221841,421666816],[6.342322,421670912],[6.585653,423067648],[6.591004,425164800],[6.913103,425168896],[7.283207,427708416],[7.444136,428433408],[7.456019,432635904],[8.065066,432660480],[8.067898,433684480],[8.245072,433688576],[8.620191,436064256],[9.059162,439386112],[9.083388,447774720],[9.284397,447950848],[9.327769,449208320],[9.337106,453324800],[9.377674,453816320],[9.399519,462209024],[9.468377,462213120],[9.487718,463802368],[9.583997,464556032],[9.596097,472354816],[9.812108,479596544],[9.938924,480268288],[9.971478,481349632],[10.144511,482541568],[10.269147,482709504],[10.511954,488046592],[10.743469,490876928],[10.748097,492965888],[10.888555,493002752],[10.962329,494592000],[11.114044,496099328],[11.270155,500662272],[11.417581,502046720],[11.427073,506142720],[11.652304,506261504],[11.693137,508428288],[11.948968,512172032],[12.106328,512921600],[12.273169,515362816],[12.373487,516046848],[12.428861,520687616],[12.690386,521277440],[12.821324,523251712],[12.968312,524050432],[12.987623,532443136],[13.630982,532504576],[13.703734,533991424],[13.844048,534835200],[13.86311,535719936],[14.028133,536956928],[14.070141,538464256],[14.155845,538525696],[14.271448,539856896],[14.333072,542183424],[14.466509,542736384],[14.69261,546095104],[14.9757,547753984],[14.986861,548659200],[15.116326,549683200],[15.139797,551505920],[15.22145,551583744],[15.543235,553975808],[15.572738,555839488],[15.738242,556228608],[15.853839,557531136],[16.172379,559058944],[16.263008,560971776],[16.349753,561262592],[16.514691,564203520],[16.593129,564342784],[16.707128,566714368],[16.738868,568852480],[16.895592,569409536],[17.103261,571609088],[17.107674,580108288],[17.140754,580198400],[17.142318,588496896],[17.440766,588509184],[17.460105,597164032],[18.665838,597250048],[18.815492,597528576],[18.890315,598736896],[19.004974,598740992],[19.120091,599875584],[19.307578,599891968],[19.312747,600514560],[19.503468,601202688],[19.545277,601964544],[19.787109,602808320],[19.7897,603721728],[20.00933,605401088],[20.096902,606846976],[20.326422,607375360],[20.827096,607379456],[20.87785,608727040],[20.997896,609439744],[20.999987,619810816],[21.01268,622329856],[21.169522,622501888],[21.206309,624603136],[21.209706,630894592],[21.252554,629760000],[21.271824,637181952],[21.395773,637263872],[21.48088,640749568],[21.484765,657526784],[21.865937,659623936],[21.964151,663818240],[22.236472,665919488],[22.37492,671571968],[22.377697,675803136],[22.598791,680968192],[22.789281,682201088],[22.8465,683921408],[22.918618,684118016],[23.012502,686665728],[23.256825,691544064],[23.272972,694149120],[23.345713,694304768],[23.535526,697307136],[23.634928,700567552],[23.762404,702812160],[23.890474,707223552],[24.019857,709332992],[24.158443,712814592],[24.159773,717012992],[24.220267,717901824],[24.371129,722792448],[24.380104,729333760],[24.458458,731881472],[24.57805,733585408],[24.687957,736038912],[24.881937,742367232],[24.977829,744587264],[25.018103,750059520],[25.189489,755986432],[25.412851,760094720],[25.555356,764940288],[25.711602,769421312],[25.859085,772136960],[25.976261,775647232],[26.175797,780414976],[26.290767,783933440],[26.321838,783937536],[26.618423,793554944],[26.637215,798339072],[26.73225,799232000],[26.833371,802566144],[27.108457,803536896],[27.289369,809967616],[27.400377,817598464],[27.513427,822943744],[27.557224,823578624],[27.656234,828149760],[27.693355,828153856],[27.829407,835047424],[27.829554,837144576],[27.944351,843653120],[28.007152,844414976],[28.097276,851271680],[28.168481,853450752],[28.359985,857018368],[28.439587,859766784],[28.51339,865042432],[28.706582,876056576],[28.72342,876060672],[28.858958,882065408],[28.967921,884285440],[29.016397,886865920],[29.113941,889372672],[29.147853,891424768],[29.22768,893202432],[29.292613,897073152],[29.380511,899067904],[29.381779,905375744],[29.425969,907902976],[29.532352,910102528],[29.611675,914771968],[29.772403,916299776],[29.832601,918773760],[29.980222,927354880],[30.037743,928690176],[30.190648,937066496],[30.316864,941920256],[30.466679,949772288],[30.511124,950325248],[30.651807,958611456],[30.759344,959971328],[30.919701,969547776],[31.027032,972943360],[31.139149,978415616],[31.224133,979914752],[31.360845,986034176],[31.437349,986898432],[31.505931,990916608],[31.556337,998514688],[31.685794,1005232128],[31.876859,1016266752],[32.103648,1025024000],[32.123264,1026605056],[32.144605,1039228928],[32.479189,1056382976],[32.590393,1061191680],[32.864012,1074008064],[32.866068,1076105216],[32.974451,1081720832],[33.055216,1084641280],[33.126506,1090383872],[33.22262,1092587520],[33.3122,1098092544],[33.500972,1108254720],[33.601671,1112825856],[33.663656,1117323264],[33.908076,1125523456],[34.07876,1135714304],[34.158196,1141592064],[34.179703,1144950784],[34.190869,1152475136],[34.276142,1155497984],[34.314941,1161621504],[34.444165,1163857920],[34.834241,1166426112],[34.853407,1169960960],[35.081264,1169952768],[35.087147,1164828672],[35.366165,1164283904],[35.369129,1072549888],[35.486631,1072680960],[35.599332,1075978240],[37.025451,1076109312],[38.337857,1076330496],[38.370257,1076703232],[39.261822,1076858880],[39.265787,1093480448],[39.391582,1095577600],[39.391969,1097678848],[39.488867,1099780096],[39.496126,1164791808],[39.530493,1164857344],[39.534468,1160511488],[40.013086,1159569408],[40.020844,1120661504],[40.020942,1078718464],[40.687249,1078976512],[41.547012,1079046144],[44.796719,1079078912],[44.800423,1093808128],[44.968423,1094004736],[53.906677,1094012928],[54.915857,1094029312],[72.897783,1094033408],[75.300823,1094057984],[75.301736,1096671232],[75.447205,1095446528],[75.447282,1094180864],[75.545414,1094180864],[107.078518,1096282112],[107.081807,1127739392],[107.093069,1126227968],[107.093527,1110962176],[157.526089,1111035904],[157.876016,1111093248],[157.886375,1118674944],[157.89473,1112858624],[157.939549,1115504640],[157.945769,1119698944],[158.008175,1121116160],[158.021979,1142140928],[158.115938,1142296576],[158.221802,1144467456],[158.225317,1152860160],[158.332737,1155014656],[158.335368,1157103616],[158.354014,1222078464],[158.544308,1226211328],[158.544415,1228308480],[158.633219,1228312576],[158.639585,1244975104],[158.641723,1207455744],[158.88053,1213202432],[158.883167,1223520256],[158.902502,1217331200],[158.92656,1220014080],[159.006571,1222111232],[159.029738,1221214208],[159.03309,1154998272],[159.042721,1180508160],[159.04343,1153318912],[160.340325,1152630784],[160.340636,1144479744],[160.408519,1144315904],[160.412216,1104601088],[160.417068,1025175552],[160.427376,906006528],[160.429331,904687616],[160.434342,826560512],[160.43627,825909248],[160.441053,747364352],[160.442988,746795008],[160.445095,627855360],[160.451037,586035200],[160.453068,531664896],[160.459427,491155456],[160.474106,322584576],[160.480388,282259456],[160.482461,243138560],[160.488781,202321920],