{"summary":{"timestamp":1396876895,"hash":"c7fac4471201977fdb1c0c0a26c87287e12dc644","max_memory":1472294912,"cpu_time":156.79,"pull_request":13358},"memory_data":[[0.003051,4096],[0.077846,454656],[0.09712,8728576],[0.139246,9433088],[0.161462,13279232],[0.224086,13918208],[0.24086,16662528],[0.39614,23371776],[0.416014,27811840],[0.456328,28078080],[0.652622,33947648],[0.711952,34549760],[0.822208,37658624],[0.967517,54575104],[1.009793,61239296],[1.033752,62279680],[1.067859,68915200],[1.177585,79683584],[1.220487,82599936],[1.334379,94031872],[1.391661,101265408],[1.41493,102449152],[1.482823,111206400],[1.561171,119193600],[1.635268,119808000],[1.791685,172482560],[1.87435,172834816],[2.020767,174960640],[2.09179,214548480],[2.180172,216170496],[2.231774,218304512],[2.813178,218705920],[3.092606,219160576],[3.102253,219693056],[3.302163,220094464],[3.325671,222588928],[3.357225,230510592],[3.42566,230559744],[3.627902,243482624],[3.735965,251781120],[3.965128,266088448],[3.980665,268009472],[4.034635,266788864],[4.036984,231301120],[4.166672,231333888],[4.326225,285704192],[4.679848,285712384],[5.283664,286060544],[5.343913,289824768],[5.402025,289828864],[5.479136,291930112],[5.479226,294027264],[5.685515,294739968],[5.705687,309329920],[5.746649,330297344],[5.919888,331567104],[5.932289,340267008],[5.952053,342151168],[6.026054,343302144],[6.068327,372899840],[6.092113,374091776],[6.108327,383512576],[6.156404,386138112],[6.290813,387088384],[6.510589,387530752],[6.512939,389947392],[6.599935,392056832],[6.604425,394932224],[6.818584,397033472],[6.850962,401620992],[7.223166,401817600],[7.22804,415784960],[7.242479,416825344],[7.471136,416858112],[7.477833,421019648],[7.85075,420671488],[7.853324,415506432],[8.087121,415866880],[8.091672,419758080],[8.152455,419799040],[8.162563,428146688],[8.28959,428945408],[9.008471,429580288],[9.037659,434638848],[9.505381,435736576],[9.547171,444477440],[9.648445,444481536],[9.666988,440606720],[9.767081,440811520],[10.763309,440885248],[10.774864,453394432],[13.024911,453455872],[13.026955,474472448],[13.045453,478613504],[13.046518,459538432],[13.113733,459542528],[13.242416,461619200],[13.283942,463482880],[13.351942,463810560],[13.400414,465670144],[13.400836,468230144],[13.529806,468004864],[13.716493,470642688],[13.71658,472739840],[13.93532,472793088],[14.091684,474456064],[14.091939,476782592],[14.296073,476966912],[14.302722,481656832],[14.517443,481718272],[14.59915,483909632],[14.791006,484147200],[14.927577,486531072],[15.050333,487669760],[15.366207,492101632],[15.410457,493928448],[15.541128,494149632],[15.643981,496734208],[15.68234,496111616],[15.978735,500920320],[16.101783,501743616],[16.233618,503803904],[16.328849,507359232],[16.330313,509415424],[16.491438,509550592],[16.680026,510623744],[16.780889,512167936],[16.911326,515518464],[17.04937,516501504],[17.09952,518512640],[17.146218,517611520],[17.200287,518885376],[17.325596,519241728],[17.381354,520929280],[17.562624,521867264],[17.695571,524722176],[17.824122,524914688],[17.93161,527548416],[18.030878,527966208],[18.134423,532041728],[18.15838,530817024],[18.342989,532570112],[18.409651,536752128],[18.412532,535150592],[18.511411,535986176],[18.532416,537858048],[18.709788,538886144],[18.774508,540950528],[18.868235,541138944],[18.973675,542666752],[19.139193,543895552],[19.141917,573296640],[19.160166,590073856],[19.178784,594231296],[19.179461,569061376],[19.619782,573882368],[19.63224,586383360],[20.129124,586522624],[20.319511,589627392],[20.509823,591265792],[20.586346,592539648],[20.783555,593858560],[20.983209,596918272],[21.064947,600940544],[21.073382,599703552],[21.288596,600236032],[21.551511,603308032],[21.586966,604311552],[21.746682,604921856],[21.784051,606396416],[21.882309,606502912],[22.016194,608231424],[22.192073,609099776],[22.337827,611356672],[22.523307,612220928],[22.805155,615165952],[22.845457,616636416],[22.918379,616693760],[23.063834,618541056],[23.213142,619114496],[23.41169,620998656],[23.418792,625696768],[23.523945,625836032],[23.607038,629272576],[23.609388,627834880],[23.762583,628748288],[23.869941,632619008],[23.871114,634462208],[23.941111,635707392],[23.944098,632750080],[24.088261,632795136],[24.396821,635678720],[24.449978,637198336],[24.631166,638017536],[24.648467,639332352],[24.800822,639979520],[24.845013,641921024],[25.167994,645730304],[25.372226,649695232],[25.669459,651685888],[25.874914,655044608],[25.90679,654962688],[26.035816,660901888],[26.036115,663416832],[26.102067,664555520],[26.105923,661184512],[26.259034,661561344],[26.28543,662802432],[26.468676,663846912],[26.46965,664793088],[26.598498,665001984],[26.665828,666763264],[26.760932,667033600],[26.835568,670081024],[26.859707,669057024],[26.979497,669646848],[27.018153,671580160],[27.263212,672829440],[27.343826,675434496],[27.480753,675516416],[27.587747,677122048],[27.737802,678027264],[27.7411,680546304],[27.831319,682758144],[27.836522,686768128],[27.921177,688865280],[27.929832,695160832],[27.974163,695140352],[27.974614,680607744],[28.651851,680054784],[28.651927,669077504],[39.357988,669102080],[39.553487,669822976],[41.020909,670760960],[41.215893,671047680],[41.21752,672591872],[41.710266,673132544],[41.93377,674246656],[42.156244,674476032],[42.436354,675979264],[42.823238,676020224],[42.82574,677408768],[43.289878,677601280],[44.456499,677654528],[44.628283,677863424],[44.631801,680820736],[45.017581,680955904],[46.058335,680964096],[46.462357,681074688],[46.568097,682291200],[46.747079,682422272],[46.942852,687435776],[47.294036,694919168],[47.520801,701517824],[47.601418,703193088],[47.693253,707932160],[47.81215,710877184],[48.030235,715177984],[48.293829,721190912],[48.316418,722182144],[48.57189,728190976],[48.732985,731222016],[48.853749,734179328],[49.132923,740040704],[49.324109,741978112],[49.97174,756473856],[50.156324,760045568],[50.158595,761618432],[50.266403,762904576],[50.500634,768389120],[50.548056,770269184],[50.9376,777711616],[51.15222,782082048],[51.18315,783663104],[51.526866,790974464],[51.592726,792989696],[51.688303,794382336],[51.903611,798748672],[52.090885,803241984],[52.704801,814813184],[52.851865,818286592],[52.853436,819847168],[53.171056,822239232],[53.183855,823033856],[53.501655,829100032],[53.504878,832245760],[53.576835,832249856],[54.051046,841289728],[54.206907,844046336],[54.210493,847192064],[54.291452,847208448],[54.403842,849477632],[54.667413,853602304],[54.768774,856936448],[55.083208,863514624],[55.218684,868130816],[55.493557,874995712],[55.602024,876896256],[55.793812,882020352],[55.79704,885166080],[55.866118,885170176],[55.948459,887668736],[56.263006,893620224],[56.473704,898097152],[56.527559,899731456],[56.803159,905224192],[57.184996,916070400],[57.277319,918188032],[57.795998,928444416],[58.108382,935129088],[58.35097,940691456],[58.593048,947003392],[58.838181,955166720],[58.968766,957784064],[59.094046,962650112],[59.380167,969035776],[59.468678,972419072],[59.570854,974925824],[59.704175,980455424],[59.865837,983576576],[60.051483,988844032],[60.373682,995524608],[60.675404,1002516480],[60.9654,1008885760],[60.966166,1012039680],[61.04619,1012056064],[61.186617,1015263232],[61.416985,1019248640],[61.575865,1023082496],[61.582232,1029357568],[61.734844,1029402624],[61.904414,1033932800],[62.34763,1041182720],[62.351077,1044328448],[62.410303,1044332544],[62.853513,1054855168],[63.155387,1061494784],[63.350677,1066778624],[63.352341,1068351488],[63.421336,1068998656],[63.427864,1075212288],[63.577672,1075216384],[63.733564,1078308864],[63.976494,1084289024],[64.123547,1088688128],[64.26185,1091837952],[64.366599,1093492736],[64.569936,1097871360],[64.827358,1104289792],[65.079351,1109692416],[65.210826,1111719936],[65.405088,1116491776],[65.569093,1121767424],[65.60788,1125756928],[65.789336,1131016192],[65.904626,1133711360],[65.90642,1148399616],[65.927982,1158881280],[66.509032,1158914048],[66.656723,1161748480],[66.663252,1174708224],[66.679562,