{"summary":{"timestamp":1391244383,"hash":"c80d28c8e322b6da49b7725d2b5e5b5cc86da822","max_memory":1326776320,"cpu_time":144.52,"pull_request":11963},"memory_data":[[0.002311,8192],[0.01175,7282688],[0.122685,9248768],[0.225057,27062272],[0.37013,54177792],[0.449065,61063168],[0.528616,72507392],[0.568483,76210176],[0.603673,82804736],[0.632184,84307968],[0.671368,90091520],[0.738876,90718208],[0.787735,100904960],[0.9161,134389760],[1.072411,136052736],[1.311299,137330688],[1.464176,137625600],[1.597925,139268096],[1.888409,140079104],[2.026426,152891392],[2.080697,158961664],[2.224756,172347392],[2.343693,172376064],[2.420084,212389888],[3.067747,212664320],[3.069665,218771456],[3.133695,225177600],[3.201019,235671552],[3.458373,237195264],[3.699727,244072448],[3.780513,245477376],[4.033874,251502592],[4.103764,251633664],[4.47311,258727936],[5.317848,258801664],[5.488053,258961408],[5.4966,259575808],[6.256944,259907584],[6.374341,262565888],[6.482598,264130560],[6.600955,267661312],[6.752714,274833408],[6.89982,278540288],[6.95518,280735744],[7.09544,283959296],[7.457703,289779712],[7.49161,291106816],[7.646618,292003840],[8.087942,292528128],[8.503233,292532224],[8.648675,294150144],[8.92323,294764544],[9.094406,294780928],[9.097837,307240960],[9.199485,308162560],[9.533357,308678656],[9.63499,313651200],[9.751697,314855424],[9.819192,318693376],[9.937837,323186688],[9.970474,325918720],[10.022049,326516736],[11.477939,326746112],[11.478041,326897664],[12.333788,326979584],[12.459143,327217152],[13.122458,327221248],[13.389577,327516160],[13.527423,329568256],[13.601897,329572352],[13.792141,332378112],[13.881836,338640896],[14.031777,339353600],[14.293961,343187456],[14.295271,345272320],[14.550272,347377664],[14.614879,349368320],[14.776346,351481856],[14.78327,355676160],[14.937796,358014976],[14.973449,359698432],[15.184058,360681472],[15.217095,361693184],[15.218655,365817856],[15.388217,365830144],[15.636017,370483200],[15.81507,378175488],[15.815993,381571072],[15.875744,381169664],[15.875838,378302464],[16.025388,378318848],[16.088688,381693952],[16.093799,398364672],[16.102991,389971968],[16.211716,389763072],[16.28909,390684672],[16.341808,393015296],[16.51348,394067968],[16.876664,398528512],[17.0624,403914752],[17.096105,407691264],[17.42082,407728128],[17.454089,408436736],[17.459694,416858112],[17.691193,416948224],[17.885135,419160064],[17.887716,420319232],[18.082846,421662720],[18.11647,423018496],[18.461069,425172992],[18.493202,426352640],[18.623907,426790912],[18.690378,429117440],[18.856388,429293568],[19.04952,431755264],[19.263749,433651712],[19.320715,435044352],[19.449413,436424704],[19.686201,438095872],[19.834164,440631296],[19.84505,474189824],[19.862705,459034624],[19.872781,456929280],[19.997927,459390976],[20.109734,459980800],[20.118484,461512704],[20.224346,461643776],[20.375745,463970304],[20.42286,466010112],[20.685299,467259392],[20.879196,469929984],[20.910195,471339008],[21.083351,472809472],[21.253789,473661440],[21.308572,475267072],[21.507094,476401664],[21.557829,477884416],[21.690255,478019584],[21.801748,481501184],[21.805255,498372608],[22.260366,498589696],[22.285965,501968896],[22.338206,502534144],[22.338396,498724864],[22.614421,500715520],[22.68227,503230464],[22.774421,503279616],[22.775492,505159680],[22.89918,505352192],[23.224758,508059648],[23.226165,509108224],[23.631833,511782912],[24.003014,515387392],[24.081351,516435968],[24.256679,517259264],[24.383183,519593984],[24.470296,522354688],[24.697764,522403840],[24.892738,524529664],[25.105136,525545472],[25.151838,526614528],[25.473861,528584704],[25.579475,529694720],[25.656946,531742720],[25.840372,532406272],[25.895133,533630976],[26.083815,534503424],[26.085298,536731648],[26.260902,537194496],[26.32019,538316800],[26.467028,538832896],[26.742048,540651520],[26.883954,543125504],[27.024344,543744000],[27.12596,546086912],[27.421964,547356672],[27.568329,549494784],[27.739542,549990400],[27.760792,550932480],[27.912902,551780352],[27.972131,554160128],[28.122368,555896832],[28.211904,556220416],[28.268459,557543424],[28.592164,560488448],[28.888248,562409472],[28.934865,564473856],[29.032157,563998720],[29.038832,597553152],[29.111592,599654400],[29.128069,664666112],[29.165077,631107584],[30.370873,631238656],[30.448628,631394304],[30.450013,635457536],[30.494373,635609088],[30.496796,643846144],[30.570164,644005888],[30.574578,660623360],[30.640106,659943424],[30.640473,631406592],[33.039697,631525376],[33.088678,633147392],[33.213679,633151488],[33.219347,631640064],[33.394433,631832576],[34.769354,631836672],[34.771731,635895808],[35.02703,635920384],[35.028175,637468672],[35.129835,636026880],[35.785312,636157952],[35.908495,637542400],[36.153335,638283776],[36.226518,640098304],[36.228228,642334720],[36.288349,644435968],[36.343242,644444160],[36.365716,646541312],[36.439538,646549504],[36.532317,648642560],[36.532978,650743808],[36.585425,650850304],[36.650891,655048704],[36.655888,682311680],[36.888252,683073536],[37.152747,683102208],[37.152849,685199360],[37.245633,685363200],[37.251369,687460352],[37.326016,687501312],[37.33464,689598464],[37.391704,689602560],[37.396627,691699712],[37.470776,693796864],[37.53258,694009856],[37.792293,706433024],[38.137861,714731520],[38.221277,717606912],[38.325593,719802368],[38.445269,723607552],[38.673714,723619840],[38.790209,725733376],[39.033896,731459584],[39.165831,735055872],[39.209556,737144832],[39.435952,742928384],[39.451789,768098304],[39.467208,767016960],[39.467304,755511296],[39.524562,757981184],[40.079852,771182592],[40.161864,774746112],[40.334198,778530816],[40.65687,786264064],[40.656984,788365312],[41.124565,799649792],[41.261945,804392960],[41.360634,806973440],[41.607579,811974656],[41.762001,816406528],[41.763994,820596736],[41.847978,820600832],[41.942038,822349824],[42.258537,830373888],[42.293436,831668224],[42.295405,835862528],[42.371393,835870720],[42.923474,849461248],[43.127235,855166976],[43.527527,865353728],[43.528106,869552128],[43.599001,869564416],[43.949096,879878144],[44.361886,889319424],[44.394132,890900480],[44.712841,898588672],[44.721439,899121152],[45.043224,906919936],[45.18289,909967360],[45.70358,923148288],[45.922015,929456128],[46.152064,938049536],[46.215394,939552768],[46.311892,943706112],[46.409993,945885184],[46.44003,948215808],[46.552969,951087104],[46.745211,957255680],[46.783857,959520768],[47.128183,968572928],[47.129567,970653696],[47.229683,971833344],[47.231589,976007168],[47.309693,976015360],[47.798037,987910144],[47.805168,996274176],[47.948767,998383616],[47.951604,1000480768],[48.047379,1000484864],[48.154401,1003593728],[48.428401,1008832512],[48.896665,1021394944],[49.018018,1024356352],[49.023631,1032744960],[49.17195,1032773632],[49.238548,1034833920],[49.422014,1038802944],[49.635808,1044103168],[49.67456,1045667840],[49.849054,1049432064],[50.397804,1062838272],[50.439538,1064947712],[50.834181,1074540544],[50.951033,1078984704],[50.951612,1082114048],[51.018758,1083469824],[51.039779,1087188992],[51.131192,1089024000],[51.202123,1092333568],[51.202244,1094475776],[51.273673,1096994816],[51.525199,1109286912],[51.530798,1117663232],[51.626174,1117671424],[51.712184,1122029568],[51.831397,1126539264],[51.854292,1131270144],[51.876017,1131286528],[52.09297,1139523584],[52.096562,1147895808],[52.177578,1147899904],[52.708344,1160642560],[52.912256,1166426112],[52.989903,1167908864],[53.350859,1177677824],[53.858607,1190703104],[54.047193,1195323392],[54.163681,1199058944],[54.465763,1206558720],[54.754969,1213198336],[54.756972,1215295488],[54.810208,1215311872],[55.007602,1219407872],[55.291661,1225920512],[55.366763,1228230656],[55.576596,1232666624],[55.854075,1239523328],[56.001866,1242701824],[56.345179,1251246080],[56.431834,1253863424],[56.622498,1257803776],[56.731717,1260859392],[56.8546,1263050752],[56.906984,1267113984],[56.97265,1267212288],[57.026239,1271439360],[57.326365,1281765376],[57.430323,