{"summary":{"timestamp":1392597999,"hash":"c8489069b43191c5298f17430933b3b88fb79c3c","max_memory":1230045184,"cpu_time":131.74,"pull_request":12085},"memory_data":[[0.002038,8192],[0.003204,4722688],[0.122793,6049792],[0.214189,22274048],[0.228054,26574848],[0.286279,34770944],[0.314956,42926080],[0.40838,56369152],[0.546239,78499840],[0.620414,92479488],[0.649945,92483584],[0.667147,98701312],[0.75256,137138176],[0.826755,137170944],[1.057414,139231232],[1.349864,139608064],[1.350965,140263424],[1.565438,140955648],[1.686103,151875584],[1.871787,169717760],[1.997615,169725952],[2.087121,210546688],[2.679857,210657280],[2.680273,211607552],[2.814005,219201536],[3.093146,219312128],[3.094658,222142464],[3.137955,222236672],[3.143869,227127296],[3.207559,227209216],[3.247369,229289984],[3.255223,234995712],[3.493822,235057152],[3.506702,239308800],[3.514168,256344064],[3.521231,250724352],[3.715394,252825600],[4.057321,252940288],[4.081348,257646592],[4.083506,263835648],[4.114958,263864320],[4.123387,268689408],[4.151514,270786560],[4.155335,275894272],[4.273629,275898368],[4.274333,277471232],[4.430181,277516288],[4.43124,279568384],[4.547099,279650304],[4.548797,283766784],[4.677174,283881472],[4.677349,286388224],[4.886972,286478336],[4.895054,285999104],[5.205337,286081024],[5.206061,287969280],[5.642315,288100352],[5.643332,292163584],[5.771437,294264832],[5.776136,308944896],[5.781712,300552192],[5.863924,300961792],[5.958173,305852416],[6.112807,306507776],[6.230918,310226944],[6.499747,316555264],[6.522705,318001152],[6.666249,320577536],[6.721775,322600960],[6.723241,330883072],[6.823414,331042816],[6.984221,335093760],[6.995475,336789504],[7.241909,339136512],[7.357655,341651456],[7.38366,343449600],[7.460124,343465984],[7.686108,347848704],[7.733712,349421568],[7.744671,382976000],[7.754169,366194688],[7.914046,368910336],[8.05282,373506048],[8.117936,374190080],[8.262561,378224640],[8.286918,380317696],[8.427483,381640704],[8.609953,386945024],[8.746653,388468736],[8.769308,390004736],[8.859197,390569984],[8.922889,392785920],[9.021308,393895936],[9.06485,396283904],[9.067749,412880896],[9.426767,413044736],[9.517624,416759808],[9.627276,417927168],[9.628722,420237312],[9.710251,420249600],[9.822014,422035456],[9.84405,424071168],[9.902474,424214528],[10.061311,426332160],[10.146059,428822528],[10.299876,431267840],[10.430256,432676864],[10.520612,437460992],[10.656768,437608448],[10.75194,439709696],[10.882128,440852480],[11.01063,443678720],[11.154899,445173760],[11.182666,447524864],[11.307777,448020480],[11.327151,451457024],[11.4502,451555328],[11.551608,453857280],[11.651708,454651904],[11.803239,457220096],[11.828356,459251712],[11.913166,459374592],[11.960958,461705216],[12.036379,461991936],[12.158513,463851520],[12.188816,465145856],[12.348272,467308544],[12.472996,471433216],[12.548336,472580096],[12.569114,539693056],[12.58893,531296256],[12.589048,506134528],[12.718798,509390848],[12.917133,511406080],[13.025446,514514944],[13.154073,525897728],[13.16139,559972352],[13.171458,555032576],[13.955696,555134976],[13.957449,559132672],[13.985315,559173632],[13.989156,567566336],[14.040173,567595008],[14.043832,584351744],[14.065637,584421376],[14.084992,574730240],[14.085291,555188224],[14.497483,553971712],[14.497543,546795520],[15.337638,546889728],[15.338308,548761600],[15.449295,548765696],[15.701566,552366080],[16.885221,552665088],[16.886643,556707840],[17.057313,556724224],[17.088063,559071232],[17.162322,556707840],[17.635736,556716032],[17.645783,586080256],[17.657264,586047488],[17.657383,571396096],[17.785602,577110016],[17.932588,582762496],[17.981442,586031104],[18.189728,596209664],[18.226619,600387584],[18.412725,609370112],[18.560801,624111616],[18.737531,631492608],[18.909185,639586304],[19.020488,644087808],[19.028007,669274112],[19.036812,656687104],[19.197813,663212032],[19.219122,665313280],[19.337263,670224384],[19.373515,674521088],[19.62996,685330432],[19.631066,687427584],[19.703368,689180672],[19.834673,695193600],[20.004474,702185472],[20.027633,704040960],[20.272423,714387456],[20.287415,717668352],[20.518262,725454848],[20.586151,728739840],[20.588316,733040640],[20.627931,733061120],[20.70824,735825920],[20.895423,743669760],[20.913744,748974080],[20.967812,748982272],[21.306072,763785216],[21.393185,768217088],[21.394525,772292608],[21.440533,772300800],[21.720133,785678336],[21.870813,795160576],[22.19872,808681472],[22.357256,816828416],[22.597469,826531840],[22.872388,839028736],[22.972542,844201984],[23.144283,854626304],[23.150901,856629248],[23.247261,861532160],[23.261965,864579584],[23.340546,868581376],[23.342536,872779776],[23.37101,872796160],[23.444767,878084096],[23.518918,881889280],[23.520628,886075392],[23.555457,886083584],[23.661551,891539456],[23.822103,898830336],[23.824428,907165696],[23.926697,907190272],[24.159253,918573056],[24.313753,923762688],[24.444714,929546240],[24.56115,935460864],[24.56354,943796224],[24.663649,943804416],[24.789708,949948416],[24.899644,954216448],[25.076737,962564096],[25.285955,971554816],[25.286947,974700544],[25.324448,974708736],[25.484022,982228992],[25.51442,984354816],[25.68927,992468992],[25.779914,996048896],[25.87966,1003421696],[25.881827,1011548160],[25.962441,1011920896],[25.964202,1020190720],[26.045674,1020268544],[26.389702,1036410880],[26.390347,1037987840],[26.653956,1048559616],[26.716034,1051619328],[26.716756,1053908992],[26.981371,1065713664],[27.500197,1090981888],[27.706271,1099821056],[27.786999,1105235968],[27.889769,1109934080],[28.216067,1122762752],[28.438571,1131044864],[28.479518,1133334528],[28.860447,1148506112],[29.052451,1156927488],[29.101379,1159606272],[29.363721,1170300928],[29.441082,1174515712],[29.499566,1174519808],[29.544454,1177821184],[29.650348,1181470720],[29.661838,1186492416],[29.996124,1197977600],[30.000611,1196072960],[30.114225,1199157248],[30.230921,1203728384],[30.247565,1205456896],[30.583646,1219084288],[30.584991,1222172672],[30.619221,1223426048],[30.963323,1229570048],[30.974688,1220857856],[31.693664,1224904704],[31.708239,1228718080],[32.222563,1161605120],[32.228244,1133142016],[32.230903,1073512448],[32.276199,1075609600],[32.279218,1073512448],[32.382297,1073311744],[32.382647,1061163008],[37.011763,1063260160],[37.013011,1077944320],[37.249049,1078026240],[37.250422,1090527232],[37.267586,1092628480],[37.270345,1124085760],[37.642093,1107091456],[37.645969,1061163008],[37.750408,1061171200],[42.282167,1063268352],[42.287309,1062453248],[52.287208,1064550400],[52.29298,1062772736],[62.292172,1064869888],[62.296373,1062772736],[72.297185,1064869888],[72.300755,1062772736],[82.302216,1064869888],[82.305569,1063149568],[92.305174,1065246720],[92.310659,1063800832],[102.310186,1065897984],[102.315611,1064247296],[112.315164,1066344448],[112.32069,1065439232],[122.320166,1067536384],[122.324481,1066065920],[126.112243,1068163072],[126.113129,1078652928],[127.879811,1066065920],[128.439553,1068163072],[128.440861,1082847232],[128.503589,1082949632],[128.50559,1093332992],[128.666829,1097531392],[128.669632,1128988672],[128.69393,1131085824],[128.865686,1135284224],[128.869324,1118502912],[129.043897,1122697216],[129.088355,1124802560],[129.094841,1189810176],[129.111332,1164640256],[129.111393,1156251648],[129.152264,1158348800],[129.230165,1093173248],[129.23745,1116045312],[129.237568,1090998272],[130.028355,1090211840],[130.029232,1051525120],[130.033405,1036685312],[130.048058,1036591104],[130.048625,1025011712],[130.059357,1025024000],[130.061813,982790144],[130.067424,942133248],[130.070575,857743360],[130.074051,814968832],[130.080834,682557440],[130.081814,633610240],[130.085278,592633856],[130.088434,506068992],[130.098021,347512832],[130.10334,238497792],[130.104975,233799680],[130.105091,35409920],[130.106084,27144192]],