{"summary":{"timestamp":1372532525,"hash":"c86df3a65cc239fd69b9a8d628808498cdb07e0d","max_memory":1288228864,"cpu_time":null,"pull_request":7342},"memory_data":[[0.001521,4096],[0.0426,868352],[0.077181,5529600],[0.218754,10043392],[0.318933,11284480],[0.338079,13295616],[0.48047,18628608],[0.668523,22286336],[0.700358,25030656],[0.701132,29466624],[0.860972,32067584],[0.889364,34570240],[0.952501,43732992],[0.978325,45355008],[1.000844,50704384],[1.056544,54259712],[1.070237,58671104],[1.108048,60563456],[1.147139,68481024],[1.16796,68325376],[1.191268,75939840],[1.228939,75997184],[1.274347,83951616],[1.316385,83976192],[1.429962,96854016],[1.558855,109633536],[1.57085,112902144],[1.63028,117977088],[1.649004,124358656],[1.693242,124600320],[1.718177,132837376],[1.817079,196595712],[1.86958,203792384],[1.962383,232824832],[1.981233,234483712],[2.096159,263925760],[2.222389,301338624],[2.376359,401543168],[2.525074,501305344],[2.764252,501387264],[2.887517,503582720],[2.897508,572788736],[3.120225,574390272],[3.160138,576872448],[3.290778,580726784],[3.400443,581660672],[3.582564,582078464],[4.556499,582127616],[4.735876,582356992],[4.808777,583553024],[5.059638,584257536],[9.910721,584364032],[10.526631,584466432],[10.662026,586964992],[10.66399,595349504],[11.646201,595394560],[11.893677,595591168],[13.016015,595591168],[13.208069,597512192],[13.396801,597815296],[13.473146,602484736],[13.541266,609779712],[13.644862,616263680],[13.820083,628842496],[13.92025,633810944],[14.051035,643026944],[14.104777,649457664],[14.203874,659025920],[14.455989,676433920],[14.468074,678014976],[14.973089,714403840],[15.149671,727781376],[15.190069,729849856],[15.407401,744796160],[15.613757,758140928],[15.678806,763248640],[15.803258,770973696],[15.91087,778911744],[15.989774,783695872],[16.15094,794935296],[16.179799,797859840],[16.409826,815099904],[16.554202,824848384],[16.683547,834281472],[16.713338,838602752],[16.873144,849821696],[16.992136,857530368],[17.121245,867110912],[17.397232,885338112],[17.556726,895434752],[17.658528,902594560],[17.691653,906125312],[17.832152,915996672],[17.975873,925122560],[18.233901,943534080],[18.236432,945631232],[18.448968,958717952],[18.555354,966311936],[18.556382,971280384],[18.59265,971284480],[18.775603,984621056],[18.896579,991399936],[18.992302,999743488],[19.139539,1010135040],[19.15073,1010204672],[19.322522,1021239296],[19.368129,1025003520],[19.513994,1034313728],[19.516165,1036300288],[19.605126,1042726912],[19.752927,1052102656],[19.890434,1061974016],[20.103242,1075515392],[20.219137,1083543552],[20.519469,1105264640],[20.625166,1111920640],[20.699389,1113513984],[20.700419,1115820032],[20.949089,1121501184],[21.166902,1122598912],[21.172651,1112350720],[21.194359,1108054016],[21.19446,1103167488],[21.372657,1094307840],[21.432811,1021370368],[21.478967,1021579264],[21.598583,1024737280],[22.570609,1024794624],[22.573858,1058295808],[22.616578,1058299904],[22.618601,1083465728],[22.679815,1083625472],[22.686106,1094221824],[23.142826,1069051904],[23.146765,1057566720],[23.146813,1024737280],[23.308952,1024815104],[23.42821,1025855488],[26.666482,1025859584],[26.697223,1025990656],[53.681492,1025994752],[53.681719,1022844928],[80.297625,1022849024],[80.342319,1024512000],[80.534985,1026592768],[95.450907,1026707456],[95.452598,1034850304],[97.26867,1034883072],[97.283763,1035374592],[97.532205,1035898880],[97.907533,1036148736],[97.963432,1036951552],[98.501582,1037901824],[98.533123,1038565376],[98.73578,1039044608],[99.020521,1039187968],[99.985619,1041854464],[100.578562,1043374080],[100.579157,1047465984],[100.720473,1047957504],[101.289724,1047961600],[101.700632,1048780800],[101.852194,1051246592],[102.115909,1051443200],[102.116218,1052991488],[102.482326,1052995584],[103.779228,1056882688],[104.301178,1058312192],[104.302789,1070915584],[104.447998,1071345664],[104.726577,1073582080],[104.728767,1077637120],[107.791473,1079742464],[107.793991,1090220032],[109.470103,1090318336],[109.471734,1106997248],[110.081176,1107038208],[110.081944,1115385856],[111.736396,1115394048],[111.929916,1115705344],[112.109143,1117335552],[112.158693,1119547392],[112.386993,1120071680],[112.545376,1121345536],[112.570762,1122848768],[112.8064,1123766272],[112.828552,1124872192],[113.142434,1125879808],[113.236165,1128640512],[113.574044,1129443328],[113.617957,1131360256],[114.010091,1132523520],[114.277959,1134374912],[114.705121,1136947200],[115.007512,1140142080],[115.039962,1141751808],[115.302406,1142468608],[115.462357,1143574528],[116.078718,1149091840],[116.228092,1150611456],[116.33102,1150894080],[116.562646,1152671744],[116.602509,1154314240],[116.715892,1154531328],[116.782878,1157079040],[117.22913,1158262784],[117.268226,1159761920],[117.443191,1160200192],[117.543093,1161408512],[117.573822,1162792960],[117.682001,1163976704],[118.049314,1164808192],[118.189735,1166462976],[118.212122,1167605760],[118.311664,1167835136],[118.3445,1169219584],[118.634598,1169936384],[118.689381,1172668416],[118.819537,1172938752],[118.910388,1177890816],[118.962197,1178558464],[119.404331,1179910144],[120.066706,1181679616],[120.185779,1186107392],[120.815769,1187786752],[120.932687,1189507072],[121.125634,1190248448],[121.356422,1192357888],[121.404136,1194467328],[121.588426,1194844160],[121.648007,1196953600],[122.15677,1198379008],[122.290495,1201369088],[122.291094,1204371456],[122.377391,1205383168],[122.81585,1206386688],[122.850179,1208598528],[122.937113,1243553792],[123.016569,1243570176],[123.120825,1246121984],[123.446644,1246146560],[123.459497,1248202752],[123.605485,1248206848],[123.681666,1253449728],[123.68251,1256079360],[123.759941,1258696704],[123.779341,1264742400],[123.961663,1264877568],[123.964569,1268371456],[124.073883,1278922752],[124.089979,1287798784],[124.152868,1287766016],[124.153015,1282224128],[124.276851,1282228224],[125.220898,1281327104],[125.225936,1264611328],[125.229631,1191358464],[125.242765,1191411712],[125.255898,1201266688],[125.259727,1191481344],[125.274471,1192321024],[125.288815,1203257344],[125.408949,1203748864],[125.459122,1207750656],[125.530847,1208098816],[125.570757,1216548864],[125.57322,1223946240],[125.599134,1239912448],[125.631823,1241124864],[125.6328,1208033280],[125.6478,1207689216],[125.64919,1190354944],[125.85446,1189462016],[125.854512,1186156544],[125.894745,1184665600],[125.89965,1102708736],[125.900347,1063202816],[125.906725,943611904],[125.910537,901996544],[125.91365,824848384],[125.915037,824201216],[125.918151,744996864],[125.919539,744529920],[125.920385,657133568],[125.924682,577687552],[125.926259,577257472],[125.93175,496889856],[125.935337,418795520],[125.939408,378621952],[125.945885,259985408],[125.952711,179466240],[125.953877,140734464],[125.958974,66576384],[125.961064,62726144]],"pass_timing":[["parsing",0.792],["configuration 1",0.169],["expansion",0.404],["configuration 2",0.154],["maybe building test harness",0.149],["extra injection",0],["ast indexing",0.277],["external crate/lib resolution",0.37],["language item collection",0.036],["resolution",1.186],["looking for entry point",0.001],["freevar finding",0.081],["region resolution",0.097],["region parameterization inference",0.056],["type collecting",0.117],["coherence checking",0.142],["type checking",5.467],["const marking",0.236],["const checking",0.025],["privacy checking",0.153],["effect checking",0.041],["loop checking",0.02],["compute moves",0.564],["match checking",0.082],["liveness checking",0.187],["borrow checking",0.897],["kind checking",0.092],["reachability checking",0.04],["lint checking",0.173],["translation",8.157],["LLVM passes",103.797],["linking",0.419]]}