{"summary":{"timestamp":1403472699,"hash":"ca3e557ee8a6451847b3bf6024175a2fe4601737","max_memory":1978621952,"cpu_time":179.35,"pull_request":15081},"memory_data":[[0.003157,4096],[0.085117,942080],[0.107588,11100160],[0.170458,14290944],[0.220312,15204352],[0.234711,17772544],[0.288589,19628032],[0.304959,22712320],[0.343062,22736896],[0.391388,27611136],[0.405499,31719424],[0.446714,31997952],[0.586935,37568512],[0.587195,39796736],[0.636217,40472576],[0.658384,45047808],[0.809946,49221632],[0.836903,54386688],[0.885067,57171968],[0.912125,62427136],[0.983813,66727936],[1.00517,71266304],[1.131251,81436672],[1.14616,85037056],[1.243079,94040064],[1.243172,96137216],[1.351265,101228544],[1.351355,103325696],[1.418035,106577920],[1.46481,113119232],[1.528879,116252672],[1.57271,122609664],[1.677177,130138112],[1.728493,136773632],[1.829601,138301440],[1.9091,158056448],[1.935232,167919616],[2.032478,192892928],[2.046789,192724992],[2.089529,170090496],[2.242367,173232128],[2.244187,169787392],[2.493663,173932544],[2.619547,177192960],[3.041764,189485056],[3.107081,196476928],[3.22992,206270464],[3.295144,213127168],[3.345034,216571904],[3.345618,218669056],[3.424262,223633408],[3.424358,225730560],[3.475916,228810752],[3.47601,230907904],[3.534805,234872832],[3.534903,236986368],[3.601453,241115136],[3.630513,245297152],[3.650938,253378560],[3.669648,255819776],[3.713019,255823872],[3.773775,259829760],[3.773874,261935104],[3.832744,265678848],[3.832838,267776000],[3.894026,271761408],[3.894988,273858560],[3.974432,279109632],[4.019561,286388224],[4.074251,289693696],[4.074351,291794944],[4.13167,296087552],[4.131764,298196992],[4.192226,302264320],[4.19234,304361472],[4.253248,308207616],[4.293642,315219968],[4.363969,319778816],[4.424283,325812224],[4.447538,330018816],[4.676897,330031104],[4.731346,341446656],[4.761521,351850496],[4.800267,360271872],[4.837576,372760576],[4.914517,394010624],[5.510899,393891840],[5.548198,384221184],[5.673997,385892352],[5.830486,392941568],[5.869867,394002432],[6.024753,394092544],[6.126941,398286848],[6.128461,402481152],[6.215066,404578304],[6.278132,404582400],[6.300892,406700032],[6.383876,408797184],[6.510969,408752128],[6.553523,400494592],[6.690287,403013632],[6.837329,403353600],[6.917677,406671360],[7.102178,410324992],[7.31293,416600064],[7.348076,419139584],[7.389832,430387200],[7.557242,432742400],[7.658155,435277824],[7.825388,441901056],[7.899832,443731968],[7.904634,445960192],[7.971818,448999424],[8.046863,459268096],[8.086274,467501056],[8.172038,474386432],[8.293347,478085120],[8.296009,480313344],[8.35396,481026048],[8.366533,483258368],[8.431301,483827712],[8.470222,488022016],[8.565909,489070592],[8.592716,491167744],[8.593936,497459200],[8.788062,497872896],[8.803535,499974144],[8.806061,512557056],[8.97387,512749568],[9.217224,514846720],[9.224822,531623936],[9.231906,525332480],[9.441246,527519744],[9.441565,531714048],[9.546225,532475904],[9.846775,532807680],[9.906292,534855680],[9.993561,528564224],[10.185798,528912384],[10.288496,537321472],[10.512406,537427968],[10.538981,538664960],[10.664296,540229632],[10.972816,541212672],[10.973282,547504128],[11.050315,549195776],[11.111926,553398272],[11.14499,559693824],[11.215826,561238016],[11.230957,565440512],[11.324654,570155008],[11.392518,578613248],[11.399554,589099008],[11.442092,591847424],[11.506475,592080896],[11.587689,595599360],[11.606834,597942272],[11.687027,599654400],[11.815852,600117248],[11.842225,603111424],[11.844068,596819968],[11.895754,597147648],[11.902763,599244800],[12.017983,600576000],[12.08784,604786688],[12.091312,606928896],[12.252546,607002624],[12.272836,609099776],[12.377394,609513472],[12.37971,611610624],[12.447258,612122624],[12.450936,614219776],[12.519111,614326272],[12.522828,616423424],[12.626794,616509440],[12.803291,620703744],[12.896949,620933120],[12.903952,633516032],[12.914746,629321728],[13.035883,633516032],[13.217517,635621376],[13.308491,640299008],[13.420509,642396160],[13.559397,646590464],[13.660906,650784768],[13.671394,654979072],[13.794499,657076224],[13.880831,665464832],[13.964307,667561984],[14.032185,671756288],[14.0658,675950592],[14.137738,680144896],[14.21436,686436352],[14.227305,678047744],[14.402858,678801408],[14.699115,678981632],[14.707282,681078784],[14.80639,683175936],[14.889804,683216896],[14.944703,687423488],[14.975156,691625984],[14.976854,714694656],[14.991553,702111744],[15.068718,702115840],[15.115176,706310144],[15.298238,710504448],[15.460843,712601600],[15.681256,716795904],[15.798245,723087360],[15.873884,725184512],[16.087896,727281664],[16.196821,729378816],[16.354421,731475968],[16.41242,733573120],[16.694024,739864576],[16.725849,741961728],[16.95211,744058880],[17.174228,748285952],[17.199503,750383104],[17.413055,754577408],[17.545594,758771712],[17.620623,758984704],[17.692516,763179008],[17.89725,765517824],[17.985886,767614976],[17.98873,773906432],[18.067326,776003584],[18.067642,780197888],[18.580109,782295040],[18.806944,784392192],[19.097021,788586496],[19.333047,790683648],[19.593505,794877952],[19.628354,799072256],[19.986183,803266560],[20.234888,807460864],[20.328725,809558016],[20.596219,811655168],[20.867611,815849472],[20.924044,817946624],[21.200059,822140928],[21.359244,826335232],[21.361843,857792512],[21.377544,874569728],[21.39254,849403904],[21.553418,853598208],[21.847442,857792512],[21.947329,861986816],[22.271544,868278272],[22.419562,870375424],[22.71526,872472576],[22.800374,874569728],[22.825376,876666880],[22.947398,878764032],[23.143129,880861184],[23.195237,885055488],[23.499666,887152640],[23.548828,889249792],[23.819142,891346944],[23.958059,893444096],[24.158328,895541248],[24.265379,897638400],[24.302848,899735552],[24.47106,901832704],[24.492168,903929856],[24.592767,906027008],[24.63555,908124160],[24.919387,910221312],[25.179536,916512768],[25.306311,918609920],[25.37477,920707072],[25.380529,935387136],[25.384792,926998528],[25.485962,931192832],[25.508178,937484288],[25.723925,939581440],[26.090629,943775744],[26.694047,952164352],[26.808306,954261504],[27.331735,960552960],[27.546761,964747264],[27.800683,966844416],[27.92631,968941568],[28.341775,973135872],[28.348982,979427328],[28.416364,981581824],[28.419851,987873280],[28.526194,989970432],[29.149821,992067584],[29.480167,996261888],[30.006924,1002553344],[30.399193,1006747648],[30.666196,1008844800],[30.748656,1010941952],[31.094748,1015136256],[31.130706,1017233408],[31.717226,1021427712],[32.021206,1025622016],[32.100444,1027719168],[32.179002,1031913472],[32.397679,1034010624],[32.550609,1036107776],[32.621228,1038204928],[32.638884,1042399232],[32.901376,1044496384],[33.533408,1046593536],[33.592872,1048690688],[33.782148,1050787840],[34.107937,1054982144],[34.136066,1057079296],[34.139929,1063370752],[34.304506,1065467904],[34.717214,1067565056],[34.900865,1069678592],[34.935505,1071775744],[35.212436,1076056064],[35.269384,1078153216],[35.608028,1082347520],[35.843885,1086541824],[35.988682,1088638976],[36.243974,1090736128],[36.582643,1094930432],[36.716314,1097027584],[36.918875,1101221888],[37.045208,1107513344],[37.056821,1111707648],[37.060965,1159942144],[37.077206,1176719360],[37.095038,1187205120],[37.111573,1210273792],[37.127924,1159942144],[37.199524,1162039296],[37.2017,1164136448],[37.698728,1166233600],[38.063347,1168330752],[38.279459,1170427904],[38.313273,1172525056],[38.568132,1174622208],[38.831273,1178816512],[38.853226,1180913664],[39.15303,1183010816],[39.255115,1187205120],[39.256915,1210273792],[39.269722,1197690880],[39.414862,1199788032],[39.431799,1231245312],[39.435032,1214468096],[39.855941,1214672896],[39.958674,1219772416],[39.958995,1223966720],[40.028766,1226063872],[40.034697,1228161024],[40.112558,1217675264],[40.771938,1213480960],[40.772021,1202995200],[40.972259,1202999296],[41.485021,1205182464],[41.557836,1205751808],[41.583869,1212043264],[41.695713,1214140416],[41.698623,1212043264],[42.671319,1212162048],