{"summary":{"timestamp":1369899455,"hash":"ca74cbdc5cc7747e429a985b7b5fb5c4e4a5d4d5","max_memory":1635049472,"cpu_time":null,"pull_request":6798},"memory_data":[[0.001482,4096],[0.047589,487424],[0.086329,5595136],[0.211916,10006528],[0.372437,12750848],[0.454202,17227776],[0.608321,20168704],[0.790118,20393984],[0.90445,22769664],[1.010716,23982080],[1.010927,26222592],[1.080449,26951680],[1.081823,29339648],[1.183227,30412800],[1.322729,33124352],[1.379087,36700160],[1.512871,49434624],[1.53281,53948416],[1.582563,55152640],[1.624139,61849600],[1.659217,62271488],[1.72672,71933952],[1.767688,72101888],[1.791926,79364096],[1.860982,80072704],[1.901238,87289856],[1.956707,87293952],[2.049531,94474240],[2.108649,100270080],[2.220524,108068864],[2.366754,121651200],[2.384882,127160320],[2.471477,128331776],[2.591806,159531008],[2.617333,160755712],[2.684685,173887488],[2.70426,179261440],[2.761651,189378560],[2.855216,210759680],[2.876236,213884928],[2.925473,226131968],[2.964164,226533376],[2.996297,236986368],[3.077885,280334336],[3.093057,283308032],[3.192415,336371712],[3.347911,421281792],[3.376704,426631168],[3.378421,435539968],[3.395689,431116288],[3.398447,448946176],[3.411041,440029184],[3.43527,440713216],[3.441484,476368896],[3.465857,475787264],[3.465907,458539008],[3.51403,459976704],[3.526428,531283968],[3.57491,495661056],[3.615955,497172480],[3.748094,499564544],[3.774477,521678848],[3.777519,538456064],[3.785872,545402880],[3.802126,545710080],[3.80669,568934400],[3.806761,543928320],[3.849001,545275904],[3.868651,553611264],[3.927094,555315200],[3.929437,562311168],[4.024038,562597888],[4.149728,568217600],[4.42343,583716864],[4.508985,594067456],[4.62558,596738048],[4.62636,599232512],[4.729433,599384064],[4.730672,604475392],[4.807744,604491776],[4.991536,606679040],[4.993397,614977536],[5.703848,617078784],[5.706596,635953152],[5.72245,632446976],[5.722551,620154880],[5.995397,621162496],[6.038916,623710208],[6.156409,623738880],[6.176989,632123392],[6.20382,632127488],[6.205939,638595072],[6.260239,638681088],[6.263784,655196160],[6.371873,655900672],[6.411501,657817600],[6.651932,658530304],[6.856398,658612224],[6.926729,660156416],[7.217536,660369408],[7.375001,662470656],[7.5812,662528000],[7.581806,664567808],[7.872635,664678400],[8.131694,666492928],[8.358891,671035392],[8.360158,675229696],[8.441652,675311616],[8.442934,679493632],[9.059948,679723008],[9.336829,682479616],[9.355359,683429888],[9.707804,683487232],[9.882122,685056000],[10.252216,686346240],[10.596791,688160768],[10.598964,696471552],[11.239825,696606720],[11.241442,704880640],[11.959742,704950272],[11.960395,706486272],[12.250777,706494464],[12.428348,707620864],[12.594294,707997696],[12.773811,709496832],[13.50018,712474624],[13.774491,713453568],[13.775148,715907072],[14.009917,715980800],[14.223806,717340672],[14.660005,718774272],[14.691126,720875520],[14.694345,735555584],[16.140235,735629312],[16.216922,737280000],[16.267227,736395264],[16.380604,738045952],[16.572347,738594816],[17.085907,740835328],[17.087157,743911424],[17.525741,743972864],[17.637813,744624128],[17.752384,749993984],[17.753909,755126272],[17.866227,755236864],[17.868714,765612032],[18.06169,765878272],[18.771307,766042112],[18.774364,782708736],[19.233128,782790656],[19.540757,783343616],[19.549219,798130176],[19.552267,783364096],[19.560987,783368192],[19.567825,798130176],[19.571528,783364096],[19.584276,783368192],[19.590669,798048256],[19.591723,783364096],[19.603206,798027776],[19.604408,783364096],[19.619541,783368192],[19.625901,797929472],[19.627285,783364096],[19.639462,797884416],[19.640498,783364096],[19.653074,797835264],[19.654025,783364096],[19.664199,797831168],[19.664899,783364096],[19.675293,797822976],[19.675943,783368192],[19.686509,797822976],[19.687771,783364096],[19.698794,797790208],[19.699445,783364096],[19.709146,783368192],[19.715403,797794304],[19.716253,783364096],[19.726717,797786112],[19.727517,783364096],[19.73768,797786112],[19.738336,783364096],[19.748582,797790208],[19.74924,783364096],[19.760041,797769728],[19.760643,783364096],[19.771405,797773824],[19.77271,783364096],[19.783202,797761536],[19.784054,783364096],[19.794827,797753344],[19.795479,783364096],[19.80571,797753344],[19.806542,783364096],[19.816962,797753344],[19.818016,783364096],[19.828076,797745152],[19.828626,783364096],[19.838671,797745152],[19.839275,783364096],[19.849318,797741056],[19.849927,783364096],[19.860172,797741056],[19.860972,783364096],[19.871172,797741056],[19.871922,783364096],[19.882804,797749248],[19.884362,783364096],[19.894832,797732864],[19.895633,783364096],[19.915748,783368192],[19.921966,797691904],[19.923817,783364096],[19.933974,797675520],[19.938893,783368192],[19.945352,797687808],[19.946537,783364096],[19.9572,797679616],[19.958001,783364096],[19.968412,797679616],[19.969308,783364096],[19.979483,783368192],[19.985728,797667328],[19.98661,783364096],[19.996902,797663232],[19.997802,783364096],[20.008062,797659136],[20.009014,783364096],[20.019855,797650944],[20.021556,783364096],[20.031722,797622272],[20.032522,783364096],[20.042502,797593600],[20.047487,783368192],[20.053672,797609984],[20.05452,783364096],[20.065156,783368192],[20.071343,797605888],[20.072499,783364096],[20.083523,797581312],[20.084476,783364096],[20.094719,797581312],[20.095524,783364096],[20.105599,797581312],[20.106381,783364096],[20.15401,783364096],[20.163941,797462528],[20.164542,783364096],[20.174645,797442048],[20.175244,783364096],[20.186117,797433856],[20.186887,783364096],[20.196832,797433856],[20.197588,783364096],[20.207586,797433856],[20.208338,783364096],[20.218284,797433856],[20.218985,783364096],[20.230052,797401088],[20.230704,783364096],[20.240436,797401088],[20.240941,783364096],[20.250938,797396992],[20.251496,783364096],[20.261402,797388800],[20.262002,783364096],[20.275455,783364096],[20.285881,797282304],[20.290343,783368192],[20.308856,797253632],[20.309562,783364096],[20.319527,797249536],[20.320259,783364096],[20.330016,797241344],[20.330667,783364096],[20.340796,797270016],[20.341649,783364096],[20.358553,783364096],[20.368341,797249536],[20.3741,783368192],[20.380074,797261824],[20.381901,783364096],[20.393887,797253632],[20.39772,783364096],[20.415636,783364096],[20.426073,797118464],[20.427708,783364096],[20.437344,797089792],[20.437995,783364096],[20.447591,797089792],[20.448142,783364096],[20.459315,797052928],[20.460045,783364096],[20.473147,783364096],[20.482625,796934144],[20.483253,783364096],[20.494659,796860416],[20.495357,783364096],[20.505077,796852224],[20.505678,783364096],[20.515619,796852224],[20.516339,783364096],[20.525794,796848128],[20.526432,783364096],[20.543679,783364096],[20.555284,796741632],[20.555839,783364096],[20.566462,796708864],[20.567268,783364096],[20.581504,783364096],[20.592186,796606464],[20.592738,783364096],[20.603289,796594176],[20.604283,783364096],[20.613661,796585984],[20.614461,783364096],[20.625052,796557312],[20.6261,783364096],[20.635602,796540928],[20.636201,783364096],[20.647455,796495872],[20.648005,783364096],[20.657946,796483584],[20.658896,783364096],[20.669774,796442624],[20.670778,783364096],[20.680028,796434432],[20.680858,783364096],[20.690427,796434432],[20.691583,783364096],[20.700988,796418048],[20.701944,783364096],[20.76687,783368192],[20.77254,796131328],[20.774768,783364096],[20.785193,783368192],[20.790825,796028928],[20.801076,783364096],[20.810514,796069888],[20.821101,783364096],[20.830561,796086272],[20.831666,783364096],[20.840905,796082176],[20.841705,783364096],[20.851719,796073984],[20.853552,783364096],[20.862905,796053504],[20.863889,783364096],[20.873169,796061696],[20.873973,783364096],[20.883369,796061696],[20.884244,783364096],[20.893544,796061696],[20.894345,783364096],[20.903608,796065792],[20.904459,783364096],[20.913672,796065792],[20.914525,783364096],[20.924089,783368192],[20.929721,795971584],[20.936904,783368192],[20.945151,803610624],[20.950285,783364096],[20.960021,