{"summary":{"timestamp":1382938878,"hash":"cb5b21eba713ff3888b2741db4c9e7d841cfde02","max_memory":1437097984,"cpu_time":175.17,"pull_request":10050},"memory_data":[[0.003256,8192],[0.012935,8986624],[0.142854,35926016],[0.225781,51232768],[0.262064,61751296],[0.277512,62631936],[0.370263,83083264],[0.384011,83177472],[0.523819,109400064],[0.547221,115081216],[0.612701,126296064],[0.687851,142553088],[0.706057,142585856],[0.898437,261373952],[1.177436,261509120],[1.350658,262610944],[1.432699,264282112],[1.584996,264499200],[1.586807,265809920],[1.663445,265928704],[1.795843,286183424],[1.817254,290709504],[1.93638,309321728],[1.982589,318144512],[2.144487,341450752],[2.15423,344670208],[2.262716,344719360],[2.384188,418660352],[2.745861,418672640],[3.007052,419201024],[3.00969,436633600],[3.034231,439013376],[3.039352,472567808],[3.051616,454737920],[3.088953,456839168],[3.0994,526045184],[3.124269,513458176],[3.124354,490389504],[3.191418,490405888],[3.193263,501026816],[3.234705,528281600],[3.241643,560832512],[3.242363,525393920],[3.255969,527511552],[3.266563,553320448],[3.289065,554696704],[3.293665,570888192],[4.383906,570970112],[4.39438,604446720],[5.103466,606543872],[5.106369,621228032],[7.250293,621281280],[7.253927,638005248],[9.790198,638124032],[9.900617,638734336],[10.030254,641777664],[10.033132,657440768],[10.039967,658468864],[10.236456,660574208],[10.243423,692027392],[11.229553,692031488],[11.427659,693297152],[11.629967,696377344],[11.768993,699011072],[11.925134,700624896],[11.958025,702476288],[12.088441,702889984],[12.251007,705114112],[12.279366,706584576],[12.380827,708096000],[12.535151,709320704],[12.698536,712052736],[12.734625,714010624],[12.792645,714104832],[12.850548,716263424],[13.045832,718061568],[13.264829,721932288],[13.290769,723554304],[13.494969,727482368],[13.68773,729501696],[13.690142,734867456],[13.850194,735006720],[13.967268,736178176],[14.211621,739790848],[14.288479,742121472],[14.46061,742944768],[14.521443,744001536],[14.54467,747843584],[14.546799,753033216],[14.581942,753053696],[14.584588,763518976],[14.65309,763568128],[14.656815,783716352],[14.66389,780873728],[14.664144,764964864],[14.677882,761544704],[14.677965,743989248],[14.731606,744382464],[14.972964,743989248],[16.293323,743993344],[16.337941,744755200],[16.674113,744927232],[16.830822,745435136],[17.330741,745967616],[17.475477,746450944],[17.510834,749113344],[17.846064,749125632],[17.887241,751927296],[17.90966,755998720],[18.00998,762404864],[18.046741,762413056],[18.131242,766877696],[18.177916,771264512],[18.239057,773926912],[18.379184,782184448],[18.785357,802668544],[18.890368,811634688],[19.044604,818393088],[19.502349,841732096],[19.7061,850518016],[19.707393,854700032],[19.754737,854724608],[20.079099,870039552],[20.173554,875433984],[20.446054,887480320],[20.61908,896610304],[20.764953,902205440],[20.836885,906059776],[20.970823,911462400],[20.995266,913428480],[21.180715,921632768],[21.332548,930377728],[21.924056,955908096],[22.224474,969322496],[22.270679,972435456],[22.548984,984526848],[22.659846,991010816],[22.743944,994234368],[23.218713,1014534144],[23.245432,1016532992],[23.406146,1023037440],[23.674883,1034674176],[23.922924,1046081536],[23.941074,1047445504],[24.134963,1055801344],[24.419194,1069395968],[24.48266,1072013312],[24.484584,1076211712],[24.535412,1076224000],[24.579878,1078599680],[24.828648,1088843776],[25.091366,1100111872],[25.179369,1104809984],[25.257933,1113505792],[25.263782,1147060224],[25.46298,1147756544],[25.496164,1149857792],[25.51741,1290366976],[25.567107,1219059712],[25.800614,1229557760],[25.939604,1237590016],[26.140913,1247932416],[26.404044,1258459136],[26.536002,1266409472],[26.681184,1271984128],[27.049127,1287815168],[27.076791,1289924608],[27.235152,1296543744],[27.618716,1313603584],[27.709615,1316577280],[28.074257,1332187136],[28.100937,1334280192],[28.299304,1342697472],[28.355682,1345744896],[28.356576,1348894720],[28.400597,1348997120],[28.524095,1353785344],[28.63082,1359646720],[28.744402,1364500480],[28.754183,1366437888],[28.951976,1371832320],[28.963078,1377058816],[29.499537,1392476160],[29.504016,1412890624],[29.522189,1413447680],[29.527592,1436504064],[29.528288,1393147904],[29.925486,1401479168],[30.292981,1401483264],[30.294287,1403473920],[30.399663,1404067840],[30.401196,1374752768],[30.405017,1372164096],[30.770555,1338736640],[30.772924,1337741312],[30.773868,1284071424],[30.932066,1214861312],[30.932153,1141460992],[36.111134,1141501952],[36.119505,1158107136],[36.387699,1158152192],[36.391242,1191387136],[36.399831,1189863424],[36.400174,1175019520],[36.473842,1175072768],[36.479983,1187471360],[36.755276,1184485376],[36.759798,1173438464],[36.759909,1141460992],[50.331893,1141510144],[50.340236,1158107136],[89.560299,1158328320],[89.564112,1191665664],[89.571622,1175019520],[138.335033,1175121920],[138.338049,1181179904],[139.464341,1181339648],[139.468493,1189568512],[148.589985,1189699584],[148.596122,1202151424],[153.538862,1202253824],[153.542886,1210540032],[155.042562,1212637184],[155.043426,1223127040],[156.859836,1223258112],[156.861945,1239904256],[172.49448,1239908352],[172.49742,1265070080],[177.08261,1267171328],[177.083857,1269264384],[177.170023,1270312960],[177.170625,1276608512],[177.394916,1276747776],[177.399997,1278791680],[177.51519,1287700480],[177.53192,1297076224],[177.605696,1295024128],[177.765294,1295028224],[177.768978,1288601600],[177.769151,1258323968],[177.773972,1210085376],[178.76339,1204068352],[178.763477,1176526848],[178.801823,1177337856],[178.811237,1183797248],[178.842704,1193644032],[178.861515,1194385408],[178.873113,1205510144],[178.882303,1205542912],[178.888551,1217101824],[178.900775,1222152192],[178.939901,1224523776],[178.940619,1192108032],[178.944896,1172500480],[178.944983,1138569216],[179.039828,1137758208],[179.046732,1014095872],[179.050975,973103104],[179.051833,934297600],[179.056046,889221120],[179.057014,850198528],[179.061482,809332736],[179.067825,679583744],[179.072407,636178432],[179.073438,553254912],[179.077879,509521920],[179.078742,423792640],[179.094195,224960512],[179.096122,223457280],[179.100601,145793024],[179.105955,103772160],[179.110465,26718208],[179.114204,15187968]],"pass_timing":[["parsing",0.675],["gated feature checking",0.015],["std macros injection",0.001],["configuration 1",0.226],["expansion",1.254],["configuration 2",0.271],["maybe building test harness",0.178],["std injection",0.181],["assigning node ids",0.165],["ast indexing",0.2],["external crate/lib resolution",0.138],["language item collection",0.025],["resolution",1.646],["looking for entry point",0],["freevar finding",0.057],["region resolution",0.093],["region parameterization inference",0.038],["type collecting",0.114],["coherence checking",0.112],["type checking",9.103],["const marking",0.165],["const checking",0.037],["privacy checking",0.258],["effect checking",0.048],["loop checking",0.027],["stack checking",0.036],["compute moves",1.254],["match checking",0.103],["liveness checking",0.205],["borrow checking",0.74],["kind checking",0.08],["reachability checking",0.054],["lint checking",0.274],["translation",12.654],["LLVM passes",147.779],["linking",0.176]]}