{"summary":{"timestamp":1388167908,"hash":"cc1b93e4254b241aae337a02c4bdb2d8fa4c7777","max_memory":1385398272,"cpu_time":215.46,"pull_request":11158},"memory_data":[[0.00192,4096],[0.071619,479232],[0.073972,3334144],[0.145158,8859648],[0.227232,10113024],[0.314664,14401536],[0.356589,15032320],[0.41834,18837504],[0.506474,19660800],[0.575386,22319104],[0.634409,23080960],[0.666679,26570752],[0.7831,29523968],[1.109417,35176448],[1.114283,36585472],[1.213545,37502976],[1.214741,39968768],[1.346246,41672704],[1.421146,54112256],[1.442119,59920384],[1.472369,62177280],[1.512647,68767744],[1.542105,76750848],[1.557886,77389824],[1.632472,91160576],[1.651741,91430912],[1.813136,116023296],[1.889064,129425408],[1.966896,130408448],[2.16444,201928704],[2.274863,202756096],[2.46585,202895360],[2.630912,203726848],[2.773578,203804672],[2.865989,205037568],[3.018374,205430784],[3.479944,205451264],[3.604773,214421504],[3.630776,221470720],[3.65875,222732288],[3.907338,238194688],[4.020352,246759424],[4.089958,250064896],[4.18453,257835008],[4.28434,263606272],[4.298988,265859072],[4.485654,265891840],[4.512701,277114880],[4.631429,319717376],[6.084506,320069632],[6.098943,322170880],[6.114386,378793984],[6.261275,378818560],[6.369212,381235200],[6.466323,381386752],[6.663262,386990080],[9.196687,387444736],[9.433967,388366336],[9.667187,388734976],[9.748063,389574656],[10.021944,390037504],[10.075292,391086080],[10.601658,392892416],[10.774663,395317248],[11.092692,396001280],[11.217596,396718080],[11.269811,397905920],[11.525553,399314944],[11.619812,401129472],[11.863098,402087936],[11.911355,403296256],[12.012953,403763200],[12.23633,409587712],[12.333056,415035392],[12.366123,415522816],[12.510679,423661568],[12.58434,424796160],[12.664314,428445696],[12.776156,430751744],[13.063046,433885184],[13.582884,434601984],[14.690648,434733056],[14.730818,435621888],[14.996129,436015104],[15.311784,436072448],[15.632825,436568064],[15.663253,437194752],[15.996097,437604352],[16.190941,444416000],[16.260874,444928000],[16.439568,448139264],[16.623779,449126400],[17.12452,449409024],[17.251378,452083712],[17.254915,460431360],[17.442574,460607488],[17.44403,464773120],[17.57176,464879616],[17.716319,467808256],[17.822391,472125440],[17.859541,471945216],[17.979769,481169408],[18.12606,480903168],[18.195033,483254272],[18.198913,498016256],[18.207959,491540480],[18.292986,493031424],[18.317543,494714880],[18.415047,495452160],[18.555946,498331648],[18.55689,499511296],[18.713483,501211136],[18.754693,503496704],[18.822968,503451648],[18.827808,507596800],[18.938799,509775872],[19.130123,515174400],[19.257618,517615616],[19.535014,519577600],[19.536911,520626176],[19.648714,520781824],[19.759983,522444800],[19.761211,524009472],[19.88677,524247040],[19.917711,525262848],[20.068538,525299712],[20.341664,527912960],[20.57229,532152320],[20.823253,535838720],[20.8521,537743360],[20.970408,538693632],[20.975877,541257728],[21.06288,541499392],[21.136134,544464896],[21.31463,545902592],[21.323545,577449984],[21.339994,579289088],[21.340123,562581504],[21.486527,564924416],[21.612,567681024],[21.712283,568303616],[21.746502,569905152],[21.868769,570785792],[21.894756,572047360],[22.018897,573091840],[22.045765,575414272],[22.11293,575221760],[22.15003,577183744],[22.252398,577253376],[22.257746,594096128],[22.349156,594395136],[22.816622,594472960],[22.90028,595484672],[22.93735,599236608],[22.975777,599326720],[22.976893,602382336],[23.163746,602402816],[23.361064,604950528],[23.394631,606027776],[23.510291,606674944],[23.592288,609021952],[23.63126,611414016],[23.794913,611778560],[23.929268,614076416],[23.999357,614420480],[24.132812,616849408],[24.214678,617136128],[24.384902,620269568],[24.558533,620593152],[24.644588,621842432],[24.74262,621772800],[24.875612,622727168],[24.894185,623681536],[25.012227,623931392],[25.068685,625025024],[25.070948,629669888],[25.473268,629809152],[25.541094,631562240],[25.708905,632066048],[25.817839,634490880],[25.948755,634568704],[26.172516,636256256],[26.203989,637186048],[26.414644,637771776],[26.429335,639053824],[26.591379,639459328],[26.631249,640958464],[26.775562,642469888],[26.874335,642695168],[26.912547,644370432],[27.072164,646774784],[27.300888,648888320],[27.336443,651657216],[27.363729,650321920],[27.519844,651476992],[27.692066,653754368],[27.72121,655343616],[27.800322,655798272],[27.951636,660664320],[27.958933,692121600],[28.259678,692805632],[28.262592,700973056],[28.338801,701038592],[28.343927,717750272],[28.401152,717643776],[28.401429,692715520],[29.134488,692776960],[32.532984,692805632],[33.15975,693006336],[35.460722,693137408],[35.688801,695271424],[36.125744,695762944],[36.150714,698998784],[36.182922,699002880],[36.221596,703463424],[36.242408,768475136],[36.297477,736317440],[36.445162,737574912],[36.446526,743538688],[36.526814,743542784],[36.596908,747741184],[36.662247,749838336],[36.736554,750039040],[36.745495,752136192],[36.801036,752144384],[36.817728,756367360],[36.895203,756371456],[36.98452,759361536],[37.366579,769318912],[37.581675,775360512],[37.697757,778022912],[37.929035,788463616],[38.247181,794771456],[38.470436,801439744],[39.004064,814977024],[39.176277,819941376],[39.291923,822034432],[39.707772,832106496],[39.908074,837296128],[39.984443,839835648],[40.267477,846475264],[40.369825,849743872],[40.630832,856104960],[40.673137,858103808],[40.996795,866025472],[41.040884,868098048],[41.285709,875212800],[41.542013,880758784],[41.614399,882995200],[42.039853,893214720],[42.064449,894222336],[42.306181,899969024],[42.901676,915365888],[43.073526,919330816],[43.075106,921370624],[43.127708,921387008],[43.350741,926838784],[43.69014,934608896],[43.796074,938065920],[43.878627,939458560],[44.502116,954175488],[44.526647,955207680],[44.884721,963342336],[44.944436,965820416],[45.166497,970620928],[45.168793,974815232],[45.255231,974827520],[45.948173,991191040],[45.950202,995385344],[46.044209,995405824],[46.970933,1017012224],[47.243333,1022935040],[47.486165,1029431296],[47.666952,1033449472],[48.025815,1042804736],[48.308246,1048735744],[48.318367,1078108160],[48.899602,1078177792],[48.901169,1080217600],[48.951508,1080225792],[49.220188,1086812160],[49.409333,1090953216],[49.414846,1093210112],[49.491955,1094057984],[49.49353,1096155136],[49.542693,1096159232],[49.734014,1101049856],[49.828032,1102921728],[49.946555,1106354176],[50.302363,1114456064],[50.338524,1116143616],[50.790767,1126727680],[50.999544,1132584960],[51.048667,1132978176],[51.125411,1135747072],[51.155634,1138364416],[51.332249,1144909824],[51.418505,1146859520],[51.638055,1153060864],[51.640228,1155264512],[51.79974,1159610368],[51.86222,1160351744],[52.141767,1167224832],[52.144043,1171394560],[52.221991,1171410944],[52.424242,1177653248],[52.783947,1185816576],[52.78545,1188962304],[52.858876,1188978688],[53.141958,1195503616],[53.199682,1197715456],[53.330263,1200447488],[53.333002,1204674560],[53.437649,1205067776],[53.705356,1211326464],[53.794829,1213833216],[54.010264,1218449408],[54.345428,1226862592],[54.39928,1227911168],[54.728695,1236389888],[55.015325,1242636288],[55.019004,1251045376],[55.196685,1251049472],[55.510304,1258504192],[55.668415,1263353856],[55.868468,1267896320],[56.114639,1272963072],[56.630038,1284259840],[56.633456,1292656640],[56.82922,1293205504],[56.832218,1301512192],[57.022176,1301598208],[57.067235,1303707648],[57.221332,1307090944],[57.580356,1316388864],[57.722394,1318768640],[57.957497,1324498944],[58.024707,1325400064],[58.131461,1328533504],[58.158823,1331515392],[58.203227,1331523584],[58.381674,1335259136],[58.38711,1338081280],[58.869303,1346609152],[59.282537,1354752000],[59.283504,1356169216],[59.964233,1370513408],[60.577042,1378512896],[60.580405,1377103872],[61.579689,1380876288],[61.598556,1384755200],[62.137949,1317642240],[62.141908,1315360768],[62.14303,1254719488],[62.382437,1195995136],[62.561991,1196867584],[62.703398,1200230400],[62.914542,1203494912],