{"summary":{"timestamp":1397691089,"hash":"ccccbd23680f317509a14ed7a4abb7f1969e78ae","max_memory":1462124544,"cpu_time":168.41,"pull_request":13465},"memory_data":[[0.003394,8192],[0.011967,6311936],[0.082943,13623296],[0.182655,29487104],[0.221512,36990976],[0.321092,50626560],[0.340187,54685696],[0.505396,80236544],[0.539821,87044096],[0.57309,87056384],[0.661863,139816960],[1.149547,140558336],[1.237151,154701824],[1.267516,157298688],[1.379843,176680960],[1.425486,182169600],[1.455375,192983040],[1.480481,193019904],[1.544407,200830976],[1.616379,212852736],[1.698239,224411648],[1.763691,236523520],[1.858181,246738944],[1.894817,254308352],[2.006128,254332928],[2.1037,309624832],[2.695681,309661696],[2.812773,315670528],[2.812919,317767680],[3.132899,318078976],[3.183278,319524864],[3.186145,323063808],[3.306001,323067904],[3.312017,328036352],[3.532666,328052736],[3.535637,341798912],[3.544833,343232512],[3.676152,343343104],[3.680056,347430912],[3.823208,347435008],[3.824579,349003776],[3.890735,347549696],[4.116313,347684864],[4.122213,353841152],[4.612302,353955840],[4.614366,356986880],[4.803168,357027840],[4.803746,360587264],[5.01668,360591360],[5.035767,370692096],[5.088566,370163712],[5.088617,364855296],[5.424404,364859392],[5.812185,366960640],[5.818835,373252096],[5.996681,373321728],[5.997526,377446400],[6.02472,379543552],[6.118495,379547648],[6.161358,381775872],[6.209688,377577472],[6.209739,373383168],[6.978918,373510144],[6.987278,398458880],[7.68429,398606336],[7.820698,404037632],[7.881967,404258816],[8.08158,408596480],[8.396448,412323840],[8.400704,418443264],[8.608458,418611200],[8.670445,421154816],[8.774168,421167104],[8.996769,424947712],[9.015756,426094592],[9.371608,431800320],[9.536433,435150848],[9.557931,436719616],[9.655547,437669888],[9.656516,439705600],[9.739052,440090624],[9.829992,442331136],[9.86727,444583936],[9.946554,445317120],[10.085989,448638976],[10.208758,449695744],[10.234548,451571712],[10.393957,453926912],[10.433176,456126464],[10.593778,456941568],[10.632413,458616832],[10.819596,460533760],[10.849023,462245888],[10.956386,462680064],[11.03687,465391616],[11.147469,467062784],[11.150136,496447488],[11.162027,513224704],[11.175622,517414912],[12.124433,517423104],[12.131764,525746176],[12.531598,525795328],[12.57768,527073280],[12.921798,532279296],[12.998789,532807680],[13.115195,535617536],[13.179338,540274688],[13.179387,538415104],[13.332629,538988544],[13.515363,542003200],[13.66347,543797248],[13.850194,547225600],[13.973817,547827712],[14.069418,550563840],[14.209511,551202816],[14.402759,553971712],[14.470914,555712512],[14.472978,559902720],[14.654853,560041984],[14.823556,562233344],[14.897863,563814400],[14.966524,568393728],[14.966574,566861824],[15.076592,567832576],[15.150793,571760640],[15.151287,574701568],[15.199668,575111168],[15.200665,571891712],[15.260485,573988864],[15.508408,574877696],[15.541062,576278528],[15.668946,577175552],[15.818015,581062656],[16.09059,585818112],[16.101025,586797056],[16.271112,590176256],[16.40126,590848000],[16.561318,594079744],[16.697215,603238400],[16.697348,600268800],[16.912725,602517504],[16.963179,603836416],[17.072412,604618752],[17.118429,606351360],[17.196029,606834688],[17.246653,609923072],[17.267902,608739328],[17.356459,609509376],[17.381958,611430400],[17.583838,613216256],[17.608639,615247872],[17.705186,615317504],[17.82098,617476096],[17.914831,617529344],[17.947513,619532288],[17.957503,623730688],[18.015209,623804416],[18.021219,632135680],[18.056168,631324672],[18.056714,617652224],[18.509597,614965248],[18.509648,606113792],[24.234007,606146560],[24.344923,606887936],[25.170576,607830016],[25.254004,608051200],[25.256788,609624064],[25.405688,609632256],[25.817914,611573760],[25.97622,613060608],[26.287174,613195776],[27.352719,613285888],[27.47188,613437440],[27.473895,616349696],[28.584158,616517632],[28.874861,626765824],[29.132941,637140992],[29.185115,641835008],[29.393049,648945664],[29.73043,662110208],[30.0796,674299904],[30.193731,676466688],[30.301859,680112128],[30.359813,683466752],[30.660205,693276672],[30.920852,702746624],[30.938697,704344064],[31.267716,714817536],[31.349164,718438400],[31.644796,729251840],[31.665649,729497600],[31.965784,739876864],[32.309622,750530560],[32.421719,754606080],[32.422813,756178944],[32.558267,757506048],[32.772532,764411904],[32.774775,767557632],[32.818972,767565824],[33.215171,779825152],[33.217188,782925824],[33.264613,782934016],[33.471559,788905984],[33.710375,798167040],[33.730468,800845824],[33.974291,810106880],[34.039727,812142592],[34.225937,820121600],[34.228032,823259136],[34.265735,823275520],[34.360952,826949632],[34.46158,829329408],[34.620149,835178496],[34.821901,841867264],[35.039479,851922944],[35.4044,864030720],[35.709555,875057152],[35.890797,882765824],[36.028184,890564608],[36.093231,892571648],[36.16464,897462272],[36.338,903860224],[36.447414,909594624],[36.533042,915431424],[36.648035,919408640],[36.760011,924602368],[36.855564,927731712],[37.169833,939429888],[37.17048,942571520],[37.210237,942575616],[37.349299,947617792],[37.564696,954261504],[37.699306,959373312],[37.703331,965664768],[37.787232,965681152],[37.863546,969039872],[38.118041,976007168],[38.283905,982532096],[38.286418,985714688],[38.346476,986529792],[38.387551,988766208],[38.541501,993644544],[38.764346,1002479616],[38.824493,1005350912],[38.828555,1011642368],[38.92265,1011658752],[39.15699,1020469248],[39.245816,1024851968],[39.442706,1031294976],[39.715893,1041842176],[39.909988,1047908352],[40.036457,1052475392],[40.291891,1064857600],[40.299315,1090027520],[40.315486,1092165632],[40.659465,1092321280],[40.732895,1094803456],[40.735936,1106980864],[40.746503,1109446656],[40.859827,1109610496],[41.31208,1130618880],[41.316116,1136877568],[41.383653,1136914432],[41.468002,1140666368],[41.472081,1146949632],[41.530261,1147027456],[41.665233,1153343488],[41.686435,1202114560],[41.719263,1227280384],[41.722302,1235668992],[41.746622,1256640512],[41.752496,1241858048],[41.752935,1206296576],[41.838681,1207676928],[41.915694,1212182528],[42.20757,1225060352],[42.283906,1229238272],[42.772643,1249517568],[42.870223,1252855808],[42.954706,1256808448],[43.15615,1263300608],[43.45558,1272246272],[43.53448,1275699200],[43.889781,1287192576],[43.958639,1290608640],[43.958687,1292713984],[44.17921,1299582976],[44.546693,1312903168],[44.926889,1324609536],[45.099366,1332838400],[45.166087,1334697984],[45.32897,1342619648],[45.589413,1350639616],[45.676093,1354403840],[45.882342,1361039360],[45.883104,1367334912],[45.984874,1367388160],[46.180602,1374203904],[46.240956,1374228480],[46.290173,1377853440],[46.434728,1384148992],[46.44451,1394921472],[46.53654,1399115776],[46.579696,1399119872],[46.665145,1404522496],[46.96066,1419206656],[47.153094,1427595264],[47.191037,1425551360],[47.191357,1418375168],[47.22858,1449385984],[47.247924,1461948416],[47.248544,1417912320],[47.257933,1418137600],[48.040652,1422401536],[48.134088,1421664256],[48.593228,1388105728],[48.593377,1320988672],[48.597843,1304207360],[49.3967,1303465984],[49.397143,1291882496],[56.857115,1291886592],[152.641893,1291890688],[160.839215,1291841536],[161.443281,1291796480],[165.523792,1291751424],[170.236874,1291624448],[172.408377,1291616256],[174.374463,1291530240],[179.012309,1291485184],[179.053324,1310302208],[179.452265,1316593664],[179.486196,1316597760],[179.500155,1327091712],[179.521158,1358209024],[179.529659,1383026688],[179.661731,1383030784],[179.944005,1387327488],[179.951127,1376325632],[179.953082,1335046144],[179.95675,1320308736],[179.967357,1349627904],[179.96802,1320214528],[181.260288,1319329792],[181.260444,1276628992],[181.354955,1274269696],[181.373859,1272737792],[181.375011,1228832768],[181.382097,1148166144],[181.3833,1088733184],[181.387896,1046007808],[181.391902,967471104],[181.400812,848302080],[181.405605,807383040],[181.410112,729133056],[181.424749,570241024],[181.437193,448729088],