{"summary":{"timestamp":1391995891,"hash":"cf243f9b593d322f6bfaed906c42d2fc8e3d0ce7","max_memory":1358057472,"cpu_time":140.02,"pull_request":12060},"memory_data":[[0.002072,4096],[0.056854,413696],[0.076518,5521408],[0.115632,8876032],[0.281392,12574720],[0.405798,19628032],[0.478398,20525056],[0.522162,26005504],[0.59987,28606464],[0.876568,33624064],[0.997339,37343232],[0.998066,39665664],[1.112821,41975808],[1.258708,65515520],[1.28947,73560064],[1.391166,87130112],[1.504808,105250816],[1.550707,111505408],[1.619722,123469824],[1.674155,124071936],[1.704571,130342912],[1.853058,168763392],[1.970628,169443328],[2.001881,170831872],[2.233988,171855872],[2.468142,172171264],[2.722617,173830144],[3.005816,174014464],[3.007222,174649344],[3.277636,174649344],[3.411908,181874688],[3.535532,187420672],[3.639415,193609728],[3.786038,200962048],[3.89953,205639680],[3.914515,207224832],[4.108034,207245312],[4.25864,247406592],[5.459453,247545856],[5.547626,249733120],[5.563087,256028672],[5.628507,258129920],[5.628622,260227072],[5.718027,266518528],[5.777845,268607488],[5.778154,270704640],[6.117509,270721024],[6.318291,273313792],[6.415477,273448960],[6.433009,274935808],[6.58312,278806528],[6.941511,285499392],[7.064722,288870400],[7.126484,289034240],[7.308725,291987456],[7.521644,297172992],[7.579956,297996288],[7.670967,301096960],[7.758548,305389568],[7.873567,312410112],[7.966286,314716160],[8.035179,317788160],[8.146009,321105920],[8.19226,321445888],[8.259947,324251648],[8.385555,325828608],[8.453858,327528448],[8.77615,328318976],[9.590879,328450048],[9.63864,329527296],[9.82575,330051584],[10.161855,330330112],[12.02993,330514432],[12.034233,343060480],[12.094087,343191552],[13.809521,343560192],[14.487135,344379392],[14.489686,345956352],[14.654657,346423296],[14.815192,347643904],[14.816909,349708288],[14.969503,350679040],[15.075544,353947648],[15.078541,356044800],[15.197008,359772160],[15.534655,363524096],[15.617955,363745280],[15.78781,366530560],[15.884276,368820224],[16.046274,376340480],[16.177985,378982400],[16.178194,376606720],[16.297919,381050880],[16.303719,384749568],[16.494803,391409664],[16.556172,390189056],[16.84204,394301440],[16.843336,396238848],[17.244355,400551936],[17.430314,403611648],[17.464374,405176320],[17.621873,405635072],[17.743793,407445504],[17.745496,411430912],[17.918223,411451392],[18.120013,414728192],[18.125319,429899776],[18.136383,423088128],[18.371292,428548096],[18.373939,431501312],[18.435546,428687360],[18.595638,428691456],[18.657849,429608960],[18.658307,431722496],[18.773169,431497216],[18.855892,432283648],[18.914278,434470912],[18.967424,434167808],[19.252591,437932032],[19.502334,440369152],[19.700794,445812736],[19.734491,448425984],[20.075969,448765952],[20.141003,449970176],[20.145142,458395648],[20.400653,458649600],[20.506893,459194368],[20.644439,461053952],[20.649682,462319616],[20.946112,464822272],[21.215303,466006016],[21.251644,467156992],[21.399367,467771392],[21.507957,470007808],[21.655304,470048768],[22.004675,473722880],[22.032516,474853376],[22.044348,506769408],[22.063939,508043264],[22.064045,491565056],[22.41786,494727168],[22.578638,495587328],[22.739912,498315264],[22.820908,498360320],[22.920689,500019200],[22.966746,502407168],[23.126142,502411264],[23.21493,503599104],[23.367609,507072512],[23.450196,506826752],[23.580159,508239872],[23.79568,509677568],[23.932884,512409600],[24.288788,514707456],[24.348367,516374528],[24.504026,516730880],[24.628015,518975488],[24.74842,519004160],[24.832321,520159232],[24.903301,523476992],[24.909182,540422144],[25.012261,540676096],[25.710444,540704768],[25.761867,542253056],[25.871334,542576640],[25.872935,544538624],[26.020999,544743424],[26.362983,547516416],[26.36374,548429824],[26.84117,551514112],[27.37652,556597248],[27.538518,557248512],[27.693116,559714304],[27.798238,562720768],[28.039518,562724864],[28.244186,564903936],[28.476031,565977088],[28.661276,568041472],[28.870567,568868864],[28.983399,569937920],[29.067361,571994112],[29.308286,573079552],[29.336752,576450560],[29.579637,576606208],[29.715432,577515520],[29.778807,578859008],[29.935826,579149824],[30.214666,581066752],[30.367443,583684096],[30.515421,584110080],[30.623558,586485760],[30.936154,587743232],[31.089679,589824000],[31.276434,590548992],[31.29898,591437824],[31.460517,592302080],[31.525387,594620416],[31.664392,596312064],[31.767639,596631552],[31.836167,598085632],[31.848349,600186880],[31.873537,665198592],[31.909414,631640064],[32.197484,634400768],[32.455525,635523072],[32.581095,636506112],[32.630894,638685184],[32.719705,638095360],[32.728272,671612928],[33.592277,671621120],[34.150046,671768576],[34.211321,672092160],[34.214123,676040704],[34.262232,676220928],[34.265388,684466176],[34.343103,684593152],[34.348508,701243392],[34.419173,699908096],[34.419491,672030720],[37.479285,672161792],[38.166205,672473088],[39.67271,672571392],[39.675214,676536320],[39.974596,678633472],[39.975889,680124416],[40.085758,678686720],[40.92299,678821888],[41.052663,680525824],[41.304477,681406464],[41.404234,682852352],[41.431386,684949504],[41.528727,687050752],[41.622483,687063040],[41.716244,688943104],[41.717548,691257344],[41.789542,691429376],[41.798688,720728064],[41.989061,720855040],[42.095828,721559552],[42.320741,721575936],[42.426685,725774336],[42.501818,725950464],[42.504861,728047616],[42.55405,728072192],[42.586416,730169344],[42.64829,730173440],[42.663971,732270592],[42.778712,734375936],[42.903672,740294656],[43.045974,746090496],[43.303647,751484928],[43.428694,755032064],[43.617184,758874112],[43.766253,762986496],[43.845685,763797504],[44.05443,769044480],[44.290128,773881856],[44.338819,775991296],[44.544665,780394496],[44.596906,782065664],[44.606592,807235584],[44.62378,794648576],[44.658049,797908992],[44.716753,797921280],[45.20617,808230912],[45.208533,810328064],[45.296347,811077632],[45.296468,813178880],[45.586619,819449856],[45.939134,833343488],[46.069989,840036352],[46.216536,846172160],[46.356015,850505728],[46.437601,854278144],[46.439148,858427392],[46.482413,858435584],[46.79399,869933056],[46.798429,874872832],[46.860139,874889216],[47.228893,889290752],[47.377309,895860736],[47.378869,900038656],[47.434167,900055040],[47.482134,903200768],[47.541676,904904704],[47.798892,916770816],[47.817906,921108480],[47.913224,921128960],[48.118077,925519872],[48.154857,927096832],[48.550536,935780352],[48.551487,936304640],[48.877776,942944256],[49.437805,955285504],[49.484155,956825600],[49.688958,961335296],[49.896891,966750208],[50.005155,970428416],[50.228853,976556032],[50.318694,979791872],[50.328172,981372928],[50.411731,983056384],[50.495512,987848704],[50.595563,990408704],[50.598096,994590720],[50.673883,994607104],[50.825764,998944768],[50.86655,1001172992],[51.174732,1008963584],[51.792633,1022373888],[51.796252,1030766592],[51.964438,1030778880],[52.163008,1035333632],[52.304453,1039122432],[52.604156,1044312064],[52.850256,1049858048],[53.0559,1056661504],[53.056019,1058762752],[53.225687,1062236160],[53.228928,1070608384],[53.408451,1070632960],[53.484293,1072635904],[53.785779,1078931456],[53.7874,1080934400],[53.846377,1080938496],[54.284929,1091391488],[54.428994,1094270976],[54.794582,1102651392],[54.895516,1105707008],[55.022894,1107836928],[55.178148,1111371776],[55.179108,1114521600],[55.254403,1115279360],[55.508469,1120903168],[55.609989,1124036608],[55.628544,1125724160],[55.779507,1129701376],[55.85319,1132339200],[55.856393,1140625408],[56.031253,1140654080],[56.137395,1143709696],[56.140239,1152069632],[56.32778,1152192512],[56.365144,1153675264],[56.578663,1158574080],[56.685263,1161506816],[56.685386,1163608064],[56.850149,1167208448],[56.851143,1168723968],[56.938771,1169678336],[57.298995,1176723456],[57.470923,1181556736],[57.720525,1187467264],[57.938426,1191890944],[58.178778,1197998080],[58.267483,1199546368],[58.360621,1202446336],[58.503859,1205514240],[58.706091,1210822656],[58.708669,