{"summary":{"timestamp":1390084601,"hash":"d0f6ef080bb69ce4370c04c92cc92b9a860e5725","max_memory":1348333568,"cpu_time":206,"pull_request":11620},"memory_data":[[0.001976,12288],[0.057999,331776],[0.08627,6086656],[0.120053,8601600],[0.182258,9592832],[0.275675,14012416],[0.323919,14495744],[0.387547,18182144],[0.535649,20045824],[0.609261,22052864],[0.715881,27422720],[0.830961,29548544],[1.145075,34156544],[1.152357,35373056],[1.326997,38150144],[1.446892,38744064],[1.503524,49418240],[1.517299,53882880],[1.574158,61952000],[1.675778,83075072],[1.692717,83218432],[1.863916,112312320],[1.891536,118063104],[1.971219,119017472],[2.003316,129810432],[2.058731,162205696],[2.283673,164040704],[2.403578,164159488],[2.408461,165244928],[2.692294,165900288],[2.693386,166555648],[2.853415,166756352],[2.961124,176721920],[3.153162,197029888],[3.273569,197054464],[3.337089,234639360],[3.884041,234758144],[3.924243,235085824],[3.955413,242335744],[3.984097,244436992],[3.986317,257019904],[4.006692,255709184],[4.006792,249675776],[4.059749,251785216],[4.064991,279044096],[4.105879,264359936],[4.204501,266461184],[4.214092,323084288],[4.295927,295333888],[4.29598,293720064],[4.530888,294227968],[4.727937,297410560],[4.991215,303173632],[5.403613,310370304],[5.507282,310771712],[5.808875,317145088],[5.941517,317579264],[6.051051,320053248],[6.146955,324030464],[6.285815,327196672],[6.398127,332398592],[6.440364,332939264],[6.585252,340189184],[6.646176,341004288],[6.737572,343879680],[6.956659,346976256],[7.004088,348409856],[7.126586,349229056],[7.452162,349736960],[7.713736,349806592],[7.738362,350437376],[8.122684,351498240],[8.294622,353595392],[8.298825,364081152],[8.481284,364806144],[8.482205,367316992],[8.65419,367824896],[8.66477,370597888],[8.753231,371548160],[8.753957,373104640],[8.871792,374845440],[9.025146,380940288],[9.080044,381882368],[9.126216,384585728],[9.2323,386117632],[9.3791,392036352],[9.380518,396218368],[9.495755,397615104],[9.638993,401190912],[9.639817,403152896],[9.898917,408043520],[9.984953,410537984],[9.994892,419004416],[10.20432,419303424],[10.205783,423329792],[10.298746,423333888],[10.38334,426872832],[10.442246,427995136],[10.531931,435474432],[10.580879,436883456],[10.706708,436965376],[10.782871,438390784],[10.787312,455168000],[11.154155,455438336],[11.186831,458080256],[11.301075,458518528],[11.382344,460967936],[11.384311,469225472],[11.572672,469913600],[11.637227,472616960],[11.735356,474624000],[12.084645,479498240],[12.120262,481767424],[12.198931,481796096],[12.342459,484179968],[12.564159,488923136],[12.673057,490364928],[12.747657,492765184],[12.79375,492888064],[12.90528,497446912],[13.004969,498262016],[13.088829,501157888],[13.107834,503259136],[13.115273,534716416],[13.336674,535134208],[13.937463,535158784],[13.941664,551780352],[14.456418,551800832],[14.457209,553877504],[14.616622,553922560],[14.666684,555495424],[14.852364,557723648],[15.15423,562819072],[15.284838,564133888],[15.408915,569004032],[15.525111,568926208],[15.661338,571514880],[15.746157,572022784],[15.765572,573403136],[16.005931,575995904],[16.053806,577929216],[16.15843,578600960],[16.29464,580538368],[16.2966,584994816],[16.41931,585125888],[16.634602,587579392],[16.707027,590663680],[16.789457,590409728],[16.840842,592695296],[16.985016,593408000],[17.058757,595521536],[17.167338,596148224],[17.262346,597979136],[17.290624,600039424],[17.446078,601722880],[17.691282,606318592],[17.848293,607936512],[17.878282,610734080],[17.901625,609386496],[18.116342,611831808],[18.126342,613933056],[18.133659,645390336],[18.574609,645439488],[18.779209,645914624],[18.781502,654204928],[18.834369,656306176],[18.83765,670986240],[18.875184,653701120],[18.875267,645947392],[19.267363,645951488],[20.775371,648056832],[20.791276,713064448],[20.811926,679505920],[21.754129,679632896],[22.143222,679854080],[23.229888,679854080],[23.660213,679993344],[23.848231,682311680],[23.92629,682389504],[24.045185,690315264],[24.087546,690413568],[24.268462,698966016],[24.352673,705806336],[24.508323,711872512],[24.51361,741228544],[24.842867,741249024],[24.962453,745889792],[25.082387,748298240],[25.460139,764596224],[25.556158,774160384],[25.814719,784031744],[25.974144,791871488],[26.00086,793890816],[26.125713,798470144],[26.238371,803557376],[26.424569,810713088],[26.449434,812789760],[26.727998,824147968],[26.869206,828702720],[26.995977,834924544],[27.102646,838574080],[27.195465,842948608],[27.458036,853262336],[27.459413,857427968],[27.514278,857436160],[27.754725,868024320],[27.755512,872194048],[27.831336,874422272],[28.067672,883314688],[28.243005,890966016],[28.568052,902623232],[28.706887,908029952],[28.708309,912224256],[28.762918,912289792],[28.877478,916652032],[29.017206,924274688],[29.239524,932597760],[29.42724,940965888],[29.591823,947671040],[29.785464,954728448],[30.42929,979681280],[30.656557,989511680],[30.896907,999239680],[31.062274,1007038464],[31.132405,1009192960],[31.359136,1018249216],[31.37065,1028706304],[31.486501,1028714496],[31.844581,1043361792],[31.846796,1051729920],[31.957393,1051762688],[32.221807,1063669760],[32.22337,1067810816],[32.275877,1068003328],[32.307739,1071570944],[32.395937,1072852992],[32.403252,1097592832],[32.482906,1100492800],[32.556678,1105715200],[32.615781,1107619840],[32.807999,1117290496],[32.967091,1123209216],[33.126289,1130901504],[33.457353,1143128064],[33.458787,1147322368],[33.512914,1147334656],[33.741785,1156636672],[33.744064,1164972032],[33.850083,1164984320],[33.916853,1167646720],[33.918341,1176039424],[34.021896,1176059904],[34.236749,1185435648],[34.479916,1195196416],[34.481346,1196937216],[34.603547,1200619520],[34.718755,1205272576],[34.719123,1208418304],[34.805246,1210572800],[35.124228,1222615040],[35.158257,1224724480],[35.833775,1248518144],[36.071745,1258217472],[36.151278,1260380160],[36.247466,1264267264],[36.462728,1264300032],[36.567861,1269178368],[36.875422,1269182464],[36.888659,1271767040],[36.959421,1271914496],[37.059057,1275510784],[37.06018,1278623744],[37.363541,1288892416],[37.366173,1302278144],[37.825981,1318363136],[37.831071,1347829760],[37.832594,1306685440],[38.137802,1318322176],[38.13876,1321328640],[38.172348,1321930752],[38.172448,1317863424],[38.863378,1321467904],[38.880327,1325256704],[39.313861,1259708416],[39.318442,1224585216],[39.576011,1165860864],[39.667893,1166700544],[39.833937,1170419712],[40.026674,1173348352],[40.090376,1173393408],[45.816395,1173397504],[46.31499,1175523328],[46.318059,1206980608],[46.670909,1173422080],[47.291631,1173553152],[47.768573,1173852160],[51.701881,1173864448],[151.297457,1173868544],[156.714491,1175965696],[156.71731,1207422976],[156.94292,1209524224],[156.946231,1226301440],[157.140049,1230495744],[157.172439,1232601088],[157.178864,1297608704],[157.195683,1264050176],[157.342321,1268244480],[157.374073,1201135616],[157.380199,1226674176],[157.380251,1199562752],[157.468745,1201434624],[157.549972,1201831936],[158.932652,1201958912],[199.884322,1201954816],[199.886404,1201524736],[200.401472,1201520640],[200.403585,1201078272],[200.703048,1200717824],[201.415313,1200689152],[201.51658,1200062464],[201.962068,1200058368],[201.964178,1199628288],[202.517828,1199624192],[202.519918,1199194112],[203.032314,1199190016],[203.03458,1198776320],[203.548438,1198772224],[203.550511,1198362624],[204.076159,1198137344],[204.276281,1197723648],[204.775268,1197506560],[205.075724,1197068288],[205.653942,1197064192],[205.856291,1196359680],[206.428633,1196015616],[206.429573,1195831296],[207.193397,1195827200],[207.198581,1194950656],[208.178683,1194733568],[208.180387,1194319872],[208.751679,1194315776],[208.753739,1193902080],[209.153071,1193476096],[209.75878,1193472000],[209.760799,1193062400],[210.159022,1192640512],[213.129341,1192636416],[213.130571,1192468480],[215.580884,1192464384],[215.678702,1192366080],[217.94498,1192361984],[217.946123,1192177664],[218.859995,1192181760],[218.961202,1200640000],[218.970052,