{"summary":{"timestamp":1393029412,"hash":"d2f73abf10ff72270f36d73e91851511fd1e0580","max_memory":1393713152,"cpu_time":143.96,"pull_request":12382},"memory_data":[[0.002113,12288],[0.074625,593920],[0.078932,3350528],[0.155686,9666560],[0.340186,12943360],[0.387582,15507456],[0.467657,16142336],[0.555708,20819968],[0.73098,23818240],[0.765674,27164672],[0.868684,30068736],[1.305837,36397056],[1.367632,38637568],[1.524107,41013248],[1.546681,43692032],[1.600811,44564480],[1.67368,52072448],[1.700158,56442880],[1.743303,58454016],[1.805402,64573440],[1.85886,72712192],[1.88004,73093120],[1.998205,85954560],[2.028769,86249472],[2.153393,97382400],[2.221393,104505344],[2.360284,116793344],[2.410776,122552320],[2.50453,123396096],[2.533079,129581056],[2.681203,168226816],[2.816601,168681472],[2.880179,169664512],[3.163233,171307008],[3.483136,171458560],[3.512003,172597248],[4.166207,172789760],[4.491089,202694656],[4.614515,202711040],[4.700597,243834880],[5.214094,243978240],[5.358089,246087680],[5.42899,248188928],[5.429092,250286080],[5.495326,250290176],[5.560672,252391424],[5.560888,254488576],[5.682893,254595072],[5.937726,257269760],[6.062153,257662976],[6.108317,259645440],[6.380658,264933376],[6.664701,268500992],[6.758063,270626816],[6.945555,271458304],[7.071402,274239488],[7.328745,278200320],[7.482675,282779648],[7.67424,285560832],[7.822196,289001472],[7.895653,289783808],[7.940613,291696640],[8.150792,292667392],[8.249978,295104512],[8.355342,296517632],[8.436283,299589632],[8.768519,304648192],[8.842694,306286592],[8.968724,306823168],[9.198601,310902784],[9.204478,314904576],[9.318338,315518976],[9.340193,320344064],[9.618672,320495616],[9.621742,322527232],[9.676342,322834432],[9.68998,330694656],[10.177284,330907648],[10.180352,346861568],[10.192759,353886208],[10.204496,346542080],[10.275676,346624000],[10.324109,350818304],[10.638807,351682560],[10.640354,353755136],[10.967506,354181120],[11.004081,355078144],[11.337166,355479552],[11.361722,360185856],[11.363932,366374912],[11.395956,366391296],[11.404602,371228672],[11.435064,373325824],[11.442244,378433536],[11.520551,379412480],[11.715449,379736064],[11.716448,381308928],[11.931202,381853696],[12.124437,383815680],[12.128246,386146304],[12.191208,386895872],[12.585276,387108864],[12.611773,392736768],[12.763198,394887168],[12.938131,395431936],[12.940808,398315520],[13.106053,398356480],[13.133325,399745024],[13.341088,400633856],[13.519653,404684800],[13.523259,412938240],[13.756055,414720000],[13.793988,415744000],[14.063239,416010240],[14.852301,416108544],[14.902901,416747520],[15.366784,416980992],[15.371467,431980544],[15.381796,432918528],[15.382031,420679680],[15.570429,420732928],[15.652754,422682624],[15.652971,424779776],[15.701643,425263104],[15.703219,428531712],[15.76071,425459712],[15.910164,425472000],[16.011249,427524096],[16.217008,430604288],[16.332695,431554560],[16.333147,433651712],[16.51392,433733632],[16.749834,436277248],[16.802505,438460416],[16.862983,438046720],[17.051369,440487936],[17.1481,442720256],[17.150249,450961408],[17.347813,451059712],[17.503556,453550080],[17.638634,455053312],[17.657494,456740864],[17.840984,457490432],[17.852615,458207232],[18.12415,459313152],[18.282878,460791808],[18.382723,463732736],[18.520797,463720448],[18.702435,466034688],[18.953704,468504576],[18.96499,502063104],[18.982759,501735424],[18.982853,485281792],[19.04684,486481920],[19.378302,489574400],[19.500251,492015616],[19.57343,492023808],[19.6342,494026752],[19.729287,494473216],[19.754164,496197632],[19.860022,496332800],[19.943078,497598464],[20.081181,501215232],[20.38151,502816768],[20.591995,505548800],[20.626355,507060224],[20.811274,508956672],[21.004736,509747200],[21.050821,511442944],[21.275789,512647168],[21.331298,514125824],[21.459534,514330624],[21.516702,515342336],[21.584845,519180288],[21.589386,536162304],[21.722151,536535040],[22.370696,536727552],[22.414261,538193920],[22.536886,538345472],[22.591529,539410432],[22.593064,541405184],[22.74623,541499392],[22.978744,543412224],[23.020491,545394688],[23.121505,545546240],[23.42432,547659776],[23.585086,550096896],[23.80743,551477248],[23.872392,552652800],[24.060561,553426944],[24.160851,554455040],[24.260759,556490752],[24.341636,559345664],[24.581614,559362048],[24.749509,561549312],[24.990668,562782208],[25.227346,565399552],[25.390267,565948416],[25.496997,567283712],[25.545653,569335808],[25.769355,569999360],[25.804064,573493248],[26.034242,573607936],[26.160011,574738432],[26.224123,576331776],[26.36984,576569344],[26.597941,578265088],[26.688103,579416064],[26.751551,581492736],[26.88189,581357568],[26.982399,583839744],[27.166555,585138176],[27.239806,587255808],[27.297579,587366400],[27.437691,589914112],[27.481612,591790080],[27.504797,658903040],[27.525648,625344512],[27.695053,627490816],[27.729026,629051392],[27.907779,632541184],[28.052912,633651200],[28.128749,636145664],[28.134265,669704192],[28.885135,669794304],[28.958704,670515200],[28.983907,672681984],[29.05796,672755712],[29.132141,675209216],[29.184834,675344384],[29.200888,681635840],[29.232449,681664512],[29.236209,690024448],[29.289593,690028544],[29.296061,706801664],[29.314116,708907008],[29.322735,736165888],[29.334565,721481728],[29.359802,719482880],[29.361162,690151424],[29.793528,674025472],[29.793589,673370112],[30.525331,673542144],[30.525818,674369536],[30.667889,674373632],[30.955235,675512320],[30.956984,677613568],[31.061201,677707776],[31.270895,678858752],[31.316542,679649280],[31.609975,682057728],[31.61147,686198784],[32.261605,686747648],[33.841257,686800896],[33.907727,689565696],[34.012832,689086464],[34.013019,686747648],[34.748475,686755840],[35.037226,689598464],[35.254453,694992896],[35.265112,695758848],[35.519741,701452288],[35.758242,707514368],[35.915911,712364032],[35.922691,735858688],[35.940212,735158272],[35.940305,724946944],[36.031408,727363584],[36.107928,731627520],[36.21998,734478336],[36.285724,734486528],[36.51085,740753408],[36.803682,755433472],[37.109597,762806272],[37.285269,767688704],[37.40229,770199552],[37.478891,772771840],[37.639976,774578176],[37.718508,777474048],[37.994886,783970304],[37.996305,786067456],[38.050646,786599936],[38.29104,792891392],[38.332107,794996736],[38.762286,804810752],[38.79975,806920192],[38.916513,809451520],[39.147532,815411200],[39.178987,815415296],[39.449483,821727232],[39.655482,827682816],[39.976652,835457024],[39.998902,838627328],[40.046168,838639616],[40.181042,842067968],[40.393369,846274560],[40.485646,848850944],[40.487589,853045248],[40.556799,853049344],[40.733361,856674304],[41.030781,863768576],[41.033795,867991552],[41.103246,868139008],[41.359345,879009792],[41.383404,881115136],[41.527148,888053760],[41.528615,892243968],[41.57249,892334080],[41.800052,902238208],[42.10569,910172160],[42.220826,913833984],[42.223126,918028288],[42.253749,919605248],[42.338351,919613440],[42.666081,927154176],[42.890973,932696064],[43.201062,941735936],[43.397565,946126848],[43.899468,958447616],[43.940153,959946752],[44.316744,969932800],[44.466934,975007744],[44.576719,979415040],[44.626552,980484096],[44.736409,985268224],[44.834043,987459584],[44.871452,990429184],[44.999027,993902592],[45.188718,1000935424],[45.327124,1005228032],[45.329544,1009422336],[45.40496,1009438720],[45.700173,1017876480],[45.703127,1026195456],[45.869766,1026207744],[46.108531,1031946240],[46.506442,1043144704],[46.882483,1050734592],[46.994833,1053777920],[46.998034,1062166528],[47.142066,1062174720],[47.42971,1069346816],[47.628546,1074909184],[47.92752,1081778176],[48.14411,1087868928],[48.463241,1095929856],[48.464576,1098903552],[48.530719,1098919936],[48.755766,1104740352],[48.873518,1109364736],[48.876861,1117704192],[49.067235,1117708288],[49.403272,1126318080],[49.47711,1127219200],[49.479329,1135276032],[49.640761,1136611328],[49.668115,1138388992],[49.810339,1142775808],[49.832366,1145118720],[50.077476,1152438272],[50.454779,1161510912],