{"summary":{"timestamp":1374109428,"hash":"d300a64520294eac39a649c276b0b41a62a0fb99","max_memory":1701064704,"cpu_time":151.43,"pull_request":null},"memory_data":[[0.002997,8192],[0.011024,8245248],[0.066668,21893120],[0.08474,28430336],[0.13642,38334464],[0.174948,52195328],[0.188553,52060160],[0.235554,60915712],[0.290982,73560064],[0.344294,92332032],[0.367578,93130752],[0.39636,103141376],[0.415046,103739392],[0.492968,125607936],[0.512071,125612032],[0.625622,149172224],[0.736994,174731264],[0.756374,176844800],[0.821697,191340544],[0.842952,198938624],[0.871526,202379264],[0.908846,211496960],[0.942956,223027200],[1.05044,287313920],[1.242886,406851584],[1.297309,439222272],[1.348272,456179712],[1.406602,481202176],[1.454905,497553408],[1.534806,530714624],[1.561153,534945792],[1.662649,568336384],[1.704419,586350592],[1.743269,599121920],[1.857048,640253952],[1.981484,687161344],[2.044283,711974912],[2.059019,719933440],[2.186241,796487680],[2.435995,949575680],[2.503474,989331456],[2.630617,1066012672],[2.870014,1214148608],[2.949356,1261613056],[3.149858,1261633536],[3.194694,1265262592],[3.274965,1282887680],[3.283397,1287204864],[3.346708,1287229440],[3.382345,1301467136],[3.409786,1301774336],[3.42145,1317793792],[3.478292,1319768064],[3.488653,1391079424],[3.587974,1394872320],[3.623029,1399332864],[3.712546,1399341056],[3.811021,1401356288],[3.868061,1407447040],[4.054154,1409671168],[4.05598,1411903488],[4.765605,1411989504],[4.769692,1414115328],[4.973773,1414148096],[4.97449,1414762496],[5.176815,1415438336],[5.177899,1416941568],[5.266378,1418215424],[5.415354,1418240000],[5.435651,1419354112],[5.562104,1419440128],[5.619031,1421148160],[5.704615,1421176832],[5.76158,1422495744],[5.96338,1422528512],[5.96493,1424437248],[6.171108,1425264640],[6.374408,1425428480],[6.508277,1426714624],[6.509894,1428811776],[6.616898,1430085632],[6.794674,1430282240],[6.992498,1432436736],[7.130659,1432440832],[7.218544,1435156480],[7.381227,1435553792],[7.536085,1436946432],[7.543154,1438392320],[7.966466,1439813632],[8.28584,1439817728],[8.492577,1441214464],[8.545136,1442238464],[9.628262,1442242560],[9.866583,1443299328],[9.916318,1444241408],[10.196808,1445502976],[10.304276,1447268352],[10.424401,1447813120],[10.431833,1458065408],[10.717294,1460158464],[10.71815,1461252096],[10.840529,1462272000],[11.540144,1462374400],[11.641529,1464340480],[11.737661,1464590336],[11.738684,1465946112],[11.863651,1466019840],[11.965633,1468174336],[12.150589,1469431808],[12.157242,1472794624],[12.843538,1472798720],[12.886372,1477865472],[12.961898,1483722752],[13.053293,1486901248],[13.068513,1493356544],[13.202903,1505705984],[13.205761,1508728832],[13.24143,1510023168],[13.27011,1514668032],[13.35855,1521164288],[13.439886,1534148608],[13.472053,1543933952],[13.626738,1549418496],[14.199395,1549553664],[14.282307,1549967360],[14.702368,1550376960],[14.729905,1550966784],[16.193474,1550987264],[16.71129,1554849792],[16.860166,1555529728],[16.86352,1554653184],[17.191782,1557082112],[17.814327,1560285184],[18.246217,1563316224],[18.438209,1564307456],[18.551367,1565822976],[19.182421,1569374208],[19.619864,1570938880],[19.845165,1572478976],[20.109438,1573285888],[20.220107,1574322176],[20.580202,1576321024],[20.737365,1576812544],[21.053354,1579048960],[21.305832,1580097536],[21.480311,1581588480],[21.566048,1582936064],[21.566139,1585037312],[21.717898,1586761728],[22.045599,1588781056],[22.200612,1599238144],[22.204786,1601200128],[22.453833,1614524416],[22.790256,1631494144],[22.791885,1635586048],[22.833787,1635598336],[23.112583,1650008064],[23.507231,1671716864],[23.540505,1674563584],[23.711891,1684226048],[23.742428,1687990272],[23.936942,1693638656],[23.937508,1694416896],[24.090096,1698152448],[24.321019,1699725312],[24.328234,1688432640],[24.34257,1684234240],[24.648016,1682132992],[24.769836,1610825728],[25.478625,1610944512],[34.904989,1610977280],[35.73166,1611063296],[45.4876,1611083776],[45.725628,1611161600],[56.936834,1611169792],[57.208172,1611223040],[73.109322,1611235328],[77.606685,1611317248],[80.928987,1611325440],[85.184717,1611378688],[89.511196,1611399168],[93.340168,1611505664],[98.658293,1611517952],[101.346158,1611546624],[102.263106,1611751424],[105.021263,1611759616],[111.383126,1611853824],[111.773923,1612001280],[114.36465,1612070912],[116.136212,1612292096],[118.597784,1612357632],[118.752472,1612443648],[120.03981,1612455936],[121.608175,1612722176],[123.042554,1612734464],[124.436617,1613000704],[125.322707,1613004800],[127.049104,1613389824],[129.091715,1613496320],[129.632065,1613668352],[131.039937,1613856768],[133.862847,1613926400],[134.861258,1614036992],[137.115912,1614045184],[140.656223,1614188544],[140.747421,1614262272],[142.954306,1614303232],[145.947578,1614499840],[146.326789,1615020032],[146.637695,1615953920],[147.551789,1617776640],[147.556857,1618231296],[147.80569,1618702336],[148.191702,1619927040],[148.912001,1621700608],[148.927839,1646755840],[149.128289,1647226880],[150.599635,1647276032],[152.103386,1647443968],[152.183363,1664262144],[152.277665,1664274432],[152.391066,1667067904],[153.018418,1667153920],[153.09357,1671143424],[153.095322,1673768960],[153.178883,1676398592],[153.182109,1672589312],[153.275505,1673355264],[153.380884,1676115968],[153.407602,1682288640],[153.514322,1690763264],[153.53923,1699495936],[153.607045,1695735808],[153.607183,1693339648],[153.735768,1693343744],[154.655859,1692254208],[154.656445,1668558848],[154.661769,1659744256],[154.6635,1628512256],[154.689799,1636655104],[154.715629,1631490048],[154.726862,1644339200],[154.79189,1655549952],[154.811422,1670430720],[154.835188,1678778368],[154.870117,1679495168],[154.871091,1647263744],[154.878981,1629716480],[155.232241,1629614080],[155.248929,1626955776],[155.252703,1543905280],[155.260065,1460834304],[155.263725,1384435712],[155.271692,1304276992],[155.272765,1265266688],[155.280275,1185079296],[155.284016,1106374656],[155.291317,1026154496],[155.295076,947724288],[155.296841,946790400],[155.300615,868544512],[155.302395,867844096],[155.308966,748867584],[155.310716,748027904],[155.314506,670208000],[155.322702,550252544],[155.327245,509657088],[155.328177,471756800],[155.332649,430473216],[155.333584,392695808],[155.342389,272191488],[155.347061,230608896],[155.348367,192745472],[155.353442,150446080],[155.354718,111206400],[155.359637,70049792],[155.360905,31760384],[155.365958,14180352]],"pass_timing":[["parsing",0.919],["std macros injection",0.002],["configuration 1",0.365],["expansion",0.761],["configuration 2",0.448],["maybe building test harness",0.443],["std injection",0.162],["ast indexing",0.203],["external crate/lib resolution",0.119],["language item collection",0.044],["resolution",1.371],["looking for entry point",0],["freevar finding",0.082],["region resolution",0.135],["region parameterization inference",0.044],["type collecting",0.115],["coherence checking",0.176],["type checking",7.157],["const marking",0.827],["const checking",0.039],["privacy checking",0.167],["effect checking",0.052],["loop checking",0.031],["compute moves",0.654],["match checking",0.113],["liveness checking",0.181],["borrow checking",0.784],["kind checking",0.114],["reachability checking",0.053],["lint checking",0.239],["translation",8.297],["LLVM passes",129.894],["linking",0.215]]}