{"summary":{"timestamp":1369350275,"hash":"d49d0f82d9acf434a4107515d79d01f297f32430","max_memory":2434387968,"cpu_time":null,"pull_request":6704},"memory_data":[[0.001539,4096],[0.060682,880640],[0.09965,5750784],[0.227606,9998336],[0.323531,11169792],[0.402021,16031744],[0.60527,19517440],[0.744126,22933504],[0.828649,23863296],[0.845418,29052928],[0.953893,30060544],[1.026487,31723520],[1.145719,43929600],[1.180598,45555712],[1.221773,52224000],[1.292886,54915072],[1.315463,59527168],[1.368502,61825024],[1.418597,69627904],[1.456273,70090752],[1.458631,73097216],[1.497081,77901824],[1.548154,78041088],[1.595615,85327872],[1.649712,85331968],[1.690853,87932928],[1.795736,97320960],[1.935033,107196416],[1.973994,112386048],[2.014312,114020352],[2.057299,118398976],[2.07134,122974208],[2.160369,123912192],[2.191972,129286144],[2.268741,147214336],[2.310447,154861568],[2.34158,155832320],[2.439928,169054208],[2.460487,174043136],[2.586738,191815680],[2.658719,204931072],[2.691154,207831040],[2.753991,219922432],[2.804785,220200960],[2.813391,222728192],[2.970887,316723200],[3.119,408903680],[3.149702,415432704],[3.151264,424271872],[3.164216,419840000],[3.166601,437420032],[3.176518,428752896],[3.194738,429449216],[3.199654,465104896],[3.218917,447275008],[3.25542,448696320],[3.266077,520003584],[3.304057,484347904],[3.354812,486264832],[3.458048,487194624],[3.486965,506064896],[3.49036,524808192],[3.499577,534028288],[3.503419,554999808],[3.503861,529969152],[3.562589,530980864],[3.579979,540340224],[3.583039,548876288],[3.623561,549863424],[3.636638,568143872],[3.722056,568406016],[3.756376,569774080],[3.928016,569790464],[3.944983,573452288],[3.994617,577953792],[4.013796,582819840],[4.102123,585895936],[4.10265,588513280],[4.160938,588595200],[4.162195,593756160],[4.309745,593805312],[4.311916,604241920],[4.709516,604372992],[4.713602,625217536],[4.723355,624771072],[4.723505,609374208],[4.882201,610385920],[4.904749,613523456],[5.023427,613527552],[5.033532,619814912],[5.053386,619819008],[5.055722,627765248],[5.095723,629866496],[5.098857,644546560],[5.182712,644894720],[5.21772,646524928],[5.426935,647143424],[5.538421,650113024],[5.539073,651145216],[5.709849,653520896],[5.921606,655433728],[5.922189,657424384],[6.131224,658116608],[6.37022,660082688],[6.517106,664662016],[6.518078,668856320],[6.788522,669204480],[6.860046,669749248],[7.076517,674525184],[7.24202,674545664],[7.510584,677441536],[7.575202,677486592],[7.791503,679641088],[8.004494,680660992],[8.206737,683433984],[8.208445,691679232],[8.611566,691810304],[8.623199,694317056],[8.865151,694321152],[8.994673,695250944],[9.549257,700030976],[9.755605,701194240],[9.756237,703610880],[9.869369,703614976],[10.161025,706543616],[10.707928,709050368],[10.793168,710352896],[10.794652,712478720],[10.884347,712564736],[11.103077,716505088],[11.185974,716513280],[11.595464,719613952],[11.596649,722632704],[11.903144,722952192],[11.967361,727793664],[11.968631,732983296],[12.04044,733007872],[12.042925,743469056],[12.547333,743768064],[12.55048,760508416],[12.747743,760737792],[13.895751,762834944],[13.902813,760737792],[14.977421,760872960],[15.118768,762634240],[15.194804,765317120],[15.203202,790482944],[15.226297,809406464],[15.321281,809598976],[15.33015,820084736],[15.359903,822181888],[15.36163,825679872],[15.448053,825712640],[15.495929,829943808],[15.504922,846745600],[15.535502,864354304],[15.577148,867102720],[15.593957,884264960],[15.654093,888999936],[15.720318,891719680],[15.767296,895791104],[15.852868,900460544],[15.856301,907907072],[15.940734,912502784],[15.998452,917147648],[16.137695,933703680],[16.140678,941219840],[16.214212,946065408],[16.305615,950308864],[16.321207,952766464],[16.32523,961605632],[16.379031,964804608],[16.382063,972316672],[16.460211,978923520],[16.485338,1004384256],[16.496119,1004773376],[16.508883,1019719680],[16.566174,1023135744],[16.711235,1034162176],[16.784548,1039020032],[16.789774,1047408640],[16.941134,1057071104],[17.079943,1067663360],[17.114161,1069477888],[17.297465,1083748352],[17.309601,1102745600],[17.334424,1104510976],[17.343283,1113968640],[17.441043,1120960512],[17.574435,1128353792],[17.645254,1129574400],[17.742327,1135308800],[17.742824,1137405952],[17.902048,1150029824],[18.040854,1157427200],[18.173502,1167237120],[18.176566,1173528576],[18.324464,1185206272],[18.40588,1190846464],[18.469368,1193353216],[18.505235,1198137344],[18.609153,1204621312],[18.663827,1206988800],[18.820412,1218326528],[18.840133,1221488640],[18.902464,1224880128],[18.905064,1233268736],[19.050148,1241329664],[19.053114,1249718272],[19.133067,1255038976],[19.186136,1257279488],[19.194944,1276182528],[19.291076,1281634304],[19.348624,1286336512],[19.430377,1288867840],[19.43125,1290964992],[19.483614,1292197888],[19.557415,1298083840],[19.695935,1306365952],[19.910102,1322967040],[19.995583,1328177152],[20.037656,1332912128],[20.121633,1337114624],[20.18278,1341603840],[20.188632,1349996544],[20.307465,1358176256],[20.336003,1361018880],[20.409326,1364619264],[20.558671,1375924224],[20.714647,1386217472],[20.717925,1394860032],[20.747003,1396236288],[20.750442,1402609664],[20.87682,1411088384],[20.894883,1414471680],[21.101997,1425817600],[21.117704,1427554304],[21.137568,1443061760],[21.250983,1450487808],[21.251467,1452584960],[21.408999,1462226944],[21.409745,1466417152],[21.569023,1475710976],[21.772526,1489719296],[21.772918,1491816448],[21.911892,1501552640],[22.097561,1516077056],[22.1801,1520099328],[22.225192,1523535872],[22.228989,1534021632],[22.465564,1551634432],[22.474801,1568546816],[22.60723,1578270720],[22.614134,1592963072],[22.634455,1594499072],[22.64497,1613479936],[22.666315,1622913024],[22.692857,1651105792],[22.707834,1660223488],[22.715579,1679110144],[22.726108,1685843968],[22.737045,1704730624],[22.836627,1709948928],[22.85299,1737236480],[22.891799,1741328384],[22.995953,1743872000],[22.996808,1745715200],[23.243326,1751085056],[23.435657,1752244224],[23.438195,1742602240],[23.575109,1744269312],[23.680634,1746927616],[24.326212,1747070976],[26.255185,1747177472],[26.373021,1750515712],[26.899707,1750519808],[26.913547,1756676096],[26.938046,1756803072],[26.939753,1765064704],[26.988006,1766322176],[26.993407,1783099392],[27.098869,1784004608],[27.110142,1790300160],[27.118355,1823854592],[27.515632,1822892032],[27.515826,1791938560],[27.520105,1750515712],[27.919085,1750933504],[29.918777,1751064576],[29.950551,1752915968],[29.951436,1757093888],[30.021201,1757298688],[30.022922,1765482496],[30.764934,1765625856],[39.389481,1767723008],[39.390989,1782464512],[45.371533,1782464512],[47.984161,1784561664],[47.984699,1788755968],[48.01716,1783644160],[48.678513,1783803904],[48.678906,1785610240],[49.02623,1789865984],[49.026529,1790853120],[49.961305,1790857216],[49.961708,1793413120],[50.151346,1790922752],[50.381441,1791016960],[50.467066,1792192512],[50.467604,1794723840],[50.646936,1794867200],[50.647571,1799966720],[50.682728,1798238208],[50.682824,1790922752],[51.764217,1791021056],[51.894447,1791881216],[51.894744,1793126400],[52.547636,1795223552],[52.548043,1796788224],[52.737648,1796636672],[52.737798,1792331776],[52.845916,1792692224],[57.536382,1792815104],[57.537141,1796440064],[57.663311,1796444160],[57.841134,1798574080],[58.011256,1797980160],[58.011354,1796083712],[58.101942,1796096000],[58.131328,1791922176],[74.975428,1791926272],[74.9871,1824849920],[81.055033,1824862208],[81.181833,1826926592],[81.190003,1825505280],[81.330567,1827024896],[81.342329,1825517568],[81.437859,1826922496],[81.510028,1825574912],[81.709379,1825505280],[81.768132,1826766848],[81.818061,1825505280],[82.009355,1825964032],[82.105357,1825538048],[82.301942,1827880960],[82.458875,1827008512],[82.630765,1828139008],[83.166013,1829937152],[83.336951,1831055360],[83.40939,1832574976],[83.580258,1832710144],[83.59936,1833467904],[83.779302,1833459712],[83.945458,1834614784],[84.052034,1834704896],[84.108648,1837330432],[84.147337,