{"summary":{"timestamp":1406395876,"hash":"d4dfb7d84c2af1e3bb7b6efe41c22c4ab17118e8","max_memory":1861459968,"cpu_time":199.09,"pull_request":16000},"memory_data":[[0.003405,8192],[0.020779,17854464],[0.048792,21897216],[0.094049,24825856],[0.125372,29216768],[0.180481,41066496],[0.233643,47783936],[0.250516,53354496],[0.280591,57184256],[0.322512,67805184],[0.383266,79306752],[0.383316,81408000],[0.453427,89104384],[0.473818,95481856],[0.524901,102608896],[0.550706,102612992],[0.590212,128507904],[0.6437,160808960],[0.653397,160206848],[0.681919,140726272],[0.948854,144183296],[0.956224,146280448],[1.210764,149266432],[1.213292,151363584],[1.312556,152702976],[1.464993,165339136],[1.48583,170070016],[1.591461,180191232],[1.812937,197578752],[1.812987,199680000],[2.009273,216473600],[2.009322,218570752],[2.121027,227004416],[2.121432,229101568],[2.183268,231968768],[2.193916,224731136],[2.271527,229634048],[2.333729,261828608],[2.379288,290091008],[2.557374,292192256],[2.612919,325799936],[2.649392,325668864],[2.676424,313757696],[2.748616,317833216],[2.82734,325799936],[2.912541,325804032],[2.958129,331030528],[3.031604,333705216],[3.067589,338386944],[3.121576,338194432],[3.151134,325255168],[3.252522,325292032],[3.271062,328564736],[3.297049,340623360],[3.308574,350117888],[3.346846,362352640],[3.406501,368701440],[3.406807,370798592],[3.461409,372912128],[3.462125,379203584],[3.518415,381300736],[3.586276,381329408],[3.590835,396009472],[3.657393,396058624],[3.662277,402350080],[3.825437,402444288],[3.832085,404541440],[3.83737,421318656],[3.841656,415027200],[3.911036,415068160],[3.925953,419262464],[4.2818,419553280],[4.284568,404803584],[4.387256,405172224],[4.449423,413585408],[4.570012,413589504],[4.624837,414629888],[4.64231,417558528],[4.755746,417820672],[4.828582,419389440],[4.837518,425713664],[4.901141,432132096],[4.914993,444719104],[4.991633,445136896],[4.991683,440942592],[5.095531,447340544],[5.277748,453632000],[5.418088,457826304],[5.43782,464117760],[5.478098,468312064],[5.710594,472506368],[5.821507,472510464],[5.821717,474603520],[6.020547,478797824],[6.127702,482992128],[6.208755,482992128],[6.209421,485089280],[6.289028,489283584],[6.40906,491380736],[6.503189,495575040],[6.761518,499769344],[6.828741,501866496],[6.828894,503963648],[6.971344,506060800],[7.061106,510255104],[7.067998,533323776],[7.077265,520740864],[7.111611,524935168],[7.218304,527032320],[7.218405,529129472],[7.455065,531226624],[7.635645,535420928],[7.663304,537518080],[7.744259,539615232],[7.872795,545906688],[8.326819,548003840],[8.342421,550100992],[8.470461,552198144],[8.657142,554295296],[8.756197,556392448],[8.937307,558489600],[9.081218,562683904],[9.215113,564781056],[9.305421,568975360],[9.305677,573169664],[9.515325,575266816],[9.515531,579461120],[9.687402,581558272],[9.85627,585752576],[10.082902,587849728],[10.206709,589946880],[10.285265,594141184],[10.306247,598335488],[10.600434,600432640],[10.747726,602529792],[10.814918,604626944],[11.023887,606724096],[11.237273,610918400],[11.241675,642375680],[11.254909,659152896],[11.264108,633987072],[11.311998,636084224],[11.442747,638181376],[11.49842,640278528],[11.55001,646569984],[11.629362,648667136],[11.637448,652861440],[11.698186,654958592],[11.702589,657055744],[11.797383,663347200],[11.892415,673832960],[11.900816,667541504],[12.448469,669638656],[12.510706,671735808],[12.660174,673832960],[12.771343,678027264],[12.778833,680124416],[13.119862,682225664],[13.190143,684322816],[13.201668,690614272],[13.29462,692711424],[13.330738,696905728],[13.335576,701100032],[13.47974,703197184],[13.484326,701100032],[13.630015,705294336],[13.751217,707391488],[13.888169,711585792],[13.913103,713682944],[14.142948,715780096],[14.318457,717877248],[14.443157,717877248],[14.444394,724168704],[14.710985,726265856],[14.82249,728363008],[15.097452,730460160],[15.359839,734654464],[15.679607,740945920],[15.815591,745140224],[15.815694,747237376],[16.133573,749334528],[16.347212,751431680],[16.413494,753528832],[16.593627,755625984],[16.616193,757723136],[16.751016,759820288],[16.823974,761917440],[17.056535,761937920],[17.091129,765132800],[17.184254,766885888],[17.309135,767963136],[17.354809,770514944],[17.532031,771735552],[17.537229,776376320],[17.764363,776433664],[17.906872,777879552],[17.985905,781316096],[18.182071,781385728],[18.231006,783151104],[18.327004,783298560],[18.507845,785928192],[18.575833,786042880],[18.720988,787881984],[18.866971,791445504],[18.999123,791801856],[19.128436,793657344],[19.285906,794513408],[19.357562,797564928],[19.429423,797810688],[19.480891,800620544],[19.588264,801042432],[19.6043,802381824],[19.78242,803430400],[19.954451,806424576],[20.009761,810496000],[20.073519,812548096],[20.081554,820686848],[20.087769,847769600],[20.111203,881344512],[20.114269,881360896],[20.137933,914866176],[20.137985,864550912],[20.190622,868372480],[20.326506,868491264],[20.506956,870588416],[20.752127,870608896],[20.851576,871358464],[20.89946,875687936],[21.114645,877785088],[21.202223,879882240],[21.20851,890368000],[21.315256,894562304],[21.736324,898756608],[21.821585,900853760],[21.822676,915533824],[21.831801,923889664],[21.831855,911339520],[21.863994,915533824],[22.441921,917630976],[22.466877,919728128],[22.46718,923922432],[22.519807,926543872],[22.560339,923308032],[22.560542,917630976],[22.922247,902950912],[23.735416,905048064],[23.830163,907145216],[23.832554,911339520],[23.884856,913436672],[23.886843,911339520],[26.961579,913436672],[27.53438,917630976],[27.596968,919728128],[27.612406,940699648],[27.612456,928116736],[27.696191,928952320],[27.701877,931856384],[28.04995,935575552],[28.225286,936017920],[28.263287,938446848],[28.2702,946835456],[28.578686,948748288],[28.578738,950845440],[28.663956,950947840],[28.789441,953044992],[28.852213,955142144],[29.358551,955146240],[29.430928,958627840],[29.696353,969244672],[29.69645,971341824],[29.79053,974630912],[29.791289,976216064],[29.921421,981475328],[30.313058,994430976],[30.411221,998797312],[30.889106,1015660544],[30.902825,1024356352],[31.022727,1029132288],[31.099827,1034821632],[31.198958,1038364672],[31.199263,1042558976],[31.400765,1050198016],[31.446057,1051226112],[31.601505,1058570240],[31.739102,1063075840],[31.788174,1065656320],[31.89572,1068351488],[32.27495,1082347520],[32.275103,1084444672],[32.448558,1090170880],[32.815092,1104326656],[33.015119,1110978560],[33.25607,1120317440],[33.549006,1132527616],[33.721994,1138778112],[33.777785,1140133888],[33.792463,1144455168],[33.925584,1149157376],[34.012071,1151066112],[34.18011,1156341760],[34.181791,1157935104],[34.43401,1166254080],[34.77003,1180155904],[34.848852,1182801920],[34.851776,1189093376],[35.036663,1196036096],[35.192205,1200164864],[35.331859,1205608448],[35.475882,1210466304],[35.544678,1212022784],[35.821095,1220759552],[35.823812,1227051008],[36.293834,1240928256],[36.318748,1243619328],[36.321861,1249910784],[36.523605,1256456192],[36.670766,1259073536],[37.222365,1277743104],[37.32755,1280655360],[37.431082,1284640768],[37.725001,1292701696],[38.04697,1302626304],[38.1731,1307275264],[38.263745,1309777920],[38.266677,1316331520],[38.549563,1324298240],[38.684787,1329106944],[39.142448,1341882368],[39.319139,1348456448],[39.503771,1350672384],[39.733615,1358733312],[39.956751,1365749760],[40.164652,1372884992],[40.165414,1374199808],[40.338133,1378816000],[40.341629,1380913152],[40.635941,1390153728],[40.844748,1398874112],[41.038175,1407655936],[41.294707,1416531968],[41.294807,1418629120],[41.565067,1427300352],[41.567349,1433591808],[41.758646,1440538624],[42.002051,1450311680],[42.044273,1451552768],[42.314171,1462235136],[42.420675,1465180160],[42.643116,1472983040],[42.897033,1481383936],[42.961601,1482948608],[42.966792,1486094336],[43.173163,1494171648],[43.331922,1499209728],[43.471516,1505058816],[43.471642,1507155968],[43.55129,1509916672],[43.951162,1525587968],[44.188021,1533833216],[44.931677,1563058176],[45.062442,