{"summary":{"timestamp":1359503549,"hash":"d5c6d94e7e483d7aacc453d798619b641ad243a3","max_memory":1041936384,"cpu_time":82.38,"pull_request":null},"memory_data":[[0.003046,8192],[0.042596,5324800],[0.126309,9154560],[0.244654,16220160],[0.61737,40886272],[0.789593,52629504],[1.284103,84774912],[1.312794,85434368],[1.435477,106975232],[1.749835,161177600],[2.204657,161193984],[2.237859,166809600],[2.342897,167407616],[3.501172,167440384],[3.583754,174305280],[3.618392,175812608],[3.666011,180903936],[3.855358,181108736],[3.947897,183201792],[3.971353,185233408],[4.075193,185372672],[4.143705,186486784],[4.166363,196468736],[4.209726,197144576],[4.224083,205856768],[4.257117,207196160],[4.264297,220680192],[4.366716,221945856],[8.58854,222048256],[8.732366,222085120],[8.824609,229920768],[8.828501,234106880],[8.866323,234115072],[8.925775,239378432],[9.000257,240787456],[9.014613,249774080],[9.269036,257343488],[9.438817,258162688],[9.552232,260497408],[9.648114,260980736],[9.813458,263364608],[10.045683,265326592],[10.327753,266629120],[10.357453,267616256],[10.491057,267837440],[10.617206,268857344],[10.618358,269901824],[10.757565,269930496],[11.151266,272433152],[11.449719,277245952],[11.627653,277397504],[11.766979,278413312],[11.811212,279859200],[11.943754,280027136],[11.945895,282062848],[12.11579,282107904],[12.194592,283803648],[12.290905,284209152],[12.60383,287100928],[12.784966,287133696],[12.935772,287772672],[13.445279,290746368],[13.607218,292040704],[13.757265,292425728],[13.797254,293412864],[13.917454,293675008],[14.006389,294916096],[14.179154,295034880],[14.411931,295964672],[14.498857,298688512],[14.687866,298704896],[14.856228,299827200],[15.067291,300359680],[15.368898,302604288],[15.527426,302944256],[15.531192,307064832],[15.862619,307093504],[16.008907,308318208],[16.304938,309383168],[16.382652,310861824],[16.54136,310898688],[16.730565,311730176],[16.816099,313245696],[17.000289,314441728],[17.188512,314843136],[17.21586,315711488],[17.557314,318091264],[17.744492,318795776],[17.93256,318930944],[18.082381,319574016],[18.105208,320520192],[18.227386,320585728],[18.340074,321482752],[18.377939,322695168],[18.771309,323809280],[19.119014,325365760],[19.201908,326746112],[19.442346,326934528],[20.030517,329904128],[20.140022,329912320],[20.423406,331005952],[20.537422,332660736],[20.687879,332922880],[20.9894,335720448],[21.123646,335745024],[21.228819,336687104],[21.281406,338145280],[21.542151,338644992],[21.788931,340455424],[21.896597,340459520],[22.005906,341790720],[22.141917,341983232],[22.291221,343187456],[22.446923,353705984],[22.450753,357896192],[22.52605,359477248],[22.91917,359534592],[23.072557,364908544],[23.074762,367005696],[23.169443,368603136],[23.388716,368754688],[23.527524,369643520],[23.528436,371970048],[23.97779,372224000],[24.263361,375365632],[25.118256,375418880],[25.163687,376819712],[25.262687,377352192],[25.268732,387842048],[25.42187,388468736],[25.481694,392728576],[25.602677,392749056],[25.736274,397500416],[25.811471,398434304],[25.93328,404062208],[26.170885,410087424],[26.4691,423002112],[26.508212,424214528],[26.515278,432607232],[26.556395,430514176],[26.745586,435867648],[26.950512,438960128],[27.018757,441630720],[27.367159,448094208],[27.544183,453386240],[27.637939,455430144],[28.262368,473169920],[28.487235,478388224],[28.661858,483373056],[29.088121,496750592],[29.265747,500776960],[29.429742,505806848],[29.663104,511582208],[29.874407,517656576],[30.195356,525537280],[30.348077,530771968],[30.717383,541503488],[30.75044,541622272],[30.994295,548450304],[31.107489,553201664],[31.246139,557981696],[31.318445,559558656],[31.325459,567898112],[31.527831,567918592],[31.716674,572690432],[31.866497,575770624],[32.310033,588505088],[32.446905,591093760],[32.532278,594649088],[32.803526,601341952],[33.045943,605401088],[33.282244,611508224],[33.301474,613687296],[33.389631,615804928],[33.921309,630820864],[34.082154,633937920],[34.08271,636035072],[34.229897,639393792],[34.37492,641982464],[34.540742,645697536],[34.669068,649441280],[34.74223,650629120],[34.86167,654065664],[34.925187,654639104],[35.114057,660074496],[35.353955,662843392],[35.691526,672407552],[35.708752,675143680],[35.800303,676929536],[35.950405,680984576],[36.112955,686620672],[36.336276,691716096],[36.488052,696434688],[36.643243,699617280],[36.693393,701759488],[36.890798,706113536],[37.111805,712183808],[37.154221,712531968],[37.396089,719327232],[37.548742,724131840],[37.759144,729219072],[37.991074,733855744],[38.16141,738578432],[38.325128,741851136],[38.544974,747843584],[38.571568,752844800],[38.776128,759287808],[38.867917,763035648],[39.016935,767627264],[39.017031,769740800],[39.068325,771706880],[39.261069,776368128],[39.481515,783052800],[39.516262,792358912],[39.89019,803274752],[39.902015,804200448],[40.144187,810635264],[40.270173,814645248],[40.384799,817000448],[40.532898,821272576],[40.842196,829214720],[40.84577,831311872],[41.191989,841138176],[41.192747,843235328],[41.300766,845533184],[41.853713,861052928],[42.031407,865607680],[42.042677,866660352],[42.273269,872898560],[42.52515,878465024],[42.856695,889184256],[42.901048,891719680],[43.053075,896483328],[43.098768,902193152],[43.194079,904331264],[43.281444,907722752],[43.332519,911323136],[43.4327,913010688],[43.65228,914497536],[43.653801,916766720],[43.863607,918245376],[44.050751,918261760],[44.056325,914169856],[44.315206,913883136],[44.316016,868028416],[44.456158,868159488],[44.527857,870846464],[44.73679,871227392],[46.417723,871264256],[46.445624,871710720],[47.34615,873811968],[47.347931,888492032],[47.557507,892477440],[47.56296,898805760],[47.569735,965922816],[47.591632,965918720],[47.59175,949141504],[47.602956,954560512],[47.638163,956657664],[48.069717,949506048],[48.07801,928464896],[48.078196,871841792],[48.662577,872054784],[52.323926,872312832],[52.572941,872751104],[63.823718,872775680],[67.249343,872849408],[68.979966,874954752],[68.98378,890556416],[125.980822,890560512],[125.983945,924114944],[125.994665,923496448],[125.995089,907468800],[144.055092,907542528],[144.474595,907571200],[144.489447,914034688],[144.50148,908414976],[144.560527,911126528],[144.561891,915296256],[144.645799,916672512],[144.65511,920977408],[144.656584,937758720],[144.718738,939945984],[144.848525,939950080],[144.916595,940986368],[144.919269,951472128],[145.049558,953569280],[145.06289,955670528],[145.069331,1020682240],[145.448162,1026981888],[145.451109,1041661952],[145.453104,1001943040],[145.575899,1004040192],[145.666327,1004167168],[145.669936,1019633664],[145.707425,1021730816],[145.757326,954617856],[145.760931,929591296],[145.768444,951201792],[145.768629,928260096],[147.073936,927920128],[147.074497,919859200],[147.180292,919658496],[147.181988,918011904],[147.188575,800194560],[147.193689,681385984],[147.197202,639877120],[147.198153,595660800],[147.203872,515563520],[147.204708,444530688],[147.211369,358453248],[147.212307,313368576],[147.216282,272601088],[147.217417,213229568],[147.221589,172601344],[147.222754,133758976],[147.228114,54099968],[147.230537,42676224]],"pass_timing":[["parsing",1.251],["configuration",0.459],["maybe building test harness",0.409],["expansion",1.353],["intrinsic injection",0.042],["core injection",0],["building lint settings table",0.051],["ast indexing",0.211],["external crate/lib resolution",0.259],["language item collection",0.048],["resolution",4.227],["freevar finding",0.144],["region resolution",0.196],["region parameterization inference",0.067],["typechecking",13.285],["const marking",0.244],["const checking",0.047],["privacy checking",0.308],["loop checking",0.039],["mode computation",0.251],["match checking",0.212],["liveness checking",0.531],["borrow checking",0.629],["kind checking",0.207],["lint checking",0.345],["translation",19.009],["LLVM passes",102.229]]}