{"summary":{"timestamp":1367707716,"hash":"d74ac9ea03eb8faab72ce48b89dd47a14f45982a","max_memory":1392668672,"cpu_time":100.76,"pull_request":6240},"memory_data":[[0.001582,8192],[0.005982,8118272],[0.123845,10883072],[0.194886,13873152],[0.197417,16584704],[0.262728,15515648],[0.312254,17289216],[0.315813,21798912],[0.378489,19156992],[0.381896,22573056],[0.487449,21450752],[0.490698,25186304],[0.526399,24711168],[0.526552,21737472],[0.590408,25432064],[0.598726,35053568],[0.678451,33828864],[0.678746,29589504],[0.717087,29687808],[0.718755,32641024],[0.762176,30220288],[0.847585,30461952],[0.924924,33312768],[0.927356,36675584],[1.005951,35188736],[1.008188,38285312],[1.053489,35876864],[1.098214,36753408],[1.176654,40865792],[1.186914,52338688],[1.27733,50954240],[1.277691,44965888],[1.367375,45002752],[1.383435,55480320],[1.476876,54784000],[1.477261,48340992],[1.529055,48119808],[1.568004,50331648],[1.576623,60071936],[1.826658,59801600],[1.826954,55529472],[1.876974,55558144],[1.89504,58490880],[1.944519,57241600],[1.982838,61300736],[2.022333,59088896],[2.089738,60977152],[2.092106,64073728],[2.189086,62832640],[2.24534,66351104],[2.287005,65527808],[2.360799,66736128],[2.375362,70094848],[2.430763,69279744],[2.434183,73490432],[2.493223,69656576],[2.517277,72425472],[2.585207,72511488],[2.588078,76201984],[2.634843,73048064],[2.650065,74854400],[2.768506,76234752],[2.791175,78196736],[2.859738,79200256],[2.863896,83689472],[2.925579,84324352],[2.955568,81014784],[3.022613,83128320],[3.02468,85782528],[3.062496,83816448],[3.137686,87666688],[3.140833,91680768],[3.17212,91475968],[3.172422,86552576],[3.19977,86949888],[3.287303,108695552],[3.392553,133345280],[3.539359,166768640],[3.582074,177344512],[3.792902,226529280],[3.909136,234004480],[4.019814,244195328],[4.099352,249430016],[4.145903,255504384],[4.228722,261685248],[4.343631,263340032],[4.565257,275001344],[4.621076,280240128],[4.742302,285970432],[4.794038,289488896],[4.832315,289914880],[4.920884,296804352],[5.13597,310202368],[5.282809,320802816],[5.378325,345858048],[5.575292,394559488],[5.637012,410738688],[5.736216,410877952],[5.772755,420184064],[5.79061,420495360],[5.793619,438329344],[5.810295,429412352],[5.850241,430297088],[5.856474,465952768],[5.888674,448122880],[5.968918,449785856],[5.980158,521097216],[6.044364,521003008],[6.044539,485441536],[6.151203,487194624],[6.181804,506183680],[6.189531,529805312],[6.189585,508874752],[6.229648,509792256],[6.248231,518799360],[6.250968,526901248],[6.286013,528203776],[6.300219,549052416],[6.454269,550031360],[6.772856,550551552],[6.811428,556179456],[7.151265,556331008],[7.15225,558800896],[7.482785,558891008],[7.484047,564043776],[8.189045,564170752],[8.191736,574529536],[9.98291,576630784],[9.986678,595505152],[10.006689,595075072],[10.006916,579551232],[10.407717,580075520],[10.413516,582852608],[10.580704,582979584],[10.615424,587603968],[10.616475,591368192],[10.653698,591372288],[10.656673,598089728],[10.733152,600190976],[10.737288,614871040],[10.857009,615305216],[10.898958,616759296],[11.363373,617336832],[11.446593,618741760],[11.595566,619012096],[11.599672,621445120],[11.714911,622325760],[11.715416,623321088],[12.07224,625205248],[12.299404,625983488],[12.389919,626909184],[12.610572,627367936],[12.630535,629440512],[12.813342,629514240],[12.926866,630210560],[13.182802,633024512],[13.411535,633188352],[13.506808,634130432],[13.636499,634208256],[13.672432,635015168],[13.876464,635506688],[14.007079,636661760],[14.008331,640823296],[14.190832,641433600],[14.657282,641466368],[14.988868,643182592],[15.164363,643383296],[15.464368,644849664],[15.779744,645349376],[15.976841,646221824],[15.977353,647430144],[16.153036,647487488],[16.635541,649146368],[16.849704,650330112],[16.850074,651137024],[17.013805,651169792],[17.398167,653017088],[17.542897,653144064],[17.767233,654561280],[18.216045,655896576],[18.218127,664195072],[19.197505,664252416],[19.198442,666685440],[19.89432,666763264],[20.127727,667602944],[20.643901,668733440],[20.774322,670121984],[20.928898,670257152],[21.185381,671793152],[21.256965,672616448],[21.523021,673402880],[21.523873,675356672],[21.813528,675622912],[22.000502,676548608],[22.265281,677031936],[22.660957,678559744],[22.695057,683569152],[22.719844,683610112],[22.72142,688812032],[22.799377,688926720],[22.801996,699297792],[23.610474,699486208],[24.002951,699822080],[24.108083,702627840],[24.309482,702529536],[24.309563,701599744],[24.967959,701685760],[25.070891,703258624],[25.191539,703664128],[25.236713,705753088],[25.239139,717148160],[25.291588,724787200],[25.396348,724836352],[25.459984,727015424],[25.507028,733306880],[25.597626,733310976],[25.661535,738299904],[25.676678,742494208],[25.765297,748785664],[25.828359,750784512],[25.841655,757170176],[25.930997,759287808],[26.175917,772980736],[26.206569,773922816],[26.223385,778301440],[26.360075,783425536],[26.398021,783761408],[26.529317,788238336],[26.705084,792842240],[26.706104,797036544],[26.807548,799395840],[27.006402,806666240],[27.006929,808763392],[27.160672,813985792],[27.282485,816611328],[27.343388,819089408],[27.345918,823279616],[27.44811,825270272],[27.449153,829464576],[27.530258,832094208],[27.530804,833667072],[27.598058,834916352],[27.626666,841621504],[27.637254,850231296],[27.858767,857538560],[28.039318,864628736],[28.086682,865759232],[28.249036,872357888],[28.275679,872525824],[28.461937,878682112],[28.690763,887468032],[28.776672,890064896],[29.038525,899485696],[29.052704,900624384],[29.210946,906031104],[29.228753,912334848],[29.284956,913793024],[29.309023,917180416],[29.473651,923217920],[29.502557,923455488],[29.72531,930516992],[29.881379,932323328],[30.016838,936566784],[30.01693,938663936],[30.100018,942559232],[30.326908,951099392],[30.417841,952946688],[30.519225,956899328],[30.566247,957382656],[30.821632,966467584],[30.822571,970661888],[30.978032,976572416],[31.016703,977313792],[31.115277,982077440],[31.262318,987160576],[31.558794,994091008],[31.644857,997765120],[31.737699,999575552],[31.780741,1001803776],[31.964499,1007841280],[32.123927,1014054912],[32.172395,1015259136],[32.199492,1020502016],[32.257955,1020833792],[32.29268,1022935040],[32.480488,1028452352],[32.480922,1030549504],[32.636068,1035636736],[32.733476,1037619200],[32.735809,1041833984],[32.883934,1046265856],[32.999512,1050714112],[33.118983,1052512256],[33.235475,1055531008],[33.351491,1060016128],[33.380811,1062125568],[33.62708,1069658112],[33.924553,1080086528],[34.053509,1085034496],[34.245386,1091284992],[34.296293,1093926912],[34.445757,1099059200],[34.543023,1100509184],[34.736038,1107177472],[34.794221,1109954560],[34.939082,1114251264],[35.041786,1118343168],[35.262338,1125851136],[35.420958,1130553344],[35.568328,1135591424],[35.570409,1137934336],[35.631705,1139400704],[35.63531,1143676928],[35.670217,1146519552],[35.862715,1151471616],[35.969955,1155031040],[35.973824,1171808256],[36.28543,1171820544],[36.471874,1178157056],[36.498972,1187299328],[36.943145,1201283072],[36.956686,1204142080],[37.283029,1214525440],[37.471033,1219555328],[37.631944,1225076736],[37.664912,1227186176],[37.797277,1231273984],[37.812192,1233498112],[37.899162,1237504000],[38.014616,1240801280],[38.324459,1253007360],[38.458471,1256677376],[38.539996,1259708416],[38.540931,1263902720],[38.783118,1272459264],[38.869853,1274949632],[39.004206,1280315392],[39.011283,1284644864],[39.157069,1290711040],[39.258288,1293991936],[39.262769,1300299776],[39.296656,1301434368],[39.302524,1305743360],[39.34939,1310584832],[39.363295,1318449152],[39.476447,1321414656],[39.478136,1325617152],[39.572568,1330442240],[39.721024,1331953664],[39.721899,1333805056],[40.122042,1338122240],[40.362543,1339125760],[40.368705,1330520064],[40.52008,1330155520],[40.527325,1185812480],[40.586038,1186304000],[40.651327,1189810176],[41.812323,1189969920],[42.638357,1192067072],[42.64058,1189969920],[45.046742,1190072320],[45.050437,1190309888],[46.010601,