{"summary":{"timestamp":1359161884,"hash":"d753ad4ee44cbcf39868b8d5738fe4ffc88acaf2","max_memory":1043361792,"cpu_time":83.48,"pull_request":null},"memory_data":[[0.003284,8192],[0.011744,2818048],[0.096627,4476928],[0.529698,19324928],[0.885485,32096256],[1.144135,41046016],[1.458236,52572160],[1.913191,68390912],[2.383363,84516864],[2.415494,85147648],[2.691499,135593984],[2.832215,160858112],[3.275793,160882688],[3.308822,166744064],[3.421778,167354368],[4.526108,167313408],[4.616132,174284800],[4.660945,179298304],[4.871745,179597312],[4.964059,181698560],[4.987535,183758848],[5.184777,185217024],[5.196551,192405504],[5.238603,195080192],[5.252576,203608064],[5.30115,204992512],[5.307529,217767936],[5.422708,218124288],[5.433468,219029504],[5.7367,219148288],[8.015335,219160576],[9.109943,219238400],[9.165171,220667904],[9.167274,222683136],[9.219818,224100352],[9.221474,228298752],[9.263946,228302848],[9.327134,233299968],[9.414378,234553344],[9.418315,241991680],[9.566404,246571008],[9.629575,250261504],[9.80878,251043840],[9.912774,253366272],[10.383144,258170880],[10.67189,259473408],[10.817003,260915200],[11.061528,261734400],[11.080434,263008256],[11.242977,263376896],[11.439635,264704000],[11.724752,269144064],[11.903323,269287424],[12.044246,270213120],[12.09145,271765504],[12.369816,272510976],[12.400709,275193856],[12.528712,275836928],[12.830223,278499328],[13.036962,278683648],[13.208561,279957504],[13.460746,281182208],[13.5565,282259456],[13.823562,283295744],[14.07804,285622272],[14.297572,285704192],[14.46892,286552064],[14.541565,289263616],[14.76923,289402880],[14.887937,290201600],[15.113004,290734080],[15.404545,292806656],[15.643092,293519360],[15.731009,294584320],[15.847347,294604800],[16.013102,295710720],[16.015355,299905024],[16.319553,299937792],[16.726193,301031424],[16.858838,302792704],[17.103815,303587328],[17.501625,306069504],[17.805696,306761728],[18.11978,308326400],[18.253423,310042624],[18.462557,311103488],[18.686385,311595008],[18.941938,312766464],[18.988687,314028032],[19.404875,315027456],[19.804417,317075456],[19.966187,317145088],[20.162084,318087168],[20.273729,319520768],[20.430293,319717376],[20.619103,320892928],[20.718296,322252800],[20.867221,322400256],[20.985043,324673536],[21.194209,324997120],[21.289466,326172672],[21.490934,327106560],[21.602783,327110656],[21.703112,328433664],[21.925185,329105408],[21.990367,330002432],[22.153788,340164608],[22.157608,344358912],[22.235492,345694208],[22.62237,345964544],[22.784718,351326208],[22.78701,353427456],[22.883863,354889728],[23.097817,354955264],[23.240544,355811328],[23.241453,357908480],[23.383474,360042496],[23.388271,357945344],[23.692821,358072320],[23.983555,361480192],[24.899739,361635840],[24.94222,362942464],[25.041377,363573248],[25.051797,375586816],[25.236602,376287232],[25.248437,378384384],[25.35247,378400768],[25.499087,384147456],[25.611284,384626688],[25.719877,389464064],[25.961121,396288000],[25.99359,396292096],[26.279593,408571904],[26.319438,411897856],[26.516373,417550336],[26.605651,418361344],[26.699475,420691968],[26.754038,420909056],[26.869102,424173568],[27.046203,428253184],[27.116384,428421120],[27.219616,430166016],[27.564733,439926784],[27.569649,448335872],[27.611789,447295488],[27.611864,444137472],[27.917713,452845568],[27.932989,452853760],[28.179411,460230656],[28.303501,462012416],[28.702734,472576000],[29.051414,483729408],[29.150195,485302272],[29.405751,492662784],[29.777613,502505472],[30.238988,514416640],[30.368095,518803456],[31.093799,539463680],[31.146003,542466048],[31.270919,546799616],[31.64039,555999232],[31.672717,556003328],[31.90886,561598464],[32.357216,574599168],[32.514834,577638400],[32.599445,581148672],[32.883922,588144640],[33.141151,593121280],[33.391757,601010176],[33.49149,603172864],[33.868604,614113280],[34.119723,620617728],[34.224055,622002176],[34.224756,625008640],[34.37485,628502528],[34.516821,631123968],[34.68495,634941440],[34.816249,638816256],[34.891573,640073728],[35.010337,643510272],[35.076513,644145152],[35.244276,648601600],[35.703168,661778432],[35.703348,663875584],[35.929053,669118464],[36.058696,673353728],[36.065772,681746432],[36.258022,681766912],[36.390665,684806144],[36.532456,689205248],[36.687578,692436992],[36.737817,694542336],[37.23134,706183168],[37.467881,712916992],[37.560985,716107776],[37.721083,719290368],[37.822795,722231296],[38.127596,729055232],[38.2918,733372416],[38.439605,736604160],[38.496056,736948224],[38.715332,742969344],[38.742353,748011520],[39.13661,761032704],[39.24479,765403136],[39.632398,775241728],[39.66817,776708096],[39.697812,786542592],[39.934898,793567232],[39.935073,795664384],[40.115916,800911360],[40.12608,801837056],[40.378607,808697856],[40.506655,813199360],[40.62239,815284224],[40.785472,820035584],[41.111931,828542976],[41.464964,838557696],[41.466336,842752000],[41.63256,846692352],[42.155138,861671424],[42.189313,862105600],[42.410578,868462592],[42.419412,869515264],[42.598061,874188800],[42.666196,875372544],[42.947807,882753536],[43.23729,892043264],[43.281926,894615552],[43.461368,900337664],[43.461455,902434816],[43.520901,903729152],[43.568694,907276288],[43.694102,909471744],[44.043678,911831040],[44.045741,915066880],[44.240611,913944576],[44.245679,910241792],[44.499093,908353536],[44.49984,866197504],[44.666878,866811904],[44.722773,869240832],[44.91173,869396480],[46.695368,869433344],[46.730352,869879808],[47.735947,869949440],[47.738105,886661120],[47.946622,890646528],[47.953191,957759488],[47.974314,940978176],[47.995758,941486080],[47.997296,947769344],[48.040204,948801536],[48.500942,948375552],[48.508523,870010880],[49.161294,870232064],[53.817511,870490112],[54.06579,870928384],[65.612112,870952960],[68.511879,871034880],[70.279363,871165952],[70.284038,887681024],[129.576396,887824384],[129.579774,920670208],[129.592119,919994368],[129.592593,904593408],[147.198151,904667136],[147.72188,904773632],[147.723235,908746752],[147.8122,908836864],[147.819818,929787904],[147.936706,931598336],[147.936972,933695488],[148.034774,933842944],[148.035822,942084096],[148.084743,942309376],[148.087166,952795136],[148.215621,954892288],[148.224808,956993536],[148.231227,1022005248],[148.368465,1024102400],[148.735098,1030529024],[148.840429,1028567040],[148.84051,1022140416],[148.863265,1024237568],[148.925266,957124608],[148.928354,927805440],[148.936,949731328],[148.936092,926662656],[150.249828,925405184],[150.250299,918474752],[150.351615,918310912],[150.352495,878755840],[150.358946,797569024],[150.359824,753307648],[150.365453,672919552],[150.366286,634486784],[150.369978,592261120],[150.375159,466923520],[150.381204,383680512],[150.384637,293330944],[150.386082,292864000],[150.387234,222212096],[150.3899,172023808],[150.394055,132071424],[150.397926,52854784],[150.400326,42864640]],"pass_timing":[["parsing",2.306],["configuration",0.428],["maybe building test harness",0.393],["expansion",1.276],["intrinsic injection",0.041],["core injection",0],["building lint settings table",0.073],["ast indexing",0.208],["external crate/lib resolution",0.289],["language item collection",0.066],["resolution",3.552],["freevar finding",0.142],["region resolution",0.213],["region parameterization inference",0.059],["typechecking",12.579],["const marking",0.266],["const checking",0.05],["privacy checking",0.286],["loop checking",0.039],["mode computation",0.271],["match checking",0.216],["liveness checking",0.526],["borrow checking",0.659],["kind checking",0.2],["lint checking",0.395],["translation",19.416],["LLVM passes",105.233]]}