{"summary":{"timestamp":1364451019,"hash":"d7ba0acbf5aef70cb4afd162e0c0a1fa07813db7","max_memory":1262276608,"cpu_time":98.66,"pull_request":5579},"memory_data":[[0.001544,8192],[0.005736,7286784],[0.124305,9097216],[0.181615,11816960],[0.409867,20344832],[0.770013,34504704],[1.019405,43700224],[1.36159,57020416],[2.204164,88125440],[2.262185,88502272],[2.447041,136765440],[2.588315,172457984],[2.738585,211382272],[2.828191,233832448],[2.912415,240005120],[2.952237,241602560],[3.068912,252284928],[3.158468,257826816],[3.229412,266543104],[3.275762,270020608],[3.35032,271417344],[3.425982,274522112],[3.584039,283086848],[3.644493,288690176],[3.778648,294580224],[3.93085,303316992],[4.113446,316215296],[4.249196,324452352],[4.298491,329789440],[4.371771,330055680],[4.384555,338018304],[4.396149,335572992],[4.398581,346066944],[4.421628,341118976],[4.425781,362098688],[4.442688,361623552],[4.442772,351608832],[4.477155,352464896],[4.483526,394416128],[4.517926,373440512],[4.586471,375037952],[4.600184,458928128],[4.667871,416980992],[4.766951,418885632],[4.788203,428834816],[4.796843,444538880],[4.883424,447193088],[4.892087,458043392],[5.012976,458530816],[5.259761,464957440],[5.350016,466284544],[5.40159,470216704],[5.448806,476557312],[5.629948,479199232],[5.631326,481759232],[5.804653,481918976],[5.806448,487002112],[6.230323,487104512],[6.233899,497487872],[7.315223,497541120],[7.321898,518459392],[7.685467,518647808],[7.687973,527032320],[7.739635,529133568],[7.743052,543813632],[7.841247,545390592],[8.226067,545628160],[8.300551,546033664],[8.690315,546136064],[8.830427,546504704],[8.83172,550244352],[9.093959,550408192],[9.19866,551407616],[9.327054,551575552],[9.65803,553988096],[9.829915,556511232],[9.83325,563847168],[10.454107,564158464],[10.585972,566202368],[10.713547,566833152],[10.988399,569905152],[11.304366,570515456],[11.46063,571879424],[11.77197,572964864],[11.964496,575037440],[11.969294,590565376],[13.185831,590614528],[13.501985,590856192],[13.502453,591990784],[13.696892,592146432],[13.709327,592797696],[13.943274,593158144],[14.246079,594661376],[14.246572,595640320],[14.630311,597114880],[14.693826,598114304],[14.877024,598487040],[15.118647,600686592],[15.546849,602595328],[15.754383,603856896],[15.823128,604786688],[16.171506,605478912],[16.300185,606556160],[16.488553,607117312],[16.549,608456704],[16.725636,608677888],[16.848427,609435648],[17.127413,610295808],[17.161795,613482496],[17.613547,613613568],[17.679504,615714816],[17.685489,642977792],[19.560138,643092480],[20.057954,643252224],[20.175097,643612672],[20.386364,645345280],[20.549014,645595136],[20.643401,648724480],[20.681606,651382784],[20.682994,656474112],[20.814236,656486400],[20.817105,666959872],[22.948415,667115520],[23.254253,667418624],[23.277269,670593024],[23.377254,669822976],[23.582688,669827072],[23.671968,671150080],[23.873085,671973376],[23.924249,672792576],[23.926611,683229184],[23.950557,687423488],[24.200357,687890432],[24.217113,693460992],[24.289346,695558144],[24.28975,697655296],[24.457778,697663488],[24.516552,700174336],[24.522621,706465792],[24.58576,710660096],[24.664649,712757248],[24.748133,718503936],[24.856578,720605184],[24.913883,724664320],[25.091164,732672000],[25.091328,735129600],[25.202177,740106240],[25.288265,742092800],[25.425808,742944768],[25.587195,747167744],[25.821905,751304704],[25.822508,755499008],[26.001634,757825536],[26.099601,760111104],[26.196417,763748352],[26.272158,765440000],[26.272596,767537152],[26.435542,772059136],[26.578694,773001216],[26.658473,774701056],[26.745905,777859072],[26.826588,778723328],[26.826949,780820480],[27.014566,785432576],[27.025398,793858048],[27.049119,800714752],[27.126498,803381248],[27.263395,805212160],[27.362023,807505920],[27.519389,812826624],[27.608892,816820224],[27.761917,822280192],[27.820406,822358016],[28.006779,827129856],[28.132002,828383232],[28.268191,833646592],[28.435115,839106560],[28.512037,839688192],[28.596211,842563584],[28.662147,843407360],[28.831437,848424960],[28.948328,850726912],[29.073871,854536192],[29.1829,856494080],[29.18752,860798976],[29.416778,868401152],[29.451609,868515840],[29.572453,872636416],[29.652625,873304064],[29.738085,876265472],[29.924682,876802048],[30.125154,878620672],[30.210309,881455104],[30.317211,883036160],[30.317552,885133312],[30.420009,888946688],[30.480968,890007552],[30.5289,892956672],[30.663625,896585728],[30.844188,898748416],[30.907423,900935680],[31.013476,903008256],[31.076689,903106560],[31.380673,911437824],[31.381092,913534976],[31.545832,919449600],[31.65097,920207360],[31.765283,924905472],[31.766272,927006720],[31.882494,928165888],[31.945369,930652160],[32.046242,931168256],[32.074696,932421632],[32.240824,934060032],[32.295419,936071168],[32.377392,936923136],[32.44321,939515904],[32.523173,940138496],[32.561108,942538752],[32.673632,946311168],[32.702337,946315264],[32.859382,951832576],[32.903158,954224640],[32.960143,954228736],[33.090792,958730240],[33.091717,965021696],[33.247009,966225920],[33.247364,968323072],[33.34268,969637888],[33.414997,971919360],[33.620134,974282752],[33.713985,976650240],[33.714242,978747392],[33.805348,979968000],[33.912402,983785472],[34.084522,985710592],[34.08594,989917184],[34.145055,991895552],[34.212532,992157696],[34.268089,994009088],[34.327807,994091008],[34.454826,998731776],[34.727473,1000329216],[34.727912,1002426368],[34.816179,1004621824],[34.885675,1004929024],[35.060025,1010946048],[35.221048,1013547008],[35.332566,1016406016],[35.467729,1021014016],[35.578414,1023082496],[35.734841,1027559424],[35.764038,1027563520],[35.944338,1032708096],[36.013001,1033109504],[36.086532,1036058624],[36.180156,1037258752],[36.266386,1040302080],[36.480418,1041743872],[36.704742,1048137728],[36.766758,1050701824],[36.870395,1051230208],[36.913695,1052889088],[37.009183,1054105600],[37.170872,1059721216],[37.318379,1061056512],[37.460554,1064980480],[37.608012,1067360256],[37.706796,1070759936],[37.781285,1072099328],[37.793672,1075183616],[37.84234,1076125696],[37.866297,1081266176],[38.032809,1085894656],[38.115414,1087283200],[38.249263,1091244032],[38.434796,1094672384],[38.711017,1100476416],[38.798001,1102798848],[38.832622,1114247168],[39.335911,1128468480],[39.336466,1130565632],[39.397367,1130582016],[39.46491,1132408832],[39.471932,1137131520],[39.85003,1146949632],[40.074907,1151885312],[40.189341,1155477504],[40.36296,1158979584],[40.363638,1163173888],[40.396759,1163304960],[40.512472,1167503360],[40.675192,1170096128],[40.800032,1174392832],[40.801476,1178587136],[40.860177,1178599424],[41.012557,1184702464],[41.110821,1187115008],[41.1975,1187852288],[41.285734,1190748160],[41.29744,1193373696],[41.430755,1197703168],[41.459454,1197707264],[41.565552,1201393664],[41.701782,1203064832],[41.795259,1205227520],[41.918299,1210470400],[42.087583,1216208896],[42.146783,1220317184],[42.181872,1221050368],[42.185259,1227358208],[42.225324,1228636160],[42.260734,1233874944],[42.28132,1240780800],[42.401921,1243262976],[42.404852,1248276480],[42.497678,1252306944],[42.569499,1253928960],[42.987673,1257451520],[42.994839,1261928448],[43.215948,1261477888],[43.217767,1252585472],[43.394655,1223221248],[43.395535,1093193728],[43.467749,1094209536],[43.530131,1096536064],[44.81489,1096630272],[44.817916,1096974336],[45.612254,1096994816],[45.61666,1113620480],[45.730506,1113821184],[45.731297,1117671424],[45.826413,1117790208],[45.833348,1184903168],[45.861266,1184751616],[45.867612,1180585984],[46.302769,1178935296],[46.310687,1098792960],[46.919777,1099177984],[50.412601,1099182080],[50.416821,1114005504],[50.985773,1114124288],[64.708288,1114193920],[89.014636,1114292224],[89.016749,1124679680],[89.179356,1124294656],[89.179529,1114324992],[114.170357,1116426240],[114.17352,1147883520],[114.185092,1145733120],[114.185473,1131106304],[168.433742,1131134976],[169.160969,1131466752],[169.172553,1138257920],[169.185469,1131315200],[169.242579,1131560960],