{"summary":{"timestamp":1368058177,"hash":"d82d9874a6f88e0afa021796e9efaba5b3670c31","max_memory":1449488384,"cpu_time":119.62,"pull_request":6232},"memory_data":[[0.001583,8192],[0.006138,10190848],[0.138211,12525568],[0.159917,14077952],[0.424817,17231872],[0.774028,19464192],[0.777703,23891968],[0.818732,21258240],[0.977386,21377024],[0.980856,24694784],[1.013967,21258240],[1.079802,23101440],[1.219917,23592960],[1.223126,27344896],[1.262164,24068096],[2.013569,26804224],[2.145941,27488256],[2.154471,37122048],[2.237914,35811328],[2.238207,31686656],[2.556564,31719424],[2.558308,34840576],[2.604273,32309248],[2.795436,32718848],[3.037694,34770944],[3.070544,38817792],[3.105395,36589568],[3.272295,37433344],[3.396882,39407616],[3.781816,39948288],[4.055444,40808448],[5.224868,43241472],[5.235672,54878208],[5.331552,53444608],[5.331915,47357952],[6.917805,49401856],[6.918885,47362048],[8.771547,47362048],[8.952929,47497216],[8.986783,50356224],[8.993195,57765888],[9.088095,57724928],[9.088534,50634752],[11.469927,50688000],[11.887901,50638848],[12.243443,50941952],[12.623465,50941952],[13.685268,51585024],[13.706121,54878208],[13.710556,61558784],[13.803137,60895232],[13.803497,54575104],[14.22846,54308864],[14.651257,54312960],[15.094122,55123968],[15.105178,56578048],[15.410551,56631296],[15.418674,66486272],[16.038329,66478080],[16.038624,61972480],[16.179665,61988864],[16.181574,63451136],[16.583784,64978944],[16.704971,66777088],[16.864858,67436544],[17.136533,69402624],[17.298828,71073792],[17.305141,72687616],[17.593042,73523200],[17.764856,75218944],[17.869668,75227136],[18.041349,76722176],[18.044587,80633856],[18.082232,78843904],[18.348222,79114240],[18.413461,79794176],[18.416486,83382272],[18.446027,79978496],[18.530041,80801792],[18.532334,82149376],[18.691697,82472960],[18.872083,85159936],[19.07447,86814720],[19.077987,91123712],[19.116372,90337280],[19.116521,87261184],[19.233603,88219648],[19.236058,91734016],[19.267284,88461312],[19.328661,89702400],[19.549494,92319744],[19.991982,93683712],[20.067948,95064064],[20.071182,99147776],[20.104318,98484224],[20.104547,95113216],[20.172733,95506432],[20.25798,116391936],[20.477714,166834176],[20.565679,188108800],[20.776353,236646400],[20.825826,238964736],[20.902047,245014528],[20.963486,254705664],[21.009635,259653632],[21.040307,266067968],[21.090954,272375808],[21.150155,273301504],[21.211355,277065728],[21.307879,285814784],[21.337409,290668544],[21.533264,307556352],[21.706102,326856704],[21.739907,332697600],[21.765634,332914688],[21.863614,358182912],[22.131712,425193472],[22.216844,425209856],[22.253389,434454528],[22.270887,434720768],[22.274736,452554752],[22.290821,452296704],[22.290978,443637760],[22.329631,444350464],[22.335165,480006144],[22.367852,478683136],[22.367999,462176256],[22.445438,463556608],[22.457631,534867968],[22.522549,499212288],[22.687217,501571584],[22.722572,520716288],[22.725703,537735168],[22.73032,523186176],[22.735297,544608256],[22.735735,523243520],[22.781415,524206080],[22.800427,533229568],[22.803274,541569024],[22.853575,542818304],[22.867998,563068928],[22.98944,563331072],[23.021281,564252672],[23.359696,564875264],[23.382022,570667008],[23.751403,570773504],[23.752463,573382656],[24.091785,573546496],[24.093396,578625536],[24.800308,580722688],[24.801932,589115392],[26.594816,591224832],[26.600821,610091008],[26.621036,594341888],[27.158968,595087360],[27.164598,597643264],[27.353896,597872640],[27.379455,604786688],[27.411921,604938240],[27.414175,613175296],[27.482155,613294080],[27.486825,629952512],[27.608719,630394880],[27.641291,632020992],[28.077027,632639488],[28.200326,634773504],[28.429216,636923904],[28.721235,638906368],[28.965452,639610880],[29.047796,640376832],[29.316023,641241088],[29.319656,643375104],[29.53211,643403776],[29.658975,643932160],[29.925572,646455296],[30.278099,647307264],[30.456304,648753152],[30.658627,649338880],[30.659028,649986048],[30.849806,651157504],[30.851065,655273984],[31.501852,655400960],[31.660752,656596992],[32.400084,658698240],[32.462098,659378176],[32.807703,659816448],[32.938042,660348928],[32.938544,661532672],[33.104367,661549056],[33.354495,662188032],[33.552418,663375872],[33.75317,663642112],[34.038025,664862720],[34.132688,665788416],[34.13586,667357184],[34.550735,667627520],[34.616214,668372992],[34.769236,668545024],[35.018005,670035968],[35.353427,670912512],[35.355906,679305216],[36.145725,679370752],[36.537986,681496576],[36.53912,681889792],[36.92448,683986944],[36.926657,681889792],[37.138663,682418176],[37.161206,683122688],[37.399967,683143168],[37.629997,684093440],[38.21598,685158400],[38.4382,686493696],[38.439011,688435200],[38.683849,688467968],[39.079191,690905088],[39.305869,691494912],[39.761855,693215232],[40.065967,693891072],[40.167858,694497280],[40.169114,697487360],[40.467519,697593856],[40.526663,699498496],[40.527894,702009344],[40.575182,704167936],[40.576772,707252224],[40.721231,707371008],[40.724524,717737984],[40.89466,717873152],[40.8964,727236608],[40.965022,727441408],[42.096326,727461888],[42.122598,727691264],[43.699029,727846912],[45.333863,727908352],[45.433662,729485312],[45.530654,729497600],[45.652516,732000256],[45.70597,739332096],[45.816,739463168],[45.892955,741560320],[45.907557,745754624],[45.946256,747851776],[46.030414,747888640],[46.049927,750923776],[46.150772,757215232],[46.203802,759312384],[46.222702,765603840],[46.275861,771895296],[46.369983,774000640],[46.437637,778317824],[46.612923,787861504],[46.658702,791109632],[46.659687,795303936],[46.79826,800374784],[46.898451,802291712],[46.99113,805793792],[47.084439,807395328],[47.182086,810438656],[47.18257,812535808],[47.291704,815067136],[47.496326,822456320],[47.497306,826650624],[47.65866,832024576],[47.696563,832344064],[47.848131,836968448],[47.848625,839065600],[47.95529,842416128],[47.955953,844513280],[48.023047,847036416],[48.026427,850628608],[48.066915,850681856],[48.09862,854822912],[48.136673,867409920],[48.374004,874885120],[48.546119,881893376],[48.69062,886824960],[48.690876,888922112],[48.990545,898461696],[49.222541,907280384],[49.335324,910606336],[49.567052,918986752],[49.709065,924680192],[49.716195,931102720],[49.774426,933183488],[49.774914,935280640],[49.973763,942841856],[50.17502,947920896],[50.247049,950521856],[50.421088,952553472],[50.560267,956850176],[50.560618,958947328],[50.697741,964190208],[50.858208,971149312],[50.971767,973668352],[51.157731,979472384],[51.380031,986959872],[51.381128,991154176],[51.54182,997167104],[51.581325,997924864],[51.676784,1002536960],[51.878267,1009356800],[51.963294,1010712576],[52.014975,1013039104],[52.146959,1015828480],[52.233327,1019219968],[52.352828,1022160896],[52.517316,1028751360],[52.564652,1029738496],[52.704229,1035214848],[52.704881,1038364672],[52.805971,1039413248],[52.806553,1041510400],[53.03493,1047494656],[53.094654,1049767936],[53.095066,1051865088],[53.25532,1057157120],[53.352565,1059151872],[53.355182,1063370752],[53.532156,1068445696],[53.652101,1073131520],[53.772847,1074741248],[53.891042,1077690368],[54.043407,1083527168],[54.199995,1087746048],[54.20113,1089839104],[54.287023,1091616768],[54.643502,1104527360],[54.882508,1112395776],[54.984976,1116618752],[55.1434,1120587776],[55.271823,1125146624],[55.272964,1129340928],[55.405681,1133568000],[55.570599,1140305920],[55.674892,1142894592],[55.678163,1159360512],[56.055641,1172062208],[56.219208,1176883200],[56.364324,1181941760],[56.366648,1184284672],[56.428825,1185734656],[56.463735,1190653952],[56.707857,1197531136],[56.73653,1199263744],[56.953789,1205760000],[56.971034,1205768192],[57.258672,1214853120],[57.283016,1223892992],[57.49804,1230237696],[57.540051,1234026496],[57.734669,1240735744],[57.953237,1246904320],[58.140444,1252896768],[58.283421,1256558592],[58.608647,1268244480],[58.609807,1272438784],[58.777163,1278709760],[58.899825,1282220032],[59.059276,1288818688],[59.247092,1295917056],[59.388008,1299533824],[59.472919,