{"summary":{"timestamp":1359412880,"hash":"d9170e14b1c1c56f37821e96d4d24d5687dc3374","max_memory":1078591488,"cpu_time":84.26,"pull_request":null},"memory_data":[[0.003295,8192],[0.01191,2846720],[0.150201,5296128],[0.564491,19525632],[0.918372,32223232],[1.75492,61857792],[2.336095,81936384],[2.455765,85737472],[2.579549,109125632],[2.866537,161972224],[3.299716,161984512],[3.332293,167899136],[3.469995,168509440],[4.55955,168566784],[4.654647,175943680],[4.698492,181026816],[4.883741,181325824],[4.98306,183439360],[5.005992,185503744],[5.210408,186908672],[5.232852,196304896],[5.271985,197156864],[5.28585,205877248],[5.320537,207175680],[5.327319,220409856],[5.446959,220643328],[5.454483,221638656],[5.766932,221753344],[9.006397,221827072],[9.152162,221868032],[9.246314,226856960],[9.248479,230969344],[9.288061,231059456],[9.347115,236199936],[9.430455,237731840],[9.432975,244756480],[9.70298,252944384],[9.875249,253747200],[9.985342,256098304],[10.252367,258531328],[10.463816,260931584],[10.750476,262238208],[10.896949,263794688],[11.143942,264626176],[11.145177,265674752],[11.320312,266203136],[11.52555,267558912],[11.811181,271986688],[11.928199,271990784],[12.132505,273158144],[12.178066,274690048],[12.308522,274771968],[12.481232,275992576],[12.526462,278118400],[12.925556,281755648],[13.1452,281939968],[13.547836,284389376],[13.797611,286363648],[13.947354,286703616],[14.106227,287846400],[14.195563,289296384],[14.37977,289353728],[14.59647,290258944],[14.671069,292962304],[15.005921,293384192],[15.245732,294379520],[15.336063,295428096],[15.540994,296644608],[15.781506,297316352],[15.869932,298500096],[16.057572,298971136],[16.061784,303173632],[16.482716,303177728],[16.552054,304541696],[16.711591,304553984],[16.901444,305373184],[16.981598,306868224],[17.157576,308015104],[17.401427,308801536],[17.706368,311521280],[18.196646,312950784],[18.212261,313708544],[18.423403,314527744],[18.459294,315703296],[18.837258,316854272],[19.15535,318308352],[19.20086,319557632],[19.6179,320516096],[19.824642,321949696],[20.309823,323231744],[20.485261,325165056],[20.639826,325345280],[20.833198,326524928],[20.930097,327786496],[21.073173,327819264],[21.19831,330268672],[21.460011,330743808],[21.498192,331567104],[21.812835,332595200],[21.914133,333905920],[22.046306,334155776],[22.191095,335200256],[22.352786,345686016],[22.356543,349880320],[22.431872,351285248],[22.826124,351342592],[22.977199,356737024],[22.979346,358809600],[23.070024,360337408],[23.282968,360353792],[23.339181,361816064],[23.422503,362143744],[23.422591,364240896],[23.849709,364470272],[24.143533,367796224],[25.069876,367951872],[25.254133,370028544],[25.256275,380104704],[25.294714,382832640],[25.427713,382902272],[25.439363,384999424],[25.537028,385011712],[25.690865,391090176],[25.768383,392089600],[25.88353,397451264],[26.120661,403349504],[26.406552,415703040],[26.446284,419028992],[26.643755,424706048],[26.755124,425857024],[26.859268,428072960],[26.987223,431902720],[26.994212,440291328],[27.034821,436092928],[27.323956,441569280],[27.501235,446853120],[27.59898,449024000],[28.002136,460414976],[28.260359,468078592],[28.470572,472920064],[28.736367,480600064],[29.065546,491335680],[29.248086,495472640],[29.420398,500768768],[29.660735,507228160],[30.243728,522158080],[30.394543,527392768],[30.794856,539197440],[30.829212,539320320],[31.122084,547590144],[31.186711,551002112],[31.31312,555442176],[31.547259,561463296],[31.599737,562180096],[31.777567,567021568],[31.93081,570150912],[32.405444,583827456],[32.54858,586588160],[32.630858,589996032],[32.88972,596774912],[33.001095,598044672],[33.284614,603869184],[33.4008,607313920],[33.420513,609730560],[33.763178,618999808],[33.984264,625541120],[34.217059,631472128],[34.270868,632156160],[34.271461,634253312],[34.425804,637812736],[34.575338,640479232],[34.746758,644325376],[34.863554,647770112],[34.86855,656166912],[35.087997,656187392],[35.193798,657977344],[35.391842,663687168],[35.594269,665677824],[35.639738,666624000],[36.0063,676999168],[36.017858,679579648],[36.241257,684773376],[36.426412,691310592],[36.646103,696360960],[36.799266,701104128],[36.949436,704204800],[37.005061,706445312],[37.125,708927488],[37.390195,716386304],[37.477334,717598720],[37.746602,725266432],[37.940637,731348992],[37.981896,731652096],[38.132688,735723520],[38.364276,740474880],[38.543447,745533440],[38.707569,748707840],[38.928927,754765824],[38.956046,759808000],[39.051282,763453440],[39.242634,769171456],[39.46265,777482240],[39.856544,787640320],[39.892242,789114880],[39.905978,795783168],[39.933278,800743424],[40.149217,807174144],[40.353782,814157824],[40.462239,816889856],[40.752286,825970688],[40.86639,827961344],[41.025617,832598016],[41.455974,843882496],[41.715067,851382272],[41.73562,855678976],[41.93059,861212672],[42.061784,864260096],[42.405507,874360832],[42.440919,874819584],[42.658455,881045504],[42.669025,882098176],[42.860872,887156736],[43.119149,892944384],[43.503905,905101312],[43.548017,907657216],[43.713626,912932864],[43.737983,917921792],[43.842904,920391680],[43.891335,924119040],[44.018686,925528064],[44.019035,926347264],[44.381212,928804864],[44.411198,932401152],[44.591409,929972224],[44.596552,927170560],[44.849247,926224384],[44.849645,881029120],[44.988985,881160192],[45.084989,884072448],[45.272214,884228096],[47.076728,884264960],[47.083765,884711424],[47.70968,884883456],[47.711436,901492736],[47.750934,903589888],[47.752248,909316096],[47.840207,911417344],[47.845927,976429056],[47.855963,975953920],[47.856013,959647744],[47.864434,965943296],[48.224348,958877696],[48.23203,913637376],[48.232081,886374400],[48.833263,886583296],[53.569858,886841344],[53.79452,887279616],[65.613843,887300096],[68.903492,887365632],[70.383734,889462784],[70.385472,903581696],[71.22198,903602176],[109.898301,903614464],[109.911334,903651328],[128.87023,903868416],[128.874016,937209856],[148.857061,937283584],[149.534713,937353216],[149.541237,942669824],[149.553078,935768064],[149.57782,939831296],[149.613026,939929600],[149.614364,944025600],[149.702681,946126848],[149.70998,950521856],[149.711831,967098368],[149.841384,969195520],[149.931332,969437184],[149.93236,977584128],[149.978557,977752064],[149.980663,988069888],[150.109003,990167040],[150.120226,992268288],[150.126757,1057280000],[150.263089,1059377152],[150.630225,1065803776],[150.739538,1056780288],[150.739614,1049026560],[150.758368,1051123712],[150.834382,1007079424],[150.837394,958922752],[150.844819,980979712],[150.844997,957984768],[152.176091,957034496],[152.177291,949440512],[152.280452,948961280],[152.281215,895602688],[152.286017,815517696],[152.290855,688144384],[152.301462,481157120],[152.305027,440020992],[152.305888,399618048],[152.313226,259518464],[152.317341,218103808],[152.321133,140767232],[152.325327,99074048],[152.327709,43233280]],"pass_timing":[["parsing",2.32],["configuration",0.438],["maybe building test harness",0.385],["expansion",1.29],["intrinsic injection",0.041],["core injection",0],["building lint settings table",0.053],["ast indexing",0.208],["external crate/lib resolution",0.293],["language item collection",0.069],["resolution",3.559],["freevar finding",0.146],["region resolution",0.197],["region parameterization inference",0.06],["typechecking",12.771],["const marking",0.251],["const checking",0.052],["privacy checking",0.301],["loop checking",0.04],["mode computation",0.245],["match checking",0.213],["liveness checking",0.516],["borrow checking",0.641],["kind checking",0.205],["lint checking",0.402],["translation",19.596],["LLVM passes",106.8]]}