{"summary":{"timestamp":1404189692,"hash":"d96834067165634addc172b27ed993ef5f12bae8","max_memory":1912303616,"cpu_time":179.11,"pull_request":15281},"memory_data":[[0.020202,8192],[0.055685,368640],[0.081763,10715136],[0.18134,12488704],[0.289131,19046400],[0.372716,22392832],[0.419107,30298112],[0.508327,32391168],[0.581944,35708928],[0.582904,42156032],[0.649537,44081152],[0.729133,44658688],[0.772088,46583808],[0.799748,51675136],[0.846732,54607872],[0.872827,59789312],[0.940908,63954944],[0.96314,68632576],[1.031562,74440704],[1.04389,77733888],[1.077412,78098432],[1.099245,82513920],[1.124165,82767872],[1.191534,93294592],[1.295,98488320],[1.295422,100585472],[1.361233,103714816],[1.361331,105816064],[1.409319,108228608],[1.409417,110333952],[1.461085,113086464],[1.461685,115183616],[1.512287,117653504],[1.551882,123891712],[1.611316,127139840],[1.611502,129236992],[1.662618,131854336],[1.679629,134799360],[1.780253,136564736],[1.838048,151879680],[1.869279,162992128],[1.979846,193269760],[1.994264,192995328],[2.036918,169955328],[2.162029,172265472],[2.162693,168701952],[2.321043,171405312],[2.47906,172490752],[3.037595,178036736],[3.037888,180133888],[3.392455,183164928],[3.393117,185262080],[3.469262,187629568],[3.784649,202305536],[4.061697,215916544],[4.111633,218902528],[4.118304,222150656],[4.284381,229351424],[4.40867,236191744],[4.417579,240640000],[4.56461,248414208],[4.797222,259735552],[4.838039,250249216],[4.839117,244412416],[4.889578,245669888],[5.016017,252866560],[5.157615,290840576],[5.239371,314466304],[5.321647,314040320],[5.369776,308224000],[5.455157,308498432],[5.728231,314433536],[5.786201,314273792],[5.832301,306216960],[5.856163,299679744],[5.974633,302530560],[6.097957,309460992],[6.171001,314429440],[6.254429,314384384],[6.290879,308424704],[6.347099,308805632],[6.386252,311877632],[6.387188,314834944],[6.473405,316178432],[6.47453,318275584],[6.559939,320634880],[6.56003,322732032],[6.641978,324435968],[6.643766,326533120],[6.742682,327294976],[6.778724,318795776],[6.798656,317054976],[6.800778,308703232],[6.943456,311234560],[7.119944,311828480],[7.189613,315027456],[7.278241,316227584],[7.316703,318021632],[7.492094,321486848],[7.560201,323674112],[7.588266,327991296],[7.614972,337797120],[7.657373,349356032],[7.808092,351772672],[7.861541,354656256],[7.951459,356851712],[7.97619,359743488],[8.037607,361336832],[8.047158,363982848],[8.140976,369987584],[8.249533,373411840],[8.321546,385433600],[8.377477,391249920],[8.425107,394170368],[8.519894,397283328],[8.569565,402210816],[8.66939,403247104],[8.729466,407449600],[8.729987,409546752],[8.832881,410644480],[8.856916,412741632],[8.85851,419033088],[9.044188,419491840],[9.057782,421588992],[9.061326,434171904],[9.295898,434245632],[9.302255,440537088],[9.45616,440573952],[9.466963,442671104],[9.474675,459448320],[9.481456,453156864],[9.718702,453386240],[9.738346,454144000],[9.956635,454721536],[10.006625,459755520],[10.17759,459923456],[10.181939,444825600],[10.376271,445394944],[10.472732,454008832],[10.541106,454221824],[10.542924,456105984],[10.701105,456200192],[10.78213,458899456],[10.935474,461758464],[11.187156,462811136],[11.18789,469102592],[11.287479,470167552],[11.319096,474607616],[11.321296,478801920],[11.350545,483041280],[11.378836,483237888],[11.449216,493350912],[11.473867,493641728],[11.487337,506224640],[11.565728,507158528],[11.596568,510443520],[11.720555,513142784],[11.738172,516382720],[11.890949,518541312],[11.891287,514347008],[11.944231,518967296],[12.07674,520347648],[12.1054,524566528],[12.194238,524713984],[12.196677,526811136],[12.255337,526872576],[12.285359,528969728],[12.36368,529461248],[12.368928,531558400],[12.425829,531980288],[12.435794,534077440],[12.502966,536219648],[12.563676,536244224],[12.670026,538341376],[12.754807,538353664],[12.783155,546746368],[12.929553,548941824],[12.939613,551895040],[13.017543,552083456],[13.054567,554180608],[13.123367,554188800],[13.129838,556285952],[13.221556,558383104],[13.279996,558387200],[13.300898,560496640],[13.381373,560500736],[13.438646,564695040],[13.571327,566792192],[13.695201,573083648],[13.71392,575180800],[13.833956,579375104],[13.837721,583569408],[13.935274,585666560],[13.953101,589860864],[14.124332,600346624],[14.126781,602443776],[14.199396,606638080],[14.241179,600346624],[14.382245,601108480],[14.666054,601313280],[14.670692,603410432],[14.721375,603414528],[14.725745,628580352],[14.740653,615997440],[14.774955,618106880],[14.846394,618143744],[14.872564,620261376],[14.877087,624455680],[14.988483,624545792],[15.018172,628740096],[15.216565,632934400],[15.352256,635031552],[15.565141,639225856],[15.648958,643420160],[15.73509,645517312],[15.780968,649711616],[16.022207,651808768],[16.261476,656003072],[16.422099,660197376],[16.526465,662294528],[16.583208,666488832],[16.76309,668585984],[16.894019,668614656],[16.975935,672808960],[17.236398,679100416],[17.277364,681197568],[17.401689,683401216],[17.478718,687595520],[17.67747,689934336],[17.714897,692031488],[17.717643,698322944],[17.814134,700420096],[17.814566,704614400],[18.288397,706711552],[18.495281,708808704],[18.728737,713003008],[18.942772,715100160],[19.174215,719294464],[19.220838,723488768],[19.428251,725585920],[19.571817,727683072],[19.764235,731877376],[20.092751,736071680],[20.205031,738168832],[20.38136,740265984],[20.549599,744460288],[20.551998,771723264],[20.575145,792694784],[20.582636,767528960],[20.592354,769626112],[20.733183,771723264],[20.781757,773820416],[20.977697,778014720],[21.152067,780111872],[21.35553,784306176],[21.443002,788500480],[21.444421,790597632],[21.652976,792694784],[21.887276,796889088],[22.157713,798986240],[22.240501,801083392],[22.267339,803180544],[22.521676,807374848],[22.524979,809472000],[22.611918,811569152],[22.895548,813666304],[22.930584,815763456],[23.152313,817860608],[23.304203,819957760],[23.349279,822054912],[23.551822,824152064],[23.642208,826249216],[23.825906,828346368],[23.973484,834637824],[24.20123,836734976],[24.430494,843026432],[24.543189,845123584],[24.579331,847220736],[24.588906,853512192],[24.636719,855609344],[24.643942,859803648],[24.754511,863997952],[24.957595,866095104],[25.085949,868192256],[25.282196,870289408],[25.410386,872386560],[25.612806,874483712],[25.727745,876580864],[26.05358,880775168],[26.172617,882872320],[26.678414,889163776],[26.964926,893358080],[27.428178,899649536],[27.467839,901746688],[27.468022,905940992],[27.543716,908038144],[27.545832,914329600],[27.983113,916426752],[28.137664,918523904],[28.240578,920621056],[28.61722,924815360],[29.017816,929009664],[29.096294,931160064],[29.343312,933257216],[29.394747,935354368],[29.642088,937451520],[29.713112,939548672],[30.046546,943742976],[30.304556,945840128],[30.590094,950034432],[30.754758,956325888],[30.936347,958423040],[31.057645,960520192],[31.124752,962617344],[31.199445,966811648],[31.309704,968908800],[31.976803,971005952],[32.073031,973103104],[32.532978,979394560],[32.61535,981491712],[32.731919,985686016],[32.732198,989880320],[33.106097,991977472],[33.319335,996171776],[33.46184,998268928],[33.506983,1000366080],[33.633163,1000452096],[33.663175,1002549248],[33.868577,1006743552],[33.986321,1006821376],[34.048503,1008918528],[34.25903,1013112832],[34.392784,1015209984],[34.626681,1017307136],[34.802073,1019404288],[35.088663,1023598592],[35.10602,1025695744],[35.109821,1065541632],[35.141301,1092804608],[35.157125,1115873280],[35.172574,1122164736],[35.172662,1073930240],[35.295453,1076027392],[35.399761,1082318848],[35.542752,1088610304],[35.787827,1090707456],[36.280249,1092804608],[36.349088,1094901760],[36.547676,1096998912],[36.596522,1099096064],[36.794832,1101193216],[37.048122,1105387520],[37.144561,1107484672],[37.514932,1111678976],[37.734126,1113776128],[37.818168,1115873280],[37.837064,1147330560],[37.837794,1130553344],[37.956755,1134747648],[38.201411,1136844800],[38.590533,1137049600],[38.635175,1137868800],[38.694786,1144242176],[38.695099,