{"summary":{"timestamp":1377602154,"hash":"d9b0d4b60366e463ef14c757485c1849cba7d1cc","max_memory":2157985792,"cpu_time":null,"pull_request":8779},"memory_data":[[0.001455,4096],[0.082884,548864],[0.129239,7417856],[0.350217,13742080],[0.425413,19275776],[0.481051,20688896],[0.488177,25468928],[0.586601,26984448],[0.757519,30916608],[0.761084,50712576],[0.780657,55255040],[0.955962,58253312],[1.000196,75161600],[1.047114,89841664],[1.057307,96133120],[1.155137,127590400],[1.169174,135979008],[1.188714,138076160],[1.202579,146464768],[1.218929,146464768],[1.263407,167436288],[1.277926,169533440],[1.350845,194699264],[1.48341,236642304],[1.522977,251322368],[1.551817,257896448],[1.559149,264450048],[1.661945,438513664],[1.671006,438939648],[1.699112,451522560],[1.728157,476688384],[1.738283,480882688],[1.792984,524922880],[1.812058,531214336],[1.860306,562671616],[1.876795,577351680],[1.920976,604614656],[2.034598,690597888],[2.041968,698986496],[2.18966,950644736],[2.217597,952872960],[2.341212,1170976768],[2.361161,1204531200],[2.388561,1206906880],[2.399507,1217392640],[2.481799,1370484736],[2.519156,1418637312],[2.541115,1460621312],[2.558961,1443979264],[2.560516,1418813440],[2.581576,1364287488],[2.583694,1330733056],[2.602738,1263624192],[2.615999,1242652672],[2.625331,1192321024],[2.634642,1179738112],[2.642323,1150377984],[2.645053,1116823552],[2.661119,1070686208],[2.666708,1011965952],[2.676724,1011650560],[2.704545,918413312],[2.782664,669741056],[2.785736,599789568],[2.794361,599764992],[2.804739,566210560],[2.812581,553336832],[2.833549,486187008],[2.862587,401014784],[2.880621,409772032],[2.881831,418160640],[2.893532,408420352],[2.89816,426254336],[2.904254,415768576],[2.923574,417099776],[2.928972,454848512],[2.941328,454483968],[2.941822,437018624],[2.980766,440778752],[2.991108,514179072],[3.016169,476430336],[3.053823,480739328],[3.153015,481857536],[3.195588,504619008],[3.213369,520798208],[3.221062,556523520],[3.221711,522969088],[3.256583,523952128],[3.276925,535224320],[3.310469,535973888],[3.328509,548777984],[3.400749,550244352],[3.509881,562077696],[3.546366,570130432],[3.663786,572465152],[3.664523,575029248],[3.736585,575348736],[3.749709,581640192],[3.990642,582356992],[3.999354,586555392],[4.158446,586706944],[4.162794,587759616],[4.548654,588251136],[4.554336,611319808],[4.566141,610127872],[4.566384,600829952],[4.78099,601186304],[4.783219,603398144],[4.889463,603701248],[4.938389,605765632],[4.958943,612356096],[5.018763,614506496],[5.022588,631234560],[5.028332,622845952],[5.091192,623099904],[5.161501,625893376],[5.200038,629772288],[5.265729,632922112],[5.345004,639770624],[5.383377,644407296],[5.472617,648392704],[5.539834,655089664],[5.595134,656535552],[5.595921,662827008],[5.648092,663535616],[5.827565,668606464],[5.991019,672272384],[6.140188,674856960],[6.231256,677953536],[6.232287,684244992],[6.256789,686940160],[6.364239,688939008],[6.470324,697044992],[6.787746,704524288],[6.851275,706871296],[7.042338,710193152],[7.210063,714604544],[7.213028,733483008],[7.219064,725090304],[7.265288,726970368],[7.406584,730447872],[7.442242,732160000],[7.564572,734003200],[7.693221,734863360],[7.698591,739135488],[7.86021,740814848],[7.926751,742715392],[8.018273,742957056],[8.121735,745250816],[8.402078,749121536],[8.442086,751775744],[8.862007,759754752],[8.961653,763363328],[9.210573,767225856],[9.224442,770875392],[9.377886,772599808],[9.42175,774193152],[9.552795,775856128],[9.707684,780271616],[9.909432,782192640],[10.198626,785534976],[10.266661,787648512],[10.344064,788463616],[10.350027,824115200],[10.363738,805240832],[10.461305,806498304],[10.46421,825372672],[10.470928,814886912],[10.585866,815878144],[10.715947,820551680],[10.884085,822337536],[10.884822,824406016],[11.020934,826081280],[11.107677,827936768],[11.233439,828878848],[11.296443,830734336],[11.433011,831729664],[11.772355,836542464],[11.773413,839639040],[11.936332,841404416],[12.189903,846635008],[12.376222,849100800],[12.51536,853250048],[12.772907,856899584],[12.775153,863191040],[12.890672,865476608],[13.022389,866340864],[13.206943,869588992],[13.308956,870223872],[13.376177,871706624],[13.503776,889892864],[13.504613,896184320],[13.562866,904679424],[13.563802,910974976],[13.679058,930975744],[13.684816,937267200],[13.785816,954802176],[13.891446,974385152],[13.952085,996196352],[14.043751,1014349824],[14.472205,1015107584],[14.629835,1016647680],[14.97254,1017143296],[15.011295,1020751872],[15.067143,1022459904],[15.068118,1025896448],[15.132347,1029615616],[15.529121,1029812224],[15.535131,1030340608],[15.757872,1030369280],[15.783602,1031176192],[16.206918,1031680000],[16.340976,1034215424],[16.419408,1036656640],[16.539824,1046130688],[16.832434,1057251328],[17.038325,1067982848],[17.090537,1071763456],[17.20033,1076584448],[17.251011,1076633600],[17.560686,1090621440],[17.613924,1090658304],[17.680241,1092890624],[17.780556,1098940416],[17.826549,1099100160],[17.946598,1106034688],[18.029496,1109069824],[18.130766,1109180416],[18.218624,1114501120],[18.247571,1114525696],[18.502968,1126756352],[18.624896,1126862848],[18.67626,1129467904],[18.716995,1133731840],[18.780808,1133740032],[18.846688,1136283648],[18.918893,1136361472],[18.937685,1139269632],[19.001533,1140244480],[19.088046,1145184256],[19.088624,1147252736],[19.167093,1150124032],[19.167289,1152221184],[19.25637,1152319488],[19.278724,1155923968],[19.330012,1157668864],[19.330845,1163972608],[19.40104,1165963264],[19.566232,1174188032],[19.691055,1181675520],[19.74838,1181822976],[19.82211,1188134912],[19.857709,1188143104],[19.935833,1194455040],[20.032469,1198673920],[20.032832,1200771072],[20.227614,1211256832],[20.319107,1215455232],[20.543837,1228038144],[20.607583,1232232448],[20.637738,1232244736],[20.764964,1240608768],[20.77058,1248997376],[20.881317,1253199872],[20.968293,1259491328],[21.080341,1265786880],[21.143927,1268015104],[21.287163,1276403712],[21.52733,1288986624],[21.64912,1297375232],[21.79551,1314152448],[21.840309,1316249600],[21.998946,1328840704],[22.053246,1335132160],[22.058951,1368686592],[22.072746,1349812224],[22.116974,1354006528],[22.121832,1360297984],[22.179345,1362395136],[22.28432,1368686592],[22.295014,1370783744],[22.468138,1379172352],[22.576933,1385463808],[22.740896,1393852416],[22.970333,1406435328],[22.977343,1452572672],[22.988034,1486127104],[23.000893,1549041664],[23.050838,1475641344],[23.058399,1477738496],[23.2652,1488224256],[23.530328,1502904320],[23.659786,1511292928],[23.833624,1513521152],[23.899698,1517715456],[23.934524,1521909760],[24.016232,1524006912],[24.018838,1528201216],[24.246568,1532395520],[24.539738,1521909760],[24.570182,1509326848],[24.779328,1510039552],[24.929223,1511849984],[25.196407,1513226240],[25.487426,1513922560],[25.559737,1515053056],[25.784952,1515999232],[25.842181,1517273088],[26.074356,1517776896],[27.347302,1517785088],[28.995696,1519882240],[29.013976,1526173696],[29.036623,1528270848],[29.065507,1536659456],[29.087232,1538756608],[29.109985,1549242368],[29.115243,1557630976],[29.329432,1559728128],[29.337748,1591185408],[29.346517,1574408192],[29.361991,1580699648],[29.584039,1568116736],[29.587734,1530368000],[32.323465,1532637184],[32.323659,1534734336],[32.375041,1538928640],[33.07698,1538957312],[39.825553,1538969600],[40.128176,1541070848],[40.709178,1541070848],[41.927686,1543168000],[42.857797,1545265152],[42.863335,1551556608],[44.299045,1551560704],[46.390778,1553657856],[47.965588,1555755008],[49.25703,1555759104],[49.325982,1557856256],[50.726363,1559953408],[51.849906,1559965696],[52.657048,1562062848],[53.818789,1564160000],[53.930108,1566257152],[54.152581,1568354304],[55.116511,1568362496],[55.550656,1570459648],[56.187528,1572556800],[57.137834,1574653952],[57.55066,1574662144],[57.550718,1576755200],[57.686682,1576779776],[59.235621,1578881024],[59.326664,1580978176],[59.827871,1583075328],[61.234419,1583079424],[61.235016,1585172480],[62.216652,1587269632],[62.365423,