{"summary":{"timestamp":1359103970,"hash":"da4b3768971c7c025ba8a85ebf59572fd752dfb6","max_memory":1081327616,"cpu_time":84.86,"pull_request":null},"memory_data":[[0.003267,8192],[0.022312,3555328],[0.088164,4435968],[0.271634,15933440],[0.791043,53583872],[1.235412,84811776],[1.260488,85475328],[1.550036,135372800],[1.703317,161390592],[2.169393,161411072],[2.203959,167186432],[2.311459,167796736],[3.453286,167849984],[3.561347,175554560],[3.608208,180629504],[3.798545,180936704],[3.896323,183066624],[3.91907,185090048],[4.003495,185094144],[4.136335,186507264],[4.159334,195936256],[4.20274,196943872],[4.217014,205660160],[4.247266,207003648],[4.254826,218554368],[4.349805,218775552],[4.378357,219918336],[4.70447,220053504],[7.974845,222150656],[8.163121,222228480],[8.217745,222916608],[8.272319,227430400],[8.276179,231628800],[8.315975,231636992],[8.380605,236818432],[8.460108,237858816],[8.462481,244637696],[8.737083,253042688],[8.854178,253382656],[9.026113,256167936],[9.51091,261009408],[9.794447,262328320],[9.941823,263884800],[10.153866,264691712],[10.154898,265682944],[10.260702,265748480],[10.559986,267730944],[10.846582,272351232],[11.023725,272527360],[11.166313,273518592],[11.210665,275005440],[11.440986,275877888],[11.443071,277876736],[11.55541,277909504],[11.682259,279474176],[11.981557,282120192],[12.19813,282267648],[12.815246,285728768],[12.973144,287035392],[13.122437,287391744],[13.370223,289898496],[13.649049,290324480],[13.725845,293552128],[13.807833,293498880],[14.020101,295288832],[14.171737,297529344],[14.315415,298782720],[14.31814,302927872],[14.51141,302960640],[14.645435,304062464],[14.685296,305541120],[14.859766,306368512],[14.90225,307888128],[15.274663,312467456],[15.44488,313225216],[15.636427,315494400],[15.655115,316706816],[15.852928,317816832],[16.025321,319455232],[16.043444,320630784],[16.281656,321785856],[16.384694,323219456],[16.630443,324546560],[16.720533,326537216],[16.795478,326791168],[16.941427,329625600],[17.017881,329732096],[17.088837,332083200],[17.22205,332599296],[17.24151,333443072],[17.403146,334422016],[17.45821,335736832],[17.606864,337223680],[17.685004,347471872],[17.687798,351670272],[17.729089,353148928],[18.112448,353202176],[18.265445,358572032],[18.267674,360673280],[18.36023,362205184],[18.577669,362254336],[18.724501,363245568],[18.726378,365400064],[18.865636,367570944],[18.870181,365580288],[19.147659,365584384],[19.444731,368930816],[20.346893,369086464],[20.401244,370384896],[20.514996,371146752],[20.517198,381120512],[20.561273,383840256],[20.681285,383844352],[20.689356,385941504],[20.792821,386019328],[20.96203,392560640],[21.040714,393613312],[21.15799,399233024],[21.396406,405229568],[21.631386,415768576],[21.728727,419540992],[21.7289,421638144],[21.928875,427393024],[22.03923,428548096],[22.141711,430706688],[22.261481,434360320],[22.268367,442671104],[22.308365,442138624],[22.308517,438472704],[22.602638,444252160],[22.839445,450957312],[23.079118,463265792],[23.202397,470368256],[23.345718,476831744],[23.6346,493957120],[23.729932,498094080],[23.955695,510132224],[24.258559,525058048],[24.334808,529997824],[24.541657,541495296],[24.557656,541618176],[24.704684,549363712],[24.809924,557617152],[25.053193,569200640],[25.133756,572518400],[25.385781,586186752],[25.463602,589230080],[25.505093,592830464],[25.652004,599953408],[25.773711,604098560],[25.77903,612491264],[25.896335,612499456],[25.944578,616099840],[26.072776,622505984],[26.237975,631721984],[26.374869,637747200],[26.375171,640483328],[26.620188,650559488],[26.797363,659390464],[26.829934,660029440],[26.935164,665747456],[27.055777,668700672],[27.258541,679604224],[27.258897,681701376],[27.380262,687255552],[27.483262,693932032],[27.596611,699023360],[27.783676,709296128],[28.032755,720674816],[28.245336,732676096],[28.486077,743170048],[28.586992,748490752],[28.691921,752762880],[28.787435,757960704],[28.802565,765104128],[28.950622,774406144],[29.064499,782794752],[29.269094,792969216],[29.290524,794664960],[29.310121,804433920],[29.531411,817684480],[29.685681,825753600],[29.756562,830472192],[29.799873,831344640],[30.058475,844644352],[30.058779,846741504],[30.230802,855699456],[30.258723,859230208],[30.396139,866103296],[30.56304,875290624],[30.740059,884219904],[30.848556,890400768],[30.981897,896102400],[31.183853,908402688],[31.205134,910954496],[31.293694,916242432],[31.298348,920879104],[31.362731,923799552],[31.386005,927338496],[31.467681,928845824],[31.634055,929996800],[31.635494,931778560],[31.895628,933675008],[32.078299,934379520],[32.083654,929558528],[32.339507,929345536],[32.340371,883417088],[32.48197,883548160],[32.534988,886239232],[32.757305,886620160],[34.568939,886657024],[34.575983,887103488],[35.60764,887283712],[35.610239,903884800],[35.816653,907735040],[35.823201,974848000],[35.844669,958066688],[35.8676,958611456],[35.868706,964902912],[35.918803,966144000],[36.394545,964616192],[36.401991,937435136],[36.402104,887103488],[37.071442,887312384],[41.84734,887566336],[42.073605,888008704],[51.040676,888012800],[57.023615,888115200],[58.746919,890212352],[58.749162,904892416],[116.845014,905187328],[116.848711,938450944],[137.319961,938524672],[137.811,938541056],[137.835719,942604288],[137.871288,942616576],[137.87275,946798592],[137.959432,948899840],[137.966544,953184256],[137.968422,969871360],[138.1003,971968512],[138.190621,972005376],[138.191688,980357120],[138.23765,980443136],[138.239841,990842880],[138.369633,992940032],[138.379979,995041280],[138.386473,1060052992],[138.525489,1062150144],[138.895139,1068576768],[139.00387,1066971136],[139.004026,1051799552],[139.024005,1053896704],[139.113326,986783744],[139.116584,961826816],[139.1245,983990272],[139.124604,960991232],[140.468117,960126976],[140.469025,952434688],[140.577807,952442880],[140.579963,898650112],[140.583639,857628672],[140.584505,818679808],[140.590372,737804288],[140.591261,693231616],[140.594904,652431360],[140.598043,574062592],[140.606763,452538368],[140.607931,410984448],[140.611845,370909184],[140.612958,316887040],[140.619816,236867584],[140.620983,157949952],[140.622531,156454912],[140.628863,47394816],[140.63091,43597824]],"pass_timing":[["parsing",1.161],["configuration",0.452],["maybe building test harness",0.416],["expansion",1.328],["intrinsic injection",0.041],["core injection",0],["building lint settings table",0.051],["ast indexing",0.218],["external crate/lib resolution",0.3],["language item collection",0.055],["resolution",3.671],["freevar finding",0.139],["region resolution",0.213],["region parameterization inference",0.058],["typechecking",9.157],["const marking",0.131],["const checking",0.049],["privacy checking",0.295],["loop checking",0.039],["mode computation",0.248],["match checking",0.217],["liveness checking",0.52],["borrow checking",0.643],["kind checking",0.204],["lint checking",0.378],["translation",11.807],["LLVM passes",107.595]]}