{"summary":{"timestamp":1366697391,"hash":"da601be9f219fb19bcac83a752bad84357e73095","max_memory":1304567808,"cpu_time":105.11,"pull_request":6017},"memory_data":[[0.001598,4096],[0.006954,7774208],[0.097519,10006528],[0.199491,14938112],[0.469213,35336192],[0.601444,44781568],[0.694328,49070080],[0.745561,52748288],[0.823075,56070144],[1.179023,81440768],[1.316177,88055808],[1.400612,109809664],[1.634983,167292928],[1.690759,181678080],[1.898995,231329792],[2.002722,237584384],[2.075863,244510720],[2.195587,253243392],[2.242744,259375104],[2.333175,265924608],[2.398318,267358208],[2.619717,278994944],[2.672642,284045312],[2.800606,290275328],[2.948547,299184128],[3.118916,311508992],[3.245852,319438848],[3.318854,325918720],[3.407721,325935104],[3.436303,330739712],[3.437479,339456000],[3.463993,335503360],[3.466997,353337344],[3.483441,344621056],[3.522929,345305088],[3.529043,380960768],[3.560808,380940288],[3.560902,363130880],[3.6386,364761088],[3.650098,436072448],[3.714215,401195008],[3.852729,401522688],[3.901743,402382848],[3.931475,415211520],[3.938979,428810240],[3.980315,430977024],[3.982419,435757056],[4.024235,439660544],[4.144742,439971840],[4.333323,448319488],[4.376226,449249280],[4.461262,454103040],[4.49599,461176832],[4.632689,463798272],[4.633764,466354176],[4.813945,466374656],[4.815117,471597056],[5.169643,471617536],[5.171801,482082816],[6.120196,482213888],[6.124362,503058432],[6.133907,498221056],[6.134014,487411712],[6.21718,487555072],[6.218144,489656320],[6.524126,490094592],[6.561136,498483200],[6.600217,498487296],[6.603475,506228736],[6.683499,506318848],[6.689063,523005952],[6.797181,523337728],[6.820606,524558336],[7.009439,524894208],[7.136344,528117760],[7.48692,531427328],[7.86743,533004288],[7.917399,533626880],[8.167448,534638592],[8.168268,536616960],[8.391241,536707072],[8.69582,540057600],[8.997361,540610560],[9.188388,542285824],[9.369353,542601216],[9.488841,543744000],[9.490518,547938304],[10.110101,548106240],[10.151983,548552704],[11.008056,551657472],[11.313061,552497152],[11.374768,554115072],[11.531646,554188800],[11.827693,555167744],[11.893588,556015616],[12.069579,556118016],[12.171166,557654016],[12.433634,558092288],[12.811436,560009216],[12.952078,560091136],[13.175641,561569792],[13.613687,562884608],[13.809778,563982336],[13.811836,572223488],[14.550926,572493824],[14.551444,574939136],[15.455332,574971904],[15.987254,576167936],[15.988115,578252800],[16.221593,578392064],[16.701835,581656576],[16.848071,581746688],[17.606657,586002432],[17.697381,590991360],[17.699458,596217856],[17.817089,598315008],[17.819404,606707712],[18.821613,606953472],[19.403864,607367168],[19.537356,608849920],[19.53973,609898496],[19.738391,609644544],[19.738477,608714752],[20.417289,608784384],[20.491181,610353152],[20.642643,610762752],[20.67678,613507072],[20.678664,623845376],[20.69128,630173696],[20.71949,632446976],[20.80897,634806272],[20.853667,641097728],[20.935184,641114112],[20.980889,642887680],[21.017378,651276288],[21.133483,657567744],[21.159132,663859200],[21.246248,668053504],[21.280339,668057600],[21.513385,680579072],[21.530779,685162496],[21.645142,689713152],[21.706583,690593792],[21.817432,694878208],[22.005022,699883520],[22.005616,701980672],[22.16068,706359296],[22.298799,711708672],[22.299707,715902976],[22.447767,721158144],[22.483914,721465344],[22.674933,727777280],[22.675454,729874432],[22.815439,735240192],[22.82704,743845888],[22.849659,750788608],[23.06218,758059008],[23.095859,758640640],[23.259145,765673472],[23.302792,766607360],[23.469487,773394432],[23.49521,773562368],[23.634068,778977280],[23.680346,780013568],[23.953393,790650880],[24.012326,792285184],[24.279534,802566144],[24.435333,808026112],[24.441889,814448640],[24.493992,816455680],[24.494838,818552832],[24.684014,826118144],[24.93804,833908736],[25.085932,835686400],[25.235049,840564736],[25.235497,842661888],[25.537448,855818240],[25.63668,858259456],[25.73304,861900800],[25.778612,862482432],[26.0321,871686144],[26.033337,875880448],[26.176398,881479680],[26.219297,882421760],[26.307814,886747136],[26.494017,893190144],[26.570792,894386176],[26.703989,898342912],[26.844847,905064448],[26.904916,906067968],[26.905667,908165120],[27.097653,915574784],[27.143635,916561920],[27.267132,921640960],[27.267683,924786688],[27.380933,926289920],[27.381685,928387072],[27.665897,936775680],[27.666739,938872832],[27.821385,944218112],[27.914944,946225152],[27.91737,950444032],[28.063131,954998784],[28.182336,959975424],[28.229974,960368640],[28.410617,964530176],[28.581084,971898880],[28.861646,981434368],[29.216832,994521088],[29.275405,996225024],[29.631246,1009242112],[29.726613,1010733056],[29.916504,1017606144],[29.96386,1020600320],[30.020941,1021263872],[30.437706,1036390400],[30.466343,1036775424],[30.729238,1045950464],[30.739793,1050144768],[30.792939,1051176960],[30.822554,1056026624],[30.882729,1058099200],[30.882824,1060196352],[31.217181,1071276032],[31.412035,1076850688],[31.415774,1093447680],[31.475153,1093455872],[31.505646,1095553024],[31.526258,1101844480],[31.663518,1101852672],[31.743982,1104728064],[31.744253,1106825216],[31.975737,1115832320],[32.12455,1120309248],[32.314304,1126862848],[32.432628,1130287104],[32.567479,1135280128],[32.599927,1137348608],[32.735747,1141800960],[32.737008,1145995264],[32.834339,1150058496],[32.947914,1153404928],[33.090117,1159294976],[33.334156,1168384000],[33.460784,1172307968],[33.461577,1174450176],[33.830649,1187655680],[34.001008,1195732992],[34.149661,1200992256],[34.153954,1207349248],[34.181741,1208238080],[34.191664,1213038592],[34.224556,1216200704],[34.241391,1223045120],[34.322979,1225539584],[34.325583,1229770752],[34.394229,1230536704],[34.430897,1233575936],[34.58161,1235521536],[34.58247,1236901888],[34.961668,1240342528],[35.196119,1241313280],[35.201921,1234567168],[35.337409,1154871296],[35.337489,1098248192],[35.392226,1098739712],[35.479826,1102245888],[36.512002,1102274560],[36.604576,1102405632],[39.739655,1102508032],[39.743324,1102745600],[40.737111,1102897152],[40.741203,1119391744],[40.916918,1121492992],[40.920088,1152950272],[40.932386,1152032768],[40.93277,1136304128],[41.243103,1138401280],[41.246758,1150476288],[41.487635,1148751872],[41.492368,1104465920],[42.060814,1104863232],[44.496951,1104891904],[44.524704,1105084416],[45.56081,1105305600],[60.15578,1105571840],[60.159983,1120231424],[83.704646,1120231424],[119.578552,1122332672],[119.581778,1153789952],[119.592979,1152065536],[119.593438,1137143808],[154.072967,1137147904],[154.236494,1137545216],[154.263154,1140125696],[154.299723,1137143808],[154.653203,1137221632],[154.696004,1141088256],[154.704359,1137274880],[154.779624,1139240960],[154.850322,1139388416],[154.88629,1143013376],[154.925329,1141993472],[154.952723,1137143808],[155.333323,1137192960],[155.533418,1138163712],[155.61256,1139580928],[155.777133,1140387840],[155.911279,1140391936],[155.941291,1142673408],[155.957274,1139699712],[156.390456,1139826688],[156.954743,1141583872],[157.017761,1142874112],[157.116114,1143009280],[157.149818,1146220544],[157.162472,1143005184],[157.259357,1143181312],[157.293227,1146281984],[157.324026,1142476800],[157.76925,1142476800],[157.786628,1143390208],[158.125104,1143824384],[158.197197,1144799232],[158.474766,1145036800],[158.683728,1146306560],[158.759227,1152167936],[158.759385,1147961344],[158.788315,1148313600],[158.854228,1153413120],[158.868675,1147936768],[158.9456,1147977728],[159.01043,1153396736],[159.02442,1147936768],[159.062646,1148121088],[159.121335,1152798720],[159.128958,1147920384],[159.215688,1147924480],[159.283177,1153392640],[159.294104,1147920384],[159.536549,1148280832],[159.572299,1147920384],[159.959081,1147928576],[160.218589,1148821504],[160.289293,1150394368],[160.381102,1149595648],[160.51314,1152299008],[160.730722,1151111168],[160.765316,1153425408],[160.781745,1150169088],[160.958154,1149702144],[161.017361,1151537152],[161.163758,1150943232],