{"summary":{"timestamp":1391322686,"hash":"dce61c980e0f5e18972caa22e0b78995f0501f51","max_memory":1327554560,"cpu_time":154,"pull_request":11948},"memory_data":[[0.002629,8192],[0.011746,9334784],[0.098769,11431936],[0.151854,18743296],[0.197322,22413312],[0.2229,26890240],[0.264046,28868608],[0.323648,35119104],[0.373178,43233280],[0.48528,53501952],[0.589452,61931520],[0.707185,74833920],[0.775861,80945152],[0.883329,92876800],[0.982183,93663232],[1.012354,99971072],[1.157668,138301440],[1.296601,140095488],[1.528981,141033472],[1.738947,141279232],[1.960203,142921728],[2.259722,143912960],[2.398012,156618752],[2.45378,162791424],[2.601609,176300032],[2.719165,176324608],[2.797085,216293376],[3.439093,216498176],[3.440281,223539200],[3.485249,229052416],[3.605956,239546368],[3.72315,239706112],[3.776759,240906240],[3.878702,241168384],[3.940097,243408896],[4.255132,251260928],[4.473705,255512576],[4.58185,255827968],[4.725961,258510848],[4.749626,259702784],[4.951736,264998912],[5.006373,267956224],[5.12592,272203776],[5.201103,276078592],[5.29909,283332608],[5.367816,285331456],[5.482281,287080448],[5.614276,291221504],[5.775073,293466112],[5.810939,295043072],[5.988929,296026112],[6.163003,296419328],[6.901289,296534016],[6.956415,297635840],[7.368471,298086400],[7.534823,298561536],[7.792682,300662784],[7.796062,311148544],[7.90202,311889920],[8.349117,312352768],[8.35455,314707968],[8.45243,314929152],[8.453766,316456960],[8.536981,316772352],[8.614908,318816256],[8.720629,325734400],[8.787013,326582272],[8.831738,328871936],[8.932052,330567680],[8.961533,332447744],[9.123896,336355328],[9.128932,338452480],[9.190684,341512192],[9.454478,343928832],[9.59743,346259456],[9.59864,348229632],[9.71944,348528640],[9.802878,349945856],[9.901388,352845824],[10.055522,354357248],[10.062778,358522880],[10.233448,361164800],[10.271695,362844160],[10.383425,362958848],[10.497431,364879872],[10.498919,368852992],[10.678882,368906240],[10.814769,371585024],[10.921525,372908032],[11.115203,381280256],[11.116441,383098880],[11.176241,381394944],[11.342215,381411328],[11.412172,382816256],[11.416804,399155200],[11.427025,391139328],[11.621817,393560064],[11.691244,396169216],[11.858405,396865536],[12.019047,399081472],[12.276579,401629184],[12.458606,407056384],[12.486735,409964544],[12.834962,410656768],[12.891104,411594752],[12.893796,419921920],[13.106055,420016128],[13.297676,422584320],[13.298247,423522304],[13.458469,425402368],[13.466538,426229760],[13.854496,428437504],[13.885747,429604864],[14.000392,430022656],[14.064865,432291840],[14.221844,432418816],[14.396133,434913280],[14.598943,436781056],[14.77481,439443456],[15.001066,441126912],[15.153895,443645952],[15.158077,445747200],[15.166287,477204480],[15.180508,476209152],[15.18063,460423168],[15.32161,462106624],[15.364075,464646144],[15.511197,464683008],[15.67973,468090880],[15.837064,469807104],[15.963067,470327296],[16.177077,472924160],[16.269568,475488256],[16.318978,474877952],[16.596886,476749824],[16.643237,478240768],[16.802522,478638080],[16.921301,480882688],[17.057529,482021376],[17.096211,485531648],[17.099495,502312960],[17.533668,502710272],[17.58953,503902208],[17.675627,508235776],[17.799137,508661760],[17.962896,511070208],[17.963411,512036864],[18.155656,514588672],[18.215334,514842624],[18.338091,517521408],[18.641212,521277440],[18.752367,526065664],[18.901913,526159872],[19.000851,528199680],[19.131528,529334272],[19.232493,531374080],[19.410412,533377024],[19.455366,535130112],[19.567377,536002560],[19.606068,539713536],[19.742022,539893760],[19.850552,542003200],[19.93492,542351360],[20.191986,545288192],[20.243337,546967552],[20.41439,547459072],[20.514899,549748736],[20.678108,550035456],[20.912064,551956480],[20.946927,553058304],[21.121695,553787392],[21.142885,554737664],[21.284522,555589632],[21.341193,557924352],[21.50623,559742976],[21.551735,559620096],[21.893739,564015104],[22.135233,565174272],[22.244178,566116352],[22.290809,568934400],[22.378174,567799808],[22.385381,600883200],[22.408974,601268224],[22.425704,668377088],[22.452666,634818560],[23.794999,635002880],[23.86793,635318272],[23.870737,639279104],[23.919437,639328256],[23.922555,647667712],[23.990838,647741440],[23.995156,664444928],[24.047478,663678976],[24.047904,635228160],[26.39254,635273216],[27.097336,635371520],[27.282237,637521920],[27.417294,637673472],[28.312275,637677568],[28.313832,641736704],[29.062148,641871872],[29.262577,643805184],[29.508249,644292608],[29.535779,646389760],[29.589242,646397952],[29.604827,648495104],[29.689331,648503296],[29.782807,650600448],[29.782919,652697600],[29.942228,657006592],[29.947767,684269568],[30.119096,684326912],[30.196218,684953600],[30.432203,684969984],[30.440327,687067136],[30.564145,689188864],[30.660113,693383168],[30.752972,695484416],[30.808884,695496704],[31.089081,708136960],[31.457676,716390400],[31.495674,717959168],[31.636062,720936960],[31.711678,723423232],[32.17934,733302784],[32.291671,736198656],[32.333207,738304000],[32.595051,744574976],[32.596649,746672128],[32.691168,747704320],[32.70037,772866048],[32.713315,760279040],[32.794283,762523648],[33.171572,770613248],[33.283954,773304320],[33.285455,775389184],[33.377834,776863744],[33.807199,786354176],[33.996449,790941696],[33.996667,793038848],[34.382013,802779136],[34.382234,804876288],[34.43146,804892672],[34.595195,808624128],[34.80878,812634112],[34.962091,816795648],[34.964156,820989952],[35.044958,820994048],[35.162184,822976512],[35.454139,829984768],[35.50246,831598592],[35.504665,835792896],[35.60513,835809280],[36.306512,851795968],[36.422023,854917120],[36.817088,864116736],[36.819351,868315136],[36.899962,868352000],[37.059016,872882176],[37.236255,881168384],[37.446493,889139200],[37.499733,892178432],[37.653086,898834432],[37.962642,910942208],[37.963715,915136512],[38.017855,915144704],[38.241194,924692480],[38.350269,930009088],[38.589381,945205248],[38.647977,947372032],[38.66116,949706752],[38.727876,952578048],[38.833264,958742528],[38.852273,961007616],[38.995978,968744960],[38.997535,972943360],[39.044015,972980224],[39.399202,987136000],[39.401831,995524608],[39.491072,995532800],[39.641034,1002471424],[39.803465,1008111616],[39.928541,1013424128],[40.040705,1019072512],[40.118784,1021947904],[40.121343,1030336512],[40.212304,1030348800],[40.279904,1033498624],[40.417925,1038389248],[40.678875,1049763840],[40.847095,1056563200],[40.879886,1058676736],[41.244324,1074376704],[41.423823,1078632448],[41.425479,1080205312],[41.527208,1083228160],[41.771877,1091510272],[41.866515,1093881856],[41.867475,1096966144],[41.916502,1096986624],[42.111968,1102893056],[42.115122,1111265280],[42.301431,1111293952],[42.737961,1122054144],[42.767173,1125842944],[42.83998,1128603648],[42.842099,1136992256],[42.96177,1137012736],[43.031485,1139421184],[43.125767,1144348672],[43.662606,1156673536],[43.821224,1161064448],[43.900943,1162485760],[44.0376,1166307328],[44.057183,1167970304],[44.298744,1174179840],[44.452937,1177608192],[44.59389,1181593600],[45.024459,1190838272],[45.452237,1201713152],[45.773425,1208905728],[45.774953,1211002880],[45.827785,1211035648],[46.212888,1218850816],[46.388234,1223475200],[46.44227,1224269824],[47.320782,1243910144],[47.476013,1248038912],[47.676507,1255772160],[47.811588,1258254336],[47.865999,1262145536],[47.931202,1262149632],[48.028994,1264365568],[48.033794,1266139136],[48.241379,1270194176],[48.26554,1269780480],[48.269661,1282056192],[48.719777,1292623872],[48.724055,1286578176],[49.086446,1294467072],[49.357381,1303519232],[49.527379,1308327936],[49.529052,1311297536],[49.656178,1315266560],[49.843705,1317822464],[49.847702,1314807808],[50.112239,1314811904],[50.112844,1315766272],[50.836016,1318735872],[50.854617,1326833664],[51.467382,1259720704],[51.478545,1205153792],[51.478664,1171640320],[51.517416,1170051072],[51.76693,1168953344],[51.767473,1142779904],[51.916409,1144401920],[51.978581,1146470400],[52.189067,1150136320],