{"summary":{"timestamp":1382135184,"hash":"df187a0b67cf94b339220c3fa7b9d2edbe4d05aa","max_memory":1424781312,"cpu_time":184.12,"pull_request":9933},"memory_data":[[0.003206,8192],[0.012566,8552448],[0.109906,27254784],[0.135863,34242560],[0.164625,37605376],[0.221373,49790976],[0.235049,50556928],[0.27548,61198336],[0.292654,61984768],[0.391295,82546688],[0.405283,82636800],[0.486544,98123776],[0.550555,109006848],[0.655414,130211840],[0.709062,139304960],[0.737972,142221312],[0.816018,187109376],[0.942484,261459968],[1.189617,261607424],[1.428297,263131136],[1.514192,264822784],[1.677147,265039872],[1.678736,266350592],[1.766996,266477568],[1.800913,272334848],[1.902753,286441472],[1.924383,290820096],[2.042512,308338688],[2.098506,318681088],[2.247826,339963904],[2.258732,343207936],[2.372914,343228416],[2.495885,415617024],[3.145438,415899648],[3.14808,433287168],[3.173374,433725440],[3.17969,469233664],[3.192234,451403776],[3.230127,453505024],[3.240728,522711040],[3.266139,521949184],[3.266226,487055360],[3.333176,487165952],[3.335054,496578560],[3.378121,522739712],[3.3857,556879872],[3.386422,521252864],[3.401229,521326592],[3.410927,533880832],[3.411017,521252864],[3.423029,521256960],[3.434906,537112576],[3.439269,552759296],[4.537927,554864640],[4.542625,573734912],[5.260483,573841408],[5.264419,590512128],[7.593586,592609280],[7.596374,607293440],[8.025738,607313920],[8.08769,608124928],[9.132823,608153600],[9.268958,609959936],[9.37368,612868096],[9.405164,615116800],[9.565978,616525824],[9.690395,620900352],[9.863468,622559232],[9.894099,624091136],[10.004566,624971776],[10.006319,627703808],[10.153461,628391936],[10.233533,629628928],[10.28446,632053760],[10.408653,633069568],[10.56028,636706816],[10.564362,653447168],[10.923448,653549568],[10.930585,687104000],[11.96327,687222784],[12.351094,693399552],[12.517388,694882304],[12.553073,696750080],[12.698285,697225216],[12.881374,699666432],[12.995547,702103552],[13.179785,703614976],[13.214384,704724992],[13.354176,706277376],[13.392889,708263936],[13.455704,708308992],[13.516353,710467584],[13.719427,712151040],[13.750135,713261056],[13.871883,714305536],[14.048232,719253504],[14.269889,722550784],[14.271337,727900160],[14.451661,727904256],[14.658449,729821184],[14.920847,733257728],[15.000362,735674368],[15.17243,736440320],[15.242035,737603584],[15.266889,741404672],[15.268257,746618880],[15.304813,746717184],[15.307561,757104640],[15.378693,759205888],[15.382028,778080256],[15.388968,776159232],[15.389145,758550528],[15.40188,737574912],[15.455876,737968128],[15.690891,737574912],[17.096508,737579008],[17.117049,737914880],[17.512485,738152448],[17.635607,738648064],[18.171606,739127296],[18.297367,739610624],[18.333666,742318080],[18.668595,742322176],[18.668857,744435712],[18.756808,748621824],[18.756898,750727168],[18.867902,757018624],[18.962403,760041472],[19.01138,764436480],[19.075886,767098880],[19.22221,775348224],[19.418208,784506880],[19.651243,795914240],[19.761804,804880384],[19.931316,812032000],[20.129029,821256192],[20.406824,835223552],[20.663399,845905920],[20.665017,850071552],[20.714274,850079744],[20.876377,857845760],[21.033588,864677888],[21.061877,866705408],[21.414278,881807360],[21.581397,890183680],[21.734799,895774720],[21.806646,899469312],[21.951431,904978432],[21.977536,907091968],[22.174877,915275776],[22.335622,924069888],[22.776923,942247936],[23.270572,962846720],[23.364077,967815168],[23.617342,978325504],[23.740178,985264128],[23.881507,990400512],[23.98409,994840576],[24.325182,1008361472],[24.352601,1010458624],[24.521561,1016987648],[24.80555,1028616192],[25.357236,1052815360],[25.456303,1057714176],[25.658787,1066221568],[25.660687,1070415872],[25.713759,1070424064],[26.000135,1082445824],[26.304377,1094270976],[26.400241,1098903552],[26.537118,1111420928],[26.540989,1114263552],[26.546951,1145720832],[26.842219,1145769984],[26.924762,1149132800],[26.946715,1291829248],[27.000239,1243590656],[27.000332,1220521984],[27.081086,1224126464],[27.177358,1229758464],[27.406403,1240825856],[27.655192,1250693120],[27.78947,1257615360],[28.077005,1269006336],[28.345192,1280323584],[28.372783,1282342912],[28.516198,1288491008],[28.701075,1295187968],[28.953359,1306583040],[29.009541,1308311552],[29.271006,1318776832],[29.478626,1327521792],[29.506901,1329623040],[29.72432,1338728448],[29.725048,1341878272],[29.781872,1342410752],[29.936977,1349931008],[30.073451,1355337728],[30.08366,1357266944],[30.282431,1362698240],[30.29249,1367891968],[30.780727,1381814272],[30.789036,1400868864],[30.791318,1378553856],[30.842936,1379872768],[30.856473,1400352768],[30.864725,1421029376],[30.8681,1380143104],[30.874799,1382244352],[30.877858,1399021568],[30.887269,1401114624],[30.895062,1424142336],[30.89584,1380544512],[31.29609,1388220416],[31.775892,1391099904],[31.784449,1388179456],[31.784989,1362542592],[31.790036,1364824064],[32.177938,1341743104],[32.181223,1276731392],[32.350147,1238978560],[32.350233,1134120960],[37.687521,1134235648],[37.696177,1150898176],[37.969925,1152999424],[37.972845,1184456704],[37.981453,1181331456],[37.981804,1167810560],[38.057415,1167847424],[38.063759,1180262400],[38.345071,1177169920],[38.349754,1161515008],[38.349842,1134252032],[52.020281,1134305280],[52.028699,1150902272],[92.392679,1153003520],[92.39554,1184460800],[92.403287,1183494144],[92.403638,1167814656],[145.714735,1167859712],[145.71786,1173975040],[146.69256,1174044672],[146.696805,1182363648],[156.726632,1182408704],[156.732877,1194946560],[162.905667,1197043712],[162.906667,1207533568],[164.267836,1207619584],[164.269197,1215922176],[164.43612,1215975424],[164.438326,1232699392],[183.35265,1232773120],[183.355672,1257865216],[186.029672,1257869312],[186.14284,1266786304],[186.160273,1276203008],[186.400621,1276207104],[186.403394,1274290176],[186.405702,1234395136],[187.363416,1232293888],[187.363509,1200836608],[187.380798,1205202944],[187.390367,1236344832],[187.392103,1213988864],[187.402832,1200889856],[187.425069,1201700864],[187.433898,1208164352],[187.46887,1217855488],[187.49825,1222524928],[187.500348,1230516224],[187.51647,1230524416],[187.522671,1242112000],[187.535065,1246552064],[187.574116,1248927744],[187.575012,1216507904],[187.579473,1197588480],[187.579656,1163489280],[187.654507,1159774208],[187.658198,1117618176],[187.659441,1059401728],[187.677432,858693632],[187.679915,858443776],[187.681359,816955392],[187.683792,816361472],[187.688948,737693696],[187.691444,736362496],[187.693087,689336320],[187.695803,685973504],[187.697316,641912832],[187.7001,639234048],[187.701708,584994816],[187.704379,583213056],[187.705893,530399232],[187.708508,529526784],[187.709778,490676224],[187.717782,411389952],[187.720404,410681344],[187.722373,329646080],[187.725148,328224768],[187.72957,288657408],[187.731306,250200064],[187.735707,210477056],[187.73831,210087936],[187.740462,171057152],[187.74334,169603072],[187.745503,131031040],[187.748293,130383872],[187.750535,91308032],[187.753282,90275840],[187.755425,51982336],[187.759975,21233664],[187.764423,15130624]],