{"summary":{"timestamp":1391024201,"hash":"dfb61166f5a62845e7edc71ac533a4d3a35afebc","max_memory":1308426240,"cpu_time":164.44,"pull_request":11877},"memory_data":[[0.002162,8192],[0.010609,7278592],[0.147769,9306112],[0.224171,16805888],[0.256183,24424448],[0.284832,26931200],[0.324789,33996800],[0.347501,40894464],[0.44087,54054912],[0.623614,83877888],[0.651845,89657344],[0.710203,90296320],[0.756424,99659776],[0.824246,116731904],[0.85725,133742592],[0.949516,135835648],[1.317233,137269248],[1.45299,138911744],[1.74609,139735040],[1.858054,151101440],[1.90029,151629824],[1.954521,157732864],[2.09691,171151360],[2.216454,171163648],[2.28989,210546688],[2.874505,210837504],[2.875739,216907776],[2.898589,221106176],[2.99162,233803776],[3.178496,234291200],[3.330837,235581440],[5.248477,236199936],[5.842275,236269568],[6.151627,243728384],[6.201309,245301248],[6.409931,249454592],[6.497973,249462784],[6.754702,253722624],[6.921596,258678784],[7.020889,260333568],[7.098345,262930432],[7.229238,265293824],[7.41235,271802368],[7.705302,277712896],[7.745096,279990272],[7.859355,283504640],[8.11326,288989184],[8.397055,290185216],[9.029746,290586624],[9.045779,291524608],[9.536107,292511744],[9.777883,292597760],[9.783326,305098752],[9.909456,305836032],[10.304286,306446336],[10.320264,309907456],[10.35791,311627776],[10.449245,312451072],[10.610656,320159744],[10.937264,327438336],[11.06811,330952704],[11.109551,335851520],[11.208245,336621568],[11.35326,340406272],[11.353925,342339584],[11.41864,342503424],[11.664501,348655616],[11.669601,352854016],[11.757307,356384768],[11.834456,356728832],[11.87794,358260736],[11.879033,362418176],[11.968739,362434560],[12.068602,365453312],[12.178831,374444032],[12.210866,375885824],[12.323202,375918592],[12.368048,377090048],[12.371261,392343552],[12.377359,385478656],[12.450927,388681728],[12.568286,390180864],[12.768518,395661312],[12.812994,395812864],[12.943221,399745024],[12.951306,408096768],[13.071409,408219648],[13.189713,410796032],[13.19007,411803648],[13.306839,414322688],[13.637345,416534528],[13.668853,417685504],[13.795916,418066432],[13.857559,420265984],[14.01775,420409344],[14.046828,421240832],[14.374127,424255488],[14.583431,427483136],[14.754725,428593152],[14.885582,430882816],[14.951492,430972928],[15.003909,432959488],[15.180425,434282496],[15.181177,435384320],[15.3096,436297728],[15.406263,438673408],[15.415989,472551424],[15.436808,471977984],[15.436898,455770112],[15.565034,457031680],[15.704474,457457664],[15.880425,459980800],[15.912885,461426688],[16.235486,463732736],[16.285275,465293312],[16.473053,466337792],[16.528901,467865600],[16.645942,467992576],[16.754787,471613440],[16.75824,488259584],[17.564399,488640512],[17.632889,489525248],[17.635661,491663360],[17.755713,491687936],[18.178496,496066560],[18.348952,497340416],[18.522165,499687424],[18.690334,500809728],[18.782876,502083584],[18.922916,502730752],[19.052262,505257984],[19.118137,507686912],[19.373074,507953152],[19.512134,509771776],[19.717979,510939136],[19.751317,511819776],[19.926247,513273856],[20.050442,513683456],[20.220817,516583424],[20.431276,517615616],[20.643807,519380992],[20.696971,521097216],[20.698477,523448320],[20.974792,523653120],[21.179164,525156352],[21.276859,526405632],[21.338238,528486400],[21.457544,528154624],[21.546784,530452480],[21.742893,530845696],[21.881453,532164608],[21.916697,533565440],[22.085603,533909504],[22.105129,535445504],[22.243827,535629824],[22.299567,537878528],[22.824727,544071680],[23.056356,545202176],[23.166902,546197504],[23.212283,549027840],[23.241582,547680256],[23.350915,548126720],[23.426264,550883328],[23.432743,582340608],[24.490329,582631424],[24.565587,582856704],[24.567386,586887168],[24.61136,586977280],[24.614329,595275776],[24.686669,597377024],[24.690333,612057088],[24.751023,593858560],[24.751118,582823936],[27.117003,584929280],[27.135071,649936896],[27.173834,616378368],[29.403056,616427520],[30.046453,616833024],[31.021819,616923136],[31.02283,620896256],[31.630487,621027328],[31.769009,622370816],[32.071467,622915584],[32.120924,624500736],[32.121139,626614272],[32.200894,628715520],[32.265201,628723712],[32.277858,630820864],[32.37437,630833152],[32.484613,633184256],[32.74722,640520192],[32.765991,643813376],[32.771118,671076352],[33.238503,671342592],[33.485515,678260736],[33.626883,681271296],[33.73866,684888064],[33.994703,690991104],[34.052282,693047296],[34.203886,695656448],[34.401484,701054976],[34.516653,703328256],[34.639567,708108288],[34.783507,711618560],[34.981085,721408000],[35.128514,726073344],[35.665172,738529280],[35.709107,740630528],[35.937994,746516480],[36.246161,753852416],[36.719818,765874176],[36.827938,770310144],[36.911955,772513792],[37.148121,777379840],[37.273698,781008896],[37.281957,806117376],[37.298399,805322752],[37.298493,793591808],[37.323402,794406912],[37.325307,798601216],[37.404778,798613504],[37.776089,807149568],[37.853543,809791488],[37.854203,813989888],[37.943058,814002176],[38.446416,826519552],[38.646113,832847872],[38.646763,834945024],[38.976712,843288576],[38.978741,847482880],[39.064988,847486976],[39.160081,850784256],[39.273616,853483520],[39.446815,858796032],[39.659565,864628736],[39.892992,869904384],[39.923091,871469056],[40.317261,881627136],[40.462587,884903936],[40.51942,887427072],[40.726414,892092416],[41.196689,904228864],[41.38522,909541376],[41.590608,916291584],[41.803315,924639232],[41.900066,926801920],[41.929078,929132544],[42.039881,932016128],[42.223501,938168320],[42.26112,940437504],[42.553423,948686848],[42.699364,951955456],[42.700761,954044416],[42.785949,955289600],[42.787817,959389696],[42.874247,959393792],[43.1508,966037504],[43.305127,970391552],[43.308343,978780160],[43.452687,978792448],[43.571983,982175744],[43.898124,988921856],[44.068416,993566720],[44.071011,994549760],[44.460251,1004228608],[44.46327,1012617216],[44.608546,1012641792],[44.84601,1018109952],[45.358544,1031798784],[45.497486,1034989568],[45.832556,1043582976],[45.869344,1046847488],[45.90978,1046867968],[46.196018,1053671424],[46.258001,1055801344],[46.259589,1059987456],[46.35235,1060134912],[46.42588,1061830656],[46.42729,1064951808],[46.485278,1065201664],[46.672947,1072570368],[46.673057,1074708480],[46.83816,1079873536],[47.034499,1085321216],[47.035853,1087381504],[47.104342,1088589824],[47.107348,1096978432],[47.275834,1096986624],[47.482922,1102098432],[47.513916,1103630336],[47.772806,1109958656],[47.773802,1111531520],[47.846689,1112203264],[48.182169,1119715328],[48.182279,1121832960],[48.242004,1123643392],[48.244319,1132027904],[48.402136,1132302336],[48.838522,1143222272],[49.116794,1150496768],[49.309602,1156182016],[49.520839,1166467072],[49.740815,1176182784],[49.880161,1183154176],[50.153156,1194713088],[50.181691,1196748800],[50.443626,1206812672],[50.689467,1217441792],[50.992311,1229991936],[51.087642,1234935808],[51.251238,1241657344],[51.275788,1241661440],[51.456795,1246498816],[51.47968,1248985088],[51.564334,1249095680],[51.680039,1252007936],[51.681301,1254113280],[52.176595,1263947776],[52.363949,1268158464],[52.376746,1286004736],[52.37944,1269837824],[52.39162,1286029312],[52.394249,1300713472],[52.401442,1302487040],[52.405364,1269907456],[52.415547,1286082560],[52.418186,1300848640],[52.425677,1302757376],[52.428533,1269837824],[52.440011,1286303744],[52.442662,1300987904],[52.450064,1303035904],[52.454417,1269841920],[52.464971,1286451200],[52.467706,1303228416],[52.474801,1303330816],[52.477555,1269837824],[52.482829,1286721536],[53.051818,1296777216],[53.452493,1302937600],[53.802814,1307709440],[53.807375,1292877824],[54.08128,1299533824],[54.632208,1299644416],[54.633419,1301532672],[55.119438,1303490560],[55.13811,1307402240],[55.709848,1241829376],[55.718019,1210925056],[55.721612,1152196608],[55.761514,1150619648],[56.021311,1150320640],[56.022054,1123348480],[56.11738,1124163584],[56.238969,1127669760],[56.43631,1130536960],[56.724259,1130582016],