{"summary":{"timestamp":1385834201,"hash":"dfe46f788bd080fed67c63e7a04dad10468502b3","max_memory":1416663040,"cpu_time":196.68,"pull_request":10737},"memory_data":[[0.002096,8192],[0.007178,6942720],[0.076655,20709376],[0.095965,26869760],[0.126454,29659136],[0.165934,37208064],[0.191915,45428736],[0.236292,51392512],[0.2795,61714432],[0.295574,61812736],[0.448857,89350144],[0.514866,102965248],[0.541169,102989824],[0.639322,186822656],[0.974652,187400192],[1.042836,188633088],[1.241767,189100032],[1.247854,190152704],[1.381809,190259200],[1.453804,197263360],[1.534264,209530880],[1.605854,218558464],[1.693687,232194048],[1.733251,235823104],[1.84508,252850176],[1.946059,252895232],[2.014433,309329920],[2.619395,309477376],[2.62185,325128192],[2.645961,325169152],[2.651526,356589568],[2.663361,340856832],[2.699649,342958080],[2.709768,403775488],[2.733483,403013632],[2.733536,372314112],[2.806012,372449280],[2.807685,382181376],[2.853263,410742784],[2.860597,447356928],[2.861248,409161728],[2.874965,409174016],[2.876752,418897920],[2.890972,426409984],[2.907476,425971712],[2.909461,435679232],[2.936591,453623808],[2.942054,479657984],[2.942107,452186112],[3.46351,452206592],[4.03307,454303744],[4.041284,476508160],[4.831381,476553216],[4.834808,489091072],[5.775256,489168896],[5.777489,497479680],[6.497846,497569792],[6.502655,514256896],[7.071708,514330624],[7.220763,517840896],[7.567483,522498048],[7.618674,524537856],[7.622191,527024128],[7.761447,527192064],[8.102729,532795392],[8.216572,536158208],[8.308386,536989696],[8.392188,539078656],[8.413711,540905472],[8.565316,541802496],[8.768613,546496512],[8.850086,547151872],[8.873126,551051264],[8.924412,551088128],[8.934856,584642560],[9.289484,584790016],[9.293915,601526272],[10.314362,601616384],[10.393128,602046464],[10.515402,607244288],[10.615968,607477760],[10.767855,609787904],[10.833331,610086912],[10.95476,612270080],[11.092773,613638144],[11.129364,615550976],[11.245458,615956480],[11.39379,617742336],[11.414544,618790912],[11.626748,620810240],[11.821736,624283648],[11.870636,626511872],[11.945138,626577408],[12.090921,628830208],[12.191088,629379072],[12.320983,633331712],[12.44073,634703872],[12.461049,640655360],[12.721071,640835584],[12.897798,642588672],[13.101417,645484544],[13.131848,647335936],[13.416411,650186752],[13.432176,656310272],[13.465066,656367616],[13.46746,664698880],[13.529055,664748032],[13.533451,681476096],[13.555913,680472576],[13.556214,650149888],[13.620754,650805248],[13.962081,650149888],[15.180924,650153984],[15.181716,652115968],[15.554958,652120064],[15.616572,652668928],[15.616976,654766080],[15.760861,654725120],[15.780344,653221888],[15.872134,653262848],[15.87547,654692352],[16.199254,655249408],[16.729673,655736832],[16.861262,656437248],[17.18255,656457728],[17.322489,663191552],[17.420247,669544448],[17.464671,673738752],[17.52555,675844096],[17.545971,680095744],[17.583271,680177664],[17.742835,687628288],[17.889964,696156160],[17.898535,729714688],[18.227405,729739264],[18.302443,733118464],[18.400563,742318080],[18.551189,749596672],[18.552601,753790976],[18.602047,753795072],[18.628322,756482048],[18.682629,757837824],[18.936524,771084288],[19.088703,778158080],[19.236602,784351232],[19.257788,785928192],[19.454884,795615232],[19.602097,802250752],[19.647688,805117952],[19.866578,815362048],[19.893972,817467392],[20.057278,824877056],[20.160048,831594496],[20.180655,957423616],[20.229757,923865088],[20.229809,894504960],[20.393212,900923392],[20.6954,914702336],[20.944124,927178752],[21.372527,946139136],[21.373025,947187712],[21.491602,952074240],[21.589975,958128128],[21.966965,974499840],[21.997315,976728064],[22.138267,982503424],[22.160047,1049616384],[22.190008,1016057856],[22.247062,1018322944],[22.429586,1027563520],[22.563781,1032527872],[22.565078,1036709888],[22.615599,1036722176],[22.860438,1046855680],[22.964572,1051615232],[22.965876,1055789056],[23.013253,1055805440],[23.147834,1061384192],[23.328441,1070219264],[23.421618,1073532928],[23.633476,1083920384],[23.750303,1088782336],[23.864664,1094557696],[24.012737,1100668928],[24.35194,1116397568],[24.456175,1120415744],[24.597973,1127600128],[24.763602,1134465024],[25.022227,1147514880],[25.099676,1153777664],[25.17985,1161740288],[25.228721,1163726848],[25.420225,1174822912],[25.464201,1175851008],[25.602546,1182085120],[25.745002,1190760448],[25.752975,1220186112],[26.10428,1220268032],[26.192042,1224970240],[26.392192,1233567744],[26.630256,1243242496],[26.906352,1255223296],[26.974326,1259573248],[27.165397,1267503104],[27.16619,1270657024],[27.201534,1270718464],[27.481656,1283817472],[27.483099,1287995392],[27.543695,1288003584],[28.010957,1307914240],[28.013544,1316302848],[28.10692,1316466688],[28.236733,1322516480],[28.318035,1325051904],[28.592186,1337970688],[28.60283,1339854848],[28.742218,1343557632],[28.743594,1346789376],[29.010361,1354227712],[29.047758,1353236480],[29.050209,1364844544],[29.181675,1368887296],[29.739093,1384726528],[29.744142,1416183808],[29.746068,1375518720],[29.91028,1380814848],[30.542526,1384300544],[30.554158,1382252544],[30.554856,1347227648],[30.55966,1350545408],[30.961156,1284313088],[30.9654,1249873920],[31.130204,1184858112],[31.130267,1124040704],[31.665897,1124044800],[37.293574,1126146048],[37.296505,1157603328],[37.719446,1124044800],[98.342118,1126150144],[98.345015,1157607424],[199.614866,1157611520],[199.725963,1166372864],[199.741795,1176207360],[199.988297,1176211456],[201.065171,1175203840],[201.070506,1134313472],[201.114631,1134456832],[201.153903,1155317760],[201.186437,1155321856],[201.202259,1166299136],[201.206868,1178255360],[201.256737,1182113792],[201.260161,1130602496],[201.260285,1094451200],[201.31741,1091678208],[201.319617,1027612672],[201.32188,1026646016],[201.327919,897978368],[201.333157,857169920],[201.334699,787136512],[201.340255,744652800],[201.347302,627884032],[201.348354,582725632],[201.354141,486162432],[201.355931,485576704],[201.357188,400281600],[201.361706,344850432],[201.362963,283160576],[201.373246,163078144],[201.380144,44822528],[201.384548,15433728]],"pass_timing":[["parsing",0.507],["gated feature checking",0.023],["std macros injection",0.001],["configuration 1",0.126],["expansion",1.204],["configuration 2",0.201],["maybe building test harness",0.173],["std injection",0.168],["assigning node ids",0.167],["ast indexing",0.216],["external crate/lib resolution",0.172],["language item collection",0.026],["resolution",1.688],["lifetime resolution",0.028],["looking for entry point",0],["freevar finding",0.064],["region resolution",0.097],["type collecting",0.103],["variance inference",0.057],["coherence checking",0.121],["type checking",8.245],["const marking",0.155],["const checking",0.037],["privacy checking",0.369],["effect checking",0.048],["loop checking",0.027],["compute moves",1.622],["match checking",0.101],["liveness checking",0.215],["borrow checking",0.798],["kind checking",0.082],["reachability checking",0.01],["lint checking",0.287],["translation",13.46],["LLVM passes",169.882],["linking",0.184]]}