{"summary":{"timestamp":1387874493,"hash":"e09a8e892346ddcb917b74f0c5c678a5b477f609","max_memory":1235144704,"cpu_time":213.87,"pull_request":11091},"memory_data":[[0.099575,8192],[0.12062,11030528],[0.14658,11087872],[0.286306,35794944],[0.312145,43646976],[0.483827,69345280],[0.561056,81850368],[0.628706,94998528],[0.655788,95035392],[0.740578,164397056],[0.898198,164413440],[1.20349,167018496],[1.309685,167161856],[1.310083,168177664],[1.457057,168349696],[1.517486,175824896],[1.536229,184053760],[1.675544,199921664],[1.735588,208363520],[1.805252,215851008],[1.805999,217919488],[1.87693,225116160],[1.8849,227368960],[1.989926,227385344],[2.002297,239108096],[2.05643,281247744],[2.93797,281419776],[4.008015,281481216],[4.010242,289832960],[4.696992,289845248],[4.700867,302419968],[5.216447,302563328],[5.355418,307163136],[5.521056,311017472],[5.609394,314286080],[5.61218,322740224],[5.713112,322850816],[5.715538,324907008],[5.79546,324911104],[5.9399,329428992],[6.049914,338325504],[6.158017,339079168],[6.291353,343490560],[6.296471,360222720],[6.302902,351830016],[6.603503,357830656],[6.689859,360009728],[6.694412,364105728],[6.730101,366891008],[6.778013,367030272],[6.989666,373538816],[7.304018,377991168],[7.362042,382504960],[7.481994,382689280],[7.800333,387948544],[7.919409,391622656],[8.048221,393457664],[8.10641,396476416],[8.254073,397697024],[8.365036,401473536],[8.489745,402886656],[8.530993,405458944],[8.539823,437231616],[8.55383,438661120],[8.55393,422105088],[8.737688,424443904],[8.803018,427503616],[8.915784,429293568],[8.919867,445935616],[9.315609,445988864],[9.484536,448794624],[9.615272,450228224],[9.61663,453345280],[9.671927,453414912],[9.672733,455462912],[9.784318,455610368],[9.948676,458051584],[10.030561,460738560],[10.064851,463462400],[10.174097,463253504],[10.395999,466956288],[10.564555,468516864],[10.651287,471453696],[10.764003,471953408],[10.884451,473591808],[10.910146,474816512],[11.170607,477892608],[11.228684,480518144],[11.28206,480604160],[11.331403,482938880],[11.395314,483000320],[11.614991,485871616],[11.72189,489009152],[11.875196,492552192],[11.876462,497246208],[12.009944,497311744],[12.164438,498819072],[12.193254,500002816],[12.466806,503169024],[12.56663,505241600],[12.634818,508084224],[12.768213,508485632],[12.807983,511975424],[12.815175,543432704],[12.999985,543449088],[13.00426,560164864],[13.037164,559960064],[13.037214,543518720],[16.879923,543547392],[16.894499,602267648],[17.631259,602312704],[17.636178,604712960],[17.801713,613105664],[17.826127,613109760],[17.880461,617304064],[17.904434,617312256],[17.988926,624910336],[18.020045,626458624],[18.020848,630657024],[18.066272,630665216],[18.16827,634757120],[18.554062,654737408],[18.907677,670261248],[18.992829,674803712],[19.247139,686968832],[19.38458,694231040],[19.580982,702566400],[19.605974,704634880],[19.735882,710692864],[19.736774,712814592],[19.953256,721317888],[20.150727,729542656],[20.16157,732868608],[20.180816,797880320],[20.207096,797454336],[20.207145,764321792],[20.33213,769388544],[20.341589,770883584],[20.483914,776810496],[20.646699,784826368],[20.873722,794513408],[20.932983,797892608],[21.187893,808988672],[21.194243,812658688],[21.23451,812675072],[21.609118,829050880],[21.698103,833769472],[21.908997,842240000],[22.130191,852918272],[22.260531,858284032],[22.261035,862482432],[22.309701,862490624],[22.682469,878628864],[22.68396,882823168],[22.734461,882831360],[23.123262,899211264],[23.377656,911724544],[23.479815,915378176],[23.685418,924991488],[23.825689,930758656],[23.9089,935141376],[24.179018,947302400],[24.333973,953843712],[24.504563,962715648],[24.643618,968921088],[24.667491,971030528],[24.817543,977096704],[24.925661,983056384],[24.933647,1012678656],[25.180436,1012699136],[25.299552,1019461632],[25.364311,1021620224],[25.364732,1023197184],[25.461336,1026592768],[25.640343,1035833344],[25.881469,1045438464],[25.906518,1047633920],[26.03833,1053122560],[26.161219,1059037184],[26.304634,1064648704],[26.439128,1070682112],[26.439708,1073651712],[26.560447,1077366784],[27.038971,1098838016],[27.101295,1102147584],[27.250078,1108221952],[27.251367,1112334336],[27.304994,1112387584],[27.419409,1118187520],[27.699093,1129144320],[27.835791,1134956544],[27.838019,1143242752],[27.938381,1143267328],[28.134121,1151197184],[28.376208,1162289152],[28.454255,1164722176],[28.558958,1169293312],[28.654068,1172131840],[28.655377,1176326144],[28.700642,1176350720],[28.801267,1180622848],[28.811018,1182650368],[28.955854,1185992704],[28.961376,1189109760],[29.317188,1197666304],[29.524953,1203089408],[29.529034,1201782784],[29.626829,1204404224],[29.627429,1205960704],[30.147191,1220374528],[30.611876,1228165120],[30.622676,1226780672],[31.306359,1230716928],[31.319926,1234292736],[31.737497,1230094336],[31.737547,1167179776],[31.74101,1164648448],[31.741937,1091670016],[31.915933,1058111488],[31.915983,1032945664],[34.911982,1032949760],[38.41195,1033019392],[38.415243,1066508288],[38.868014,1034375168],[38.868064,1032949760],[38.998096,1032966144],[151.070194,1033060352],[151.083581,1033601024],[151.091499,1066524672],[151.233092,1066610688],[151.238843,1083305984],[151.578618,1091452928],[151.592388,1158549504],[151.609601,1157664768],[151.610172,1124990976],[151.853566,1131012096],[151.860456,1126813696],[151.863413,1063940096],[151.870669,1094766592],[151.872081,1063899136],[170.45899,1063895040],[173.806393,1063727104],[175.843555,1063563264],[178.841684,1063403520],[178.844357,1063309312],[181.394311,1063198720],[181.396483,1063124992],[183.493449,1063051264],[183.495836,1062957056],[185.422906,1062842368],[187.318986,1062518784],[189.248397,1062420480],[190.536219,1062285312],[190.538778,1062162432],[192.474761,1062014976],[192.539598,1062129664],[192.546559,1078583296],[196.348414,1078206464],[197.449717,1077977088],[198.256527,1077948416],[198.258712,1077809152],[200.586424,1077465088],[201.471215,1077444608],[201.473615,1077248000],[203.405597,1077043200],[203.906398,1076846592],[204.69139,1076813824],[205.093043,1076654080],[205.980816,1076621312],[207.108706,1076350976],[207.112419,1092919296],[207.176818,1092997120],[207.182622,1117454336],[208.415842,1117417472],[208.41697,1117184000],[208.916742,1116917760],[209.697717,1116880896],[209.699911,1116659712],[210.346723,1116622848],[210.846853,1116372992],[211.648433,1116315648],[211.850164,1116151808],[213.017352,1116082176],[213.018494,1115893760],[214.307556,1115549696],[216.201464,1115160576],[216.261735,1115406336],[216.426973,1118584832],[217.030348,1118527488],[217.041688,1120227328],[217.216988,1120231424],[217.265518,1123983360],[217.314261,1125289984],[217.315294,1127915520],[217.405103,1130287104],[217.538346,1130389504],[217.573858,1132769280],[217.578561,1135935488],[217.612836,1135951872],[217.616156,1138937856],[217.753176,1150025728],[217.762242,1156378624],[217.841216,1156251648],[217.841372,1151238144],[218.017946,1151242240],[218.027478,1133817856],[218.03081,1071345664],[218.040488,1075220480],[219.093702,1073610752],[219.101147,1067339776],[219.101959,1027751936],[219.120536,1025634304],[219.12074,1015271424],[219.139353,1012187136],[219.142252,922660864],[219.149371,801259520],[219.150227,757489664],[219.161559,554688512],[219.165354,514760704],[219.168832,404123648],[219.172608,363008000],[219.17821,239075328],[219.179561,237920256],[219.182797,159506432],[219.187388,80060416],[219.191506,42176512]],