{"summary":{"timestamp":1400449295,"hash":"e1403e1d8337cc1636471f79da4536409e2a0c2b","max_memory":1600344064,"cpu_time":157.19,"pull_request":14000},"memory_data":[[0.003084,4096],[0.068713,413696],[0.088576,9506816],[0.156819,12292096],[0.217096,12484608],[0.247968,15482880],[0.367302,20008960],[0.40585,20017152],[0.497609,23941120],[0.554645,30003200],[0.752555,35360768],[0.773269,43319296],[0.899894,45793280],[0.923784,49373184],[1.007203,55431168],[1.048256,61423616],[1.101486,64942080],[1.12552,70475776],[1.208806,77316096],[1.234954,82038784],[1.263099,82624512],[1.329012,91287552],[1.393245,94150656],[1.393341,96247808],[1.448335,99053568],[1.464813,102088704],[1.512523,104587264],[1.512622,106692608],[1.562058,109326336],[1.562153,111427584],[1.613917,113995776],[1.653083,120455168],[1.706881,123412480],[1.746415,129757184],[1.817373,129892352],[1.870021,141524992],[1.933589,162234368],[1.996018,178802688],[2.016322,181522432],[2.053881,161632256],[2.242059,164659200],[2.242555,161509376],[2.4067,164806656],[2.782284,175955968],[2.901233,179871744],[3.069443,194723840],[3.136349,201494528],[3.183413,208175104],[3.248011,212066304],[3.294933,219193344],[3.349405,223014912],[3.349612,225112064],[3.411391,229216256],[3.43907,233271296],[3.476744,243077120],[3.513181,243089408],[3.575946,247394304],[3.576041,249499648],[3.630966,253136896],[3.631063,255242240],[3.689177,259211264],[3.689285,261320704],[3.763869,266252288],[3.763962,268349440],[3.825078,272994304],[3.871874,280408064],[3.924983,283955200],[3.92508,286060544],[3.988784,290713600],[3.989004,292810752],[4.059868,297160704],[4.083118,303050752],[4.113172,305733632],[4.315255,305750016],[4.356588,314474496],[4.419815,334868480],[4.515555,361852928],[5.037671,361746432],[5.069566,352821248],[5.188714,354721792],[5.352111,361865216],[5.492233,361938944],[5.585265,366133248],[5.586718,370327552],[5.670964,372424704],[5.722606,372428800],[5.755157,374583296],[5.835031,376680448],[5.914418,376389632],[5.945373,370810880],[5.958475,364969984],[6.165215,367792128],[6.328678,369070080],[6.386753,372518912],[6.654994,377905152],[6.768637,381276160],[6.822791,385724416],[6.862185,399278080],[6.915016,400154624],[7.027369,404615168],[7.09618,405229568],[7.100879,407961600],[7.264847,416751616],[7.37152,419053568],[7.447164,422342656],[7.484029,427491328],[7.534745,431837184],[7.614121,436563968],[7.670699,436838400],[7.682143,440078336],[7.765689,441233408],[7.850837,445718528],[7.909591,446095360],[7.929851,449044480],[7.988911,451272704],[7.99552,453369856],[8.109092,456290304],[8.110583,462581760],[8.204276,462663680],[8.29123,464760832],[8.293801,477343744],[8.461685,477589504],[8.693986,479686656],[8.701366,496463872],[8.707256,490172416],[8.835144,490258432],[8.899886,493359104],[8.900191,497553408],[9.019034,498450432],[9.24201,498532352],[9.257465,500170752],[9.361763,500154368],[9.364427,490758144],[9.571609,491261952],[9.614892,496422912],[9.653498,496541696],[9.670037,501665792],[9.787317,501809152],[9.99142,505958400],[10.080684,506015744],[10.204911,507740160],[10.236839,510406656],[10.310057,513110016],[10.418264,515686400],[10.41846,519880704],[10.537072,521318400],[10.556583,523431936],[10.565423,533921792],[10.630768,534175744],[10.654762,535822336],[10.795365,537202688],[10.893838,541028352],[10.894824,537083904],[10.991996,537677824],[10.992755,539774976],[11.136907,540319744],[11.137488,542416896],[11.474089,543281152],[11.506559,544768000],[11.578352,544858112],[11.592124,547192832],[11.76198,549306368],[11.864782,551403520],[12.023665,553500672],[12.099683,555597824],[12.108106,559792128],[12.18796,563986432],[12.194758,566083584],[12.330673,570277888],[12.371867,576569344],[12.483554,578666496],[12.534163,582860800],[12.620145,587055104],[12.646858,591249408],[12.651867,582860800],[12.772695,583450624],[13.006452,583479296],[13.34118,585576448],[13.378464,589770752],[13.534258,591867904],[13.748829,593965056],[13.750254,612839424],[13.758599,617033728],[13.765879,604450816],[13.842204,608645120],[14.116821,610742272],[14.217122,612839424],[14.481604,617033728],[14.573205,619130880],[14.713488,619229184],[14.819105,621326336],[14.944754,621465600],[14.990076,623640576],[15.124743,625913856],[15.156626,628011008],[15.327563,630108160],[15.404658,630288384],[15.54456,632967168],[15.764707,635064320],[15.792221,637161472],[15.792534,641355776],[15.816586,643452928],[15.816854,647647232],[16.786979,649744384],[17.170039,653938688],[17.392336,656035840],[17.596979,660230144],[17.741212,662327296],[18.004929,664424448],[18.161454,666521600],[18.261051,668618752],[18.469414,670715904],[18.55788,672813056],[18.906886,674910208],[19.020996,677007360],[19.231758,679104512],[19.253552,681201664],[19.255859,708464640],[19.279019,729436160],[19.286504,704270336],[19.551115,706367488],[19.874368,708464640],[20.092932,710561792],[20.191179,712658944],[20.220503,714756096],[20.425035,716853248],[20.884211,721047552],[21.047984,723144704],[21.080762,725241856],[21.601616,727339008],[21.609118,733630464],[21.6844,735727616],[21.690125,737824768],[21.872654,739921920],[22.36991,744116224],[22.442939,746213376],[22.627591,748310528],[22.759472,750407680],[23.039237,752504832],[23.386511,754651136],[23.557193,756748288],[23.59531,758845440],[24.121107,760942592],[24.416197,763039744],[24.504102,765136896],[24.505715,769331200],[24.918878,771428352],[25.263748,773525504],[25.531806,775622656],[25.73127,777719808],[26.097376,777818112],[26.305268,782045184],[26.343079,784142336],[26.583835,786239488],[26.64169,788336640],[26.642442,790433792],[27.508544,792530944],[27.702693,794628096],[27.891025,794820608],[27.917573,796917760],[28.088741,799014912],[28.182822,799051776],[28.252136,801148928],[28.726097,805347328],[29.041142,807444480],[29.170444,809541632],[29.277098,813735936],[29.277659,815833088],[29.339771,817930240],[29.760089,820027392],[30.495497,822124544],[30.650309,824221696],[30.904118,826318848],[31.41821,826322944],[31.509173,831279104],[31.509486,835473408],[31.575481,835477504],[31.58285,838094848],[31.639206,836530176],[31.639536,829181952],[32.290579,814501888],[32.958418,814526464],[33.003161,818896896],[33.007139,823091200],[33.115393,825188352],[33.118404,823091200],[33.253994,823259136],[35.559963,825356288],[35.560166,827453440],[37.58048,827588608],[37.626133,828502016],[37.81596,828633088],[37.955164,830046208],[38.507622,830296064],[38.607654,830566400],[38.673803,832663552],[39.053223,832684032],[39.517163,834781184],[40.093463,834899968],[40.093977,835604480],[40.555137,835989504],[40.616174,837066752],[40.793251,837148672],[41.518677,838455296],[41.526005,840065024],[41.820549,840142848],[41.878032,842444800],[42.051422,843313152],[42.051771,843931648],[42.596847,844447744],[42.598011,845905920],[43.094666,846262272],[43.397356,851988480],[43.42635,852172800],[43.824782,859705344],[43.824876,861802496],[44.158385,867368960],[44.166111,894636032],[44.181223,917700608],[44.192327,926089216],[44.218744,934477824],[44.221946,942866432],[44.252181,951259136],[44.268422,959643648],[44.27261,968032256],[44.28777,917700608],[44.569055,922042368],[44.835675,927059968],[45.124906,929214464],[45.125208,933408768],[45.281113,935858176],[45.470428,939511808],[45.840604,945160192],[45.840807,949354496],[46.03352,952578048],[46.436639,958779392],[46.663627,961744896],[46.772854,964784128],[46.967915,968216576],[46.969177,969003008],[47.381064,976826368],[47.426449,980082688],[47.514384,982167552],[47.514604,984264704],[47.740419,988454912],[47.957043,993714176],[48.200465,998658048],[48.332033,1000308736],[48.574877,1004658688],[48.890195,1011023872],[48.994481,1012535296],[48.994669,1014636544],[49.390964,1023270912],[49.646602,1027907584],[49.89226,1033015296],[50.055563,1035599872],[50.561604,1045876736],[50.561897,1047973888],[50.661384,1050083328],[51.387077,1063202816],[51.659484,1068707840],[51.739003,1070755840],[51.740638,1091727360],[51.747211,1095921664],[51.753755,