{"summary":{"timestamp":1391012498,"hash":"e1580f6d09f0cd990c3eed55b1d6181af3258791","max_memory":1306685440,"cpu_time":165.91,"pull_request":11868},"memory_data":[[0.002061,8192],[0.010394,7274496],[0.04005,9814016],[0.12818,11239424],[0.238257,22433792],[0.264848,26820608],[0.312025,29020160],[0.357916,34775040],[0.377646,34852864],[0.432432,42934272],[0.553685,53149696],[0.602589,56147968],[0.724839,66908160],[0.930563,85868544],[0.982969,91680768],[1.045535,92311552],[1.090167,102227968],[1.210441,135741440],[1.336984,137814016],[1.593764,139210752],[1.727995,140853248],[2.025961,141672448],[2.13156,152248320],[2.173708,152780800],[2.227979,158875648],[2.369873,172298240],[2.489625,172314624],[2.564772,211308544],[3.096737,211480576],[3.181378,213598208],[3.196077,219889664],[3.256721,221986816],[3.256825,224088064],[3.340084,230383616],[3.367499,230391808],[3.394774,234557440],[3.558923,235450368],[4.641933,235782144],[5.031505,236994560],[5.272945,239222784],[5.398215,242368512],[5.513227,242896896],[5.640081,246046720],[5.815391,246571008],[5.997584,250331136],[6.080874,250433536],[6.425899,256942080],[6.753837,264609792],[6.913634,270155776],[6.991416,271216640],[7.324153,279158784],[7.435055,284065792],[7.680165,288002048],[7.724846,289554432],[7.893788,290451456],[8.350987,291115008],[8.75828,291180544],[8.803326,292118528],[9.615999,293060608],[9.620948,305618944],[9.724763,306302976],[10.072272,306962432],[10.128001,308916224],[10.129486,311021568],[10.255971,312836096],[10.256876,314376192],[10.372757,319483904],[10.661966,326959104],[10.769789,331120640],[10.839098,332652544],[10.892133,337608704],[11.13515,339959808],[11.256513,341704704],[11.266232,344080384],[11.383253,344231936],[11.472074,345321472],[11.556982,347947008],[11.70932,350289920],[11.716677,354471936],[11.902392,357597184],[12.047109,358793216],[12.080218,359821312],[12.087903,364027904],[12.244738,364072960],[12.381859,367017984],[12.457211,367779840],[12.637338,376012800],[12.688523,377454592],[12.895175,377466880],[12.976283,378552320],[12.980831,395202560],[12.991326,386871296],[13.07956,388046848],[13.119605,390189056],[13.330896,391720960],[13.648925,395649024],[13.839189,398725120],[13.95671,399785984],[14.017139,401285120],[14.01921,409481216],[14.259628,409595904],[14.33534,410517504],[14.401307,413290496],[14.513037,415715328],[14.858823,418091008],[14.889712,419164160],[15.015034,419581952],[15.076681,421769216],[15.238915,421916672],[15.588746,425644032],[15.764811,428371968],[16.000414,430276608],[16.119632,432652288],[16.197033,432762880],[16.303319,434900992],[16.412339,435687424],[16.581618,438308864],[16.647593,440479744],[16.655889,474038272],[16.67635,472834048],[16.676447,457256960],[16.801222,458375168],[16.937354,458739712],[17.12921,461381632],[17.274054,463937536],[17.487286,465059840],[17.537339,466608128],[17.728261,467636224],[17.77944,469147648],[17.883734,469176320],[17.956021,470253568],[18.009549,472858624],[18.013095,489594880],[18.695997,489852928],[18.894085,490893312],[18.896382,493010944],[19.018444,493031424],[19.355513,496242688],[19.356215,497270784],[19.488837,497590272],[19.618987,498692096],[19.795093,501014528],[19.956476,502042624],[20.056722,503402496],[20.196792,504045568],[20.324221,506404864],[20.427312,509124608],[20.603022,509128704],[20.837161,511537152],[20.981258,512049152],[21.009354,512978944],[21.421585,515993600],[21.464087,518008832],[21.669004,518545408],[21.729458,519704576],[21.937718,520970240],[21.973858,524804096],[22.24873,524972032],[22.450634,526540800],[22.61995,529281024],[22.734664,529608704],[22.826117,531902464],[23.024247,532287488],[23.163106,533622784],[23.197298,535003136],[23.366332,535265280],[23.381039,536621056],[23.526468,537096192],[23.582063,539308032],[24.118431,545472512],[24.35885,546607104],[24.461316,547524608],[24.508996,550363136],[24.537924,549015552],[24.668126,550236160],[24.769842,550350848],[24.776993,583909376],[25.339222,583864320],[25.801856,584007680],[25.919196,584314880],[25.922139,592470016],[25.99518,594571264],[25.998874,609251328],[26.059444,592470016],[26.059636,584212480],[28.561147,584220672],[28.579345,651325440],[28.619535,617766912],[30.24237,617787392],[31.025228,617947136],[31.215296,620089344],[31.221725,619556864],[31.437831,619757568],[33.098011,619761664],[33.142445,623624192],[33.250558,623083520],[33.250768,621395968],[33.949367,621527040],[34.072071,622895104],[34.244334,623325184],[34.334201,625573888],[34.459013,626114560],[34.477709,628211712],[34.569054,628219904],[34.829283,633446400],[35.156656,641560576],[35.176881,642854912],[35.36407,647630848],[35.455727,651698176],[35.461584,681066496],[36.067975,681222144],[36.239206,684998656],[36.258858,686084096],[36.584807,693239808],[36.58558,694239232],[36.780004,696856576],[37.001545,702275584],[37.149842,705032192],[37.265564,709312512],[37.420849,712646656],[37.644831,722604032],[37.758924,725159936],[37.808194,727265280],[38.05378,732696576],[38.402861,739799040],[38.4518,741896192],[38.685683,746901504],[38.706389,747782144],[39.080604,756195328],[39.175306,757944320],[39.50303,765632512],[39.642922,769413120],[39.646428,771563520],[39.699234,771584000],[39.792949,773771264],[40.057076,778637312],[40.223864,783077376],[40.226171,787275776],[40.316365,787300352],[40.733745,795860992],[40.82032,798478336],[40.82096,802676736],[40.922537,802680832],[41.489733,815210496],[41.540981,817102848],[42.083495,829952000],[42.085559,834035712],[42.180967,834043904],[42.206568,836968448],[42.456247,843689984],[42.464828,868827136],[42.482411,856301568],[42.662754,861437952],[42.845375,865746944],[43.094063,871010304],[43.128792,872587264],[43.56924,882733056],[43.732206,886026240],[43.791879,888487936],[44.111398,895107072],[44.359699,901160960],[44.552428,905363456],[44.790476,911613952],[44.981696,917409792],[45.211631,925761536],[45.321164,927920128],[45.353247,930254848],[45.471956,933048320],[45.68059,939294720],[45.722622,941563904],[46.05145,949821440],[46.21454,953094144],[46.216079,955166720],[46.310345,956313600],[46.313381,960507904],[46.408925,960516096],[46.474929,962256896],[46.719186,967159808],[46.887031,971558912],[46.890055,979902464],[47.053317,979931136],[47.172476,983273472],[47.496302,989982720],[47.624526,993259520],[47.930876,1002225664],[48.076936,1004740608],[48.080619,1013145600],[48.243147,1013186560],[48.506464,1018626048],[48.93646,1028583424],[49.079181,1032298496],[49.403843,1039364096],[49.645213,1045291008],[49.691457,1047375872],[50.009231,1054183424],[50.143574,1057394688],[50.145227,1061535744],[50.243087,1061564416],[50.352863,1063940096],[50.364373,1068658688],[50.418166,1069015040],[50.459011,1071394816],[50.617683,1076822016],[50.800005,1081073664],[50.865723,1084219392],[50.866654,1086263296],[50.926565,1087483904],[50.930013,1095876608],[51.119286,1095884800],[51.347664,1100935168],[51.376014,1102241792],[51.679528,1108660224],[51.682805,1110441984],[51.765403,1111199744],[52.132019,1118318592],[52.227323,1121005568],[52.229971,1129398272],[52.299802,1129574400],[52.302439,1131876352],[52.40247,1131884544],[52.548932,1135878144],[52.796618,1141080064],[52.992012,1146408960],[53.078657,1147895808],[53.298246,1153302528],[53.349911,1155092480],[53.645966,1161797632],[53.783466,1165578240],[54.208764,1175310336],[54.328797,1179033600],[54.700903,1187082240],[54.803711,1189711872],[55.001185,1193762816],[55.002792,1195839488],[55.055759,1195855872],[55.467878,1203609600],[55.652668,1208225792],[55.886567,1212747776],[56.017397,1215840256],[56.41266,1223991296],[56.639976,1229070336],[56.830605,1234038784],[56.975547,1236418560],[57.369353,1245622272],[57.393554,1248083968],[57.493469,1248202752],[57.614515,1251098624],[57.61591,1253142528],[57.863922,1257873408],[58.161691,1263042560],[58.36731,1267232768],[58.38134,1284997120],[58.384377,1268936704],[58.404448,1269051392],[58.415828,1285480448],[58.418802,1302257664],[58.425696,1302290432],[58.4288,1268936704],