{"summary":{"timestamp":1399961505,"hash":"e16243816251d66eb823ba7199259fcaac7d0deb","max_memory":1579204608,"cpu_time":154.11,"pull_request":13919},"memory_data":[[0.003652,4096],[0.078822,745472],[0.10082,9601024],[0.159444,12451840],[0.244612,13553664],[0.268513,16248832],[0.33958,18579456],[0.365729,21774336],[0.41129,21807104],[0.473793,26796032],[0.483689,30605312],[0.627893,34242560],[0.654827,35848192],[0.666867,43679744],[0.773664,46174208],[0.791625,50249728],[0.87962,55980032],[0.918473,61939712],[1.013601,70049792],[1.051894,78368768],[1.102304,80883712],[1.123478,85102592],[1.157257,86720512],[1.18613,91688960],[1.249555,94638080],[1.249651,96735232],[1.301294,99422208],[1.362957,106954752],[1.459053,114081792],[1.498965,120922112],[1.554849,123834368],[1.584767,127725568],[1.627073,127860736],[1.691851,142565376],[1.791631,173076480],[1.835455,181391360],[1.857102,169246720],[1.883365,160292864],[1.952453,161132544],[2.010188,164327424],[2.060741,164536320],[2.271238,168189952],[2.429272,173182976],[2.608576,177811456],[2.714103,181137408],[2.946411,202588160],[2.994382,209612800],[3.052992,213385216],[3.097037,220401664],[3.150036,224342016],[3.150226,226439168],[3.208567,230526976],[3.266458,244101120],[3.301853,244105216],[3.371957,249024512],[3.417836,256462848],[3.469103,260014080],[3.476162,262729728],[3.547234,267767808],[3.547328,269869056],[3.606773,274259968],[3.648459,281608192],[3.703524,285757440],[3.708226,287989760],[3.765107,292257792],[3.765297,294354944],[3.827209,298500096],[3.867612,304185344],[4.071242,304197632],[4.172239,330162176],[4.208431,342814720],[4.273993,360161280],[4.803804,360062976],[4.839987,350633984],[4.907505,351449088],[5.118967,360140800],[5.269021,360243200],[5.377143,364437504],[5.377519,366534656],[5.460818,368631808],[5.51181,368635904],[5.544655,370790400],[5.623739,372887552],[5.698414,372854784],[5.737814,363638784],[5.894201,365223936],[5.937607,366362624],[6.061167,366784512],[6.210137,373297152],[6.267604,373637120],[6.370648,376209408],[6.518553,380915712],[6.575985,390217728],[6.597072,398815232],[6.665843,400142336],[6.788152,404185088],[6.895548,414076928],[6.961367,426577920],[7.058184,433045504],[7.058363,435142656],[7.115456,440885248],[7.223566,442732544],[7.228595,445292544],[7.315986,446611456],[7.362741,452911104],[7.453912,453787648],[7.483039,455884800],[7.484134,462176256],[7.580019,462180352],[7.669294,464613376],[7.671842,477196288],[7.822428,477310976],[7.976063,479539200],[7.984319,490024960],[8.052819,490266624],[8.126309,493244416],[8.211831,494006272],[8.428603,494215168],[8.489786,496070656],[8.566183,489779200],[8.771806,490295296],[8.801865,495357952],[8.856447,497455104],[8.862103,499552256],[8.987586,499556352],[9.048558,501198848],[9.229071,503156736],[9.299037,503201792],[9.444866,504844288],[9.537249,508002304],[9.623129,508219392],[9.648521,510038016],[9.66295,518426624],[9.778812,520667136],[9.785968,531156992],[9.91233,531886080],[10.136044,536059904],[10.195218,538693632],[10.195688,534622208],[10.399138,535719936],[10.441091,540037120],[10.71737,540467200],[10.804547,542453760],[10.830397,544555008],[10.975389,546856960],[11.052664,548954112],[11.310021,551051264],[11.407041,553148416],[11.42415,559439872],[11.496544,563634176],[11.499327,565731328],[11.647828,567828480],[11.647924,569925632],[11.852647,578314240],[11.864896,580411392],[11.965647,584605696],[11.993571,588800000],[11.99895,580411392],[12.770736,585252864],[12.770825,587350016],[12.937606,589447168],[12.937699,591544320],[13.214421,593641472],[13.216182,616710144],[13.231849,604127232],[13.26882,606224384],[13.561293,608321536],[13.687837,610418688],[13.887441,612515840],[14.06718,616710144],[14.202424,616804352],[14.313245,618901504],[14.500319,620998656],[14.637342,621260800],[14.672011,625614848],[15.108457,630722560],[15.406024,632819712],[15.417114,643305472],[16.264881,645402624],[16.448114,647499776],[16.865231,651694080],[17.178248,653791232],[17.219515,655888384],[17.445277,657985536],[17.84365,662179840],[18.006773,664276992],[18.064622,666374144],[18.314669,668471296],[18.431964,670568448],[18.788866,672665600],[19.011263,674762752],[19.173638,674766848],[19.32592,676864000],[19.390159,678961152],[19.392778,710418432],[19.40837,727195648],[19.423434,702029824],[19.688996,704126976],[19.784413,706224128],[20.063962,708321280],[20.098397,710418432],[20.307259,712515584],[20.576892,714612736],[20.602974,716709888],[20.959013,718807040],[21.015456,720904192],[21.584061,723001344],[21.643955,725098496],[21.651344,729292800],[21.731611,731389952],[21.737379,733487104],[21.876758,735584256],[22.41341,739778560],[22.53843,741875712],[22.53915,743972864],[23.146623,748167168],[23.513381,750264320],[23.699745,752361472],[23.784763,756555776],[24.520348,758652928],[24.815347,760750080],[24.815532,764944384],[25.54776,769138688],[25.844186,771235840],[26.041563,773332992],[26.461373,773464064],[26.54257,775561216],[26.679237,777658368],[26.729424,779755520],[26.993548,781852672],[27.057954,783949824],[27.065255,786046976],[28.027236,788144128],[28.176815,790241280],[28.370009,790433792],[28.415087,792530944],[28.526843,792563712],[28.628645,794660864],[28.757983,794669056],[28.796531,796766208],[29.013249,798863360],[29.313568,800960512],[29.554359,803057664],[29.65274,807251968],[29.683798,811446272],[29.753054,813543424],[31.137116,817737728],[31.413895,819834880],[31.938348,819965952],[32.034598,826974208],[32.034907,831168512],[32.102676,833265664],[32.108833,835362816],[32.165093,824877056],[32.809647,810201088],[33.520231,810369024],[33.53979,814563328],[33.655653,816660480],[33.658583,814563328],[33.80043,814813184],[36.193808,816910336],[36.194015,819007488],[37.952544,819032064],[38.167628,819142656],[38.216597,820051968],[38.391013,820183040],[38.405589,821252096],[38.679699,821719040],[38.868556,823934976],[39.175127,824135680],[39.252282,826232832],[39.594745,826257408],[39.920624,828354560],[40.196067,830451712],[40.992673,830476288],[41.037192,831426560],[41.41293,833523712],[41.804304,833540096],[41.990855,835637248],[42.324071,835923968],[42.32813,838021120],[42.546437,838025216],[42.981844,840122368],[43.443301,840388608],[43.826039,847413248],[43.945614,849207296],[43.9458,851308544],[44.129374,854884352],[44.732972,864665600],[44.945612,868921344],[45.189883,870612992],[45.287942,872325120],[45.288124,876519424],[45.552438,881176576],[45.994066,887975936],[45.994363,892170240],[46.486417,900026368],[46.736965,903430144],[46.869431,906784768],[47.053665,910467072],[47.098985,912044032],[47.327996,916488192],[47.328187,918585344],[47.584011,924127232],[47.584309,928321536],[47.712458,930836480],[47.858348,934633472],[48.15324,940642304],[48.281067,942317568],[48.575641,947884032],[48.579828,994021376],[48.596645,1004507136],[48.606325,1019187200],[48.644271,1038061568],[48.655262,1048547328],[48.663217,998215680],[48.957258,1003876352],[49.390322,1013280768],[49.653279,1018081280],[49.820454,1021829120],[50.056608,1025810432],[50.533722,1035644928],[50.534005,1037742080],[51.0203,1047293952],[51.316224,1052389376],[51.816168,1062494208],[51.816261,1064591360],[52.039369,1068761088],[52.41216,1076555776],[52.539678,1078579200],[53.103115,1090830336],[53.103619,1097125888],[53.241619,1099091968],[53.435315,1102929920],[53.437952,1104482304],[53.595534,1107161088],[53.696021,1109663744],[53.863334,1112506368],[54.059414,1117270016],[54.603842,1129451520],[54.836009,1134149632],[54.83643,1140441088],[54.975458,1143648256],[55.396594,1151717376],[55.59745,1156358144],[55.949878,1162559488],[56.180164,1167970304],[56.390058,1171841024],[56.390646,1178132480],[56.495455,1179918336],[56.929233,1189621760],[57.23476,1194958848],[57.302008,1196675072],[57.399039,1197588480],[57.403908,1222754304],[57.416881,1210171392],[57.663249,1213820928],[57.818702,1217433600],[57.820668,1230016512],[57.836653,1240502272],[57.8411,1227919360],[57.961867,1230270464],[57.974124,1251241984],