{"summary":{"timestamp":1358910561,"hash":"e31ebeadc1ad0e38cc726e6b4a6c990498c5e10b","max_memory":1039216640,"cpu_time":83.6,"pull_request":null},"memory_data":[[0.003007,4096],[0.01176,2781184],[0.4437,15949824],[0.935472,32092160],[1.217383,41062400],[1.563651,52654080],[2.055284,68358144],[2.549575,83869696],[2.613085,85000192],[2.753585,108359680],[3.073214,160497664],[3.557236,160518144],[3.593463,166334464],[3.744188,166944768],[4.918042,166875136],[5.008545,173301760],[5.056385,178270208],[5.252272,178581504],[5.354222,180682752],[5.377805,182730752],[5.494188,182870016],[5.563733,183988224],[5.575585,191205376],[5.629845,193839104],[5.643226,202342400],[5.673729,203726848],[5.680724,215330816],[5.788938,216420352],[8.462325,216428544],[9.417172,218525696],[9.633851,218836992],[9.635914,220880896],[9.689917,222138368],[9.691566,226336768],[9.7357,226344960],[9.801072,231481344],[9.872981,232374272],[9.875762,239767552],[10.15306,248115200],[10.328127,248897536],[10.418432,250912768],[10.92372,255868928],[11.216103,257146880],[11.364204,258584576],[11.653241,259796992],[11.654305,260816896],[11.791411,260960256],[12.003162,262320128],[12.296363,266756096],[12.479217,266883072],[12.621055,267771904],[12.665455,269176832],[12.934918,269910016],[12.985258,271052800],[12.987385,273121280],[13.105911,273281024],[13.418842,275972096],[13.655468,276258816],[13.806962,277413888],[14.064747,278630400],[14.163466,279736320],[14.438184,280780800],[14.599687,281849856],[14.695265,283107328],[14.919519,283209728],[15.090799,283938816],[15.161383,286744576],[15.39896,286871552],[15.51926,287629312],[15.748761,288104448],[16.042939,290041856],[16.285805,290660352],[16.374691,291749888],[16.494003,291770368],[16.734701,293453824],[16.916496,294010880],[16.920166,298119168],[17.387253,298127360],[17.521558,299872256],[17.771748,300707840],[18.163341,303083520],[18.47797,303681536],[18.663638,304361472],[18.678243,305090560],[18.891794,305844224],[18.931145,306814976],[19.145944,307814400],[19.319485,308105216],[19.628797,309444608],[19.655572,310403072],[20.053286,311341056],[20.47041,313393152],[20.765159,313954304],[20.945316,315834368],[21.105136,316076032],[21.30183,317259776],[21.403973,318582784],[21.554641,318713856],[21.673161,320892928],[21.879851,321175552],[21.982814,322392064],[22.186029,323293184],[22.301138,323301376],[22.401013,324575232],[22.625408,325201920],[22.693905,326213632],[22.864792,336363520],[22.86863,340557824],[22.949739,341872640],[23.262744,341925888],[23.420254,347365376],[23.42253,349462528],[23.512923,350859264],[23.727749,351059968],[23.869974,352018432],[23.870805,354107392],[24.314558,354353152],[24.601688,357363712],[25.563531,357519360],[25.62869,358809600],[25.742096,359505920],[25.752634,371261440],[25.916415,371888128],[25.928468,373985280],[26.055434,374067200],[26.20638,379871232],[26.270305,380350464],[26.405768,386224128],[26.53202,389812224],[26.654525,392261632],[26.944353,404545536],[26.984565,407855104],[27.190406,413630464],[27.308128,414781440],[27.414999,416985088],[27.483508,419651584],[27.847287,426237952],[28.036077,431767552],[28.135919,433901568],[28.277671,438325248],[28.303824,438329344],[28.542793,445292544],[28.569107,445296640],[28.729504,449978368],[28.736542,458371072],[28.777426,454172672],[28.867639,456867840],[29.089567,461836288],[29.362614,469544960],[29.71543,480653312],[29.902976,484786176],[30.061981,489603072],[30.321953,496480256],[30.764019,507400192],[30.902424,511082496],[31.035281,515473408],[31.435561,527081472],[31.452308,527085568],[31.753237,535613440],[31.759668,536674304],[31.932848,542875648],[32.172064,548868096],[32.226978,549572608],[32.407909,554393600],[32.56657,557531136],[32.877504,566161408],[33.018465,570478592],[33.1676,573239296],[33.253145,576778240],[33.439907,581402624],[33.804391,588648448],[33.954557,592904192],[33.975867,595857408],[34.152857,600125440],[34.547352,611381248],[34.824064,618475520],[35.013359,621080576],[35.085522,623144960],[35.239869,625872896],[35.415717,629698560],[35.549478,633565184],[35.632021,634822656],[35.762746,638504960],[35.833483,639148032],[36.065843,645238784],[36.466802,656642048],[36.472542,660967424],[36.696791,665960448],[36.890465,672198656],[37.121144,677330944],[37.276224,682029056],[37.431609,685117440],[37.488978,687345664],[37.630406,690274304],[37.801301,695042048],[38.000299,699523072],[38.393048,711020544],[38.470695,712286208],[38.596589,715874304],[38.865043,721100800],[38.972326,724066304],[38.979339,732454912],[39.19896,732475392],[39.285036,734195712],[39.510848,740265984],[39.535393,745209856],[39.624046,748572672],[39.826108,754339840],[40.052083,762597376],[40.452731,772415488],[40.489389,773885952],[40.519093,783147008],[40.929873,794968064],[40.940416,797986816],[41.052333,800739328],[41.318427,808943616],[41.530681,813547520],[41.781365,820502528],[42.052973,827334656],[42.31595,834691072],[42.317324,838885376],[42.430533,841207808],[42.67052,847683584],[42.913786,854827008],[43.046266,857952256],[43.272125,864301056],[43.282794,865353728],[43.463626,870006784],[43.537186,871186432],[43.730709,875790336],[44.117986,887844864],[44.162644,890404864],[44.348447,896221184],[44.348704,898318336],[44.410126,899608576],[44.4525,902598656],[44.57957,904982528],[44.960998,907206656],[44.962524,910114816],[45.028473,910557184],[45.199649,909086720],[45.204718,906014720],[45.453476,904990720],[45.453882,861970432],[45.584775,861974528],[45.697269,865013760],[45.882654,865169408],[47.677239,865206272],[47.722592,865652736],[48.730674,865923072],[48.733112,882434048],[48.942684,886423552],[48.949455,953536512],[48.971003,952209408],[48.971084,936755200],[48.993628,938016768],[48.995196,944177152],[49.037716,945197056],[49.500593,943583232],[49.508087,865783808],[50.166439,865980416],[52.679821,865984512],[52.679912,866111488],[54.845372,866238464],[55.094348,866676736],[67.223807,866701312],[72.210143,866820096],[72.214749,883429376],[110.742831,883490816],[131.21752,883630080],[131.220829,916275200],[131.231892,916295680],[131.232336,900403200],[149.777459,900411392],[150.324088,900583424],[150.325495,904556544],[150.416671,904589312],[150.425746,925110272],[150.527834,927141888],[150.528085,929239040],[150.648155,931336192],[150.648792,937631744],[150.695428,938135552],[150.697643,948600832],[150.827328,950697984],[150.836681,952799232],[150.84311,1017810944],[150.979552,1019908096],[151.349097,1026334720],[151.455719,1017294848],[151.455797,1005359104],[151.478762,1007456256],[151.546761,940343296],[151.550336,923570176],[151.55803,945422336],[151.55821,922542080],[152.88378,921747456],[152.884338,914563072],[152.988051,912941056],[152.994451,749830144],[153.001131,628932608],[153.001954,584224768],[153.009761,462716928],[153.010687,421146624],[153.014184,380297216],[153.018683,290230272],[153.019753,220393472],[153.022322,172298240],[153.03268,42233856]],"pass_timing":[["parsing",2.486],["configuration",0.484],["maybe building test harness",0.434],["expansion",1.387],["intrinsic injection",0.042],["core injection",0],["building lint settings table",0.055],["ast indexing",0.228],["external crate/lib resolution",0.266],["language item collection",0.05],["resolution",3.658],["freevar finding",0.145],["region resolution",0.215],["region parameterization inference",0.059],["typechecking",12.811],["const marking",0.278],["const checking",0.05],["privacy checking",0.222],["loop checking",0.04],["mode computation",0.254],["match checking",0.212],["liveness checking",0.526],["borrow checking",0.645],["kind checking",0.218],["lint checking",0.424],["translation",19.712],["LLVM passes",106.909]]}