{"summary":{"timestamp":1397360218,"hash":"e4178db07c5747ea412118c8e64f3fbefad4338e","max_memory":1393115136,"cpu_time":162.67,"pull_request":13460},"memory_data":[[0.003403,8192],[0.016056,6561792],[0.079523,13598720],[0.175997,29454336],[0.212363,37027840],[0.301355,50679808],[0.415412,70590464],[0.498968,86962176],[0.53011,86990848],[0.613306,139694080],[0.810462,139866112],[1.152244,140685312],[1.26861,141643776],[1.295721,152027136],[1.334858,152125440],[1.446418,164974592],[1.506016,173154304],[1.636533,187768832],[1.662489,189624320],[1.750284,189648896],[1.836625,244953088],[2.375583,245080064],[2.524118,253378560],[2.788131,253407232],[2.838989,254861312],[2.841704,258392064],[2.963915,258396160],[2.966269,263376896],[3.194945,263548928],[3.197638,277213184],[3.206085,278564864],[3.336512,278626304],[3.34008,282759168],[3.487749,282763264],[3.489003,284332032],[3.551953,282882048],[3.759199,285069312],[3.764525,289173504],[4.268333,289353728],[4.270153,292319232],[4.320211,292454400],[4.320546,295555072],[4.57204,295559168],[4.581856,299847680],[4.618682,300273664],[4.622701,306089984],[4.669732,305631232],[4.669781,300191744],[5.372913,302288896],[5.379106,308584448],[5.545157,308678656],[5.545868,312778752],[5.571801,314875904],[5.661519,314880000],[5.703377,317108224],[5.746031,308715520],[6.516335,308830208],[6.524083,333787136],[7.174307,333828096],[7.292624,338358272],[7.350566,338558976],[7.477119,342110208],[7.640655,344588288],[7.834968,346783744],[7.83886,352915456],[8.058416,353431552],[8.094456,355672064],[8.223174,355872768],[8.564431,362745856],[8.584724,363847680],[8.765102,366497792],[8.783566,367951872],[8.90849,369545216],[8.99742,371834880],[8.998354,373886976],[9.081554,374104064],[9.190861,376619008],[9.245139,379494400],[9.506843,382992384],[9.642504,387293184],[9.733369,388263936],[9.838776,390729728],[9.925738,391163904],[9.961776,392822784],[10.0865,393814016],[10.177863,396644352],[10.267153,396828672],[10.342268,399454208],[10.44706,401092608],[10.509632,404885504],[10.511784,432160768],[10.523036,448937984],[10.534377,453120000],[11.375385,453128192],[11.382291,461377536],[11.661326,463474688],[11.665546,461377536],[11.849376,461414400],[12.072374,465129472],[12.203272,466432000],[12.302868,469012480],[12.362656,471752704],[12.515985,472403968],[12.697045,475668480],[12.814481,476909568],[12.842759,478425088],[13.117212,481071104],[13.20944,483598336],[13.368081,484610048],[13.598297,488751104],[13.599781,492982272],[13.761026,493170688],[13.899538,494587904],[13.987334,496721920],[14.112762,501260288],[14.143498,500543488],[14.21782,504410112],[14.218302,507645952],[14.265049,507650048],[14.266055,504541184],[14.361022,504573952],[14.41297,507084800],[14.569416,507629568],[14.598834,509046784],[14.718939,509870080],[14.731195,511184896],[14.830814,511860736],[14.858787,513785856],[15.0857,517873664],[15.208327,521551872],[15.412314,523571200],[15.561413,526774272],[15.688491,536498176],[15.691165,532938752],[16.035514,536911872],[16.15173,539095040],[16.201953,542195712],[16.217784,541143040],[16.302066,541880320],[16.324877,543703040],[16.48588,544923648],[16.540785,547500032],[16.633898,547581952],[16.743189,549761024],[16.831114,549937152],[16.867212,551927808],[16.870491,556019712],[16.926334,556052480],[16.932088,564432896],[16.957931,564498432],[16.965879,550862848],[17.387628,548110336],[17.387675,539324416],[21.664598,541421568],[21.666796,539324416],[22.772216,539328512],[23.523212,540299264],[23.526084,541876224],[23.671609,541880320],[24.064377,543801344],[24.217611,545288192],[24.540287,545419264],[25.691124,545550336],[25.693089,548503552],[26.824747,548700160],[26.938736,553361408],[27.227714,564269056],[27.34702,569487360],[27.394204,574181376],[27.647067,583266304],[27.915513,594190336],[28.244157,605933568],[28.3515,608055296],[28.458479,611741696],[28.51911,615047168],[28.611053,617943040],[28.99002,631840768],[29.127908,638013440],[29.377614,646037504],[29.463734,649863168],[30.031377,670556160],[30.392108,682061824],[30.493158,685936640],[30.494159,687509504],[30.618464,689102848],[30.823098,695640064],[30.825216,698773504],[30.869172,698798080],[31.249292,711069696],[31.251264,714219520],[31.300279,714240000],[31.51582,720900096],[31.571179,723730432],[31.758341,730681344],[31.758686,732254208],[32.079142,744275968],[32.226554,751091712],[32.228476,754196480],[32.300877,755793920],[32.469268,761212928],[32.704261,770113536],[32.789597,772907008],[33.011856,783671296],[33.368398,796028928],[33.687639,808185856],[33.830513,814645248],[33.9869,823627776],[34.040687,825241600],[34.109018,830050304],[34.275682,836403200],[34.433753,847048704],[34.553412,850890752],[34.662159,856166400],[34.844362,862601216],[35.031371,870064128],[35.031761,873197568],[35.074651,873201664],[35.146867,876322816],[35.456695,886353920],[35.561378,890679296],[35.565242,896765952],[35.65384,896778240],[35.748375,901095424],[35.993168,908136448],[36.113231,913166336],[36.115129,916299776],[36.154194,916312064],[36.25585,920911872],[36.482864,928727040],[36.650194,936849408],[36.654057,943120384],[36.752866,943140864],[36.969553,951529472],[37.055513,955920384],[37.317876,965091328],[37.487999,972554240],[37.694976,978849792],[37.81748,983674880],[37.890612,987926528],[38.06757,996368384],[38.074771,1021534208],[38.430724,1021685760],[38.539085,1025314816],[38.542181,1037606912],[38.552137,1039990784],[38.635826,1040048128],[38.907639,1053474816],[38.907926,1055592448],[39.002808,1060413440],[39.006759,1066704896],[39.077208,1066725376],[39.118706,1068679168],[39.122608,1074966528],[39.187551,1074991104],[39.25813,1078263808],[39.278678,1082118144],[39.394369,1087516672],[39.463195,1089396736],[39.500971,1092456448],[39.632898,1099288576],[39.752681,1104285696],[39.82122,1108201472],[40.168683,1123487744],[40.438608,1134325760],[40.442466,1184669696],[40.454312,1195155456],[40.460627,1209835520],[40.472402,1220321280],[40.478664,1235001344],[40.490009,1219633152],[40.490301,1184657408],[40.606372,1189703680],[40.753798,1194090496],[40.837462,1197309952],[41.107886,1205690368],[41.171461,1208721408],[41.501874,1220018176],[41.599438,1224130560],[41.806609,1230946304],[42.016606,1239023616],[42.281207,1248264192],[42.506137,1255612416],[42.662265,1263464448],[42.728679,1265389568],[42.883368,1273159680],[43.175265,1282748416],[43.350624,1289486336],[43.351424,1295781888],[43.45349,1295806464],[43.617791,1300975616],[43.718803,1305141248],[43.771125,1305165824],[43.818036,1308356608],[43.956794,1315020800],[43.958594,1324220416],[43.976405,1326317568],[44.064268,1330511872],[44.105449,1330515968],[44.179621,1335463936],[44.42131,1348046848],[44.645165,1358536704],[44.680467,1357889536],[44.680803,1349312512],[44.718569,1390804992],[44.72312,1392869376],[44.723695,1348845568],[44.732652,1349066752],[45.464714,1353199616],[45.564346,1352589312],[45.994579,1335808000],[45.994728,1251913728],[45.999022,1235136512],[46.705555,1234206720],[46.705796,1223061504],[48.652642,1223065600],[51.674657,1225162752],[51.676413,1223065600],[61.678031,1225162752],[61.682636,1223065600],[71.681325,1225162752],[71.68612,1223065600],[81.684652,1225162752],[81.689065,1223065600],[91.688013,1225162752],[91.692627,1223073792],[101.691341,1225170944],[101.696108,1223094272],[111.694657,1225191424],[111.696944,1223094272],[121.697988,1225191424],[121.700238,1223094272],[162.633344,1225195520],[162.639087,1290207232],[162.908225,1223094272],[162.915479,1252659200],[163.822565,1252532224],[163.822996,1208832000],[163.835614,1206185984],[163.836707,1160884224],[163.842435,1021353984],[163.845579,978444288],[163.848233,897429504],[163.854308,778260480],[163.855677,776511488],[163.860537,659091456],[163.86659,578351104],[163.867501,537829376],[163.871232,497614848],[163.872241,456290304],[163.877769,375455744],[163.883049,237756416],[163.883096,38146048],[163.88571,29564928]],