{"summary":{"timestamp":1361314710,"hash":"e4ff01317c3502efae7d99bc4ed6646ad53745f5","max_memory":1251201024,"cpu_time":92.9,"pull_request":5006},"memory_data":[[0.003427,8192],[0.008913,2609152],[0.106911,4685824],[0.279604,15872000],[0.493431,30711808],[0.805781,51752960],[1.284256,83275776],[1.329385,83763200],[1.437011,105500672],[1.835101,183271424],[2.091942,232259584],[2.155361,238190592],[2.210827,241467392],[2.277633,250077184],[2.362893,255512576],[2.410303,262565888],[2.45856,266772480],[2.600156,271179776],[2.744566,279924736],[2.787732,284360704],[2.901664,289906688],[3.038045,298524672],[3.05917,300965888],[3.300991,318820352],[3.349384,324222976],[3.445283,324685824],[3.499109,336625664],[3.562267,348753920],[3.564043,352940032],[3.593325,350863360],[3.69192,372793344],[3.838385,374124544],[3.856452,383795200],[3.90253,384716800],[3.917614,394969088],[3.957877,398512128],[4.044102,398901248],[4.093555,400769024],[4.183358,400912384],[4.184796,403152896],[4.276715,403165184],[4.35364,405274624],[4.388425,407592960],[4.43385,417034240],[4.450623,417746944],[4.795002,420155392],[4.797429,421203968],[4.907333,421208064],[5.139138,422612992],[5.144329,424697856],[5.440055,424701952],[5.812119,427261952],[5.969464,427982848],[5.980874,432181248],[6.571171,432263168],[6.573904,433229824],[6.750026,433233920],[7.115098,435617792],[7.530716,438923264],[7.55447,447311872],[7.766818,447479808],[7.807716,448663552],[7.816564,452780032],[7.855627,453304320],[7.876919,461688832],[7.943834,461692928],[7.963187,463437824],[8.0454,464633856],[8.047738,471416832],[8.270143,479555584],[8.389584,480227328],[8.423175,481316864],[8.596091,482516992],[8.708192,482656256],[9.152183,487964672],[9.433373,489558016],[9.465929,490782720],[9.557178,490844160],[9.56279,492855296],[9.787307,492904448],[9.921071,493514752],[9.994642,494759936],[10.271306,496259072],[10.568582,500817920],[10.827907,501952512],[10.840083,506056704],[11.233323,506089472],[11.334012,508493824],[11.75257,512147456],[11.955467,512311296],[12.097331,513064960],[12.501103,516481024],[12.596842,516575232],[12.684211,520450048],[12.923622,520437760],[13.162723,521617408],[13.40174,523653120],[13.544133,523980800],[13.568626,532287488],[14.453894,532303872],[14.576458,532426752],[14.747671,533749760],[14.79447,534962176],[14.931525,535830528],[14.949491,536817664],[15.110046,537997312],[15.150256,539512832],[15.344848,540930048],[15.39165,543260672],[15.457629,543293440],[15.643305,545173504],[15.757824,547209216],[16.029081,548933632],[16.169154,550961152],[16.191927,552779776],[16.275972,552861696],[16.597018,555302912],[16.617415,556953600],[16.784042,557477888],[16.890944,558649344],[17.116178,559620096],[17.382066,562393088],[17.653473,567115776],[17.730025,567312384],[17.839907,569561088],[17.873759,571703296],[17.946234,571805696],[17.950426,580153344],[17.983088,582299648],[17.984695,588541952],[18.525202,588636160],[18.568203,591876096],[18.584972,600268800],[19.721336,600363008],[19.856156,600662016],[19.930711,601899008],[20.040303,601903104],[20.145676,603017216],[20.334053,603049984],[20.460791,604323840],[20.784289,605929472],[20.796364,607051776],[20.992863,608485376],[21.145045,610369536],[21.777467,610627584],[21.961145,612610048],[21.971976,624447488],[22.113184,626991104],[22.116533,633286656],[22.158606,632205312],[22.160313,637476864],[22.198033,637607936],[22.258931,641867776],[22.359293,641888256],[22.436655,645349376],[22.441065,662126592],[22.793405,664223744],[22.887778,668418048],[23.122189,668426240],[23.265734,674824192],[23.268995,679051264],[23.480339,684322816],[23.699472,685404160],[23.752399,687112192],[23.819743,687308800],[23.908379,689913856],[24.140152,694792192],[24.140858,696889344],[24.220972,697548800],[24.399033,700628992],[24.49143,703795200],[24.613431,706228224],[24.739859,710483968],[24.871572,712970240],[25.011283,716738560],[25.013285,720936960],[25.071328,721821696],[25.185845,725798912],[25.222493,733257728],[25.297109,735838208],[25.508128,739930112],[25.689309,746278912],[25.77806,748396544],[25.815922,753836032],[25.977449,759877632],[26.188943,763990016],[26.325457,768995328],[26.471148,773345280],[26.501927,773349376],[26.877548,783953920],[27.043554,787697664],[27.322161,797376512],[27.340545,802148352],[27.432124,803045376],[27.525819,806379520],[27.722299,806932480],[27.840329,807821312],[28.188634,821477376],[28.251883,822734848],[28.37798,826826752],[28.455963,827478016],[28.610101,832045056],[28.677247,832077824],[28.912198,839053312],[28.912676,841150464],[29.106485,847695872],[29.2253,848453632],[29.382666,855347200],[29.457857,855355392],[29.505807,857186304],[29.656856,858107904],[29.683897,859271168],[29.851113,860762112],[29.929371,863682560],[29.992066,863760384],[30.117706,869048320],[30.440358,880074752],[30.577853,882626560],[30.689746,886067200],[30.881093,888250368],[30.961815,890830848],[31.130686,893333504],[31.186716,895373312],[31.327204,897155072],[31.43698,901013504],[31.59021,902991872],[31.593073,909299712],[31.666249,911826944],[31.734325,912089088],[31.789102,913944576],[31.851253,914022400],[31.982745,918724608],[32.269408,920248320],[32.326875,921198592],[32.618049,931340288],[32.717977,932675584],[32.838158,935886848],[32.977449,941047808],[33.196536,945893376],[33.355059,951296000],[33.456487,953892864],[33.528004,954281984],[33.608795,957640704],[33.65224,957644800],[33.788199,962699264],[34.030477,964055040],[34.377317,975704064],[34.476925,976961536],[34.581743,980586496],[34.668097,982413312],[34.818327,983920640],[34.957883,987725824],[35.076531,990121984],[35.160143,990883840],[35.279121,994902016],[35.281702,997367808],[35.343303,999014400],[35.366043,1002659840],[35.468754,1006227456],[35.575141,1008865280],[35.586778,1011171328],[35.64572,1011208192],[35.703261,1013731328],[35.789699,1015410688],[35.906941,1019203584],[36.122883,1023692800],[36.321554,1028587520],[36.356437,1030230016],[36.36982,1037697024],[36.393448,1042608128],[36.703667,1051992064],[36.715491,1052819456],[36.930218,1058680832],[37.04684,1062473728],[37.15328,1064538112],[37.445393,1072881664],[37.605159,1076662272],[37.62316,1080840192],[37.677917,1080893440],[37.803428,1085038592],[37.83366,1085042688],[37.93882,1088466944],[38.063838,1094012928],[38.2155,1096208384],[38.45413,1104629760],[38.681632,1111924736],[38.71195,1111928832],[38.852516,1116577792],[38.951008,1120821248],[39.071336,1123999744],[39.1334,1124085760],[39.345608,1129312256],[39.376196,1129316352],[39.668244,1139884032],[39.708794,1142460416],[39.804118,1145704448],[39.840411,1149050880],[39.857655,1156530176],[39.922231,1156993024],[40.004285,1159589888],[40.077101,1165885440],[40.192382,1167982592],[40.558098,1170542592],[40.564093,1173991424],[40.795938,1174392832],[40.800421,1170649088],[41.079574,1170460672],[41.082622,1078370304],[41.200539,1078501376],[41.305859,1081798656],[42.704624,1081929728],[43.985839,1082150912],[44.018101,1082523648],[44.881332,1082527744],[44.884827,1099169792],[45.009445,1101266944],[45.009882,1103368192],[45.102184,1105469440],[45.108656,1170481152],[45.139739,1170546688],[45.142918,1164361728],[45.625366,1164341248],[45.633144,1082568704],[46.283875,1082847232],[50.313925,1083158528],[50.318193,1099517952],[50.480609,1099714560],[56.155915,1099735040],[66.331698,1099743232],[69.026537,1099759616],[85.159207,1101860864],[85.162,1133318144],[85.169352,1131667456],[85.169649,1116672000],[113.622577,1116741632],[114.120047,1116753920],[114.129568,1123090432],[114.14731,1116749824],[114.211118,1119404032],[114.212069,1123586048],[114.302129,1125007360],[114.309401,1146163200],[114.587617,1150181376],[114.589713,1160663040],[114.732698,1162760192],[114.736071,1164861440],[114.741092,1213095936],[114.754423,1215193088],[114.766299,1229873152],[115.038239,1234067456],[115.161444,1234071552],[115.176784,1250848768],[115.178159,1215324160],[115.427648,1219518464],[115.511937,1221615616],[115.521679,1235210240],[115.522196,