{"summary":{"timestamp":1390281982,"hash":"e65a8b88cac97bdc01ee01a099915d861406edd6","max_memory":1162473472,"cpu_time":199.48,"pull_request":11674},"memory_data":[[0.00174,8192],[0.008736,9175040],[0.140205,33714176],[0.16088,40554496],[0.317204,64200704],[0.425148,82857984],[0.450254,88444928],[0.475888,88453120],[0.50001,99508224],[0.552781,131596288],[0.725571,132911104],[0.839014,132935680],[0.844986,134119424],[1.117302,134774784],[1.27088,135630848],[1.356872,144867328],[1.402667,145715200],[1.584877,165916672],[1.700233,165924864],[1.761486,203513856],[2.298311,203624448],[2.321167,210898944],[2.424541,224235520],[2.654733,224305152],[3.731521,226418688],[3.735358,236892160],[3.886492,237002752],[3.887369,239517696],[4.018257,239521792],[4.107671,248442880],[4.178713,252522496],[4.183793,255225856],[4.242438,257515520],[4.410849,260993024],[4.411569,262955008],[4.510317,264130560],[4.648339,268464128],[4.653051,272629760],[4.721962,275206144],[4.791279,275390464],[4.82662,277008384],[4.827875,281182208],[4.921586,281227264],[5.015062,283885568],[5.121484,292872192],[5.168747,294305792],[5.285424,294326272],[5.374656,296345600],[5.378699,313020416],[5.38381,304627712],[5.420285,307232768],[5.494254,307580928],[5.639868,311226368],[5.696472,311808000],[5.732134,315019264],[5.874383,315994112],[5.906344,317427712],[5.908543,325746688],[6.039894,325877760],[6.144302,328208384],[6.146407,329433088],[6.280428,332013568],[6.497609,335388672],[6.528802,337408000],[6.602077,337432576],[6.803311,341024768],[7.023152,345649152],[7.156436,349802496],[7.250765,350781440],[7.257691,353239040],[7.317881,353398784],[7.383394,356331520],[7.47454,357621760],[7.483933,391180288],[7.494392,391176192],[7.494496,374398976],[7.55705,374874112],[7.677441,378761216],[7.851332,380973056],[7.877397,382537728],[8.072768,384913408],[8.153482,388030464],[8.157583,404672512],[8.565843,404914176],[8.665041,406118400],[8.665813,408186880],[8.75284,408272896],[8.866961,410963968],[9.077554,413626368],[9.172849,416010240],[9.389755,418930688],[9.490171,423489536],[9.608263,423727104],[9.737103,426229760],[9.818831,426926080],[9.906337,428904448],[10.003142,429662208],[10.096553,432553984],[10.19039,433094656],[10.328186,435261440],[10.360973,436965376],[10.362313,441421824],[10.583311,441643008],[10.678515,443355136],[10.703302,445358080],[10.783742,445140992],[10.829291,447414272],[10.921956,447619072],[11.030981,450187264],[11.098681,450289664],[11.211824,452468736],[11.241933,454660096],[11.360783,456183808],[11.400477,458133504],[11.539266,460255232],[11.728529,462327808],[11.777724,463794176],[12.006033,466604032],[12.014647,500162560],[12.542437,500273152],[12.544842,508530688],[12.595285,508567552],[12.598819,525348864],[12.611317,527482880],[12.635058,510701568],[12.635161,502444032],[14.805493,504549376],[14.821005,569556992],[14.841232,535998464],[17.261985,536043520],[17.278097,539045888],[17.351259,543248384],[17.394918,543350784],[17.554559,551182336],[17.592452,555540480],[17.779803,564203520],[17.784365,593563648],[18.100955,593584128],[18.370233,604639232],[18.603663,615047168],[18.704982,625459200],[18.946118,635461632],[18.946895,637542400],[19.003976,638693376],[19.125308,645345280],[19.53001,662192128],[19.530757,664199168],[19.584032,665587712],[19.836924,675950592],[19.947517,679731200],[20.065363,685764608],[20.183849,690085888],[20.279992,694689792],[20.521125,704692224],[20.522359,708833280],[20.568294,708907008],[20.810053,719835136],[20.81058,724033536],[20.891413,726253568],[21.098719,734199808],[21.370512,746340352],[21.696914,759447552],[21.69818,763629568],[21.751827,763637760],[21.845017,767352832],[21.917683,772251648],[22.279836,787136512],[22.347125,790786048],[22.758529,807432192],[23.334507,830083072],[23.650292,844017664],[23.779806,849301504],[23.941351,857141248],[24.256441,869638144],[24.258629,878010368],[24.335846,878039040],[24.526861,886571008],[24.722552,894341120],[24.724218,902643712],[24.825988,902709248],[25.144727,916742144],[25.145913,920842240],[25.205211,921911296],[25.21259,947036160],[25.221816,936083456],[25.255983,940904448],[25.375544,948232192],[25.524461,955351040],[25.668254,960847872],[25.824979,968466432],[26.09006,978882560],[26.263736,986243072],[26.264913,990343168],[26.322773,990363648],[26.424912,994893824],[26.427168,1003278336],[26.532069,1003290624],[26.636413,1007595520],[26.638693,1015984128],[26.736372,1015988224],[26.902851,1023426560],[27.110593,1032073216],[27.112534,1033846784],[27.230284,1037512704],[27.340469,1042030592],[27.340832,1045159936],[27.378024,1045168128],[27.442876,1048211456],[27.66925,1057009664],[27.79163,1062907904],[28.099307,1074716672],[28.492311,1090617344],[28.592957,1095413760],[28.664213,1097531392],[28.796568,1102880768],[28.858394,1106165760],[28.870837,1108709376],[28.990912,1112322048],[28.991994,1115435008],[29.288434,1125576704],[29.291154,1138831360],[29.387455,1142353920],[29.393682,1161273344],[29.394209,1129357312],[29.424927,1131585536],[29.800422,1141501952],[30.102229,1148338176],[30.426722,1155022848],[30.427804,1158168576],[30.484523,1159270400],[30.48735,1154678784],[31.149548,1158348800],[31.162295,1162076160],[31.57671,1096642560],[31.580267,1092861952],[31.581434,1006870528],[31.611139,1006743552],[31.624662,1002668032],[31.792416,1002471424],[31.792828,977498112],[37.862061,979611648],[37.865274,1011056640],[38.202145,979435520],[38.202198,977498112],[40.987038,979595264],[40.989543,977498112],[50.987036,979595264],[50.990181,977498112],[60.99038,979595264],[60.991922,977498112],[70.993707,979595264],[70.995917,977498112],[80.997052,979595264],[80.999648,977498112],[90.997073,979595264],[91.001461,977498112],[101.000341,979595264],[101.004233,977498112],[111.003658,979595264],[111.00762,977498112],[121.007011,979595264],[121.007556,977498112],[131.007024,979595264],[131.011377,977498112],[141.010352,979595264],[141.013123,977498112],[141.289148,977514496],[141.292467,1011056640],[141.507612,1013157888],[141.510933,1029935104],[141.692024,1034129408],[141.723538,1036230656],[141.727201,1078173696],[141.733927,1101242368],[141.750273,1092837376],[141.750368,1067683840],[141.890312,1071878144],[141.917594,1011056640],[141.924251,1030287360],[141.924354,1003118592],[151.013674,1005215744],[151.017142,1003118592],[161.017032,1005215744],[161.020347,1003118592],[171.020356,1005215744],[171.023985,1003118592],[181.023682,1005215744],[181.028313,1003118592],[191.026976,1005215744],[191.029067,1003118592],[198.159171,1003147264],[198.162705,1019895808],[199.125439,1020129280],[199.12844,1023533056],[199.240431,1033220096],[199.246972,1038172160],[199.311642,1034334208],[199.454999,1034338304],[199.460265,1016610816],[199.469837,1020379136],[200.38668,1018929152],[200.394971,1010937856],[200.395709,973127680],[200.425483,963964928],[200.430401,878895104],[200.438787,650526720],[200.441811,609779712],[200.44817,454295552],[200.448329,143699968],[200.456834,42749952]],