{"summary":{"timestamp":1405857691,"hash":"e6b28f9ac3f6a1a6441e0d47c56c660d7a10abf9","max_memory":1666826240,"cpu_time":183.46,"pull_request":15797},"memory_data":[[0.003494,8192],[0.021283,17997824],[0.04989,22044672],[0.098087,24993792],[0.157491,33878016],[0.182764,40914944],[0.238657,47931392],[0.254646,53309440],[0.287751,57425920],[0.312055,64225280],[0.396528,82862080],[0.461079,88899584],[0.461131,90996736],[0.533503,102305792],[0.560011,102322176],[0.619336,137408512],[0.634348,148643840],[0.663241,159940608],[0.683316,140419072],[1.026184,144142336],[1.052468,146296832],[1.238251,148832256],[1.239985,150929408],[1.378673,152993792],[1.497338,162152448],[1.538264,167174144],[1.655384,178343936],[1.718367,181989376],[2.039198,204697600],[2.127688,211824640],[2.134179,215138304],[2.272599,224927744],[2.315404,226349056],[2.326042,217714688],[2.405214,223596544],[2.454927,249233408],[2.473276,262213632],[2.519323,287961088],[2.668483,287965184],[2.704052,290070528],[2.760125,323444736],[2.790851,323141632],[2.817833,311508992],[2.891467,315719680],[2.963165,322863104],[3.057439,323219456],[3.102855,325070848],[3.10799,329891840],[3.185232,333004800],[3.223408,338096128],[3.278234,337891328],[3.306187,325824512],[3.46535,325853184],[3.508989,330735616],[3.547369,339992576],[3.562762,346923008],[3.596217,354066432],[3.644435,360517632],[3.727074,362663936],[3.738917,366858240],[3.83031,366911488],[3.838532,375300096],[3.915731,375324672],[3.929319,377421824],[4.040919,377438208],[4.055044,379535360],[4.058511,392118272],[4.163845,392146944],[4.18209,398438400],[4.48646,398512128],[4.496969,417386496],[4.505084,411095040],[4.592751,411127808],[4.609537,415322112],[5.307535,415469568],[5.310949,401899520],[5.353454,401100800],[5.496105,401616896],[5.53041,406732800],[5.567535,406896640],[5.586091,411975680],[5.80566,412495872],[5.970525,414773248],[6.257971,415289344],[6.292237,417415168],[6.292507,421609472],[6.318067,425840640],[6.422476,430219264],[6.437253,442810368],[6.53848,442900480],[6.587899,438706176],[6.732455,442916864],[6.859139,445014016],[7.035633,449208320],[7.426807,455499776],[7.448111,461791232],[7.608214,465985536],[8.187563,472276992],[8.344525,474374144],[8.572116,476471296],[8.83103,480665600],[8.897534,482762752],[9.328434,489054208],[9.562958,493248512],[9.818437,493252608],[9.818798,495345664],[9.918662,497442816],[10.176289,499539968],[10.227553,501637120],[10.227648,503734272],[10.555853,505831424],[10.558588,528900096],[10.573366,516317184],[10.600054,518414336],[10.795248,522608640],[11.00473,524705792],[11.062503,526802944],[11.063268,528900096],[11.504393,530997248],[11.651953,530997248],[11.65204,533094400],[11.856899,535191552],[11.979787,537288704],[12.176064,541483008],[12.220346,543580160],[12.366568,543580160],[12.36669,545677312],[13.22223,547774464],[13.260146,549871616],[13.812382,554065920],[14.044119,556163072],[14.373748,558260224],[14.61255,560357376],[14.70256,562454528],[14.989384,562454528],[14.990155,564551680],[15.078861,566648832],[15.090833,572940288],[15.56851,575037440],[15.640402,577134592],[15.640582,581328896],[16.076291,583426048],[16.463965,587620352],[16.810386,589717504],[17.237227,593911808],[17.237319,596008960],[17.551585,598106112],[17.742986,598110208],[17.743254,600203264],[18.03512,602300416],[18.13033,604397568],[18.538633,606494720],[18.544694,608591872],[18.550593,640049152],[18.567554,656826368],[18.58237,652632064],[18.582453,631660544],[18.731417,633757696],[18.941887,635854848],[19.252416,637952000],[19.460197,640049152],[19.588685,644243456],[19.596776,646340608],[19.774442,650534912],[19.797357,654729216],[19.896115,656826368],[19.919237,658923520],[20.116692,665214976],[20.231541,671506432],[20.266238,675700736],[20.280094,671506432],[21.5209,673603584],[21.859194,675700736],[22.049977,679895040],[22.063794,681992192],[22.682875,684089344],[22.949892,688283648],[22.956979,692477952],[23.011673,694575104],[23.039844,700866560],[23.147449,702963712],[23.181248,705060864],[23.721258,707158016],[24.214243,713449472],[24.44209,717643776],[24.846594,719740928],[25.175555,721838080],[25.448233,723935232],[25.593471,726032384],[25.593655,730226688],[26.175536,732323840],[26.660879,734420992],[26.935647,736518144],[26.936061,738615296],[27.008639,740712448],[27.478637,742809600],[27.888999,747003904],[28.041386,749101056],[28.354743,751198208],[28.775633,753295360],[28.830097,755392512],[29.322989,757489664],[29.390727,759586816],[29.752147,761683968],[29.797938,763781120],[30.070357,765878272],[30.198737,767975424],[30.601652,770072576],[30.702504,772169728],[30.871836,774266880],[31.130987,776364032],[31.213504,778461184],[31.721326,780558336],[31.82742,782655488],[31.828443,786849792],[32.370234,788946944],[32.719905,788951040],[32.721386,791044096],[32.959163,793141248],[33.386672,795238400],[33.751443,797335552],[34.017599,799432704],[34.210833,801529856],[34.657817,803627008],[35.23084,807821312],[35.246532,809918464],[35.254909,858152960],[35.273609,868638720],[35.283085,883318784],[35.330315,908484608],[35.346506,902193152],[35.346586,858152960],[35.524358,860250112],[35.992861,864444416],[36.490465,868638720],[36.539961,870735872],[36.69275,874930176],[36.693511,877027328],[36.804578,879124480],[37.42811,881221632],[37.993216,883318784],[38.171643,885415936],[38.522052,887513088],[38.685785,889610240],[39.116858,893804544],[39.12129,906387456],[39.135866,916873216],[39.139677,904290304],[39.310348,906387456],[39.330415,908484608],[39.34222,931553280],[39.354895,918970368],[39.640527,921067520],[40.027414,923164672],[40.126723,925261824],[41.105747,927358976],[41.145493,929456128],[41.147095,933650432],[41.223358,935747584],[41.235034,937844736],[41.305845,927358976],[41.949479,912678912],[43.067184,914776064],[43.271893,916873216],[43.379505,918970368],[43.379997,921067520],[45.701484,923164672],[45.701577,925261824],[49.728577,927358976],[49.729462,939941888],[49.742378,948330496],[49.753061,935747584],[49.968412,937844736],[50.296277,939941888],[50.4364,942039040],[50.446034,944136192],[50.564768,946233344],[50.586564,960897024],[50.586653,952524800],[50.71904,954621952],[50.745196,956719104],[51.105231,958816256],[51.694123,960913408],[51.895137,963010560],[52.266983,965107712],[52.273968,971399168],[52.531594,973496320],[53.782884,975593472],[53.950484,977690624],[54.661147,977694720],[54.846138,980897792],[55.110785,984920064],[55.110879,987017216],[55.321585,990543872],[55.713344,996012032],[55.71478,1000206336],[55.941946,1003859968],[56.084061,1008783360],[56.430734,1013882880],[56.431966,1018077184],[56.696296,1023004672],[56.706762,1029296128],[56.849402,1032503296],[57.143696,1037365248],[57.233039,1039589376],[57.59088,1044934656],[57.991403,1052094464],[58.151155,1054580736],[58.151244,1056677888],[58.328387,1059266560],[58.619519,1064534016],[58.918988,1069543424],[58.937709,1070301184],[59.384563,1076854784],[59.384751,1078951936],[59.710592,1084338176],[60.278622,1094393856],[60.474386,1097232384],[60.674398,1099296768],[60.696497,1105969152],[60.868053,1109000192],[60.998318,1110208512],[61.32213,1114927104],[61.325857,1116504064],[61.66967,1121656832],[62.078118,1129431040],[62.530716,1136926720],[62.533309,1143218176],[62.73691,1146785792],[62.904128,1148563456],[63.283758,1154953216],[63.611847,1159094272],[63.923564,1163730944],[63.927186,1170022400],[64.134547,1172746240],[64.510783,1178398720],[64.727187,1181122560],[64.727975,1181642752],[64.973383,1185071104],[65.194111,1186684928],[65.423778,1189949440],[65.431065,1196240896],[66.056242,1205190656],[66.222643,1207164928],[66.494325,1211461632],[66.846837,1215991808],[67.324661,1222889472],[67.559126,1226813440],[67.85823,1230487552],[67.858325,1232588800],[68.20417,1237053440],[68.332415,1239162880],[68.966128,1247326208],[68.969995,1249423360],[69.318551,1254940672],[69.624619,1256284160],[69.997244,1261854720],[70.413859,1267113984],[70.414052,1269211136],[70.855421,1275293696],[71.061374,