{"summary":{"timestamp":1376510722,"hash":"e7b572952c76fd6b05c947aa3193e10410773078","max_memory":1946710016,"cpu_time":null,"pull_request":8469},"memory_data":[[0.001524,4096],[0.032252,876544],[0.070773,6537216],[0.141647,8355840],[0.198089,11304960],[0.284253,12464128],[0.397175,18530304],[0.570425,21487616],[0.673251,24309760],[0.674302,25862144],[0.866617,29487104],[0.955951,57954304],[0.97334,66408448],[1.014685,76558336],[1.067001,93511680],[1.08684,103153664],[1.10196,103927808],[1.121231,113430528],[1.133556,113905664],[1.168642,125136896],[1.32993,173428736],[1.348546,180465664],[1.407568,197275648],[1.472373,218775552],[1.494556,219209728],[1.517474,231403520],[1.536986,236453888],[1.586265,284000256],[1.664977,363098112],[1.692022,388796416],[1.75568,403484672],[1.778792,410591232],[1.804241,426184704],[1.838791,440602624],[1.890038,470560768],[1.909964,474906624],[1.984965,507973632],[2.003912,519675904],[2.063971,545452032],[2.165937,598384640],[2.212621,619683840],[2.232239,632233984],[2.32385,725237760],[2.432698,838438912],[2.465942,871632896],[2.50455,871636992],[2.533884,887967744],[2.605899,961433600],[2.716477,1077018624],[2.750618,1110667264],[2.813759,1178923008],[2.931004,1308078080],[2.971559,1351266304],[3.427232,1353367552],[3.437216,1422573568],[3.580058,1423822848],[3.668395,1428828160],[3.75719,1430740992],[3.883704,1431597056],[4.092054,1432006656],[5.372582,1432137728],[5.638563,1432399872],[5.65412,1433210880],[5.960411,1433419776],[6.148548,1433886720],[13.013387,1433890816],[13.853259,1434124288],[13.855637,1434308608],[14.583092,1434456064],[16.676885,1434693632],[17.058818,1434824704],[17.199949,1436499968],[17.605897,1436909568],[18.683101,1436913664],[18.683152,1437024256],[22.210289,1437032448],[22.36135,1437663232],[24.024694,1437728768],[24.699019,1437859840],[24.835261,1440968704],[25.467387,1441234944],[26.203939,1441386496],[26.221365,1442226176],[28.295665,1442332672],[29.085651,1442451456],[65.959687,1444552704],[65.962471,1476009984],[75.640702,1476022272],[75.718654,1478922240],[75.789417,1478025216],[76.156871,1477873664],[76.397458,1478328320],[76.488843,1479376896],[76.721644,1479380992],[76.765372,1480691712],[76.874252,1479774208],[77.255628,1481633792],[77.458324,1481641984],[77.726432,1482670080],[77.826557,1485213696],[78.00645,1485254656],[78.047162,1485901824],[78.52867,1485942784],[78.555045,1489993728],[78.608737,1492529152],[78.918662,1492828160],[79.837096,1492881408],[80.241831,1492770816],[80.280885,1495568384],[80.350017,1496596480],[81.585622,1496670208],[81.888736,1497096192],[81.911044,1497985024],[82.273754,1498066944],[82.371383,1501528064],[82.551921,1503793152],[83.012344,1503940608],[83.012543,1504841728],[84.093904,1504915456],[84.094254,1506480128],[84.485088,1506545664],[84.584093,1507512320],[84.584796,1509036032],[84.969893,1509130240],[84.970369,1511137280],[85.569523,1511276544],[85.853634,1512415232],[86.034504,1512480768],[86.682906,1514205184],[86.872547,1514475520],[86.966245,1515659264],[86.966923,1518710784],[87.526221,1518718976],[87.881939,1520115712],[88.146568,1522020352],[88.314555,1526484992],[88.65227,1526767616],[88.839862,1534447616],[89.407501,1534533632],[89.409012,1536561152],[89.635495,1536569344],[89.848722,1539227648],[90.201173,1540218880],[90.234943,1542750208],[90.369644,1543716864],[90.58976,1544175616],[90.670057,1545547776],[90.984877,1547358208],[91.137302,1553092608],[91.259114,1553330176],[91.81184,1553358848],[91.961549,1553772544],[92.11096,1555435520],[92.264874,1556414464],[92.331964,1559052288],[92.715911,1559711744],[92.87258,1561444352],[93.009266,1561616384],[93.059135,1563852800],[93.450624,1564483584],[93.452218,1565343744],[93.838618,1566367744],[93.990778,1570979840],[94.056437,1574125568],[94.361424,1574162432],[94.361574,1574944768],[94.734541,1576202240],[94.903691,1577902080],[94.947367,1579925504],[95.281982,1580761088],[95.309663,1584189440],[95.64884,1584324608],[95.791396,1585299456],[95.81242,1586171904],[96.09429,1587023872],[96.094895,1591218176],[96.176208,1591275520],[96.258634,1594171392],[96.449829,1594335232],[96.596236,1597489152],[96.678443,1600811008],[97.262082,1601155072],[97.291935,1602199552],[97.516971,1602609152],[97.540101,1603584000],[97.912289,1604374528],[98.01276,1605656576],[98.026922,1610264576],[98.112191,1610280960],[98.147847,1612201984],[98.458318,1612554240],[98.531422,1615122432],[98.816208,1615880192],[98.838138,1616453632],[99.101478,1616674816],[99.171145,1620361216],[99.213135,1620877312],[99.638779,1621159936],[99.687356,1623109632],[99.820515,1623285760],[99.857639,1625092096],[100.237531,1625497600],[100.252464,1626312704],[100.497217,1626558464],[100.608574,1627475968],[100.679666,1630507008],[101.3543,1632010240],[101.435523,1635065856],[101.663598,1635504128],[101.712866,1637773312],[102.168995,1638846464],[102.206694,1640411136],[102.41701,1640796160],[102.511548,1643061248],[102.843962,1643876352],[102.931971,1648205824],[103.14809,1648836608],[103.439685,1648996352],[103.542671,1652682752],[103.548698,1654673408],[103.653706,1658044416],[103.817884,1658433536],[104.404558,1658454016],[104.690609,1658671104],[104.927224,1659211776],[105.09636,1661530112],[105.341385,1662480384],[105.410691,1665064960],[105.702112,1665769472],[105.841068,1668616192],[105.845076,1672642560],[106.035978,1673240576],[106.096324,1675313152],[106.106825,1681981440],[106.303985,1682472960],[106.41288,1686196224],[106.90452,1687334912],[106.935447,1688473600],[107.299258,1689522176],[107.362872,1691385856],[107.587244,1691910144],[107.61526,1692753920],[107.814896,1694449664],[107.852527,1696546816],[107.998467,1696849920],[108.02041,1697878016],[108.201781,1698271232],[108.204278,1704574976],[108.674227,1704648704],[109.033908,1706004480],[109.175784,1709453312],[109.447241,1709580288],[109.472483,1710522368],[109.609668,1711071232],[109.664404,1713049600],[109.989251,1713631232],[110.100833,1714180096],[110.134946,1716109312],[110.423299,1716801536],[110.571873,1717714944],[110.642048,1720991744],[111.112926,1721311232],[111.16478,1723912192],[111.660794,1724108800],[111.692714,1725325312],[112.063633,1725964288],[112.09186,1727143936],[112.217008,1727983616],[112.245471,1729224704],[112.37469,1729470464],[112.426241,1732395008],[112.643825,1734778880],[112.647709,1738964992],[112.796684,1739026432],[112.82362,1740673024],[113.239066,1741299712],[113.312799,1743720448],[113.561272,1744199680],[113.610466,1746419712],[113.894298,1747079168],[113.895397,1747922944],[114.099112,1748275200],[114.26906,1749975040],[114.550569,1750487040],[114.575718,1751642112],[114.581334,1760030720],[114.707359,1760227328],[114.761304,1762611200],[115.218353,1763586048],[115.577187,1764708352],[115.709167,1766518784],[115.7437,1768005632],[115.870367,1768226816],[115.922119,1770541056],[116.292717,1771233280],[116.444054,1772011520],[116.495852,1774333952],[117.01042,1775378432],[117.112775,1776754688],[117.232501,1776996352],[117.292897,1779912704],[117.580778,1780387840],[117.614064,1781743616],[118.03502,1781866496],[118.096332,1782775808],[118.202133,1787277312],[118.547263,1787961344],[118.96278,1788207104],[119.050947,1789284352],[119.117593,1792061440],[119.941926,1793486848],[119.943328,1794011136],[120.261417,1794445312],[120.688496,1796202496],[120.795818,1797246976],[120.917158,1799753728],[121.213539,1800413184],[121.634764,1803325440],[121.800195,1804210176],[121.844501,1805086720],[122.110905,1806143488],[122.148681,1807654912],[122.328891,1808007168],[122.391978,1810313216],[122.592122,1810644992],[122.610904,1811599360],[122.973807,1812357120],[123.111201,1813942272],[123.150157,1815654400],[123.487847,1816346624],[123.512413,1817509888],[123.645616,1817776128],[123.695693,1820712960],[124.126781,1821605888],[124.258285,1822179328],[124.310903,1824808960],[124.627916,1824837632],[124.792781,1825222656],[124.825562,1826787328],[124.979501,1827622912],[125.338609,1828347904],[125.475518,1829076992],