{"summary":{"timestamp":1403590012,"hash":"e8c12d32a2e989d02d26a80f91d2c49a8bc1aaad","max_memory":1995902976,"cpu_time":183.35,"pull_request":15079},"memory_data":[[0.002659,4096],[0.057217,364544],[0.085287,10985472],[0.166524,11673600],[0.198542,14860288],[0.264505,16711680],[0.295562,19505152],[0.413946,23490560],[0.428224,26877952],[0.495903,29499392],[0.498044,31969280],[0.704276,37924864],[0.743761,40779776],[0.770608,45326336],[0.935774,48750592],[0.982584,54951936],[1.032022,57724928],[1.05938,62947328],[1.133051,67293184],[1.154569,71831552],[1.22874,77778944],[1.2407,80920576],[1.348904,89067520],[1.399158,94703616],[1.451602,96825344],[1.451778,98922496],[1.515098,102154240],[1.515275,104251392],[1.58351,107520000],[1.583604,109617152],[1.640154,112074752],[1.648004,114913280],[1.697385,117182464],[1.798822,128614400],[1.848733,131063808],[1.904127,137986048],[1.988964,139784192],[2.056093,157372416],[2.086023,168378368],[2.119626,175783936],[2.149595,186728448],[2.19691,196083712],[2.244236,171528192],[2.346752,173776896],[2.482882,175001600],[2.720777,179412992],[2.870445,183144448],[3.248596,193789952],[3.500661,216743936],[3.515482,219303936],[3.588434,223703040],[3.588621,225800192],[3.644269,229158912],[3.644923,231256064],[3.711066,235626496],[3.711355,237723648],[3.7687,241561600],[3.768791,243658752],[3.821063,247169024],[3.837381,254156800],[3.861522,257773568],[3.904322,257777664],[3.940856,262123520],[3.995963,265801728],[3.996057,267911168],[4.058525,272142336],[4.058807,274239488],[4.117488,278364160],[4.119418,280461312],[4.18196,284647424],[4.182059,286748672],[4.243419,290541568],[4.243616,292638720],[4.297038,298590208],[4.354329,302686208],[4.358183,305131520],[4.409584,308441088],[4.451296,315371520],[4.517892,319926272],[4.51828,322023424],[4.585581,326316032],[4.63173,332255232],[4.858094,332271616],[4.9224,348286976],[4.992709,370421760],[5.092607,397017088],[5.685376,396910592],[5.722586,387244032],[5.828805,388755456],[6.024165,397045760],[6.198511,399151104],[6.268297,401248256],[6.269878,405442560],[6.514163,411734016],[6.647918,411697152],[6.677176,404303872],[6.858783,407015424],[7.020826,407351296],[7.136017,412102656],[7.379163,415363072],[7.472243,418381824],[7.55193,419545088],[7.598108,422395904],[7.62329,427159552],[7.647107,435654656],[7.774415,438530048],[8.040027,447139840],[8.126501,452653056],[8.1994,453902336],[8.297324,471539712],[8.334026,474902528],[8.425288,476430336],[8.436889,479944704],[8.47198,480034816],[8.556078,484245504],[8.565408,486371328],[8.671007,487231488],[8.727989,491425792],[8.728409,493522944],[8.830329,494501888],[8.857157,498831360],[9.04033,501325824],[9.064771,503422976],[9.067331,516005888],[9.227496,516149248],[9.475334,518295552],[9.482866,535072768],[9.489766,528781312],[9.676149,528957440],[9.692449,535281664],[9.770511,536276992],[10.080497,536694784],[10.131355,538746880],[10.222193,532455424],[10.339707,532787200],[10.471637,534884352],[10.471862,536981504],[10.52991,541175808],[10.783571,541339648],[10.999709,544342016],[11.035131,546439168],[11.253835,547278848],[11.25505,553570304],[11.287302,555851776],[11.390079,559321088],[11.41854,565612544],[11.484157,567189504],[11.500276,571387904],[11.637408,578596864],[11.670926,582594560],[11.679967,595177472],[12.010868,600457216],[12.038885,605646848],[12.16437,606359552],[12.187941,603308032],[12.44078,611131392],[12.464781,613228544],[12.539228,613257216],[12.661307,615354368],[12.797884,615854080],[12.801377,617951232],[12.86846,620388352],[12.923812,620392448],[12.94356,622489600],[13.041112,622604288],[13.277459,626798592],[13.333955,630992896],[13.341962,635187200],[13.532241,639524864],[13.779971,643289088],[13.803489,646303744],[13.937202,648400896],[14.210261,656789504],[14.221721,658886656],[14.372415,663080960],[14.39251,667275264],[14.511528,669372416],[14.517729,671469568],[14.673625,679858176],[14.702173,679862272],[14.759074,686166016],[14.860092,692469760],[14.860509,684081152],[15.022112,684969984],[15.347615,685068288],[15.355484,687206400],[15.425972,689307648],[15.566095,691404800],[15.588052,693501952],[15.589858,716570624],[15.60455,703987712],[15.63284,708182016],[15.801728,710279168],[15.801816,712376320],[15.999572,716570624],[16.160289,718667776],[16.419478,722862080],[16.518875,727056384],[16.620404,729153536],[16.650247,731250688],[16.86494,733347840],[17.136978,737542144],[17.54764,745930752],[17.59049,748027904],[17.757826,750125056],[17.859229,752222208],[17.982838,752250880],[18.071635,754348032],[18.153668,758542336],[18.496115,764833792],[18.56865,765046784],[18.649582,769241088],[18.710216,769433600],[18.967512,773627904],[18.971523,782016512],[19.054923,784113664],[19.055235,788307968],[19.842547,790405120],[19.942743,792502272],[20.140435,794599424],[20.237339,796696576],[20.558016,798793728],[20.789403,802988032],[20.789493,805085184],[21.156911,809279488],[21.284494,811376640],[21.3253,813473792],[21.801293,817668096],[21.916874,819765248],[22.138589,821862400],[22.206852,823959552],[22.527979,828153856],[22.631973,832348160],[22.634537,859611136],[22.658096,880582656],[22.665547,855416832],[22.728839,857513984],[23.071672,861708288],[23.334831,865902592],[23.383336,867999744],[23.511106,870096896],[23.511193,872194048],[23.675343,874291200],[24.140926,878485504],[24.323118,880582656],[24.41185,884776960],[24.681863,886874112],[24.786173,888971264],[24.81918,893165568],[25.18833,895262720],[25.223209,897359872],[25.577396,899457024],[25.683538,901554176],[25.920449,903651328],[26.027383,905748480],[26.072672,907845632],[26.262654,909942784],[26.3586,912039936],[26.405895,914137088],[26.679764,916234240],[26.956081,922525696],[27.086194,924622848],[27.169485,924626944],[27.204494,928817152],[27.2129,943497216],[27.215507,935108608],[27.333425,937205760],[27.36767,939302912],[27.394131,945594368],[27.684755,947691520],[28.104317,951885824],[28.264217,951889920],[28.264392,953982976],[28.637737,958177280],[28.828962,958181376],[28.829412,960274432],[29.410598,966565888],[29.668613,966569984],[29.668797,968663040],[30.105128,974954496],[30.531636,979148800],[30.658247,981245952],[30.723109,983343104],[30.723288,987537408],[30.831425,989634560],[30.833573,995926016],[31.145378,995983360],[31.145904,998080512],[31.878726,1002274816],[31.984166,1004371968],[32.165627,1006469120],[32.616446,1010663424],[32.749673,1012760576],[33.061914,1014857728],[33.247483,1014861824],[33.248308,1016954880],[33.373717,1019052032],[33.666931,1021149184],[33.874441,1023246336],[34.034481,1023250432],[34.047445,1025343488],[34.098998,1025347584],[34.099179,1027440640],[34.371372,1029537792],[34.731924,1031634944],[34.926656,1031634944],[34.927362,1033732096],[35.085046,1035829248],[35.188387,1037926400],[35.265968,1042120704],[35.527543,1044217856],[35.702428,1046315008],[35.786624,1048412160],[35.787697,1050509312],[35.945919,1052606464],[36.573994,1054703616],[36.836549,1056800768],[36.891161,1058897920],[37.295622,1063092224],[37.315198,1065189376],[37.315558,1071480832],[37.478744,1073577984],[37.980035,1075675136],[38.290171,1079869440],[38.381492,1079885824],[38.38168,1081982976],[38.701032,1086263296],[38.758328,1088360448],[39.099892,1092554752],[39.555843,1098846208],[39.832492,1100943360],[40.365727,1107234816],[40.481712,1109331968],[40.545523,1111429120],[40.553453,1159663616],[40.579401,1178537984],[40.587754,1193218048],[40.596522,1195315200],[40.60445,1209995264],[40.619432,1159663616],[40.695697,1163857920],[40.889516,1172246528],[41.186034,1174343680],[41.785388,1176440832],[41.880979,1178537984],[42.104259,1180635136],[42.166804,1182732288],[42.427914,1184829440],[42.547857,1186926592],[42.717347,1189023744],[42.748753,1191120896],[42.942141,1193218048],[42.943886,1216286720],[42.956839,1203703808],[43.092762,1205800960],[43.129729,1207898112],[43.149913,1239355392],[43.153127,1222578176],[43.195668,1224675328],[43.556212,1226772480],[43.896406,1227112448],[43.963189,1232138240],