{"summary":{"timestamp":1400519791,"hash":"e8c579e01d026df002fe6522d6f9c123b3920dc8","max_memory":1599930368,"cpu_time":157.75,"pull_request":14291},"memory_data":[[0.003596,4096],[0.059852,847872],[0.081045,9814016],[0.170848,13119488],[0.183752,15818752],[0.327747,22618112],[0.40322,30244864],[0.543455,33562624],[0.596717,36093952],[0.612328,43196416],[0.719043,46424064],[0.727781,49225728],[0.812585,55283712],[0.851088,61276160],[0.901079,64794624],[0.923861,70328320],[0.948582,71532544],[1.055876,82460672],[1.118171,91123712],[1.178375,93880320],[1.178473,95985664],[1.231702,98906112],[1.284161,106151936],[1.338801,109010944],[1.342355,111493120],[1.388523,113680384],[1.422661,119803904],[1.477008,123146240],[1.50272,129576960],[1.556046,131440640],[1.630467,150822912],[1.659501,161562624],[1.724463,178552832],[1.745733,181432320],[1.784405,161439744],[1.928892,164421632],[1.930245,162344960],[2.135191,166449152],[2.449353,174895104],[2.595786,180428800],[2.820686,201121792],[2.820786,203231232],[2.869344,207998976],[2.93311,211820544],[2.933206,213921792],[3.035013,222838784],[3.03511,224935936],[3.0971,229040128],[3.124627,233099264],[3.160845,242900992],[3.197704,242917376],[3.259683,247181312],[3.260083,249278464],[3.31618,253026304],[3.316279,255123456],[3.373352,259022848],[3.373452,261132288],[3.447649,266059776],[3.44794,268165120],[3.508667,272809984],[3.555431,280190976],[3.609018,283758592],[3.609113,285859840],[3.672266,290508800],[3.672678,292605952],[3.742326,296964096],[3.765904,302874624],[3.795982,305557504],[3.99929,305577984],[4.041313,314470400],[4.141731,345640960],[4.201652,361676800],[4.729097,361635840],[4.761439,352608256],[4.881854,354623488],[5.043182,361689088],[5.188075,361762816],[5.278594,365957120],[5.280177,370151424],[5.364814,372248576],[5.416925,372252672],[5.449623,374407168],[5.529624,376504320],[5.608382,376463360],[5.64631,367853568],[5.715582,368726016],[5.715839,365662208],[5.821615,367448064],[5.925933,367751168],[6.085137,374259712],[6.213716,377368576],[6.304617,380727296],[6.353653,385462272],[6.396691,399302656],[6.497732,401391616],[6.657857,406888448],[6.736919,422219776],[6.791144,427855872],[6.835963,429957120],[6.83681,432267264],[6.908516,434413568],[6.95524,439521280],[7.086,445087744],[7.171917,446201856],[7.265933,454180864],[7.319434,454197248],[7.347933,456294400],[7.349536,462585856],[7.444002,462639104],[7.530505,464764928],[7.533128,477347840],[7.66001,477958144],[7.918776,480305152],[7.926211,497082368],[7.932568,490790912],[8.061641,491098112],[8.139068,492126208],[8.142188,494288896],[8.211101,495190016],[8.434129,495271936],[8.470726,496914432],[8.547397,490622976],[8.736139,491249664],[8.833901,497065984],[8.839312,499163136],[8.955742,499240960],[9.180395,501907456],[9.181745,503730176],[9.275586,503926784],[9.379349,505360384],[9.457014,511942656],[9.556448,514625536],[9.557021,518819840],[9.659066,521125888],[9.697977,525451264],[9.701573,533839872],[9.748551,535982080],[9.874357,537452544],[9.98193,542760960],[9.988869,538566656],[10.041808,539398144],[10.216365,539951104],[10.218147,542048256],[10.372096,542306304],[10.376129,544403456],[10.481213,544600064],[10.529871,546717696],[10.736122,547127296],[10.755442,549224448],[11.022046,553418752],[11.099714,555515904],[11.107995,559710208],[11.19352,563904512],[11.198136,566001664],[11.29196,568098816],[11.336227,570195968],[11.378353,576487424],[11.492439,578584576],[11.543863,582778880],[11.629212,586973184],[11.656015,591167488],[11.661333,582778880],[11.78663,583372800],[12.24031,583512064],[12.359315,585609216],[12.397359,589803520],[12.55555,591900672],[12.772462,593997824],[12.773697,608677888],[12.781477,617066496],[12.788843,604483584],[12.867557,608677888],[13.135153,610775040],[13.523054,617066496],[13.614661,619163648],[13.757633,619171840],[13.865519,621268992],[13.980125,621285376],[14.050339,623583232],[14.168734,623587328],[14.236096,627957760],[14.553245,630054912],[14.66326,630235136],[14.798744,632913920],[15.027208,635011072],[15.053539,637108224],[15.053857,641302528],[15.07892,643399680],[15.079103,647593984],[16.077324,649691136],[16.469492,653885440],[16.697779,655982592],[16.915283,660176896],[17.078727,662274048],[17.486816,666468352],[17.589972,668565504],[17.799577,670662656],[17.88666,672759808],[18.240969,674856960],[18.356203,676954112],[18.569273,679051264],[18.591752,681148416],[18.593948,704217088],[18.61754,729382912],[18.624942,704217088],[18.893725,706314240],[19.223473,708411392],[19.444166,710508544],[19.547746,712605696],[19.745724,714702848],[19.783201,716800000],[20.249933,720994304],[20.417207,723091456],[20.450463,725188608],[20.985561,727285760],[20.993133,733577216],[21.069776,735674368],[21.075585,737771520],[21.259525,739868672],[21.785894,744062976],[21.845721,746160128],[22.034842,748257280],[22.169429,750354432],[22.805472,754597888],[22.966101,756695040],[23.005473,758792192],[23.542673,760889344],[23.846106,762986496],[23.933963,765083648],[23.93557,769277952],[24.358873,769282048],[24.358961,771375104],[24.714502,773472256],[24.989258,775569408],[25.259939,775573504],[25.261005,777666560],[25.571088,777797632],[25.786217,781991936],[25.821461,784089088],[26.065813,786186240],[26.124579,788283392],[26.125614,790380544],[27.00796,790384640],[27.008275,792477696],[27.206377,794574848],[27.392704,794767360],[27.411969,796864512],[27.588578,801058816],[27.827125,801067008],[27.827696,803160064],[28.375423,807354368],[28.532095,809451520],[28.64154,813645824],[28.705775,817840128],[29.892603,822034432],[30.050169,824131584],[30.320147,826228736],[30.831401,826359808],[30.878172,829087744],[30.925987,829087744],[30.928438,835379200],[30.996465,837476352],[31.002574,839573504],[31.058327,829087744],[31.711349,814407680],[32.401619,814338048],[32.446287,818712576],[32.557324,820809728],[32.560165,818712576],[32.695376,818876416],[33.67755,820973568],[35.004559,823070720],[35.004669,825167872],[36.858606,825298944],[37.027166,825421824],[37.072912,826281984],[37.250768,826396672],[37.276843,827346944],[37.522644,827977728],[37.810648,830074880],[37.989619,830275584],[38.067621,832503808],[38.706402,832528384],[38.84344,834625536],[39.337624,834650112],[39.410867,836747264],[39.86466,836751360],[39.887791,837701632],[40.532955,839798784],[40.78135,841895936],[41.125542,843993088],[41.221793,844189696],[41.561006,846286848],[41.939277,846614528],[42.085764,849723392],[42.577973,858079232],[42.712629,860790784],[42.712723,862887936],[43.018936,867852288],[43.024637,909795328],[43.033002,911892480],[43.04158,926572544],[43.05068,928669696],[43.059684,943349760],[43.079229,953835520],[43.089075,968515584],[43.097193,918183936],[43.343455,922034176],[43.607419,927043584],[43.887644,929198080],[43.887947,933392384],[44.040972,935841792],[44.255442,939954176],[44.592906,945135616],[44.593495,949329920],[45.180813,958750720],[45.410079,961839104],[45.51029,964751360],[45.702938,968179712],[45.704307,968970240],[46.133325,977457152],[46.24205,979988480],[46.244388,984231936],[46.390361,986763264],[46.682028,993681408],[46.923143,998625280],[47.052311,1000275968],[47.292714,1004621824],[47.741069,1013698560],[47.741262,1015799808],[48.083143,1023234048],[48.336227,1027870720],[48.578868,1032978432],[48.74258,1035612160],[49.184,1044836352],[49.325107,1047396352],[49.338132,1050046464],[50.051568,1063108608],[50.321662,1068621824],[50.40244,1070718976],[50.404368,1095884800],[50.417121,1083301888],[50.639531,1087426560],[50.639625,1089523712],[51.105817,1099108352],[51.225901,1101008896],[51.505963,1107148800],[51.506374,1113440256],[51.719806,1117982720],[51.722327,1119555584],[52.10226,1126690816],[52.270515,1129570304],[52.369247,1132036096],[52.536486,1134899200],[52.984685,1145868288],[53.321585,1153232896],[53.322001,1159524352],[53.610552,1165922304],[54.032816,1173979136],[54.228755,1178566656],[54.398636,1181241344],[54.519341,1183744000],[54.519756,1190035456],[54.597267,1191247872],