{"summary":{"timestamp":1374324218,"hash":"ec53efa64dcd449c78381b680a7184d9876d4f29","max_memory":1734438912,"cpu_time":209.51,"pull_request":7884},"memory_data":[[0.003806,4096],[0.193821,28672],[0.254346,5967872],[0.377506,9293824],[0.392485,10608640],[0.559414,12034048],[0.655921,14073856],[0.754163,17739776],[0.971675,21004288],[1.063286,23453696],[1.190077,24403968],[1.234256,29306880],[1.477974,32444416],[1.55494,52568064],[1.610347,62705664],[1.651211,76587008],[1.666107,76541952],[1.708308,83341312],[1.723719,88584192],[1.770483,96509952],[1.827832,115277824],[1.850453,115658752],[1.882893,126083072],[1.902433,126554112],[1.987394,148418560],[2.01608,148889600],[2.07007,159358976],[2.124958,171888640],[2.165189,178196480],[2.21464,188665856],[2.245891,197427200],[2.26533,199532544],[2.331173,213983232],[2.353049,221589504],[2.383329,225054720],[2.444787,240099328],[2.511099,240574464],[2.676442,309682176],[2.952416,430125056],[3.027806,461524992],[3.067343,463085568],[3.122686,476188672],[3.216538,503754752],[3.229184,504934400],[3.39895,551919616],[3.433107,555356160],[3.493909,567840768],[3.586333,589447168],[3.647191,607502336],[3.707042,620666880],[3.807543,646889472],[3.929966,677195776],[3.99537,696123392],[4.058207,710565888],[4.139971,733134848],[4.41053,844832768],[4.667933,952946688],[4.708906,970739712],[4.983105,1084559360],[5.13515,1150074880],[5.33927,1238720512],[5.441975,1280176128],[6.461167,1280266240],[6.540618,1283956736],[6.642878,1297502208],[6.67567,1304002560],[6.772686,1304117248],[6.795701,1310040064],[6.800641,1315803136],[6.858855,1317982208],[6.865515,1321177088],[6.942456,1323409408],[6.959375,1340190720],[6.973406,1346486272],[7.000492,1369550848],[7.01247,1394716672],[7.100582,1396129792],[7.262999,1396969472],[7.310559,1403539456],[7.410705,1404928000],[7.437507,1408135168],[7.499444,1410260992],[7.655367,1410727936],[7.748613,1414541312],[7.864735,1416306688],[7.91167,1418657792],[8.059033,1419763712],[8.060643,1421537280],[8.184265,1422327808],[8.478099,1422430208],[8.482623,1426796544],[8.72393,1427136512],[9.530273,1427447808],[9.7975,1428123648],[9.798024,1428611072],[10.042957,1428975616],[10.19754,1431359488],[10.479906,1431470080],[10.64931,1431937024],[10.695599,1434558464],[10.963711,1435496448],[10.965734,1437466624],[11.029097,1438638080],[11.233461,1438646272],[11.515377,1440083968],[11.680984,1441894400],[11.682349,1443405824],[11.782831,1445056512],[11.873238,1445425152],[12.209063,1445433344],[12.27756,1447325696],[12.910489,1450139648],[13.094702,1451593728],[13.520273,1451761664],[13.72978,1453252608],[13.883531,1453559808],[14.330955,1453580288],[15.181615,1454645248],[15.418067,1455087616],[15.423538,1461276672],[16.324296,1461571584],[16.403331,1462382592],[16.519085,1465143296],[16.660703,1465532416],[16.661893,1467076608],[16.734868,1467088896],[16.829827,1468588032],[17.242441,1470316544],[17.274178,1471582208],[17.467612,1471651840],[17.69033,1472688128],[17.711673,1473392640],[17.914094,1473662976],[17.9421,1477005312],[17.959006,1493614592],[18.147166,1493815296],[18.215727,1503768576],[18.252963,1505488896],[18.334776,1519046656],[18.488842,1537757184],[18.556613,1545007104],[18.62566,1547059200],[18.746228,1554124800],[18.786512,1554309120],[18.865862,1557622784],[19.706798,1557839872],[20.543923,1558376448],[20.799901,1558913024],[22.594116,1559072768],[22.641534,1560424448],[22.845112,1561169920],[23.163315,1563258880],[23.39069,1564372992],[23.836725,1565917184],[23.841137,1565077504],[24.216571,1567334400],[24.46787,1568022528],[24.834997,1569660928],[25.244243,1570947072],[25.54681,1572470784],[25.623081,1573732352],[25.669239,1575886848],[25.908114,1577738240],[26.138276,1582403584],[26.435128,1586913280],[26.573003,1590505472],[26.937472,1597059072],[27.140475,1601867776],[27.276597,1604083712],[27.875755,1606365184],[28.178961,1608810496],[28.719941,1610772480],[28.720825,1611268096],[30.176572,1615433728],[30.643973,1617231872],[30.849138,1619042304],[30.936781,1620508672],[31.360082,1622274048],[31.545309,1623285760],[31.692872,1629364224],[31.699101,1631326208],[32.105297,1646034944],[32.49442,1659568128],[32.496544,1663741952],[32.55319,1663762432],[33.142658,1684930560],[33.516721,1698988032],[33.610689,1702936576],[33.659159,1706692608],[33.94926,1716965376],[34.005101,1720913920],[34.337985,1726550016],[34.338769,1727336448],[34.630145,1731231744],[34.878529,1732567040],[34.887968,1721352192],[34.907023,1717153792],[35.45689,1645846528],[35.566733,1647857664],[35.662371,1651027968],[35.720434,1651359744],[37.842219,1651474432],[37.910546,1652518912],[39.598021,1652527104],[39.598105,1652609024],[41.584805,1652613120],[41.584888,1652699136],[42.964079,1652748288],[42.98701,1652879360],[44.747712,1652981760],[65.754229,1653026816],[66.070975,1653047296],[109.694934,1653100544],[113.022443,1653137408],[117.550323,1653149696],[121.259122,1653215232],[124.071991,1653219328],[133.818676,1653280768],[133.906952,1652510720],[138.073211,1652523008],[140.448718,1652600832],[144.094833,1652613120],[146.992318,1652748288],[147.113369,1654935552],[147.502679,1656176640],[149.827432,1656184832],[152.285594,1656303616],[157.983539,1656320000],[162.118163,1656369152],[162.258164,1656430592],[164.662139,1656532992],[166.521843,1656549376],[171.821704,1656655872],[175.93433,1656803328],[176.534303,1656897536],[178.796727,1656963072],[179.99271,1657159680],[186.230973,1657323520],[187.833707,1657516032],[192.765644,1657708544],[196.713988,1657753600],[198.534218,1657905152],[200.739744,1657962496],[204.17649,1657978880],[207.342211,1658032128],[208.346303,1658122240],[213.20713,1658179584],[214.710107,1658314752],[214.73221,1683091456],[217.459449,1683177472],[217.861609,1683415040],[217.955427,1695887360],[218.055337,1695899648],[218.194927,1698643968],[218.957592,1698738176],[218.979393,1701330944],[219.031196,1702649856],[219.03321,1705238528],[219.137473,1707900928],[219.141777,1703948288],[219.257879,1704452096],[219.380848,1707225088],[219.427086,1713397760],[219.559409,1721729024],[219.590525,1730347008],[219.674826,1727684608],[219.674988,1724297216],[219.817517,1724301312],[221.007347,1721561088],[221.008184,1699131392],[221.014454,1690583040],[221.0153,1671143424],[221.041937,1671208960],[221.056063,1678946304],[221.071136,1670959104],[221.092933,1684406272],[221.214662,1685155840],[221.245444,1689276416],[221.306116,1689415680],[221.382094,1697558528],[221.386615,1704980480],[221.402755,1705005056],[221.418978,1714610176],[221.456346,1721085952],[221.496151,1721319424],[221.497373,1690124288],[221.505849,1672151040],[222.009425,1672048640],[222.031953,1670868992],[222.035896,1589334016],[222.040491,1548951552],[222.044148,1470164992],[222.048627,1428975616],[222.05245,1350995968],[222.057015,1311170560],[222.058094,1271549952],[222.062652,1230307328],[222.063654,1192103936],[222.0722,1073610752],[222.077603,1032220672],[222.081813,953765888],[222.087387,912072704],[222.094862,794873856],[222.100198,754946048],[222.101316,715427840],[222.109536,634888192],[222.113699,556535808],[222.120835,477089792],[222.133476,318197760],[222.150923,119582720],[222.153867,119406592],[222.156213,79859712],[222.160373,65605632]],