{"summary":{"timestamp":1401912407,"hash":"ef9bf3a4ee61f7513356c3c9911cd38445e22de6","max_memory":1638318080,"cpu_time":166.56,"pull_request":14630},"memory_data":[[0.003787,4096],[0.048672,344064],[0.082459,10022912],[0.143066,12804096],[0.203543,13434880],[0.220081,15998976],[0.391055,22073344],[0.428629,27357184],[0.502258,31199232],[0.653358,35590144],[0.673802,39071744],[0.725922,39612416],[0.726765,43986944],[0.8637,46682112],[0.926959,54423552],[0.96109,56225792],[0.986743,61616128],[1.055179,65855488],[1.079428,71467008],[1.162932,77893632],[1.187549,82825216],[1.219964,83738624],[1.285014,92459008],[1.338974,94838784],[1.339249,96935936],[1.396753,100290560],[1.397076,102387712],[1.458471,105447424],[1.458569,107548672],[1.507021,110223360],[1.507136,112328704],[1.563775,115159040],[1.599752,121319424],[1.657715,124542976],[1.709002,131432448],[1.753476,131489792],[1.798733,141422592],[1.864027,161964032],[1.951607,184807424],[1.97328,178176000],[2.008906,162549760],[2.096482,163356672],[2.144841,165351424],[2.400352,168951808],[2.786332,179032064],[2.914893,183111680],[2.996111,190365696],[2.996309,192462848],[3.076481,199434240],[3.240423,216018944],[3.293259,219402240],[3.293939,221503488],[3.351022,225374208],[3.351122,227479552],[3.406818,231297024],[3.450798,236457984],[3.467735,243802112],[3.494802,247599104],[3.542088,247607296],[3.598234,251531264],[3.64531,258834432],[3.70165,262635520],[3.701943,264732672],[3.754113,268517376],[3.75421,270635008],[3.843716,276533248],[3.887289,283926528],[3.942271,287588352],[3.942368,289693696],[4.008828,294453248],[4.008928,296554496],[4.068228,300417024],[4.068325,302514176],[4.120954,306081792],[4.158641,311373824],[4.377435,311386112],[4.438405,326299648],[4.467771,336773120],[4.598156,372002816],[5.158723,371896320],[5.190676,363016192],[5.334763,364863488],[5.467554,370679808],[5.522604,371949568],[5.698731,374046720],[5.749993,376143872],[5.750417,378241024],[5.839896,380338176],[5.89508,380342272],[5.93069,382562304],[6.015801,384659456],[6.107713,384618496],[6.147763,374038528],[6.177459,374882304],[6.222386,381304832],[6.359588,383709184],[6.529356,384131072],[6.588727,387973120],[6.649806,389238784],[6.813081,395128832],[6.867436,396169216],[6.90695,399486976],[6.963199,416296960],[7.043979,416870400],[7.221801,423550976],[7.296394,437133312],[7.340006,438206464],[7.352672,442183680],[7.434981,448794624],[7.490996,451452928],[7.49845,454647808],[7.561866,457732096],[7.618762,458481664],[7.62159,460578816],[7.680179,461795328],[7.685194,464281600],[7.745951,468475904],[7.746292,470573056],[7.833625,472670208],[7.835107,478961664],[7.932543,479092736],[8.014703,481189888],[8.021335,493006848],[8.172626,493264896],[8.392995,495362048],[8.399704,512139264],[8.406267,505847808],[8.546315,505851904],[8.593837,508039168],[8.71306,508936192],[8.951983,508968960],[8.965278,510771200],[9.071714,509468672],[9.073628,503177216],[9.266448,503427072],[9.351716,507932672],[9.369711,512864256],[9.507567,513548288],[9.753644,516222976],[9.931395,517341184],[10.02432,521551872],[10.119844,524017664],[10.132138,531312640],[10.183167,534360064],[10.233878,534417408],[10.249458,540725248],[10.274252,542830592],[10.275847,549122048],[10.34568,549273600],[10.521803,552177664],[10.590015,554455040],[10.590869,550383616],[10.832751,552062976],[10.836119,554160128],[11.10077,554442752],[11.194634,558825472],[11.325166,559140864],[11.348509,561238016],[11.422875,563335168],[11.649591,565432320],[11.721468,567529472],[11.729869,571723776],[11.821748,578015232],[11.823047,580112384],[11.948696,582209536],[11.986676,588500992],[12.077791,590598144],[12.126713,594792448],[12.214753,598986752],[12.245292,603181056],[12.255355,594792448],[12.382862,595410944],[12.689356,595435520],[12.892041,597532672],[13.096114,603824128],[13.300802,605921280],[13.302291,624795648],[13.309843,628989952],[13.321615,618504192],[13.453818,620601344],[13.481233,622698496],[13.753125,624795648],[13.951139,626892800],[14.193601,631087104],[14.223362,633184256],[14.345978,633196544],[14.513301,635293696],[14.580951,635367424],[14.640716,637583360],[14.753001,637587456],[14.814271,641966080],[15.137405,644063232],[15.239102,644186112],[15.401032,646963200],[15.446029,649060352],[15.446301,653254656],[15.511862,655351808],[15.512186,659546112],[16.399914,661643264],[16.555778,663740416],[16.766483,663773184],[16.768266,665870336],[16.997934,670064640],[16.998024,672161792],[17.355881,674258944],[17.508472,676356096],[17.90435,680550400],[17.998074,682647552],[18.210993,684744704],[18.298282,686841856],[18.64503,688939008],[18.765523,691036160],[18.817426,693133312],[18.819532,716201984],[18.827009,718299136],[18.842858,741367808],[18.850172,739270656],[18.850252,716201984],[18.997308,718299136],[19.567317,722493440],[19.652918,724590592],[19.912724,726687744],[19.945403,728784896],[20.394094,732979200],[20.416545,735076352],[20.752707,737173504],[20.808365,739270656],[21.193794,741367808],[21.23594,745562112],[21.243134,749756416],[21.299395,751853568],[21.771926,756047872],[21.869227,758145024],[22.134159,760242176],[22.134965,762339328],[22.390995,764436480],[23.037926,768630784],[23.139691,770756608],[23.373713,772853760],[23.716764,774950912],[23.882889,777048064],[23.88316,781242368],[24.274248,783339520],[24.555763,785436672],[24.930638,787533824],[24.965241,789630976],[25.713913,793825280],[25.773897,793956352],[25.934075,796053504],[26.01328,800247808],[26.329731,802344960],[26.36627,806539264],[27.270437,808636416],[27.411106,810733568],[27.612106,810737664],[27.65872,813027328],[27.81616,815124480],[27.910896,815144960],[27.982665,817242112],[28.134111,819351552],[28.741012,823545856],[28.901201,825643008],[29.004964,831934464],[29.007179,834031616],[29.069474,836128768],[29.947257,838225920],[30.142665,840323072],[30.583356,842420224],[30.822521,844517376],[31.186973,844713984],[31.237966,845836288],[31.24958,850030592],[31.293719,852127744],[31.294035,856322048],[31.359876,858419200],[31.365792,860516352],[31.42386,850030592],[32.085829,835411968],[32.660713,835424256],[32.708962,839778304],[32.824443,841875456],[32.827517,839778304],[35.39245,842043392],[35.401465,844140544],[37.473013,844337152],[37.643871,844464128],[37.684289,845340672],[37.891393,845471744],[38.042108,846360576],[38.072008,848457728],[38.537632,850685952],[38.541646,894726144],[38.557521,911503360],[38.623986,949252096],[38.63154,898920448],[38.699313,901148672],[38.882776,901726208],[39.167271,903823360],[39.242871,903884800],[40.189068,908079104],[40.19086,931147776],[40.203669,918564864],[40.292792,920662016],[40.794251,920776704],[40.831507,921391104],[41.326429,921395200],[41.803886,923508736],[42.165762,925605888],[42.307747,925736960],[42.35337,927834112],[42.812327,927838208],[42.9831,930951168],[42.983197,933048320],[43.238948,937926656],[43.772633,946290688],[43.920599,949071872],[44.11425,951926784],[44.114819,954023936],[44.585332,961093632],[44.791641,964857856],[45.081256,966668288],[45.081545,970862592],[45.274928,973754368],[45.508406,977784832],[45.815751,982142976],[45.816139,986337280],[46.089171,990523392],[46.518023,996651008],[46.593926,997265408],[46.816055,1001611264],[47.042817,1005420544],[47.043977,1006104576],[47.421011,1012928512],[47.426765,1027608576],[47.438832,1033900032],[47.442274,1023414272],[47.564616,1025474560],[47.581539,1030127616],[47.585456,1042808832],[47.60728,1053294592],[47.611698,1040711680],[47.773138,1044168704],[47.992313,1047896064],[48.347281,1055453184],[48.474706,1057787904],[48.615904,1059442688],[48.873282,1063694336],[49.352225,1072701440],[49.352325,1074798592],[49.721948,1082167296],[50.004184,1086951424],[50.254606,1091883008],[50.439548,1094586368],[50.790215,1100992512],[50.790309,1103089664],[51.493301,1116061696],[51.850617,1121603584],[52.295268,1130070016],[52.295366,1132167168],[52.597251,1137393664],[52.825551,1141968896],[53.119609,1146830848],[53.120296,1153122304],[53.619298,