{"summary":{"timestamp":1393986400,"hash":"f1955e028cd3ea5097845f183f8cd099014ac6d8","max_memory":1467654144,"cpu_time":133.98,"pull_request":12688},"memory_data":[[0.001576,4096],[0.045129,524288],[0.066653,8957952],[0.143372,11530240],[0.184651,14266368],[0.207407,18198528],[0.253724,20168704],[0.335716,27488256],[0.49829,32280576],[0.549973,34926592],[0.642168,35840000],[0.705925,37707776],[0.728144,41213952],[0.759211,41615360],[0.795266,47206400],[1.003512,68714496],[1.064707,79015936],[1.090353,79343616],[1.121168,84824064],[1.203847,92266496],[1.225567,96022528],[1.261386,96444416],[1.405073,110968832],[1.483164,120340480],[1.51086,121982976],[1.641322,136458240],[1.700029,144076800],[1.790225,144875520],[1.954369,206999552],[2.200332,207945728],[2.217966,208859136],[2.492508,208924672],[2.767305,209362944],[2.803989,210563072],[2.949249,210964480],[3.470139,211275776],[3.640718,223641600],[3.741049,232202240],[3.868329,241635328],[3.9798,248754176],[3.99479,250937344],[4.175521,250974208],[4.328855,310513664],[4.646506,310521856],[5.198648,310894592],[5.199973,311947264],[5.358196,316153856],[5.35837,318251008],[5.585006,319201280],[5.70323,321568768],[5.843765,322486272],[5.959297,328708096],[6.09715,331534336],[6.217834,336158720],[6.290316,336240640],[6.450926,340115456],[6.511844,342933504],[6.543856,346517504],[6.639871,349093888],[6.660404,351727616],[6.747401,356634624],[6.805567,366538752],[6.869341,369299456],[7.10898,372666368],[7.111411,376451072],[7.198116,377421824],[7.218402,383275008],[7.338373,383361024],[7.343823,385765376],[7.39811,386011136],[7.41085,393785344],[7.82553,393904128],[7.828418,410259456],[7.83644,403234816],[7.840732,416940032],[7.852188,409595904],[7.948774,409796608],[7.955056,413736960],[8.297002,414625792],[8.298141,416649216],[8.460908,416706560],[8.540512,417652736],[8.546693,450809856],[8.56233,450478080],[8.562407,434413568],[8.569715,463396864],[8.593138,463347712],[8.593224,449093632],[8.849918,449499136],[8.885661,456343552],[8.888019,460435456],[8.933875,460529664],[8.938099,473018368],[9.123324,474058752],[9.44922,474497024],[9.449942,475983872],[9.522657,476385280],[9.5326,479113216],[9.622232,481079296],[9.825252,481140736],[9.844159,486248448],[9.967191,486735872],[9.991653,487923712],[10.114426,489447424],[10.21173,489619456],[10.212984,492605440],[10.271844,494342144],[10.604869,494346240],[10.65392,494731264],[10.656064,502292480],[10.724938,504029184],[10.767481,507023360],[10.884273,508649472],[10.991247,509235200],[12.093453,509513728],[12.130089,510013440],[12.382876,510021632],[12.464386,512122880],[12.469513,526802944],[14.929145,526893056],[14.929464,527552512],[15.2342,527626240],[15.263584,528097280],[15.891852,528101376],[15.93169,529362944],[16.087217,529805312],[16.098425,562991104],[16.131794,563511296],[17.435412,563519488],[17.436149,565989376],[17.572512,566034432],[17.67772,569163776],[17.791576,568905728],[17.833751,570351616],[18.117914,572547072],[18.138134,573894656],[18.304978,575389696],[18.444252,577904640],[18.674536,578916352],[18.738571,580612096],[18.959784,582025216],[19.001475,583696384],[19.124962,583708672],[19.211478,585424896],[19.251328,588333056],[19.381774,587685888],[19.520347,590520320],[19.752058,590585856],[19.845911,591638528],[19.849046,608350208],[20.285105,608481280],[20.379734,609112064],[20.380701,611016704],[20.602568,611540992],[20.895575,614350848],[20.992856,615788544],[21.145945,616595456],[21.388505,619581440],[21.684593,621957120],[21.8584,623874048],[22.011651,624705536],[22.18516,627736576],[22.249687,631668736],[22.324668,632315904],[22.327489,630882304],[22.519643,631111680],[22.845854,635023360],[23.020699,635637760],[23.211488,637960192],[23.429538,639094784],[23.615374,641536000],[23.812904,642789376],[23.814705,647659520],[24.106057,647753728],[24.138425,648679424],[24.290001,649236480],[24.329316,650502144],[24.480647,651001856],[24.700355,652718080],[24.809688,654168064],[24.863521,656175104],[25.02599,656379904],[25.063176,657477632],[25.086195,724590592],[25.123489,723877888],[25.123568,691032064],[25.172298,693547008],[25.223326,692424704],[25.324207,693628928],[25.492895,694378496],[25.56613,695762944],[25.654384,696045568],[25.753181,698081280],[25.910323,698847232],[26.031102,700231680],[26.284886,704348160],[26.377914,704466944],[26.485738,706838528],[26.560933,706949120],[26.805321,709963776],[27.077789,712417280],[27.148903,712429568],[27.36678,716017664],[27.504839,722440192],[27.507696,725377024],[27.652588,726650880],[27.652667,722599936],[27.790007,722673664],[27.828503,725753856],[28.162622,725831680],[28.287994,726642688],[28.346325,728326144],[28.445718,728719360],[28.516267,730591232],[28.673024,732585984],[28.825817,733216768],[28.85813,735199232],[28.923607,735551488],[28.930901,768995328],[29.453053,769519616],[29.457611,786124800],[29.49718,786190336],[29.524938,769544192],[30.192228,769048576],[30.192302,735993856],[32.495355,738091008],[32.495767,740950016],[32.724708,741052416],[32.774345,743170048],[32.776553,740630528],[32.85708,742727680],[32.860285,741093376],[32.968407,741203968],[34.07453,741212160],[34.075168,742645760],[34.150726,741212160],[34.904863,741220352],[35.328017,741466112],[35.392654,742866944],[35.539722,743899136],[35.640765,748081152],[35.656449,750178304],[35.759467,754532352],[35.808301,754540544],[35.932666,760647680],[35.971152,761053184],[36.111557,767500288],[36.265132,771567616],[36.381777,777220096],[36.452195,779194368],[36.500842,782381056],[36.662576,788496384],[36.829666,796831744],[36.983299,803434496],[37.013694,803471360],[37.223517,812191744],[37.474753,825061376],[37.476321,829259776],[37.533624,829272064],[37.578945,831426560],[37.699352,834072576],[37.700365,836079616],[38.258308,849022976],[38.412643,855535616],[38.598529,864440320],[38.60452,867553280],[38.672736,869416960],[38.976435,881057792],[38.977799,885252096],[39.02319,885268480],[39.148127,889184256],[39.277443,894763008],[39.278688,898957312],[39.327743,898969600],[39.478372,905060352],[39.703737,915558400],[39.704414,919760896],[39.75575,919769088],[39.881083,926490624],[39.930789,928272384],[40.233416,941760512],[40.394818,949911552],[40.608553,958791680],[40.796564,967475200],[40.827485,970010624],[41.043606,980484096],[41.162282,985235456],[41.456216,998789120],[41.561792,1004408832],[41.733026,1014861824],[41.78206,1019244544],[41.783624,1023369216],[41.843225,1024671744],[41.885839,1028800512],[42.016598,1037307904],[42.042234,1039912960],[42.164526,1046413312],[42.168769,1054806016],[42.263026,1054810112],[42.352685,1059184640],[42.548521,1067216896],[42.734109,1076187136],[42.736462,1084579840],[42.817732,1084588032],[42.936338,1089208320],[43.07458,1095499776],[43.176854,1101185024],[43.294527,1105846272],[43.385202,1110634496],[43.578586,1118810112],[43.609407,1120927744],[43.782539,1129009152],[43.784237,1137397760],[43.88289,1137426432],[44.195259,1151279104],[44.195924,1154424832],[44.268131,1156009984],[44.270312,1164349440],[44.335906,1164619776],[44.343231,1189351424],[44.591094,1191108608],[44.596008,1193205760],[44.672494,1193623552],[44.750369,1197785088],[44.751234,1199865856],[44.849847,1201971200],[45.194111,1217875968],[45.202377,1221558272],[45.493594,1231785984],[45.528296,1234001920],[45.649604,1236713472],[45.782044,1244708864],[45.89581,1249284096],[46.0434,1256128512],[46.418179,1274470400],[46.691079,1285722112],[46.857374,1293631488],[47.142401,1305399296],[47.22345,1310113792],[47.458427,1318981632],[47.570224,1323896832],[47.967453,1340125184],[48.079211,1346752512],[48.121971,1347608576],[48.200181,1352232960],[48.204356,1369018368],[48.404524,1369051136],[48.515456,1374277632],[48.696929,1381347328],[48.71514,1381351424],[48.90749,1390624768],[48.996666,1390780416],[49.068359,1393360896],[49.069255,1395617792],[49.364773,1404538880],[49.383601,1406713856],[49.449597,1408958464],[49.513494,1409105920],[49.513646,1411203072],[49.565855,1411325952],[49.581104,