{"summary":{"timestamp":1406886366,"hash":"f2153465e47ac280a260e9a30466acbcfaf6832d","max_memory":1883541504,"cpu_time":202.02,"pull_request":16101},"memory_data":[[0.003162,4096],[0.020628,18083840],[0.166225,35889152],[0.183297,41185280],[0.281924,57475072],[0.322955,68100096],[0.385519,80199680],[0.392365,83636224],[0.442545,88547328],[0.496177,100552704],[0.545514,102989824],[0.584679,128450560],[0.603698,137932800],[0.639912,161312768],[0.649625,161284096],[0.668738,145924096],[0.747448,145485824],[0.748832,141553664],[0.997458,145309696],[0.998202,147406848],[1.194491,150056960],[1.195529,152154112],[1.287691,153473024],[1.438916,166584320],[1.458353,171327488],[1.560419,181608448],[1.806564,201715712],[1.91662,212021248],[1.965594,215605248],[1.965695,217706496],[2.139033,231321600],[2.144134,226312192],[2.22033,229695488],[2.264695,252174336],[2.28254,265105408],[2.330972,292339712],[2.510236,294440960],[2.567761,328630272],[2.604459,328519680],[2.632484,315600896],[2.701785,319705088],[2.779638,328605696],[2.89397,330702848],[2.91246,333729792],[2.986643,336302080],[3.022146,341204992],[3.079023,340983808],[3.104594,329576448],[3.211599,329601024],[3.228727,332726272],[3.257735,346202112],[3.268329,355508224],[3.301652,367157248],[3.37099,375713792],[3.427321,375767040],[3.428023,384155648],[3.484595,386252800],[3.484745,388349952],[3.543298,388362240],[3.553537,390459392],[3.555629,403042304],[3.627467,403103744],[3.629727,409395200],[3.803703,409513984],[3.810447,428388352],[3.814687,422096896],[3.888133,422170624],[3.89676,426364928],[4.270632,426655744],[4.273186,413364224],[4.281889,410251264],[4.374939,410513408],[4.409821,418086912],[4.481247,423854080],[4.57029,424173568],[4.639,426127360],[4.847797,426676224],[4.864865,435097600],[4.917533,441507840],[4.921425,449896448],[4.994282,452214784],[5.00578,448081920],[5.059106,452276224],[5.218837,458567680],[5.411127,464859136],[5.417213,469053440],[5.49557,475344896],[5.651901,475594752],[5.652603,477155328],[5.730329,477552640],[5.874071,480247808],[5.948246,483123200],[6.040225,484249600],[6.040875,485650432],[6.128273,487104512],[6.17145,490205184],[6.28639,492048384],[6.317078,495243264],[6.38218,495714304],[6.536758,501202944],[6.607527,501452800],[6.694249,504463360],[6.79665,505499648],[6.798649,508686336],[6.871963,510451712],[7.017364,511868928],[7.03181,537010176],[7.032091,524427264],[7.068927,525586432],[7.088376,529850368],[7.153589,529907712],[7.234737,531910656],[7.260153,536068096],[7.463966,536096768],[7.490459,537894912],[7.570354,538062848],[7.668338,540303360],[7.715,543870976],[7.787192,544014336],[7.85004,547151872],[7.887509,551591936],[7.931128,552730624],[7.932414,555880448],[7.965953,556318720],[7.966807,552796160],[8.250444,552882176],[8.407495,554283008],[8.431887,557535232],[8.532731,558047232],[8.621823,560656384],[8.749985,561188864],[8.771048,562458624],[8.923337,563875840],[9.104504,566325248],[9.161623,568926208],[9.278443,571170816],[9.281326,577327104],[9.369944,580001792],[9.604768,580247552],[9.623741,581767168],[9.626528,587485184],[9.698914,587988992],[9.73216,589778944],[9.926808,590630912],[10.028268,593805312],[10.35766,596480000],[10.429612,600776704],[10.4565,604966912],[10.593155,604975104],[10.736152,609169408],[10.917579,611266560],[11.02478,615460864],[11.19493,615460864],[11.202666,646918144],[11.21544,665792512],[11.223389,664809472],[11.224148,640626688],[11.396755,641880064],[11.404967,642883584],[11.599295,644747264],[11.664585,646520832],[11.813709,655835136],[11.814564,658796544],[11.896406,661999616],[11.913803,666484736],[11.969458,669646848],[11.969559,671744000],[12.070312,679297024],[12.090598,682176512],[12.09864,678076416],[12.149353,678350848],[12.621403,678375424],[12.715225,682569728],[12.865647,684666880],[12.979176,688861184],[13.000108,690958336],[13.325163,693055488],[13.356301,695152640],[13.361724,699740160],[13.411138,701837312],[13.424117,708128768],[13.513937,708182016],[13.548074,711430144],[13.779632,712572928],[13.830555,716226560],[13.964975,716627968],[14.135532,722092032],[14.135783,724692992],[14.228737,724905984],[14.281662,727003136],[14.522421,729100288],[14.65917,731197440],[14.659379,735391744],[15.058002,739586048],[15.306042,741683200],[15.467282,743780352],[15.511445,745877504],[15.688158,747974656],[15.925951,752168960],[16.008639,752173056],[16.009289,754266112],[16.077129,756363264],[16.077382,758460416],[16.390529,760557568],[16.417612,762654720],[16.67545,764751872],[16.840694,766849024],[16.891334,768946176],[17.028162,771043328],[17.108524,775237632],[17.350363,777334784],[17.368972,779431936],[17.613584,783626240],[17.793682,785723392],[17.80294,792014848],[18.199788,794112000],[18.375841,796209152],[18.678449,800403456],[18.905882,802500608],[19.129091,806694912],[19.603331,810889216],[19.755199,815083520],[20.019505,819277824],[20.053674,819281920],[20.06014,865415168],[20.083015,898969600],[20.100887,919941120],[20.105681,869609472],[20.338653,873803776],[20.429646,880095232],[20.430106,882192384],[20.487142,884289536],[21.029001,886386688],[21.165979,888483840],[21.295499,892678144],[21.302029,903163904],[21.557118,907358208],[21.627486,909455360],[21.869223,911552512],[21.882726,913649664],[21.885439,936718336],[21.893825,924135424],[22.104275,926232576],[22.158802,928329728],[22.693318,930426880],[22.727661,932524032],[22.727912,936718336],[22.780569,940912640],[22.821581,930426880],[23.188956,915746816],[23.888113,917843968],[24.053282,922038272],[24.053531,924135424],[24.108416,926232576],[24.110341,924135424],[25.998833,926232576],[27.234365,928329728],[27.481071,930426880],[27.669421,932524032],[27.676488,953495552],[27.682019,940912640],[27.828216,945106944],[28.001143,951398400],[28.183819,953495552],[28.185715,968175616],[28.194417,961884160],[28.485107,963981312],[28.943224,968175616],[28.983684,970272768],[29.48239,970276864],[29.546608,973082624],[29.546658,975179776],[29.843478,985518080],[29.844188,987615232],[30.060657,995659776],[30.06494,1001951232],[30.100111,1005129728],[30.394848,1015836672],[30.447585,1018257408],[30.666239,1025683456],[30.666337,1027780608],[30.94618,1036890112],[30.947218,1041084416],[31.059856,1045372928],[31.136668,1050664960],[31.241735,1054158848],[31.241888,1058353152],[31.468748,1066246144],[31.64103,1074368512],[31.755762,1078169600],[31.801396,1080614912],[31.887586,1082945536],[32.351705,1100500992],[32.351806,1102598144],[32.440153,1105248256],[32.787676,1119162368],[32.989495,1125994496],[32.990202,1128091648],[33.101311,1132060672],[33.516098,1148473344],[33.671096,1153798144],[33.768728,1156235264],[33.768879,1160429568],[33.860446,1164144640],[34.081197,1170530304],[34.100725,1172840448],[34.283516,1179123712],[34.409517,1184571392],[34.555693,1189953536],[34.556666,1196244992],[34.615588,1198809088],[34.61594,1200906240],[34.880862,1210236928],[34.913425,1212010496],[35.067869,1216376832],[35.283701,1224658944],[35.51269,1231691776],[35.665228,1236865024],[35.666335,1243156480],[35.709805,1244405760],[35.712336,1252794368],[36.137663,1266003968],[36.138948,1272295424],[36.334741,1278881792],[36.471695,1281716224],[36.683684,1289244672],[36.759377,1291022336],[36.977957,1298731008],[37.080651,1301430272],[37.241894,1307303936],[37.309546,1308897280],[37.623802,1318739968],[37.880673,1327861760],[37.986201,1330700288],[38.171488,1336754176],[38.171587,1338851328],[38.229405,1340358656],[38.440204,1347710976],[38.759814,1356967936],[38.958632,1364480000],[39.117886,1366765568],[39.189868,1369268224],[39.191576,1371365376],[39.326699,1376149504],[39.767605,1390080000],[39.767706,1392181248],[39.891588,1395585024],[40.080118,1401688064],[40.080218,1403785216],[40.189888,1407537152],[40.391045,1415696384],[40.564515,1423589376],[40.882301,1434812416],[40.98278,1437720576],[40.983166,1439817728],[41.18875,1447780352],[41.189164,1454071808],[41.265476,1456508928],[41.49904,1466245120],[41.538086,1467441152],[41.797973,1478107136],