{"summary":{"timestamp":1392016285,"hash":"f3a87a7f1ff8089742bc8dc45b812dd844109034","max_memory":1351643136,"cpu_time":130.37,"pull_request":12143},"memory_data":[[0.002182,4096],[0.069196,1028096],[0.071078,3952640],[0.120502,3964928],[0.169492,9011200],[0.278383,11509760],[0.363644,15687680],[0.421818,19763200],[0.539441,23093248],[0.571239,26316800],[0.62933,28729344],[0.731587,30949376],[0.989644,35069952],[1.022575,38776832],[1.169812,41979904],[1.198194,45207552],[1.319299,65437696],[1.349624,73515008],[1.447911,87085056],[1.501391,95703040],[1.597588,109064192],[1.629057,115847168],[1.679217,123457536],[1.721581,123973632],[1.75144,130215936],[1.899697,168648704],[2.013291,169508864],[2.037702,170708992],[2.269675,171716608],[2.501799,172011520],[2.756895,173654016],[3.032475,173817856],[3.041418,174473216],[3.309883,174477312],[3.526135,186019840],[3.567416,187244544],[3.671518,193445888],[3.818087,200790016],[3.930334,205459456],[3.945684,207052800],[4.135353,207069184],[4.286023,247234560],[5.147652,247238656],[5.258325,247455744],[5.263605,255062016],[5.335691,257941504],[5.336068,260042752],[5.481045,270532608],[5.606536,270708736],[5.788965,273145856],[5.858739,273408000],[5.947668,276111360],[6.224864,281772032],[6.286818,283660288],[6.408202,285327360],[6.53146,288681984],[6.605133,288755712],[6.986057,296415232],[7.147933,304025600],[7.468823,309637120],[7.578446,313880576],[7.682371,315793408],[7.899439,321093632],[8.172627,325169152],[8.196084,326676480],[8.376234,327680000],[8.565774,328036352],[9.381454,328232960],[9.429133,329244672],[9.622386,329641984],[9.950511,329728000],[10.070258,330072064],[10.363314,332173312],[10.366866,342659072],[10.520603,343523328],[10.881371,344031232],[10.882566,345542656],[10.971152,346857472],[10.972791,348872704],[11.112121,350420992],[11.15551,352096256],[11.291937,353591296],[11.417085,356368384],[11.435823,359452672],[11.836398,366645248],[11.919527,368603136],[12.025558,369356800],[12.119154,371281920],[12.267747,378269696],[12.288073,376545280],[12.379849,380387328],[12.387995,384548864],[12.460134,385843200],[12.578923,389509120],[12.673691,390029312],[12.967578,394072064],[12.968874,396038144],[13.086302,396423168],[13.223857,399196160],[13.357998,400138240],[13.540371,403062784],[13.606293,405291008],[13.738932,405299200],[13.831874,407007232],[13.833506,411082752],[14.008784,411099136],[14.212872,414437376],[14.219055,430682112],[14.229271,422760448],[14.466745,428224512],[14.470367,431165440],[14.531276,428363776],[14.693515,428367872],[14.756557,429244416],[14.756903,431341568],[14.87497,431165440],[14.96036,432005120],[15.018818,434188288],[15.07323,433881088],[15.364292,437657600],[15.616224,440078336],[15.81633,445501440],[15.850816,448131072],[16.195209,448458752],[16.262247,449695744],[16.264721,458076160],[16.498662,458280960],[16.605731,458891264],[16.79961,462065664],[17.044479,464584704],[17.320857,465846272],[17.355537,466878464],[17.522273,467746816],[17.618451,469790720],[17.768275,469831680],[18.131901,474021888],[18.144429,507580416],[18.163236,507363328],[18.163339,490799104],[18.441715,493850624],[18.701535,495472640],[18.863734,498196480],[18.942244,498221056],[19.044774,499904512],[19.090358,502292480],[19.252003,502300672],[19.428119,505036800],[19.497452,507076608],[19.569951,506658816],[19.655271,507916288],[19.762332,508137472],[19.991567,510828544],[20.028561,512307200],[20.401231,514682880],[20.453893,516280320],[20.611032,516661248],[20.735352,518909952],[20.857214,518938624],[20.940788,520019968],[21.010375,523350016],[21.016221,540356608],[21.117487,540606464],[21.857623,540778496],[21.881016,542228480],[21.993331,542584832],[21.994926,544546816],[22.210493,545013760],[22.490548,547475456],[22.491293,548327424],[22.974139,551587840],[23.192654,554287104],[23.730302,557895680],[23.833113,559734784],[23.938199,562716672],[24.181079,562720768],[24.427573,564895744],[24.626023,566059008],[24.80838,568041472],[25.017957,568901632],[25.131586,570015744],[25.202383,572669952],[25.416666,572723200],[25.484157,574042112],[25.485943,576483328],[25.729732,576638976],[25.867183,577589248],[25.930361,578895872],[26.086974,579198976],[26.33778,580923392],[26.473817,583229440],[26.666494,584146944],[26.777419,586510336],[26.938989,586801152],[27.092114,587755520],[27.246911,589844480],[27.434032,590520320],[27.451029,591450112],[27.620725,592273408],[27.6865,594595840],[27.796939,595087360],[27.937297,597950464],[27.959829,665059328],[27.98165,644083712],[27.981716,631500800],[28.138942,634400768],[28.359018,636534784],[28.387648,638685184],[28.436087,637972480],[28.444059,671653888],[29.262993,671793152],[29.305967,672063488],[29.308835,676061184],[29.35767,676130816],[29.360994,684449792],[29.439448,684466176],[29.444984,701227008],[29.516806,699711488],[29.517215,671997952],[31.118143,672063488],[33.421049,672092160],[34.5703,672321536],[34.82275,672477184],[35.645885,672481280],[35.647363,676540416],[36.29999,676548608],[36.44468,677539840],[36.583589,677687296],[36.717241,679251968],[36.846596,679260160],[36.904539,680714240],[36.904663,682811392],[37.088118,687013888],[37.188605,687026176],[37.273475,689172480],[37.449357,689184768],[37.469642,693432320],[37.478855,720691200],[37.685981,720830464],[37.778327,721436672],[38.031256,721453056],[38.057632,723550208],[38.144034,723714048],[38.147918,725811200],[38.487656,734228480],[38.589929,739180544],[38.731324,744972288],[39.076563,752431104],[39.221589,756236288],[39.353832,758849536],[39.45829,762265600],[39.532483,763191296],[39.851672,769916928],[40.011564,774758400],[40.213554,779104256],[40.264755,780812288],[40.274218,805941248],[40.291714,793354240],[40.326018,796618752],[40.384621,796622848],[40.505923,799498240],[40.575471,799502336],[40.750122,806461440],[40.775949,808550400],[40.970412,816160768],[40.970652,818257920],[41.250247,824115200],[41.762888,836030464],[41.868579,840142848],[41.994251,843198464],[42.354172,849891328],[42.456222,852611072],[42.458343,856805376],[42.538148,856821760],[42.65109,858652672],[43.082975,868298752],[43.085332,872493056],[43.181216,872513536],[43.255173,874512384],[43.526577,880402432],[43.918931,890200064],[44.030267,892370944],[44.032384,896565248],[44.118404,896569344],[44.264629,899936256],[44.460484,905371648],[44.580602,907878400],[44.81185,913948672],[44.814948,918192128],[44.905439,918327296],[45.127117,923029504],[45.164232,924610560],[45.298334,927350784],[45.707329,936902656],[46.107184,945356800],[46.677648,958513152],[46.717714,960012288],[46.914665,964747264],[46.991164,967606272],[47.212839,973737984],[47.329399,978354176],[47.435863,981004288],[47.475415,983908352],[47.613439,987189248],[47.702917,990511104],[47.801445,992886784],[47.841669,995106816],[47.988131,998846464],[47.990601,1003044864],[48.090638,1003450368],[48.134516,1005555712],[48.757681,1019322368],[48.761167,1027715072],[48.927487,1027731456],[49.066542,1030819840],[49.301655,1036783616],[49.55824,1041195008],[49.80124,1046704128],[50.003842,1053487104],[50.169947,1056858112],[50.173214,1065234432],[50.352236,1065246720],[50.426205,1067212800],[50.766722,1074126848],[50.882453,1077321728],[51.075945,1081348096],[51.229004,1085227008],[51.606852,1093484544],[51.652467,1095553024],[51.818452,1100021760],[51.933138,1101922304],[52.100538,1105821696],[52.101256,1108869120],[52.182468,1109626880],[52.430161,1115103232],[52.563647,1119940608],[52.731607,1124999168],[52.734937,1133363200],[52.888682,1133432832],[52.891158,1141768192],[53.055108,1141936128],[53.478598,1151361024],[53.609146,1155018752],[53.609267,1157136384],[53.74401,1160204288],[53.776785,1163313152],[53.864106,1164050432],[54.141131,1169612800],[54.532489,1178656768],[54.650028,1181876224],[54.945423,1188179968],[55.09629,1192251392],[55.529731,1202569216],[55.621143,1205936128],[56.161413,1218981888],[56.310379,1221894144],[56.434903,1225408512],[56.758597,1232953344],[56.760338,1235050496],[56.814156,1235066880],[57.047133,