{"summary":{"timestamp":1360349596,"hash":"f529af0d5020a1d635a18304f138c9247fd10ec5","max_memory":1159806976,"cpu_time":74.19,"pull_request":4844},"memory_data":[[0.003357,8192],[0.011077,2895872],[0.253664,16404480],[0.479434,30982144],[0.828817,52924416],[1.328667,83595264],[1.366067,84635648],[1.489896,108384256],[1.767825,159457280],[2.193266,159469568],[2.228623,165744640],[2.356705,173334528],[2.430246,181813248],[2.528425,187232256],[2.579784,194351104],[2.63175,198549504],[2.736014,202940416],[2.831051,210980864],[2.860627,215605248],[2.940122,221646848],[3.120146,240328704],[3.202493,249876480],[3.233534,255299584],[3.281879,255307776],[3.343135,267276288],[3.358326,268308480],[3.414068,279396352],[3.418009,283607040],[3.448943,281505792],[3.555711,302993408],[3.706922,304144384],[3.721568,312422400],[3.762438,314662912],[3.776037,323375104],[3.808117,324468736],[3.821335,339337216],[3.915774,339570688],[3.948395,340758528],[4.252089,340717568],[4.31327,346583040],[4.691959,348975104],[4.694943,350027776],[4.82727,350031872],[5.086389,351428608],[5.092144,353488896],[5.439193,353492992],[5.825824,355954688],[6.009163,356704256],[6.021553,360873984],[6.690881,360951808],[6.693778,361926656],[6.888996,361930752],[7.2832,364240896],[7.726668,367599616],[7.752141,375967744],[7.970003,376037376],[7.997634,381259776],[8.036851,381603840],[8.060093,389996544],[8.230734,392245248],[8.232531,399462400],[8.489557,407330816],[8.612463,407998464],[8.626991,409157632],[8.982583,412614656],[8.985854,413691904],[9.086749,413712384],[9.234723,415264768],[9.510563,416681984],[9.532072,417529856],[9.745165,418709504],[9.751107,420708352],[10.03042,420724736],[10.331758,422748160],[10.626379,427241472],[10.814003,427663360],[10.95471,428568576],[11.018325,430161920],[11.031234,434221056],[11.39464,434360320],[11.509967,434819072],[11.819993,437637120],[12.159306,438439936],[12.452326,440524800],[12.63521,441331712],[12.721525,444870656],[12.998686,444977152],[13.171819,445632512],[13.413263,447508480],[13.739852,448598016],[13.93602,448802816],[14.149901,450052096],[14.159949,450625536],[14.36883,451297280],[14.47746,452157440],[14.503543,460451840],[15.620657,460472320],[15.672207,461635584],[15.838666,461676544],[16.069846,463073280],[16.194414,464261120],[16.197961,465371136],[16.404107,465522688],[16.554069,466272256],[16.831722,468574208],[17.019876,469360640],[17.359053,470220800],[17.38192,471162880],[17.595626,471941120],[17.660324,473591808],[17.804852,473632768],[18.404811,476196864],[18.466056,477593600],[18.722624,477794304],[18.953346,479162368],[19.353773,480071680],[19.618966,481452032],[19.702093,482689024],[19.87352,483172352],[20.067018,484519936],[20.165676,485781504],[20.350727,486064128],[20.469883,487489536],[20.536875,489349120],[20.802216,489885696],[20.838648,490717184],[21.04428,491663360],[21.152334,491667456],[21.309926,493240320],[21.524487,493744128],[21.636067,499097600],[21.647349,503296000],[21.725623,504897536],[21.750065,513290240],[22.302941,513335296],[22.416108,516403200],[22.794735,517681152],[22.841748,518443008],[23.105597,519426048],[23.349055,523456512],[23.568141,523612160],[23.570264,524648448],[23.707512,524763136],[23.776874,526151680],[23.89118,526815232],[23.892852,535990272],[23.919087,538480640],[24.037374,538652672],[24.090096,542912512],[24.196355,542924800],[24.265349,545964032],[24.280431,549695488],[24.287384,558047232],[24.330447,553893888],[24.331782,562237440],[24.583473,562241536],[24.651599,564428800],[24.652445,566525952],[24.716119,567717888],[24.717358,571912192],[24.780423,573689856],[25.075144,587292672],[25.133878,590774272],[25.326975,596357120],[25.402889,596996096],[25.774998,606466048],[25.776292,610660352],[25.899812,612872192],[26.010061,616136704],[26.017336,624549888],[26.061222,624631808],[26.062491,632938496],[26.501161,632946688],[26.543309,635940864],[26.703298,640774144],[26.732525,643829760],[26.74286,650379264],[26.968524,656883712],[26.999314,656887808],[27.250862,665149440],[27.264927,667774976],[27.465527,674844672],[27.631863,678952960],[27.763342,683540480],[27.928244,687980544],[28.433576,702369792],[28.83734,715866112],[28.98053,716836864],[29.13985,721969152],[29.358063,730972160],[29.550352,736526336],[29.60011,737280000],[29.743917,741613568],[29.77638,741724160],[29.998412,748429312],[29.998503,750526464],[30.196666,757047296],[30.26108,757805056],[30.426893,764370944],[30.614499,767508480],[30.617839,768561152],[30.759195,770412544],[30.962317,776314880],[30.98034,778493952],[31.333328,789929984],[31.543865,795447296],[31.619812,796626944],[31.620188,798724096],[31.777465,802770944],[32.066073,809271296],[32.182572,813133824],[32.289729,815128576],[32.292012,819335168],[32.368895,821862400],[32.478697,822509568],[32.666479,828706816],[32.82914,830238720],[32.993546,835141632],[33.168614,841261056],[33.169244,843358208],[33.370806,848441344],[33.519678,853647360],[33.76223,859717632],[33.898671,864403456],[34.042463,867557376],[34.277105,875765760],[34.362009,876986368],[34.560449,883011584],[34.602572,884899840],[34.782277,889679872],[34.899208,893493248],[35.10039,897093632],[35.205826,900251648],[35.370709,903835648],[35.479742,907431936],[35.481813,909881344],[35.547224,911515648],[35.573601,916488192],[35.866202,925417472],[35.893395,928595968],[35.968322,928776192],[36.094321,933527552],[36.303688,938717184],[36.303776,940814336],[36.479603,946102272],[36.519799,955805696],[36.826326,965910528],[37.128809,974925824],[37.246984,977596416],[37.569522,986685440],[37.576755,988782592],[37.698097,990294016],[37.701161,992763904],[37.997263,1001234432],[38.018306,1003458560],[38.111037,1006764032],[38.241006,1009258496],[38.569014,1019736064],[38.808752,1026150400],[38.94276,1030569984],[39.195868,1037918208],[39.282265,1039806464],[39.563783,1049792512],[39.607336,1052372992],[39.704655,1055653888],[39.742781,1059012608],[39.761365,1066500096],[39.890825,1069477888],[39.959622,1075671040],[40.132725,1077600256],[40.133316,1078734848],[40.706615,1082331136],[40.719172,1079087104],[40.981241,1078947840],[40.981684,991002624],[41.135655,991494144],[41.217032,994508800],[43.213115,994713600],[43.58934,994861056],[43.618872,995246080],[44.469799,995352576],[44.472053,1012027392],[44.59497,1012109312],[44.595893,1014161408],[44.688031,1016094720],[44.694845,1083211776],[44.717535,1082462208],[44.71761,1066430464],[44.73072,1074745344],[44.756601,1075384320],[45.204483,1074454528],[45.212147,995377152],[45.858448,995659776],[48.101256,995729408],[49.843225,995954688],[49.847948,1012375552],[50.015266,1012502528],[58.147589,1012518912],[72.816704,1012531200],[109.661606,1012727808],[109.664848,1044873216],[109.675808,1045520384],[109.676399,1029443584],[127.074098,1029447680],[128.610762,1029521408],[129.02268,1029697536],[129.030723,1035317248],[129.04295,1029521408],[129.107065,1029578752],[129.108445,1033584640],[129.198625,1033678848],[129.207566,1054617600],[129.241704,1057112064],[129.374692,1057116160],[129.480967,1058750464],[129.482998,1069240320],[129.622018,1071337472],[129.628139,1073438720],[129.634714,1138450432],[130.016265,1144745984],[130.01931,1159426048],[130.020415,1128095744],[130.14147,1130192896],[130.237115,1062350848],[130.23832,1050734592],[130.245055,1070669824],[130.245227,1049882624],[131.703066,1049194496],[131.703364,1041424384],[131.784466,1041186816],[131.788919,961810432],[131.790323,961409024],[131.793561,882364416],[131.79716,842604544],[131.800318,763195392],[131.807178,631468032],[131.811012,587018240],[131.811977,533258240],[131.817277,436994048],[131.824294,350068736],[131.825442,280150016],[131.826974,279863296],[131.833529,161460224],[131.83777,120557568],[131.841645,43859968],[131.843733,41279488]],