{"summary":{"timestamp":1369589522,"hash":"f5d4ea84f5f38c230235a2bab142bfb55d6febdc","max_memory":2460696576,"cpu_time":null,"pull_request":6748},"memory_data":[[0.001466,4096],[0.056873,98304],[0.07133,2875392],[0.15807,7221248],[0.254474,10059776],[0.389631,11755520],[0.456607,15450112],[0.511765,16257024],[0.69885,16695296],[0.738717,18501632],[0.986994,23166976],[1.073663,23982080],[1.073846,26218496],[1.162583,26812416],[1.163754,29130752],[1.286903,29925376],[1.34249,31813632],[1.421626,40800256],[1.489933,47026176],[1.511826,52236288],[1.555037,53424128],[1.590206,59654144],[1.636371,62054400],[1.679846,70049792],[1.714493,70230016],[1.736787,77488128],[1.795859,78196736],[1.832323,85446656],[1.880325,85467136],[2.003266,97456128],[2.102215,105488384],[2.224764,118607872],[2.236129,123138048],[2.274267,124084224],[2.376391,155152384],[2.397332,156372992],[2.470938,174944256],[2.519029,184987648],[2.65386,220254208],[2.693687,220663808],[2.706055,224313344],[2.860561,316846080],[3.012623,411426816],[3.040286,413188096],[3.059324,426512384],[3.071307,422088704],[3.074293,439918592],[3.081948,431001600],[3.099997,431689728],[3.105107,467230720],[3.120544,463265792],[3.120594,449515520],[3.157278,450936832],[3.167609,522137600],[3.198336,521453568],[3.198386,486592512],[3.233304,488218624],[3.38109,489598976],[3.416854,508444672],[3.420496,526405632],[3.433318,533495808],[3.438784,556175360],[3.438861,532643840],[3.492964,534040576],[3.510242,542863360],[3.512827,551366656],[3.563145,552546304],[3.576897,570806272],[3.810076,571547648],[3.818125,572342272],[3.981833,572387328],[3.997207,576008192],[4.050183,580472832],[4.069996,585605120],[4.144709,588697600],[4.145418,591171584],[4.203877,591233024],[4.205125,596414464],[4.35522,596418560],[4.357314,606900224],[4.749107,606904320],[4.752902,627875840],[4.764074,623861760],[4.764176,612073472],[4.93049,613007360],[4.957972,615911424],[5.048251,615915520],[5.058299,622202880],[5.078265,622206976],[5.080686,630468608],[5.120884,632569856],[5.12408,647249920],[5.21012,647548928],[5.245588,649326592],[5.446111,649875456],[5.535399,651956224],[5.563197,653803520],[5.718887,655708160],[5.719921,657928192],[5.916091,659890176],[5.939358,662470656],[6.061942,662556672],[6.24072,664784896],[6.362865,669372416],[6.364336,673570816],[6.689742,674394112],[6.909291,679493632],[7.105384,679497728],[7.224492,681271296],[7.415374,682434560],[7.626274,684498944],[7.717104,684797952],[7.71751,686043136],[7.829958,686391296],[7.972984,688041984],[7.97466,696434688],[8.363173,696537088],[8.368994,699142144],[8.618102,699195392],[8.835222,701243392],[9.038662,702509056],[9.269586,704630784],[9.408911,705314816],[9.409547,707702784],[9.533088,707706880],[9.788123,710066176],[9.862407,711151616],[10.369079,713420800],[10.477226,714989568],[10.477849,717070336],[10.569321,717156352],[10.775143,721027072],[11.213462,723972096],[11.21467,726962176],[11.475006,727035904],[11.523701,727486464],[11.586578,732282880],[11.587831,737501184],[11.660471,737533952],[11.663023,747986944],[12.180802,748421120],[12.183869,765014016],[12.373203,765235200],[13.06033,765267968],[13.503534,767463424],[13.503588,765366272],[14.564982,765435904],[14.739268,767025152],[14.865198,767131648],[15.006261,769847296],[15.013534,786522112],[15.043829,815988736],[15.100628,816119808],[15.149112,818216960],[15.150747,824508416],[15.182721,826605568],[15.1843,832897024],[15.268648,832905216],[15.280803,836423680],[15.32566,838176768],[15.332726,855093248],[15.344423,855449600],[15.346748,865935360],[15.359927,866459648],[15.3619,874848256],[15.40545,877604864],[15.418842,894582784],[15.492348,899764224],[15.547926,902037504],[15.600583,906190848],[15.689307,910741504],[15.691248,919130112],[15.748237,921763840],[15.836533,928251904],[15.904919,936034304],[15.997759,945115136],[15.999177,951406592],[16.072159,956329984],[16.164336,960593920],[16.182145,963293184],[16.184534,973463552],[16.23936,976531456],[16.241332,984920064],[16.319772,991117312],[16.331409,1016303616],[16.339959,1016705024],[16.348088,1031647232],[16.472589,1039388672],[16.631397,1051025408],[16.633693,1061511168],[16.788463,1071247360],[16.930184,1081913344],[16.965115,1083736064],[17.167419,1098330112],[17.175,1117335552],[17.206321,1119551488],[17.208191,1127940096],[17.307084,1135505408],[17.43807,1142697984],[17.531824,1144987648],[17.606512,1149775872],[17.606916,1151873024],[17.776992,1164656640],[17.916692,1171693568],[18.054146,1181552640],[18.056188,1189941248],[18.215487,1201811456],[18.30538,1207566336],[18.432039,1213321216],[18.511929,1219657728],[18.567152,1221861376],[18.75174,1235251200],[18.752346,1238396928],[18.7991,1239527424],[18.813829,1250013184],[18.932419,1255174144],[18.961065,1257385984],[18.963578,1267871744],[19.04412,1273167872],[19.097515,1275420672],[19.105735,1294327808],[19.203344,1299820544],[19.261788,1304514560],[19.377195,1308770304],[19.473013,1316282368],[19.604581,1323917312],[19.843488,1341358080],[19.936214,1346748416],[19.981111,1351139328],[20.05984,1355042816],[20.137877,1360306176],[20.139747,1368694784],[20.372932,1383235584],[20.532692,1394663424],[20.594273,1398030336],[20.699387,1405816832],[20.701365,1414205440],[20.731142,1415593984],[20.733791,1421963264],[20.833171,1427443712],[21.109334,1444245504],[21.126601,1459757056],[21.240348,1467187200],[21.240803,1469284352],[21.398019,1478787072],[21.398732,1482981376],[21.598568,1494540288],[21.67514,1500827648],[21.761018,1505890304],[21.761927,1510084608],[21.883984,1518694400],[21.938943,1521672192],[22.105769,1534652416],[22.187715,1538650112],[22.233186,1542098944],[22.235359,1550487552],[22.475448,1567129600],[22.482614,1584046080],[22.616806,1593745408],[22.62232,1610596352],[22.643225,1612140544],[22.651318,1631137792],[22.673012,1640603648],[22.684781,1660088320],[22.693329,1660432384],[22.710145,1680056320],[22.719958,1707393024],[22.730916,1724563456],[22.835714,1729781760],[22.843926,1759166464],[22.881945,1760002048],[22.927642,1764306944],[23.002205,1765793792],[23.003006,1767628800],[23.25169,1773002752],[23.438182,1774153728],[23.4446,1764524032],[23.675384,1768849408],[24.32127,1768992768],[26.201563,1769062400],[26.36657,1772437504],[26.892852,1772556288],[26.9068,1778601984],[26.931631,1778671616],[26.933393,1786990592],[26.967259,1787019264],[26.982289,1791389696],[26.983915,1808039936],[27.037058,1809162240],[27.037821,1815334912],[27.09805,1815371776],[27.101275,1848893440],[27.50086,1846792192],[27.501788,1808097280],[27.505377,1807966208],[27.505584,1772441600],[27.892866,1772851200],[29.900538,1773006848],[29.932339,1774841856],[29.933284,1779011584],[30.002791,1779138560],[30.004557,1787400192],[30.772102,1787543552],[39.446223,1789640704],[39.448363,1805271040],[47.999852,1805275136],[48.00041,1809563648],[48.02917,1804451840],[48.634634,1806548992],[48.634888,1807368192],[48.896208,1811562496],[48.896818,1813659648],[49.83064,1815756800],[50.012231,1815605248],[50.012331,1813266432],[50.243471,1813458944],[50.309933,1814622208],[50.326429,1818214400],[50.501921,1820311552],[50.502538,1823461376],[50.534766,1821364224],[50.534919,1815724032],[51.616868,1815777280],[51.61712,1816903680],[52.275868,1817022464],[52.276394,1819525120],[52.459592,1818451968],[52.459643,1815724032],[57.230332,1815851008],[57.231098,1819787264],[57.513193,1821884416],[57.513497,1822412800],[57.767325,1818742784],[57.767375,1815724032],[72.916103,1814142976],[75.199604,1814319104],[75.206007,1847701504],[81.181873,1847713792],[81.225991,1850789888],[81.341277,1852444672],[81.349316,1851027456],[81.491573,1852497920],[81.502254,1851027456],[81.59711,1852510208],[81.671134,1851027456],[81.742896,1852309504],[81.795825,1851027456],[81.930151,1852329984],[81.981055,1851027456],[82.274152,1851207680],[82.470859,1853407232],[82.488276,1852448768],[82.819683,1853132800],[82.840127,1853837312],[83.032412,1855057920],[83.469598,1856016384],[83.64209,1857142784],[83.727891,1859010560],