{"summary":{"timestamp":1401836504,"hash":"f5ead0dd66ab7c3aaaaabcc34e1726a4acd74b07","max_memory":1628413952,"cpu_time":168.62,"pull_request":14627},"memory_data":[[0.003508,4096],[0.05854,851968],[0.078592,10268672],[0.122315,13000704],[0.194457,13787136],[0.269754,19341312],[0.280928,21704704],[0.383403,30584832],[0.537651,34504704],[0.565725,36667392],[0.570646,43753472],[0.717261,47669248],[0.717361,49774592],[0.806222,56025088],[0.832511,61415424],[0.902057,65650688],[0.926922,71266304],[1.011435,77692928],[1.036702,82624512],[1.06983,83542016],[1.13565,92262400],[1.190304,94654464],[1.19058,96751616],[1.248995,100085760],[1.249399,102182912],[1.3129,105345024],[1.312999,107446272],[1.361695,110116864],[1.361788,112214016],[1.421701,115118080],[1.454903,121118720],[1.514215,124424192],[1.564548,131190784],[1.639147,133099520],[1.709284,151281664],[1.738449,161906688],[1.822368,184565760],[1.874356,166707200],[1.875025,163323904],[2.07285,167362560],[2.151388,167718912],[2.376948,173191168],[2.723123,183328768],[2.806012,190603264],[2.806319,192700416],[2.955808,206254080],[3.003763,208662528],[3.00386,210767872],[3.053825,213716992],[3.054019,215814144],[3.1051,219058176],[3.105594,221155328],[3.163079,225058816],[3.16338,227172352],[3.218917,230948864],[3.262196,236109824],[3.279694,243474432],[3.306315,247250944],[3.353367,247271424],[3.411248,251273216],[3.456737,258457600],[3.514612,262283264],[3.514712,264380416],[3.589001,271319040],[3.65784,276262912],[3.703402,283729920],[3.756636,287453184],[3.757027,289550336],[3.821842,294109184],[3.822038,296210432],[3.881313,300068864],[3.881502,302166016],[3.934668,305811456],[3.971471,311054336],[4.182491,311062528],[4.238843,325521408],[4.267337,335990784],[4.338447,354430976],[4.338539,356536320],[4.395008,371662848],[4.941191,371625984],[4.971408,362819584],[5.099453,364433408],[5.26952,371740672],[5.443455,373837824],[5.499657,375934976],[5.499942,378032128],[5.748847,384323584],[5.839082,384286720],[5.877497,373960704],[6.001037,374394880],[6.152705,376938496],[6.308717,377368576],[6.462362,383340544],[6.623461,386588672],[6.716391,390537216],[6.766298,391458816],[6.804762,394735616],[6.86021,410877952],[6.958998,412741632],[7.096533,417579008],[7.193863,419553280],[7.275301,435527680],[7.333556,440774656],[7.395182,441999360],[7.43816,445599744],[7.443347,448471040],[7.544894,452538368],[7.545325,454635520],[7.67188,456966144],[7.673712,459063296],[7.740316,463282176],[7.853317,466214912],[7.854832,472506368],[7.95509,472637440],[8.040142,474734592],[8.04333,487317504],[8.329597,487567360],[8.345815,500224000],[8.451511,502321152],[8.451793,506515456],[8.532001,507387904],[8.778022,507527168],[8.799337,509206528],[8.886486,509308928],[8.888518,500015104],[9.054084,500412416],[9.097459,506068992],[9.13477,506359808],[9.153881,511311872],[9.280453,511459328],[9.371092,514088960],[9.596182,515620864],[9.72161,517566464],[9.795043,521371648],[9.852333,522788864],[9.87595,532226048],[9.978151,532303872],[9.980476,536498176],[10.027764,538628096],[10.0286,544919552],[10.073379,545001472],[10.227155,548704256],[10.269446,551972864],[10.358783,553095168],[10.360406,549146624],[10.60104,550871040],[10.603853,552968192],[10.884215,553426944],[10.93144,554807296],[10.941737,557711360],[11.139492,558092288],[11.140229,560189440],[11.19488,560234496],[11.219749,562331648],[11.452914,564428800],[11.529413,566525952],[11.567277,574914560],[11.673801,579108864],[11.769792,581206016],[11.810713,587497472],[11.907537,589594624],[11.959916,593788928],[12.05863,597983232],[12.089226,602177536],[12.099518,593788928],[12.23575,594403328],[12.548779,594407424],[12.759315,596504576],[12.891557,600698880],[13.190865,604893184],[13.192921,621670400],[13.201236,630059008],[13.208609,617476096],[13.343811,619573248],[13.372583,621670400],[13.655015,623767552],[13.863495,625864704],[14.112405,630059008],[14.143302,632156160],[14.270476,632172544],[14.451385,634269696],[14.522839,634273792],[14.591633,636379136],[14.708634,636432384],[14.774431,640761856],[15.107838,642859008],[15.201128,643039232],[15.341866,645906432],[15.40143,648003584],[15.401691,652197888],[15.435835,654295040],[15.43604,658489344],[15.898451,660586496],[16.190904,666877952],[16.227488,671072256],[16.424454,673169408],[16.508658,675266560],[16.726556,679460864],[16.7782,681558016],[16.945688,685752320],[17.138566,687849472],[17.24024,692043776],[17.242586,723501056],[17.253275,740278272],[17.263469,715112448],[17.335853,717209600],[17.642896,721403904],[17.697278,723501056],[17.839866,725598208],[17.857671,727695360],[18.104773,731889664],[18.116565,733986816],[18.301057,736083968],[18.331783,738181120],[18.564027,740278272],[18.569214,744472576],[18.634967,748666880],[18.638094,750764032],[18.723833,752861184],[18.862822,754958336],[18.915409,757055488],[19.061982,759152640],[19.062086,761249792],[19.20636,763346944],[19.557378,767541248],[19.680251,769667072],[19.883252,771764224],[20.244638,773861376],[20.423193,775958528],[20.423471,780152832],[20.828236,782249984],[21.519121,786444288],[21.688673,788541440],[21.984466,790638592],[22.400808,792866816],[22.566516,794963968],[22.649439,799158272],[22.946896,801255424],[23.006111,803352576],[23.006688,805449728],[23.982303,807546880],[24.122116,809644032],[24.332233,809648128],[24.389473,811937792],[24.59449,814043136],[24.647844,814059520],[24.732779,816156672],[24.872737,818253824],[25.523323,822448128],[25.667817,824545280],[25.778966,830836736],[25.779715,832933888],[26.764667,837128192],[26.964435,839225344],[27.429265,841322496],[27.952573,841388032],[28.054087,841912320],[28.066344,844713984],[28.135209,846811136],[28.135524,851005440],[28.201204,853102592],[28.207039,855199744],[28.265406,844713984],[28.93312,830095360],[29.533161,832356352],[29.573408,838647808],[29.688332,840744960],[29.691279,838647808],[29.836854,838819840],[32.203453,840916992],[32.203539,843014144],[34.250037,843198464],[34.428099,843333632],[34.459661,844214272],[34.662291,844345344],[34.776312,845414400],[35.360375,845705216],[35.439846,847978496],[35.515012,848216064],[35.97974,848277504],[36.051785,850374656],[36.5958,852471808],[36.951643,852492288],[36.962939,877658112],[36.969492,865075200],[37.588369,867291136],[37.601694,867901440],[37.881077,869998592],[37.885387,918233088],[37.900721,928718848],[37.909054,943398912],[37.924896,953884672],[37.933058,968564736],[37.948027,918233088],[38.491742,918237184],[38.668867,920334336],[39.022469,922431488],[39.166399,922562560],[39.782982,924659712],[40.501057,924925952],[40.526619,927477760],[40.883022,933224448],[41.175942,937406464],[41.571327,943493120],[41.5719,945590272],[41.943886,951042048],[42.154411,954806272],[42.456299,956805120],[42.456671,960999424],[42.848742,967233536],[43.195759,972095488],[43.195948,976289792],[43.475043,980471808],[43.910947,986599424],[43.986689,987213824],[44.180088,991178752],[44.442254,995266560],[44.48722,996847616],[44.938969,1004724224],[44.961919,1005395968],[44.964906,1018077184],[44.978674,1028562944],[44.983194,1015980032],[45.066633,1017622528],[45.066929,1021816832],[45.370142,1027354624],[45.729445,1034932224],[45.858392,1037246464],[46.000481,1038905344],[46.261042,1043161088],[46.356832,1045188608],[46.656095,1050193920],[47.000704,1057046528],[47.000798,1059143680],[47.132918,1061814272],[47.660353,1071304704],[47.846979,1074016256],[48.192084,1080180736],[48.240724,1081409536],[48.55853,1087201280],[48.558718,1089298432],[49.271194,1101041664],[50.057006,1115500544],[50.0572,1117597696],[50.453274,1124851712],[50.586987,1126756352],[50.770806,1130307584],[50.771213,1136599040],[51.063931,1142120448],[51.065943,1143697408],[51.212929,1146744832],[51.365389,1148772352],[51.754033,1155317760],[51.866231,1157840896],[52.035744,1160523776],[52.241736,1165131776],[52.644696,1173405696],[52.707154,1174200320],[52.942493,1179009024],[52.943077,1185300480],[53.067524,1187274752],[53.345723,1193226240],[53.621718,