{"summary":{"timestamp":1364431736,"hash":"f7f6013a625cefcf914ed890c297a87dacf7bb91","max_memory":1261240320,"cpu_time":98.97,"pull_request":5574},"memory_data":[[0.001646,8192],[0.005591,7098368],[0.057816,9777152],[0.421255,23797760],[0.560237,29450240],[0.855646,51429376],[1.367651,88395776],[1.401279,88772608],[1.600088,137424896],[1.792931,183676928],[2.011027,234745856],[2.096594,240910336],[2.136706,242524160],[2.306927,256905216],[2.348533,258723840],[2.412881,266579968],[2.469781,270946304],[2.5273,271638528],[2.619005,275243008],[2.779743,283811840],[2.842668,289452032],[2.978633,295309312],[3.130742,304074752],[3.315715,316911616],[3.453987,325148672],[3.505804,330645504],[3.544754,330657792],[3.557796,338649088],[3.569256,336199680],[3.571485,346693632],[3.595241,341745664],[3.59898,362725376],[3.616023,361947136],[3.616103,352235520],[3.650395,353083392],[3.656803,395030528],[3.690939,394010624],[3.691025,374054912],[3.759471,375648256],[3.772599,459538432],[3.842245,417591296],[3.975481,418758656],[4.007445,420126720],[4.031918,429330432],[4.039193,443437056],[4.130802,446345216],[4.139213,457093120],[4.240887,458498048],[4.463678,463863808],[4.551558,465076224],[4.603442,469221376],[4.649442,475492352],[4.75105,478203904],[4.830737,478339072],[4.832029,480825344],[5.003205,480903168],[5.004986,486068224],[5.424354,486137856],[5.427886,496553984],[6.495846,496717824],[6.502438,517525504],[6.863369,517881856],[6.865812,526102528],[6.91811,528203776],[6.921471,542883840],[7.038,544448512],[7.120882,544694272],[7.617066,544759808],[7.674987,545107968],[8.136687,545202176],[8.227703,545837056],[8.228848,549392384],[8.487178,549535744],[8.593193,550522880],[8.722486,550678528],[9.082173,553484288],[9.227039,555626496],[9.229772,562962432],[9.867003,563306496],[9.989103,565297152],[10.124138,566001664],[10.383626,568442880],[10.412281,569556992],[10.699873,569606144],[10.959245,571740160],[11.136543,571977728],[11.274735,573022208],[11.309888,574763008],[11.314118,589434880],[11.386665,589541376],[12.887407,589561856],[12.887954,590934016],[13.215262,591237120],[13.386729,592420864],[13.632226,593326080],[13.696895,594350080],[13.918919,595783680],[14.01652,595742720],[14.079802,596754432],[14.23322,597012480],[14.467115,598593536],[14.484478,599658496],[14.923335,601223168],[15.168994,602750976],[15.198363,603480064],[15.667157,604684288],[15.686005,605499392],[15.897299,606191616],[15.926191,607248384],[16.531171,609128448],[16.591742,609656832],[16.592254,612143104],[16.954815,612278272],[17.137209,612839424],[17.144349,642203648],[19.389795,642322432],[19.556755,642506752],[19.710257,644038656],[19.948567,644521984],[20.011989,645402624],[20.095955,650190848],[20.097336,655306752],[20.226925,655454208],[20.22972,665792512],[20.391311,665821184],[21.190132,667918336],[21.194583,665870336],[22.341004,665907200],[22.341733,666099712],[22.879456,666140672],[22.958715,668110848],[23.108868,667340800],[23.465476,667344896],[23.600668,669474816],[23.678028,669487104],[23.731089,671191040],[23.733452,682516480],[23.757184,686751744],[23.99174,686944256],[23.997622,690434048],[24.044727,696725504],[24.136184,696729600],[24.169665,701595648],[24.172592,705789952],[24.250266,714178560],[24.351895,720523264],[24.457161,731406336],[24.491542,736567296],[24.581137,741228544],[24.655147,742080512],[24.742506,746303488],[24.864904,750448640],[24.865363,754642944],[24.962017,756957184],[25.109389,764559360],[25.109695,766656512],[25.200201,771178496],[25.278068,772120576],[25.412778,779948032],[25.516128,784556032],[25.535833,799838208],[25.578848,802504704],[25.707825,806633472],[25.93141,821403648],[26.063853,823029760],[26.133782,826253312],[26.200182,827510784],[26.364941,838152192],[26.406398,838729728],[26.58017,847474688],[26.767856,855547904],[26.770612,859848704],[26.894185,867205120],[27.070106,875065344],[27.168831,875601920],[27.271237,877346816],[27.379235,881840128],[27.379538,883937280],[27.469975,888885248],[27.496671,891916288],[27.570201,895545344],[27.668616,897720320],[27.761612,901996544],[27.795625,902086656],[27.961732,910397440],[27.962047,912494592],[28.119252,918409216],[28.181094,919166976],[28.271531,925904896],[28.304228,926076928],[28.324341,929574912],[28.496001,933023744],[28.752727,945373184],[28.867536,953737216],[28.897631,953745408],[28.972183,958177280],[28.972947,964472832],[29.046449,965226496],[29.046653,967323648],[29.138457,970924032],[29.247154,973283328],[29.298809,975654912],[29.299061,977752064],[29.349232,978976768],[29.407637,982781952],[29.500907,984702976],[29.501863,988909568],[29.534741,990892032],[29.631751,993087488],[29.701551,997728256],[29.846936,999370752],[29.847241,1001467904],[29.933229,1003929600],[30.043774,1009938432],[30.187698,1012543488],[30.323098,1020014592],[30.481608,1026560000],[30.751961,1039306752],[30.865877,1040740352],[30.921278,1043230720],[31.022136,1049694208],[31.077924,1050218496],[31.15292,1053089792],[31.237032,1058324480],[31.325215,1060044800],[31.403901,1064042496],[31.480908,1066356736],[31.577423,1071513600],[31.608688,1075134464],[31.621932,1080274944],[31.826693,1090433024],[32.043774,1098850304],[32.177697,1102233600],[32.211628,1113669632],[32.489927,1127723008],[32.489976,1129820160],[32.562416,1131728896],[32.565743,1134358528],[32.702588,1140948992],[32.861205,1147539456],[32.863198,1149636608],[32.960211,1154715648],[33.054031,1158225920],[33.134028,1164648448],[33.221746,1167245312],[33.312255,1173102592],[33.313342,1177194496],[33.347921,1177202688],[33.408189,1180807168],[33.490518,1183801344],[33.491127,1185894400],[33.559296,1187905536],[33.559447,1190002688],[33.716282,1198542848],[33.791225,1200214016],[33.885932,1205010432],[33.910192,1207545856],[34.00577,1213366272],[34.056309,1218203648],[34.058428,1224708096],[34.111308,1233399808],[34.113261,1237602304],[34.235563,1240395776],[34.238547,1245376512],[34.337033,1251069952],[34.562265,1254453248],[34.574075,1259053056],[34.729693,1258799104],[34.730998,1249734656],[34.852977,1249345536],[34.853177,1092440064],[34.896012,1092702208],[34.976617,1095786496],[36.374588,1095880704],[36.378503,1096224768],[37.173084,1096413184],[37.177328,1112870912],[37.291399,1112899584],[37.292266,1116930048],[37.386492,1117028352],[37.389013,1125425152],[37.39549,1190436864],[37.863223,1190449152],[37.863954,1163337728],[37.871568,1096224768],[38.30604,1096609792],[40.151877,1096773632],[40.154994,1113255936],[40.769993,1113374720],[41.199666,1115484160],[41.201317,1113391104],[48.722892,1113460736],[51.200125,1115557888],[51.205494,1113464832],[61.203495,1115561984],[61.206043,1113464832],[63.515499,1113608192],[63.517097,1123950592],[63.623687,1122770944],[63.623789,1113595904],[64.861087,1113595904],[71.206814,1115693056],[71.209051,1113595904],[78.275557,1113792512],[78.278484,1146630144],[78.286259,1145716736],[78.28658,1130377216],[81.210159,1132474368],[81.212403,1130377216],[108.973182,1130409984],[108.973232,1130639360],[110.255937,1130799104],[110.308476,1130958848],[110.309404,1134989312],[110.360907,1135063040],[110.369011,1139355648],[110.371669,1156132864],[110.433678,1157529600],[110.4338,1159626752],[110.552583,1160155136],[110.55431,1170644992],[110.654068,1172742144],[110.659993,1174843392],[110.665813,1239855104],[110.9144,1246150656],[110.917245,1260830720],[110.918235,1229500416],[111.072794,1233694720],[111.134715,1233821696],[111.137214,1250340864],[111.154082,1252438016],[111.298067,1256632320],[111.307757,1212588032],[111.309998,1160290304],[111.317659,1187635200],[111.31776,1158275072],[112.108468,1157881856],[112.164727,1145294848],[112.164783,1073991680],[112.46955,1073438720],[112.471583,1075720192],[112.472741,1012977664],[112.478749,929292288],[112.47962,887529472],[112.48322,847740928],[112.484222,808083456],[112.487973,767971328],[112.495749,586444800],[112.499552,517771264],[112.500451,433741824],[112.510596,264384512],[112.514588,223862784],[112.514701,58953728],[112.515428,