{"summary":{"timestamp":1374167984,"hash":"f83c118f429574832c7b0cf792135d908f41aa9d","max_memory":1738600448,"cpu_time":151.56,"pull_request":7833},"memory_data":[[0.002955,4096],[0.075738,24576],[0.0768,2433024],[0.12245,5775360],[0.255864,10416128],[0.365178,11599872],[0.372686,13103104],[0.540341,19116032],[0.673556,21180416],[0.805245,24080384],[0.82838,29196288],[0.992019,32051200],[1.034301,41349120],[1.067205,45711360],[1.092085,52232192],[1.132269,56160256],[1.159905,62197760],[1.194293,74563584],[1.251983,83259392],[1.30601,96415744],[1.359371,115171328],[1.379971,115556352],[1.408922,125566976],[1.427927,126394368],[1.505741,148373504],[1.524522,148385792],[1.579253,159285248],[1.628956,171708416],[1.711078,188538880],[1.741499,197312512],[1.768313,201605120],[2.137974,201601024],[2.217972,213897216],[2.246991,221495296],[2.288062,224915456],[2.340299,233910272],[2.369577,240893952],[2.446332,240443392],[2.631499,322019328],[2.867971,430227456],[2.935718,459845632],[3.015209,479166464],[3.097036,504168448],[3.109074,505344000],[3.166133,520433664],[3.274989,552628224],[3.308342,556068864],[3.367437,568573952],[3.457475,590168064],[3.527361,611495936],[3.570884,620998656],[3.672735,647876608],[3.731816,662171648],[3.855015,696918016],[3.915637,711372800],[3.996606,734687232],[4.121722,788840448],[4.331544,882417664],[4.531082,972636160],[4.789855,1085542400],[5.134172,1239908352],[5.230885,1281634304],[5.563857,1281867776],[5.641661,1287680000],[5.729356,1301250048],[5.747486,1305505792],[5.839121,1305550848],[5.852203,1310105600],[5.879872,1311031296],[5.886534,1318051840],[5.923851,1318629376],[5.937724,1333665792],[6.013516,1335390208],[6.024366,1406697472],[6.217326,1409273856],[6.251206,1413464064],[6.261108,1424412672],[6.280927,1428099072],[6.402601,1431904256],[6.415119,1439932416],[6.600519,1440997376],[6.737981,1445105664],[6.768053,1448493056],[6.944162,1450926080],[6.945346,1452052480],[7.063481,1452265472],[7.065541,1454153728],[7.611235,1454940160],[7.843096,1455534080],[8.524847,1455575040],[8.669752,1456033792],[8.672893,1459834880],[8.706796,1462534144],[8.770944,1462579200],[8.773751,1465307136],[8.918514,1465634816],[8.947566,1466560512],[9.371633,1466937344],[9.520953,1469005824],[10.654581,1469091840],[10.679318,1470275584],[10.817249,1470386176],[10.838628,1471459328],[10.940635,1471557632],[10.943952,1474490368],[11.161544,1475588096],[11.74788,1475764224],[11.875295,1476096000],[12.70355,1476804608],[12.705313,1477550080],[13.137955,1477554176],[13.737459,1478135808],[13.829669,1478660096],[14.141378,1479098368],[16.404026,1479151616],[16.413183,1488965632],[17.772837,1489010688],[17.88365,1490518016],[17.972167,1490595840],[18.125344,1492148224],[18.162291,1493417984],[18.3627,1493667840],[18.36462,1495392256],[18.498726,1495429120],[18.542226,1496264704],[18.763902,1497407488],[19.053019,1498107904],[19.122176,1499435008],[19.542391,1500049408],[19.565929,1500581888],[19.781128,1500725248],[19.786777,1502625792],[19.876967,1502875648],[19.884954,1506582528],[20.025911,1506594816],[20.159355,1514516480],[20.389124,1518845952],[20.47189,1521745920],[20.731427,1527070720],[20.785893,1529298944],[20.834085,1536700416],[20.838721,1541488640],[20.874843,1541496832],[20.922815,1547366400],[21.012152,1555910656],[21.816448,1556238336],[22.046857,1557610496],[22.396098,1557962752],[22.397106,1559158784],[22.695037,1559318528],[22.948597,1559965696],[24.720013,1560084480],[24.8281,1561546752],[24.91373,1561579520],[25.055427,1564475392],[25.063651,1565888512],[25.198383,1567535104],[25.36769,1572225024],[25.629127,1576751104],[25.789822,1580929024],[26.116792,1587531776],[26.268583,1591771136],[26.492297,1592619008],[26.789448,1593171968],[27.138607,1594650624],[27.498424,1595502592],[27.873312,1596907520],[28.028761,1597816832],[28.339414,1598935040],[28.465685,1600249856],[28.729364,1601032192],[28.915825,1602134016],[29.155322,1602822144],[29.72938,1605099520],[30.258069,1606836224],[30.670679,1608695808],[31.151288,1609957376],[31.621515,1611608064],[31.969479,1613443072],[32.485194,1614905344],[32.832329,1616261120],[33.02965,1617559552],[33.02973,1619660800],[33.377954,1621446656],[33.781796,1624961024],[33.865853,1628463104],[33.871909,1630416896],[34.230851,1643565056],[34.726857,1660583936],[34.729018,1664782336],[34.789701,1664790528],[34.917387,1669713920],[35.178594,1678761984],[35.751539,1700429824],[35.799978,1703301120],[36.050391,1712885760],[36.075853,1715757056],[36.436083,1722441728],[36.436875,1723228160],[36.698754,1726963712],[36.975643,1728536576],[36.978281,1717243904],[36.996454,1713045504],[37.530224,1641738240],[37.801572,1647247360],[39.892845,1647366144],[39.957277,1648402432],[43.597719,1648586752],[44.37609,1648594944],[44.561033,1648799744],[45.406736,1648902144],[50.802153,1648914432],[50.819325,1648955392],[60.797302,1649012736],[72.041021,1649033216],[73.513411,1649090560],[89.109035,1649111040],[91.909065,1649164288],[98.500576,1649225728],[102.443164,1649233920],[107.039596,1649299456],[108.153872,1649344512],[113.379982,1649373184],[115.666878,1649496064],[115.731306,1652690944],[115.79407,1652928512],[120.729617,1653002240],[120.859961,1653067776],[127.824758,1653141504],[128.426294,1653280768],[131.941342,1653329920],[135.10483,1653420032],[135.481097,1653481472],[138.520996,1653530624],[138.67124,1653653504],[139.609334,1653690368],[140.181729,1653829632],[141.574313,1653874688],[142.268813,1653985280],[145.898348,1654059008],[146.284134,1654177792],[148.572168,1654312960],[148.789609,1654476800],[149.948806,1654484992],[154.32784,1654738944],[155.762817,1654767616],[156.744202,1654939648],[156.889384,1655083008],[158.947047,1655160832],[162.293699,1655189504],[165.826571,1655263232],[171.065073,1655402496],[175.283924,1655447552],[175.524218,1655492608],[180.192678,1655558144],[180.36774,1655738368],[180.957372,1655746560],[181.408809,1656668160],[182.317131,1658175488],[182.780919,1659084800],[182.783247,1684254720],[183.261217,1685082112],[184.580543,1685237760],[186.661161,1685299200],[186.764971,1700823040],[186.864904,1700839424],[187.002371,1703591936],[187.769047,1703690240],[187.791168,1706242048],[187.843558,1707560960],[187.843892,1712013312],[188.065382,1711583232],[188.119755,1715060736],[188.201427,1716568064],[188.234973,1721380864],[188.367214,1729748992],[188.398417,1738444800],[188.48333,1735979008],[188.483493,1731485696],[188.626829,1731489792],[189.827704,1706319872],[189.832451,1696419840],[189.833524,1670946816],[189.870504,1677672448],[189.885622,1671766016],[189.903874,1687003136],[189.985698,1687281664],[190.024835,1691504640],[190.067531,1691828224],[190.128946,1699856384],[190.131803,1707290624],[190.14743,1707307008],[190.157423,1714692096],[190.190541,1723043840],[190.23872,1723830272],[190.23991,1691676672],[190.250154,1674276864],[190.663321,1674190848],[190.769013,1671704576],[190.772707,1587871744],[190.77749,1508499456],[190.779132,1507119104],[190.782373,1428979712],[190.788897,1347162112],[190.794643,1230364672],[190.80194,1111195648],[190.803544,1111035904],[190.809321,992026624],[190.813451,949714944],[190.814393,912580608],[190.818763,872267776],[190.819674,834142208],[190.827653,714682368],[190.837237,593981440],[190.840744,515432448],[190.845023,475578368],[190.851,356458496],[190.852659,355454976],[190.856085,278118400],[190.86038,236871680],[190.864141,155750400],[190.865933,155516928],[190.869671,76304384],[190.87287,66560000]],