{"summary":{"timestamp":1402448827,"hash":"f92a8facf90b40a483032cedb98decc8c41bde51","max_memory":1714085888,"cpu_time":168.54,"pull_request":14768},"memory_data":[[0.002828,4096],[0.044545,819200],[0.068082,10534912],[0.165949,14094336],[0.178963,16662528],[0.26536,19460096],[0.314935,23687168],[0.39237,27951104],[0.393574,30363648],[0.520911,33964032],[0.600839,39628800],[0.601743,43937792],[0.773106,48091136],[0.819861,56242176],[0.832298,61358080],[0.866329,65634304],[0.910991,78237696],[0.929011,78438400],[0.988773,92520448],[1.080659,105586688],[1.10686,112402432],[1.137172,115376128],[1.163299,122466304],[1.211942,131567616],[1.280097,132120576],[1.353798,151207936],[1.383104,162050048],[1.4687,185180160],[1.481822,184610816],[1.523326,162795520],[1.617149,165048320],[1.909501,169975808],[2.146971,175910912],[2.430125,183648256],[2.531381,192520192],[2.531474,194617344],[2.723646,212303872],[2.766891,216911872],[2.824512,220483584],[2.824611,222580736],[2.879695,226164736],[2.87979,228270080],[2.937755,232132608],[2.937849,234237952],[2.993788,237965312],[3.011567,244834304],[3.042571,249028608],[3.088789,249032704],[3.177476,256929792],[3.17757,259031040],[3.238358,263135232],[3.238456,265240576],[3.30215,269668352],[3.303266,271765504],[3.380184,276873216],[3.42102,283791360],[3.488397,288284672],[3.488497,290394112],[3.54786,294383616],[3.548047,296480768],[3.612456,300929024],[3.612647,303026176],[3.68159,307384320],[3.731168,315527168],[3.942571,315535360],[3.994338,327016448],[4.023075,337588224],[4.092501,355807232],[4.092602,357908480],[4.157042,374951936],[4.705258,374788096],[4.736524,365957120],[4.840839,366698496],[5.044209,374984704],[5.18237,375070720],[5.271687,379265024],[5.271971,381362176],[5.355207,383459328],[5.408798,383463424],[5.437857,385585152],[5.516616,387682304],[5.610866,387649536],[5.65782,377761792],[5.824742,377831424],[5.966158,380293120],[6.12646,380764160],[6.155178,382889984],[6.430679,389509120],[6.563587,393674752],[6.587483,395579392],[6.624944,403972096],[6.641184,410849280],[6.795957,413851648],[6.864448,416591872],[6.943262,417828864],[7.021401,423464960],[7.025889,426164224],[7.148727,428789760],[7.203709,431280128],[7.274805,443559936],[7.347356,446861312],[7.34786,448958464],[7.401178,449732608],[7.408567,452972544],[7.51468,456658944],[7.516268,458756096],[7.568815,459468800],[7.575834,462028800],[7.643439,464580608],[7.643866,466677760],[7.735768,467668992],[7.75973,469766144],[7.760783,476057600],[7.870627,476188672],[7.943785,478285824],[7.946098,490868736],[7.966725,492965888],[8.328106,493170688],[8.339079,512045056],[8.345824,505753600],[8.539997,507850752],[8.769438,508178432],[8.770956,510496768],[8.877512,510599168],[8.886687,512372736],[9.00649,512053248],[9.009569,502247424],[9.197053,502640640],[9.262313,507633664],[9.288709,512364544],[9.41665,512458752],[9.452772,513654784],[9.627929,516018176],[9.664073,517234688],[9.750374,517296128],[9.858839,519118848],[9.873677,521605120],[9.97176,524939264],[9.995049,533327872],[10.10782,535363584],[10.156942,537776128],[10.159399,548265984],[10.278233,549298176],[10.434715,554438656],[10.468924,557486080],[10.469563,553291776],[10.609975,554770432],[10.66812,558964736],[10.890306,559833088],[10.890765,561930240],[10.962679,562462720],[10.967642,564559872],[11.182275,565002240],[11.185595,567099392],[11.241813,567222272],[11.355664,573571072],[11.363864,577765376],[11.504991,579903488],[11.751811,588369920],[11.818287,592564224],[11.818943,594661376],[11.910678,596758528],[11.922883,600952832],[12.007648,605147136],[12.08037,611438592],[12.156782,615632896],[12.182805,619827200],[12.192153,611438592],[12.291051,611983360],[12.51556,612061184],[12.689936,614158336],[12.724032,618352640],[12.725552,637227008],[12.733059,641421312],[12.740426,628838400],[12.817218,630935552],[12.818397,633032704],[13.232501,639324160],[13.260172,641421312],[13.514617,645615616],[13.673716,647712768],[13.737577,649809920],[13.78869,649814016],[13.902668,654008320],[14.027059,654024704],[14.112021,656121856],[14.149201,658219008],[14.23931,658296832],[14.282314,660512768],[14.403602,662798336],[14.435917,664895488],[14.491753,664899584],[14.495989,666996736],[14.744373,669093888],[14.753391,675385344],[14.817103,677482496],[14.817418,681676800],[15.442876,683773952],[15.684421,685871104],[15.827176,687968256],[15.895101,690065408],[16.04383,692162560],[16.095515,694259712],[16.235434,696356864],[16.494782,698454016],[16.546776,700551168],[16.733253,702648320],[16.774159,704745472],[17.057618,708939776],[17.160332,711036928],[17.162974,742494208],[17.178643,759271424],[17.194231,734105600],[17.269129,738299904],[17.582188,742494208],[17.781633,744591360],[17.876328,746688512],[18.029687,748785664],[18.058974,750882816],[18.298172,752979968],[18.612616,757174272],[18.812338,759271424],[18.860326,761368576],[19.006421,763465728],[19.096833,765562880],[19.121584,767660032],[19.513539,771854336],[19.635275,773951488],[19.682143,776048640],[19.843249,778145792],[19.852154,782340096],[19.934407,784437248],[19.941807,788631552],[19.979609,790728704],[20.331839,794923008],[20.536417,797020160],[20.61835,799117312],[20.821501,801214464],[20.822393,803311616],[21.047763,805408768],[21.14035,807505920],[21.558416,811700224],[21.678903,811732992],[21.748238,815927296],[21.901599,818024448],[21.915317,824315904],[22.226891,828510208],[22.34445,830607360],[22.404538,832704512],[22.554363,834801664],[22.697361,838995968],[22.864943,841093120],[22.949967,841224192],[23.040951,845418496],[23.078165,849612800],[23.210352,851709952],[23.234213,855904256],[23.321966,858001408],[23.626845,860098560],[23.748319,862195712],[23.808854,864292864],[23.871825,864489472],[23.915062,866586624],[24.020178,868683776],[24.020598,870780928],[24.135539,870801408],[24.340775,874995712],[24.61187,877092864],[24.820055,879190016],[24.970257,881287168],[25.047374,883384320],[25.125686,889675776],[25.12616,891772928],[25.187008,893870080],[25.340254,895967232],[25.999571,898064384],[26.238701,902258688],[26.242768,946298880],[26.266223,965173248],[26.29766,1000824832],[26.305346,950493184],[26.451064,952590336],[26.694748,954687488],[27.215118,954884096],[27.284454,958013440],[27.314128,962207744],[27.314439,966402048],[27.376346,968499200],[27.382188,970596352],[27.436637,960110592],[28.097966,945430528],[28.727881,945680384],[28.747786,949874688],[28.850992,951971840],[28.853873,949874688],[28.980372,949927936],[30.047068,952025088],[31.030733,954122240],[31.473394,956219392],[31.4735,958316544],[33.690626,958525440],[33.936355,958652416],[33.993153,960098304],[34.101999,960577536],[34.415415,960765952],[34.574329,963080192],[34.931938,963338240],[34.948438,965435392],[35.488454,966008832],[35.546459,968105984],[35.745457,970203136],[35.747246,993271808],[35.760811,980688896],[36.125698,982786048],[37.022843,982900736],[37.051508,985612288],[37.931396,985628672],[38.098256,987725824],[38.36139,987729920],[38.451435,989827072],[38.557978,989958144],[39.09248,992055296],[39.527716,992059392],[40.000036,995352576],[40.013267,1018421248],[40.017713,1005838336],[40.525121,1013772288],[40.827548,1018810368],[40.827745,1020907520],[41.348744,1028689920],[41.528288,1032032256],[41.835583,1033723904],[41.870241,1034276864],[41.870423,1038471168],[42.236585,1044463616],[42.681634,1050845184],[42.681939,1055039488],[42.853392,1057738752],[43.287829,1063960576],[43.368055,1064574976],[43.571045,1068892160],[43.721945,1071251456],[43.775679,1072775168],[44.106942,1078919168],[44.303273,1082142720],[44.449882,1085505536],[44.45017,1089699840],[44.706189,1094139904],[44.867967,1097936896],[45.179654,1103966208],[45.326319,1105592320],[45.6356,1110675456],[45.72814,1112797184],[46.012599,1117892608],[46.432851,1126723584],[46.712492,1131540480],[46.712594,1133637632],[46.955829,1138487296],[47.16022,1141579776],[47.632919,1150578688],[47.633886,1165258752],[47.643161,1173647360],[47.652191,1161064448],[47.734853,