{"summary":{"timestamp":1373574518,"hash":"f92b75ac06a86daac8d230285b605ec2ed97214b","max_memory":1579249664,"cpu_time":399.07,"pull_request":7707},"memory_data":[[0.013109,4096],[0.033168,8192],[0.048679,8212480],[0.079779,13500416],[0.175596,20475904],[0.24246,22945792],[0.292556,28168192],[0.355276,29487104],[0.381254,33931264],[0.422766,33943552],[0.488021,37552128],[0.5862,48279552],[0.655791,48701440],[0.678601,52047872],[0.732641,52449280],[0.818664,56872960],[0.882195,65622016],[0.940875,65662976],[1.033746,70021120],[1.185211,85245952],[1.274066,85401600],[1.295853,91598848],[1.400028,101150720],[1.536759,101031936],[1.57647,102207488],[1.615168,106708992],[1.688717,110125056],[1.730661,117325824],[1.864948,117698560],[1.916224,119992320],[1.947748,123404288],[1.988746,123478016],[2.044466,126185472],[2.11397,132173824],[2.149177,132218880],[2.169987,135274496],[2.206217,135282688],[2.324221,142921728],[2.372329,144044032],[2.392486,147345408],[2.477036,150405120],[2.498309,154021888],[2.550696,154042368],[2.610016,157446144],[2.693935,164048896],[2.738512,164417536],[2.810051,169230336],[2.858887,170557440],[2.916656,174526464],[2.96957,181006336],[3.087842,184799232],[3.123369,188592128],[3.151798,188653568],[3.246911,196059136],[3.256238,200376320],[3.306722,202727424],[3.423234,236032000],[3.592369,283250688],[3.6905,312348672],[3.941112,384770048],[4.045176,413347840],[4.12121,425947136],[4.176742,433197056],[4.247522,444612608],[4.329174,459358208],[4.352182,460525568],[4.443805,474955776],[4.486701,483508224],[4.643777,508547072],[4.720029,512049152],[4.80632,522784768],[4.971782,547180544],[5.049373,561278976],[5.145687,574308352],[5.24962,590237696],[5.264828,590348288],[5.310189,598794240],[5.409121,613003264],[5.585995,640643072],[5.63602,649293824],[5.697082,656490496],[5.84528,681091072],[5.878258,688836608],[6.154723,764215296],[6.685096,913866752],[7.110127,1029005312],[7.628758,1175961600],[7.787756,1218756608],[8.536169,1218760704],[8.64747,1220603904],[8.768781,1225961472],[8.887202,1232728064],[9.010574,1241927680],[9.043954,1246801920],[9.293915,1246806016],[9.345067,1255055360],[9.395323,1257050112],[9.475423,1257115648],[9.49793,1260871680],[9.658976,1261334528],[9.715168,1332641792],[9.890289,1332809728],[9.925773,1340047360],[10.04555,1340473344],[10.057945,1345134592],[10.100466,1345159168],[10.113412,1350500352],[10.363423,1350520832],[10.611239,1353805824],[10.686333,1353908224],[10.761301,1355403264],[11.068308,1356709888],[11.070312,1358225408],[11.284872,1358241792],[11.288001,1359360000],[11.807298,1359388672],[11.816039,1364795392],[13.895426,1365159936],[14.143347,1365606400],[14.396525,1365626880],[14.406863,1367019520],[14.714656,1367076864],[14.911865,1369546752],[14.915711,1370333184],[15.211551,1371262976],[15.733372,1375555584],[16.192686,1375784960],[16.323364,1376350208],[16.640813,1376542720],[16.781478,1377411072],[17.18995,1377513472],[17.210505,1377923072],[17.550028,1378799616],[17.817158,1380700160],[17.820874,1383534592],[18.208764,1384030208],[18.867331,1384136704],[18.966813,1385304064],[19.145983,1385836544],[19.196105,1386876928],[19.584493,1386958848],[19.788312,1388539904],[20.00901,1388716032],[20.073912,1389260800],[20.386717,1389711360],[20.718615,1389817856],[20.945377,1391149056],[21.575524,1391628288],[21.75455,1392472064],[22.11603,1393074176],[22.302018,1395015680],[22.614011,1395544064],[22.615432,1396502528],[22.814463,1397342208],[23.061803,1397440512],[23.266238,1398050816],[23.577682,1398112256],[23.588199,1399803904],[23.794336,1400197120],[23.88713,1401114624],[24.154674,1401143296],[24.469442,1402077184],[24.471719,1403404288],[25.266491,1403498496],[25.690032,1404751872],[25.942572,1404989440],[26.240145,1406078976],[26.338086,1406943232],[26.478239,1407004672],[26.682731,1407938560],[26.885815,1408135168],[26.895763,1409642496],[27.161226,1410224128],[27.443287,1410240512],[27.550002,1411272704],[28.159601,1411612672],[28.207904,1412141056],[28.476669,1412157440],[28.853071,1412882432],[29.043027,1413517312],[29.456667,1413931008],[29.578214,1415495680],[29.965701,1415892992],[30.034698,1416740864],[30.378027,1417777152],[31.689032,1417863168],[31.740392,1418321920],[32.092781,1418350592],[32.198707,1418805248],[34.367779,1418821632],[34.866177,1419210752],[35.688404,1419272192],[35.760377,1419616256],[35.764907,1421361152],[35.904387,1421365248],[35.907096,1422704640],[39.623205,1422708736],[39.789541,1423380480],[39.915605,1425793024],[40.123042,1427607552],[40.278367,1430528000],[40.334352,1430736896],[40.600352,1433985024],[40.867551,1436790784],[41.156852,1437077504],[41.433536,1441112064],[41.814882,1442840576],[41.92488,1442013184],[42.107287,1445240832],[42.185681,1445728256],[42.538191,1451913216],[42.688835,1453658112],[42.86399,1454940160],[43.177272,1455366144],[43.41891,1458495488],[43.644585,1459834880],[43.913757,1462677504],[43.91884,1465790464],[43.998721,1466486784],[44.173141,1466630144],[44.393775,1469743104],[45.135173,1469747200],[45.387627,1472319488],[45.559337,1472987136],[45.807665,1475788800],[46.198332,1479073792],[46.287861,1480724480],[46.506014,1481609216],[46.754604,1483673600],[47.405008,1483694080],[47.748026,1485799424],[47.90432,1489428480],[48.149712,1494310912],[48.84715,1495736320],[49.270719,1496834048],[49.406502,1496948736],[49.802283,1498595328],[50.638336,1500704768],[50.920091,1501167616],[51.375052,1502437376],[51.396255,1505439744],[52.082768,1505443840],[52.511979,1506291712],[52.781536,1507450880],[52.888267,1507454976],[53.331213,1508892672],[53.664539,1509511168],[54.603999,1511596032],[54.790794,1512480768],[55.050064,1512833024],[55.077987,1513267200],[55.406477,1513758720],[55.785491,1515159552],[55.981949,1515458560],[56.761491,1517953024],[57.670275,1519341568],[58.186724,1520390144],[58.94604,1521475584],[59.568035,1522839552],[60.163827,1524596736],[60.18213,1525075968],[60.67499,1526272000],[61.000813,1526431744],[61.003949,1526923264],[61.526922,1527394304],[63.173687,1512710144],[63.173827,1456087040],[67.699613,1456128000],[122.454436,1456136192],[134.900038,1456152576],[156.899529,1456164864],[210.791876,1456177152],[221.239821,1456193536],[238.385822,1456205824],[243.838748,1456242688],[262.294624,1456271360],[265.762954,1456304128],[266.968707,1456381952],[273.254895,1456410624],[284.988868,1456447488],[291.262228,1456451584],[295.055385,1456496640],[300.591807,1456517120],[307.912374,1456623616],[313.167465,1456664576],[314.965438,1456758784],[319.803567,1456775168],[321.404884,1456828416],[324.292703,1456836608],[324.624208,1456906240],[329.422235,1456910336],[330.398234,1456951296],[340.690033,1456959488],[340.692437,1457491968],[343.422085,1457516544],[343.577553,1457917952],[344.776465,1457979392],[345.557942,1458130944],[345.567884,1460486144],[348.755354,1460498432],[349.062406,1460613120],[350.652119,1460744192],[352.005193,1460948992],[352.1272,1461252096],[352.545555,1461465088],[353.398382,1461555200],[353.581434,1461940224],[354.589514,1461997568],[354.641813,1462128640],[355.456994,1462140928],[355.806809,1462362112],[356.788921,1462366208],[358.528557,1462636544],[359.252637,1462988800],[359.943634,1463017472],[360.574805,1463234560],[360.743738,1463537664],[362.711301,1463681024],[363.117673,1464090624],[363.780018,1464188928],[366.289044,1464324096],[368.371489,1464623104],[369.58245,1465106432],[371.360812,1465249792],[372.602706,1465438208],[374.232092,1465593856],[375.61531,1466318848],[377.309314,1466462208],[378.474781,1466810368],[378.627147,1467097088],[379.767045,1467109376],[380.64779,1467211776],[380.871907,1467375616],[382.269677,1467408384],[382.915554,1467625472],[383.333624,1467981824],[384.109107,1468067840],[387.1653,1468211200],[387.661798,1468428288],[388.14203,1468854272],[388.149577,1472004096],[388.865153,1472638976],[389.294202,1472647168],[389.589105,1473323008],[389.659255,1474351104],[390.058807,1474437120],[390.683711,1475493888],[390.820385,1476653056],