{"summary":{"timestamp":1377850844,"hash":"f94844c55893de9489cf64c4a8b9d66c962a560b","max_memory":2040053760,"cpu_time":null,"pull_request":8820},"memory_data":[[0.001518,4096],[0.04099,94208],[0.097058,7356416],[0.126439,7684096],[0.230018,12386304],[0.426649,14434304],[0.454674,17604608],[0.563721,20561920],[0.571409,25427968],[0.761084,29646848],[0.842216,30736384],[0.844989,51957760],[0.872039,50917376],[0.872646,55246848],[1.014504,58515456],[1.048395,58523648],[1.137653,79626240],[1.15379,85917696],[1.234377,100597760],[1.261636,111083520],[1.298686,119472128],[1.33959,125763584],[1.360622,134152192],[1.379007,136249344],[1.44471,150929408],[1.527999,167706624],[1.550274,173998080],[1.642911,194969600],[1.667224,197492736],[1.676227,203784192],[1.732056,205959168],[1.741834,212250624],[1.821937,317108224],[1.854349,328052736],[1.891825,346927104],[1.943124,376287232],[1.961607,380481536],[2.011977,403550208],[2.02468,411938816],[2.068907,430813184],[2.153038,474853376],[2.184816,493727744],[2.314862,663597056],[2.339262,674213888],[2.403637,760197120],[2.462965,837791744],[2.488552,846389248],[2.509279,873656320],[2.555172,921841664],[2.598972,984797184],[2.620911,1012191232],[2.634026,1007996928],[2.643798,978636800],[2.654274,970248192],[2.663507,924110848],[2.671655,915722240],[2.675743,898945024],[2.688017,886362112],[2.695402,865390592],[2.700507,865357824],[2.70774,839725056],[2.715978,795688960],[2.723877,787267584],[2.730154,758112256],[2.736908,744771584],[2.738772,719216640],[2.748217,707194880],[2.813841,543301632],[2.836114,491225088],[2.839038,439914496],[2.856576,434270208],[2.862243,402309120],[2.867887,402247680],[2.911286,298135552],[2.922508,308744192],[2.942795,307990528],[2.945306,326864896],[2.951582,316379136],[2.970805,317915136],[2.9763,355663872],[2.988761,336789504],[3.027764,340398080],[3.038905,413810688],[3.064103,376061952],[3.10289,379793408],[3.268104,380928000],[3.31099,403640320],[3.334823,428277760],[3.341195,455544832],[3.34182,421990400],[3.374662,422957056],[3.395386,434229248],[3.441284,435089408],[3.464371,448589824],[3.531901,449601536],[3.583054,454987776],[3.631232,467058688],[3.679914,469135360],[3.757211,469540864],[3.757362,472064000],[3.844683,472469504],[3.848069,478760960],[3.929037,479612928],[4.0971,479703040],[4.115564,485994496],[4.283395,486252544],[4.287853,487305216],[4.70901,488038400],[4.712715,511107072],[4.725111,498524160],[5.080178,499572736],[5.084152,502194176],[5.144597,503209984],[5.187843,514342912],[5.225552,516440064],[5.228563,533217280],[5.235494,522731520],[5.383559,523038720],[5.471857,525045760],[5.601483,531492864],[5.670939,538783744],[5.748918,541532160],[5.827776,549474304],[5.940939,551575552],[5.9417,557867008],[6.143858,563326976],[6.425621,569532416],[6.515976,572747776],[6.517243,579039232],[6.586018,580923392],[6.591187,585117696],[6.647537,586403840],[6.743928,594145280],[6.94983,599154688],[7.064866,603267072],[7.29185,607084544],[7.442157,611741696],[7.442567,612995072],[7.5322,615354368],[7.535287,634228736],[7.542384,623742976],[7.690983,628555776],[7.825118,630943744],[7.949421,631787520],[7.956075,635981824],[8.12394,637583360],[8.186208,639475712],[8.269193,639516672],[8.361455,641630208],[8.68161,646594560],[8.73376,649564160],[8.880557,652009472],[9.065196,656920576],[9.122242,657285120],[9.21537,660795392],[9.343356,662179840],[9.56981,665546752],[9.775136,670146560],[9.82963,670519296],[9.993511,675581952],[10.185861,677048320],[10.338001,679985152],[10.488704,681267200],[10.54808,683130880],[10.677719,684769280],[10.680909,703643648],[10.687884,693157888],[10.783955,694190080],[10.791074,729841664],[10.805215,710967296],[10.86018,711090176],[10.999098,715517952],[11.07421,715911168],[11.384044,720519168],[11.514694,721272832],[11.569778,722853888],[11.71594,723537920],[11.862765,725229568],[11.981759,727339008],[11.982776,730423296],[12.241229,733388800],[12.27546,734892032],[12.535597,739192832],[12.660939,740360192],[12.810011,744951808],[13.012576,747675648],[13.019384,753967104],[13.093926,754425856],[13.114226,756047872],[13.279709,756989952],[13.466711,759750656],[13.620735,760668160],[13.703221,762798080],[13.81944,775569408],[13.820409,781860864],[13.89253,790618112],[13.893445,796909568],[13.993805,810590208],[13.999666,816881664],[14.131091,835342336],[14.143987,835989504],[14.224406,848568320],[14.25123,854724608],[14.253012,865210368],[14.26213,858918912],[14.294468,864628736],[14.360701,868569088],[14.814395,869351424],[14.930358,871272448],[14.930665,872165376],[15.172611,873078784],[15.343782,873299968],[15.355269,877309952],[15.419933,877486080],[15.420389,881004544],[16.601168,881291264],[16.772953,883826688],[16.859176,883838976],[16.939382,886927360],[16.976546,889905152],[17.029078,889982976],[17.054609,892370944],[17.279716,904892416],[17.367928,905072640],[17.454814,909344768],[17.54453,917311488],[17.590731,920231936],[17.636819,920653824],[17.737358,925061120],[17.886088,933339136],[17.916601,933367808],[17.99197,937218048],[18.060566,937328640],[18.11506,939446272],[18.268792,950075392],[18.385487,954277888],[18.429601,958472192],[18.500629,960454656],[18.718441,970928128],[18.718842,973025280],[18.788585,977342464],[18.954038,983683072],[19.012997,987881472],[19.050619,987897856],[19.239466,996638720],[19.262343,1000394752],[19.336731,1002483712],[19.336781,1004584960],[19.41506,1006784512],[19.419577,1008881664],[19.492254,1011003392],[19.535976,1015197696],[19.658474,1021501440],[19.693696,1021505536],[19.708151,1025699840],[19.803401,1029902336],[19.818962,1034096640],[19.901779,1036210176],[19.940031,1040404480],[20.092136,1048801280],[20.21408,1053007872],[20.217116,1055105024],[20.282854,1059299328],[20.31028,1059303424],[20.354849,1063497728],[20.395292,1063505920],[20.411619,1067696128],[20.504521,1069805568],[20.504627,1071898624],[20.707772,1082404864],[20.764003,1084506112],[20.90256,1092898816],[21.150391,1105481728],[21.328296,1115967488],[21.527629,1128550400],[21.680559,1136939008],[21.706314,1136939008],[21.707285,1143230464],[21.765034,1145327616],[21.828532,1145462784],[21.828624,1147555840],[22.138651,1164333056],[22.187446,1164333056],[22.187496,1166430208],[22.261475,1168531456],[22.261526,1170624512],[22.376806,1176915968],[22.454004,1185304576],[22.521211,1189498880],[22.530588,1191596032],[22.652368,1197887488],[22.653926,1199984640],[22.726823,1204178944],[22.737733,1206276096],[22.74541,1239830528],[22.759264,1220956160],[22.768058,1223053312],[22.915939,1233539072],[22.916648,1237733376],[23.051198,1244024832],[23.060739,1246121984],[23.084836,1348882432],[23.092198,1388728320],[23.143174,1321086976],[23.15836,1317425152],[23.332259,1325813760],[23.445154,1332105216],[23.912428,1355173888],[24.138859,1365659648],[24.44285,1382436864],[24.479952,1382449152],[24.565913,1386446848],[24.589798,1390891008],[24.639314,1390911488],[24.650032,1393008640],[24.701665,1393025024],[24.702012,1395118080],[24.776582,1397215232],[24.786986,1405603840],[25.003565,1409798144],[25.097461,1409802240],[25.350928,1399316480],[25.380255,1386733568],[25.497692,1388765184],[25.561005,1392459776],[25.680547,1395134464],[25.825935,1395200000],[28.80151,1397297152],[28.813796,1403588608],[28.836314,1405685760],[28.857249,1414074368],[28.885591,1416171520],[28.907121,1424560128],[28.911525,1432948736],[28.925985,1435045888],[29.125403,1437147136],[29.128922,1468600320],[29.137818,1451823104],[29.15426,1458114560],[29.376884,1441337344],[29.380654,1407782912],[32.140372,1410060288],[32.140574,1412157440],[32.191701,1416351744],[35.560112,1416364032],[40.414035,1418461184],[41.973778,1420558336],[41.979361,1426849792],[42.548527,1428946944],[49.254118,1431044096],[50.705558,1433141248],[50.766,1435238400],[52.82765,1437335552],[54.282752,1439432704],[55.052281,1441529856],[55.645962,1443627008],[55.976209,1445724160],[57.961162,1447821312],[58.113198,1449918464],[59.073543,1452015616],[59.513219,1454112768],[61.307036,