{"summary":{"timestamp":1391338579,"hash":"fb663c3cc98b371af2077b44d936dc0ea139d9c0","max_memory":1325580288,"cpu_time":132.17,"pull_request":11988},"memory_data":[[0.002043,8192],[0.010631,7249920],[0.147421,9342976],[0.251394,10014720],[0.38954,34467840],[0.412316,41365504],[0.506793,54853632],[0.673033,83505152],[0.720345,91054080],[0.784308,91811840],[0.811792,97992704],[0.948303,136454144],[1.111427,138248192],[1.321295,139186176],[1.524258,139452416],[1.748459,141078528],[1.987863,141242368],[1.99548,141897728],[2.231482,142077952],[2.485883,156684288],[2.546874,160956416],[2.785438,174448640],[2.963096,174469120],[3.100205,214441984],[3.913021,214614016],[3.996737,216715264],[3.997481,220909568],[4.03918,225107968],[4.148718,233500672],[4.202496,235597824],[4.202771,237694976],[4.320441,237858816],[4.497524,239316992],[4.703794,244736000],[4.90538,249405440],[5.121451,253661184],[5.206784,253792256],[5.393965,256741376],[5.558355,260542464],[5.646625,265273344],[5.727039,268357632],[5.84517,269324288],[5.991744,276156416],[6.098393,283537408],[6.184151,284815360],[6.301036,288555008],[6.512053,291475456],[6.561978,293056512],[6.912061,294432768],[7.613536,294612992],[7.663942,295649280],[8.062537,296136704],[8.216562,296644608],[8.448992,296718336],[8.453686,309231616],[8.584369,310026240],[8.952242,310575104],[8.953151,312635392],[9.094081,315584512],[9.159693,319287296],[9.278942,323846144],[10.370109,324091904],[10.434502,324292608],[10.471214,327028736],[10.588436,329125888],[10.694046,333357056],[10.752788,334594048],[10.756328,336613376],[10.812569,339668992],[10.941293,340402176],[11.194644,344371200],[11.195831,346349568],[11.314126,346660864],[11.482651,349442048],[11.533961,350986240],[11.675505,352530432],[11.682259,356782080],[11.84106,359333888],[11.876688,361009152],[11.980244,361119744],[12.112808,363044864],[12.114381,367030272],[12.275322,367083520],[12.376162,368578560],[12.522029,371744768],[12.68843,379428864],[12.689775,381267968],[12.746022,379559936],[12.895318,379576320],[12.959034,380944384],[12.96341,397357056],[12.97269,389332992],[13.150904,391716864],[13.204843,394047488],[13.377137,395100160],[13.513879,397185024],[13.745926,399708160],[13.923091,405135360],[13.952188,408043520],[14.123878,408113152],[14.269862,408756224],[14.321138,409751552],[14.323618,418021376],[14.569049,418115584],[14.785134,420691968],[14.785735,421654528],[14.939718,423129088],[15.678926,423133184],[15.686437,423534592],[16.156601,423620608],[16.27922,425172992],[16.569325,426594304],[16.641902,428015616],[16.74287,428191744],[16.811164,430456832],[16.981315,430587904],[17.058448,431345664],[17.565824,437690368],[17.799968,439373824],[17.95573,441892864],[17.959449,443994112],[17.967347,475451392],[17.984565,473718784],[17.984661,458670080],[18.130524,460320768],[18.17529,462852096],[18.322334,462864384],[18.48364,465600512],[18.545734,467566592],[18.786589,468582400],[18.969843,471199744],[19.009452,472690688],[19.342613,474939392],[19.395854,476528640],[19.534959,476921856],[19.64826,479145984],[19.760862,479174656],[19.837002,480264192],[19.900106,483581952],[19.904456,500559872],[20.386039,500928512],[20.38767,503779328],[20.433792,503783424],[20.437382,501026816],[20.620917,501030912],[20.71582,502251520],[20.780956,504684544],[20.859544,504655872],[20.860744,506605568],[21.058156,507047936],[21.320212,509440000],[21.320896,510377984],[21.736108,513175552],[21.935293,515874816],[22.062132,516558848],[22.424563,519593984],[22.529625,521703424],[22.610662,524427264],[22.836271,524435456],[23.181804,527568896],[23.201445,528961536],[23.35479,530223104],[23.445934,531722240],[23.48211,534208512],[23.594204,534315008],[23.630784,538034176],[23.757401,538202112],[23.854332,540274688],[23.935925,540696576],[24.175108,543625216],[24.222732,545611776],[24.361432,545579008],[24.474207,548085760],[24.621469,548397056],[24.759403,549392384],[24.89934,551387136],[25.072027,552165376],[25.093682,553095168],[25.242382,553938944],[25.301316,556277760],[25.400993,556789760],[25.605919,559669248],[25.852729,561954816],[26.230986,564523008],[26.278389,567320576],[26.369014,566124544],[26.376722,599650304],[26.396926,601751552],[26.413218,666763264],[26.447374,633204736],[27.725878,633389056],[27.794597,633692160],[27.797266,637665280],[27.841313,637751296],[27.844152,646053888],[27.915763,646082560],[27.920759,662831104],[27.985299,662573056],[27.985662,633602048],[30.856334,633647104],[31.126401,633745408],[31.299867,635895808],[32.829,635887616],[32.831312,639946752],[33.747318,639950848],[33.950283,640081920],[34.066589,641478656],[34.41339,642502656],[34.417485,644599808],[34.480876,646701056],[34.563049,646713344],[34.64893,648806400],[34.649039,650907648],[34.768821,653115392],[34.812346,655216640],[34.817369,682479616],[35.053063,683184128],[35.241372,683196416],[35.359639,687394816],[35.427016,687566848],[35.610424,689696768],[35.641611,691793920],[35.725844,693891072],[35.781245,693907456],[36.045078,706629632],[36.390944,714878976],[36.42659,716517376],[36.57758,719917056],[36.627863,721924096],[36.919077,728051712],[37.18412,734732288],[37.223882,736804864],[37.469159,743067648],[37.470663,745164800],[37.556713,746184704],[37.566977,771354624],[37.582516,769658880],[37.582607,758767616],[38.026403,769101824],[38.131309,771850240],[38.132683,773881856],[38.397292,779210752],[38.669036,785817600],[38.670127,787914752],[38.853221,792928256],[39.082527,798601216],[39.216487,803377152],[39.369304,807116800],[39.570292,811208704],[39.710969,815349760],[39.712852,819482624],[39.789877,819486720],[39.89969,821456896],[40.173143,828477440],[40.217902,830095360],[40.219955,834289664],[40.318494,834338816],[40.797764,846295040],[40.968736,850292736],[41.07786,853508096],[41.443175,862720000],[41.445196,866918400],[41.518327,866942976],[41.61575,870125568],[41.755079,873607168],[41.900034,878145536],[42.336859,888442880],[42.397457,890757120],[42.652358,897421312],[43.164166,909529088],[43.165761,913723392],[43.256243,913727488],[43.439649,918671360],[43.63076,923275264],[43.816715,928620544],[44.071439,938151936],[44.133727,939638784],[44.229203,943792128],[44.326434,945958912],[44.355399,948289536],[44.466558,951152640],[44.652391,957333504],[44.690417,959594496],[44.833895,964685824],[44.934462,967331840],[44.936384,971526144],[45.017903,971575296],[45.174888,975175680],[45.241298,977350656],[45.601367,985722880],[45.604595,994111488],[45.754868,994119680],[46.050446,1002074112],[46.361447,1008312320],[46.815673,1020743680],[46.818582,1029021696],[46.968909,1029042176],[47.080619,1032187904],[47.389286,1039114240],[47.625144,1045544960],[48.017387,1055264768],[48.018767,1057353728],[48.067907,1057366016],[48.27885,1062686720],[48.372073,1065754624],[48.489895,1067941888],[48.870965,1077346304],[48.936664,1079898112],[49.12083,1088724992],[49.273431,1093570560],[49.274837,1096650752],[49.33739,1096728576],[49.527496,1102569472],[49.5306,1110958080],[49.702614,1110978560],[49.915753,1116889088],[50.108409,1121722368],[50.10974,1125408768],[50.153493,1125466112],[50.274135,1128394752],[50.276781,1136766976],[50.468899,1136787456],[50.573559,1138950144],[50.740031,1144123392],[51.244001,1156456448],[51.391856,1160777728],[51.472651,1162330112],[51.857695,1174302720],[52.28577,1185243136],[52.53662,1190850560],[52.555409,1191686144],[52.93692,1201491968],[53.243173,1208684544],[53.244574,1210781696],[53.295156,1210814464],[53.656167,1218510848],[54.133956,1229942784],[54.529701,1238859776],[54.728818,1243705344],[54.904162,1248673792],[55.042441,1251278848],[55.116974,1253654528],[55.225516,1255559168],[55.397614,1259749376],[55.417171,1261924352],[55.50618,1261928448],[55.599799,1264259072],[55.605239,1265991680],[55.801241,1270063104],[55.803364,1275953152],[56.119888,1282191360],[56.329118,1286905856],[56.333498,1303633920],[56.335009,1283526656],[56.662139,1291456512],[56.680304,1292685312],[57.007412,1301061632],[57.370908,1306435584],[57.373002,