{"summary":{"timestamp":1402549320,"hash":"fce98e5262f5426e80165ff7195fb1548c861f6b","max_memory":1703874560,"cpu_time":164.47,"pull_request":14799},"memory_data":[[0.003195,4096],[0.058591,733184],[0.080965,10522624],[0.168733,13762560],[0.238037,14520320],[0.259931,17080320],[0.342122,19058688],[0.397119,22044672],[0.433597,30404608],[0.559838,33820672],[0.596028,38899712],[0.696849,39477248],[0.697808,43941888],[0.817897,45178880],[0.913105,47190016],[0.947184,53231616],[0.991741,56131584],[1.015143,61370368],[1.078654,65671168],[1.10498,71327744],[1.186961,77807616],[1.210323,82743296],[1.326776,94879744],[1.358662,102621184],[1.412912,109916160],[1.464284,121647104],[1.521205,131747840],[1.606851,132108288],[1.677259,149499904],[1.677351,151601152],[1.745499,169029632],[1.773823,179535872],[1.802094,185790464],[1.815516,185176064],[1.86337,161513472],[1.970429,163606528],[2.234623,167550976],[2.55138,175915008],[2.682885,179068928],[2.803319,183508992],[2.810605,186560512],[2.941069,208883712],[3.10981,238620672],[3.129859,249323520],[3.177399,252190720],[3.201448,259391488],[3.310023,277245952],[3.335529,284561408],[3.369093,288743424],[3.401089,297005056],[3.474653,307834880],[3.501614,316088320],[3.615442,316096512],[3.728765,375373824],[3.983215,377470976],[4.031653,377458688],[4.056825,368156672],[4.183232,370262016],[4.366679,377544704],[4.56048,379641856],[4.604099,381739008],[4.605638,385933312],[4.874612,392224768],[4.965695,392187904],[4.997493,386723840],[5.014969,380526592],[5.172767,380928000],[5.310251,383172608],[5.468509,383565824],[5.534906,386871296],[5.735275,389165056],[5.880286,391344128],[6.043644,395513856],[6.094968,400134144],[6.126066,409923584],[6.311182,413253632],[6.449514,414818304],[6.585308,418476032],[6.709193,419905536],[6.795503,435814400],[6.860698,439926784],[7.076185,442331136],[7.174131,448831488],[7.193974,452153344],[7.257235,452567040],[7.42779,455794688],[7.432795,458121216],[7.5828,459194368],[7.588786,461594624],[7.698949,467132416],[7.751867,467329024],[7.775982,469426176],[7.77752,475717632],[7.888562,475848704],[7.962628,477945856],[7.964863,490528768],[8.346124,490729472],[8.356849,509603840],[8.363627,503312384],[8.560875,505409536],[8.561277,509603840],[8.673175,510640128],[8.910725,510644224],[8.91833,512385024],[9.049688,512565248],[9.052098,504045568],[9.234887,504352768],[9.269384,509452288],[9.305068,510095360],[9.322179,514932736],[9.437105,515018752],[9.553115,518139904],[9.658562,519503872],[9.760017,519761920],[9.895473,522035200],[9.995682,527409152],[10.076846,528093184],[10.077731,532287488],[10.138042,537722880],[10.191199,537935872],[10.202379,548429824],[10.254797,548638720],[10.322316,550821888],[10.487801,551931904],[10.558258,553459712],[10.655948,558153728],[10.656265,553959424],[10.781022,555208704],[10.826786,559403008],[11.047406,560177152],[11.048884,562274304],[11.126745,563007488],[11.130799,565104640],[11.358,565481472],[11.359673,567578624],[11.415897,567709696],[11.448668,569937920],[11.530027,572035072],[11.558837,578326528],[11.681513,580468736],[11.724148,582713344],[11.931078,589004800],[11.991103,593199104],[11.991669,595296256],[12.092022,597393408],[12.095628,601587712],[12.149815,605782016],[12.218305,607879168],[12.254382,612073472],[12.32683,616267776],[12.352996,620462080],[12.361917,612073472],[12.484402,612724736],[12.695417,612732928],[12.869633,614830080],[12.916775,619024384],[12.918457,642093056],[12.933879,629510144],[12.99765,631607296],[12.997744,633704448],[13.263004,637898752],[13.420599,639995904],[13.440631,642093056],[13.869148,648384512],[13.939117,650481664],[14.064171,652578816],[14.095654,654675968],[14.20853,654692352],[14.599634,663470080],[14.698698,667664384],[14.943215,669761536],[14.94961,676052992],[14.980414,678150144],[14.980728,682344448],[15.640834,684441600],[15.895988,686538752],[16.050904,688635904],[16.108074,690733056],[16.242918,692830208],[16.297574,694927360],[16.436938,697024512],[16.700987,699121664],[16.753479,701218816],[16.944407,703315968],[17.009716,705413120],[17.328245,709607424],[17.404603,711704576],[17.407086,734773248],[17.422577,745259008],[17.430619,759939072],[17.438141,734773248],[17.486485,738967552],[17.793639,743161856],[18.003363,745259008],[18.092021,747356160],[18.246369,749453312],[18.488006,751550464],[18.51944,753647616],[18.834471,757841920],[19.063496,759939072],[19.088522,762036224],[19.324944,766230528],[19.361603,768327680],[19.554576,770424832],[19.68283,772521984],[19.87832,774619136],[19.921794,776716288],[20.072205,778813440],[20.081281,783007744],[20.148557,785104896],[20.155786,789299200],[20.226829,791396352],[20.741285,797687808],[20.861909,799784960],[21.074913,801882112],[21.075003,803979264],[21.385456,808173568],[21.785273,812367872],[22.195636,818692096],[22.356575,820789248],[22.35881,824983552],[22.670367,827080704],[23.16552,831275008],[23.283273,833372160],[23.560803,835469312],[23.590344,837566464],[23.827798,839663616],[23.979707,841760768],[24.30565,843857920],[24.458803,845955072],[24.541176,850149376],[24.784449,852246528],[24.879772,856440832],[25.005452,858537984],[25.588082,860635136],[25.842004,864829440],[26.084211,865026048],[26.089195,867123200],[26.199498,869220352],[26.199927,871317504],[26.408468,873414656],[26.638084,877608960],[26.826725,879706112],[27.086309,881803264],[27.215661,883900416],[27.327726,890191872],[27.328196,892289024],[27.385097,894386176],[27.559641,896483328],[28.204521,898580480],[28.39188,900677632],[28.396132,944717824],[28.411148,955203584],[28.442872,995049472],[28.457814,997146624],[28.457894,948912128],[28.646931,953106432],[28.857881,955203584],[28.91356,957300736],[29.397347,957431808],[29.438227,958431232],[29.49958,962723840],[29.499893,966918144],[29.580148,971145216],[29.625668,960659456],[30.252597,945979392],[30.841724,946085888],[30.87988,946413568],[30.912864,950657024],[31.013906,952754176],[31.016542,950657024],[31.140005,950706176],[32.200014,952803328],[32.612956,954900480],[33.622835,956997632],[33.622988,959094784],[35.729183,959270912],[35.955556,959397888],[36.029169,961044480],[36.459935,961769472],[36.498638,963866624],[36.763024,963911680],[36.862697,966008832],[37.153987,966430720],[37.458477,968527872],[37.538837,968622080],[37.557469,970719232],[37.56618,993787904],[37.572784,981204992],[38.000111,983302144],[38.553323,985399296],[39.05264,985513984],[39.098375,986128384],[39.995321,988225536],[40.396415,988237824],[40.508903,992432128],[40.616256,992563200],[41.131692,994660352],[41.148766,1015631872],[41.149728,1003048960],[41.216689,1005146112],[41.619606,1005408256],[42.03897,1005412352],[42.136852,1007034368],[42.13695,1009131520],[42.245403,1010462720],[42.579705,1015840768],[42.725859,1018527744],[43.39936,1028587520],[43.579231,1031929856],[43.915142,1034113024],[43.915331,1038307328],[44.284991,1044353024],[44.723431,1050660864],[44.724096,1054859264],[44.899258,1057619968],[45.332745,1063841792],[45.412906,1064456192],[45.612552,1068478464],[45.773903,1070874624],[45.821171,1072451584],[46.400653,1083056128],[46.400851,1087250432],[46.602524,1090863104],[46.785421,1094737920],[47.213606,1102909440],[47.358715,1104527360],[47.744785,1110990848],[47.910011,1114312704],[48.022846,1115770880],[48.284696,1121034240],[48.284885,1123131392],[48.575415,1128931328],[48.732692,1131380736],[48.990005,1136246784],[49.184318,1139142656],[49.491867,1144979456],[49.492411,1147076608],[50.027801,1156878336],[50.02862,1167364096],[50.042289,1179947008],[50.046839,1167364096],[50.638298,1177202688],[50.701863,1178046464],[50.701957,1180143616],[50.780646,1181974528],[51.365043,1192853504],[51.794543,1201094656],[51.932612,1203130368],[52.342416,1211318272],[52.343027,1217609728],[52.484068,1220341760],[52.486092,1221918720],[52.715801,1226625024],[52.715987,1228722176],[52.858106,1230544896],[53.200414,1236230144],[53.358725,1239531520],[53.526549,1242292224],[53.729578,1246744576],[54.023283,1254334464],