{"summary":{"timestamp":1374311801,"hash":"fdbd56ca38c4a58377056c63e0b03b0d4e131f2c","max_memory":1737953280,"cpu_time":201.01,"pull_request":7419},"memory_data":[[0.003564,4096],[0.054418,397312],[0.093645,5783552],[0.223132,10330112],[0.447568,13115392],[0.635365,18759680],[0.930869,23805952],[1.006285,24100864],[1.055197,29409280],[1.273031,32018432],[1.336756,42569728],[1.375665,52215808],[1.433006,62152704],[1.476311,76062720],[1.491399,75915264],[1.535791,82817024],[1.552241,88051712],[1.616714,99491840],[1.665935,114782208],[1.693393,116211712],[1.721579,125227008],[1.742619,126099456],[1.830691,147857408],[1.859669,148262912],[1.998695,176181248],[2.03999,183107584],[2.197918,213262336],[2.220922,220876800],[2.25229,224313344],[2.337254,240230400],[2.375554,239763456],[2.434099,270086144],[2.601162,360886272],[2.710864,421781504],[2.778725,457940992],[2.821756,470290432],[2.849328,475832320],[2.945626,502833152],[2.958798,504012800],[3.092033,537415680],[3.139785,551071744],[3.174979,554520576],[3.238406,567029760],[3.336667,588955648],[3.398445,606654464],[3.461081,619872256],[3.567044,646168576],[3.703066,677199872],[3.771959,696164352],[3.827663,708243456],[3.926037,733888512],[3.945802,740982784],[4.072337,792023040],[4.129943,813953024],[4.306672,885805056],[4.510744,970125312],[4.658421,1028988928],[4.798907,1086132224],[5.033058,1183330304],[5.05289,1190281216],[5.233122,1264656384],[5.275258,1280024576],[5.566369,1280114688],[5.612438,1280487424],[5.675629,1285967872],[5.74662,1298952192],[5.758311,1303011328],[5.824407,1303126016],[5.849834,1312354304],[5.896446,1314185216],[5.907506,1327230976],[5.966087,1328672768],[5.976857,1399980032],[6.040357,1402552320],[6.184901,1403731968],[6.243312,1410932736],[6.729045,1411850240],[6.88254,1412931584],[6.887131,1417146368],[7.114072,1417674752],[7.137284,1419280384],[7.290311,1419546624],[7.369418,1422200832],[7.423468,1422209024],[7.493752,1424211968],[7.522236,1426780160],[7.708639,1427955712],[7.709747,1429020672],[7.834802,1429135360],[7.836719,1430765568],[8.14058,1431199744],[8.144596,1434628096],[9.480463,1434836992],[9.495397,1437143040],[9.794392,1438879744],[9.893682,1441120256],[10.072932,1441124352],[10.233693,1442930688],[10.289848,1445617664],[10.383471,1446912000],[10.562958,1447059456],[10.681751,1447976960],[10.684862,1451552768],[10.958177,1452429312],[11.183186,1453862912],[11.552501,1453867008],[11.715505,1454632960],[12.020833,1454993408],[12.513387,1454997504],[12.546903,1455779840],[12.70842,1455849472],[12.846664,1457524736],[12.956369,1457528832],[13.681447,1459806208],[13.690764,1457950720],[14.588441,1457995776],[14.760054,1458950144],[14.768356,1467228160],[14.947894,1469272064],[15.601232,1469280256],[15.601738,1469759488],[15.840699,1469784064],[15.861259,1471328256],[16.104261,1471377408],[16.764153,1473863680],[16.920964,1474801664],[17.21889,1475432448],[17.41299,1477734400],[17.554689,1477820416],[17.715283,1478672384],[17.719024,1480216576],[17.987096,1481605120],[18.141613,1481678848],[18.142767,1482534912],[18.495594,1483493376],[19.405254,1483497472],[19.564839,1483833344],[20.143677,1484288000],[20.469788,1485045760],[20.973275,1485357056],[21.002564,1490239488],[21.221441,1490432000],[21.309839,1491619840],[21.478225,1495408640],[21.655591,1497907200],[21.749444,1500901376],[21.921955,1503842304],[22.025353,1507426304],[22.075546,1515388928],[22.079772,1519374336],[22.119731,1519378432],[22.178242,1526099968],[22.265812,1534066688],[23.110893,1534537728],[23.348581,1535393792],[23.349113,1535959040],[23.583263,1535963136],[23.696929,1538445312],[23.717645,1536634880],[24.032169,1536700416],[24.254974,1537478656],[26.06475,1537642496],[26.162748,1539002368],[26.254065,1539026944],[26.740233,1541824512],[27.225401,1543901184],[27.439895,1544441856],[27.440003,1543614464],[27.604416,1544486912],[27.801815,1551597568],[28.015018,1555902464],[28.163546,1557278720],[28.313547,1560498176],[28.423687,1561120768],[28.666342,1563856896],[28.859688,1566543872],[29.028295,1570959360],[29.202579,1572491264],[29.242537,1573609472],[29.453435,1575243776],[29.623989,1578868736],[29.845315,1581625344],[30.051711,1586376704],[30.296224,1589895168],[30.346996,1591173120],[30.75879,1597689856],[31.044793,1601622016],[31.690296,1603936256],[31.985402,1606242304],[32.530354,1608183808],[32.541939,1608802304],[33.178978,1610362880],[33.542022,1611669504],[33.542998,1612029952],[34.083321,1613242368],[34.550165,1615056896],[34.768911,1617068032],[34.76908,1619165184],[34.909508,1620332544],[35.494806,1622892544],[35.632712,1628332032],[35.639007,1630277632],[35.777003,1634824192],[36.010088,1643417600],[36.325984,1654132736],[36.472619,1658585088],[36.474984,1662787584],[36.53275,1662803968],[36.811966,1672716288],[37.094366,1682354176],[37.516756,1697792000],[37.626451,1702985728],[37.888389,1712898048],[37.917114,1712910336],[37.974623,1716699136],[38.314582,1722335232],[38.315399,1723117568],[38.586039,1726857216],[38.864228,1728319488],[38.875104,1717137408],[38.894489,1712939008],[39.472169,1694060544],[39.472253,1641631744],[39.641864,1643978752],[39.71794,1647140864],[41.688063,1647271936],[41.881147,1647407104],[41.938616,1648316416],[43.697118,1648365568],[43.716432,1648517120],[47.119932,1648619520],[47.176157,1648799744],[47.861765,1648893952],[50.46019,1648934912],[53.226796,1648939008],[53.716506,1651036160],[53.725592,1649074176],[59.807766,1649102848],[63.725453,1651200000],[63.734555,1649184768],[73.734454,1651281920],[73.746118,1649381376],[83.745494,1651478528],[83.754856,1649569792],[91.281495,1649582080],[93.754474,1651679232],[93.76404,1649819648],[98.865892,1649848320],[102.933661,1649905664],[103.763417,1652002816],[103.769159,1650065408],[106.364117,1650118656],[112.213048,1650155520],[113.772462,1652252672],[113.781899,1650380800],[121.008824,1650454528],[123.574036,1650577408],[123.580856,1651499008],[123.785699,1656193024],[123.788174,1654128640],[125.969005,1654239232],[127.664318,1654243328],[127.664823,1654304768],[133.75961,1654358016],[134.24761,1654579200],[135.673713,1654648832],[139.684443,1654710272],[141.323303,1654804480],[143.740957,1655103488],[143.79433,1657204736],[143.796858,1655148544],[144.677373,1655287808],[147.029363,1655316480],[148.842778,1655394304],[149.96146,1655607296],[151.054789,1655611392],[153.692743,1655779328],[153.806079,1655951360],[156.532939,1656401920],[161.445913,1656487936],[163.651453,1656598528],[163.807161,1658728448],[163.812909,1656631296],[166.033052,1656733696],[169.986206,1656758272],[173.201158,1656897536],[173.812401,1658994688],[173.823076,1656958976],[175.465329,1656999936],[175.832786,1657098240],[178.170386,1657135104],[178.174154,1682296832],[178.907854,1682456576],[180.082057,1682472960],[180.936612,1682571264],[181.01112,1696927744],[181.109664,1696940032],[181.232775,1699676160],[181.908164,1699717120],[181.943154,1703141376],[181.99121,1703669760],[181.992467,1707339776],[182.080129,1708912640],[182.09165,1707622400],[182.173716,1707716608],[182.282412,1710419968],[182.310547,1716613120],[182.387022,1721880576],[182.43516,1727361024],[182.446972,1733480448],[182.51709,1732792320],[182.517264,1727287296],[182.648328,1727291392],[183.621422,1702121472],[183.626154,1670512640],[183.640877,1672630272],[183.653271,1731670016],[183.658946,1734438912],[183.659123,1677885440],[183.670392,1670586368],[183.68301,1673461760],[183.692039,1685385216],[183.702638,1686487040],[183.811752,1686810624],[183.844018,1691000832],[183.896285,1691058176],[183.94255,1695797248],[183.953867,1699344384],[183.977659,1716199424],[184.000281,1722195968],[184.042006,1722986496],[184.04271,1692229632],[184.05063,1673879552],[184.274977,1673793536],[184.355021,1671045120],[184.360582,1586798592],[184.366852,1468628992],[184.368818,1466249216],[184.372278,1388793856],[184.376577,1347448832],[184.38293,1229901824],[184.387731,1189330944],[184.391519,1110732800],[184.396087,1071001600],[184.397136,1031467008],[184.402477,