{"summary":{"timestamp":1374445718,"hash":"fe3f75ff8e2a7e750713295f5fa17a4abf9d9d62","max_memory":1718222848,"cpu_time":203.82,"pull_request":7932},"memory_data":[[0.003022,8192],[0.02299,14536704],[0.081213,30466048],[0.131566,40411136],[0.170444,54390784],[0.221521,61054976],[0.256766,71598080],[0.278331,74997760],[0.331408,93892608],[0.353409,94621696],[0.383729,105177088],[0.401956,105742336],[0.478048,127201280],[0.496737,127205376],[0.573748,143335424],[0.643787,160026624],[0.681869,167489536],[0.792411,192651264],[0.812503,199991296],[0.840317,203595776],[0.900648,218603520],[1.038205,301228032],[1.20468,404172800],[1.262915,438841344],[1.307689,453644288],[1.370668,480608256],[1.417457,496414720],[1.494893,528965632],[1.51739,532402176],[1.558432,544903168],[1.632283,571015168],[1.662746,584355840],[1.703319,597606400],[1.76954,623198208],[1.811845,637980672],[1.940033,686985216],[2.010129,717307904],[2.132392,790474752],[2.19828,830922752],[2.368508,933457920],[2.581347,1059852288],[2.832715,1213231104],[2.902569,1254543360],[3.096183,1254547456],[3.123183,1255702528],[3.164688,1262333952],[3.229666,1279008768],[3.293191,1279012864],[3.326364,1286017024],[3.353541,1286197248],[3.359437,1289994240],[3.415007,1291509760],[3.425513,1362817024],[3.490305,1364045824],[3.497804,1368010752],[3.523197,1368014848],[3.531776,1378988032],[3.569657,1388613632],[3.668598,1388625920],[3.776153,1391403008],[3.806855,1394839552],[3.989822,1397235712],[3.992664,1401913344],[4.195246,1402339328],[4.198489,1406062592],[4.36962,1406398464],[4.900359,1406717952],[5.079462,1407655936],[5.0829,1408385024],[5.321479,1408569344],[5.360503,1410617344],[5.440486,1412050944],[5.520443,1412198400],[5.673786,1415827456],[5.785605,1415938048],[5.804232,1419354112],[5.895549,1420046336],[5.896541,1421541376],[6.032782,1421594624],[6.409405,1424703488],[6.490241,1425932288],[6.491648,1427709952],[6.795738,1427861504],[6.98821,1429905408],[7.168145,1430974464],[8.106811,1430978560],[8.260005,1431805952],[8.384536,1433432064],[8.863943,1433485312],[8.884099,1434464256],[9.023166,1434554368],[9.035683,1436078080],[9.286758,1436823552],[9.394568,1438072832],[9.55892,1438990336],[9.61265,1440075776],[9.867732,1441308672],[9.984496,1443725312],[10.180339,1444036608],[10.183426,1445310464],[10.367072,1447407616],[10.372523,1448390656],[11.085397,1448648704],[11.293797,1449459712],[11.859021,1450340352],[11.865545,1453748224],[12.458115,1453764608],[12.603597,1457209344],[12.707502,1461215232],[12.828621,1464246272],[12.925713,1477877760],[13.013502,1487708160],[13.069417,1504808960],[13.100113,1510506496],[13.20667,1520758784],[13.706596,1520832512],[13.994579,1521385472],[14.049542,1522057216],[14.227326,1522061312],[14.317714,1523916800],[15.668412,1523920896],[15.715304,1526292480],[15.870653,1531453440],[15.917267,1534263296],[16.185731,1542545408],[16.234773,1544966144],[16.338272,1547575296],[16.386191,1547010048],[16.773497,1549156352],[17.094374,1550290944],[17.609239,1553555456],[17.90704,1556070400],[18.138878,1557192704],[18.373889,1558802432],[18.719721,1560731648],[18.800466,1562058752],[19.512509,1566318592],[19.669957,1566965760],[20.041334,1569697792],[20.365066,1571266560],[20.37686,1573388288],[20.715435,1575428096],[20.983955,1576202240],[21.148132,1578389504],[21.302611,1579528192],[21.46146,1581707264],[21.522837,1587314688],[21.708277,1598988288],[21.712419,1600933888],[21.958397,1613991936],[22.253805,1628749824],[22.255379,1632923648],[22.289666,1632944128],[22.555787,1646333952],[22.978391,1668747264],[23.068271,1674665984],[23.108918,1678495744],[23.278413,1686839296],[23.307737,1690595328],[23.501529,1696243712],[23.50211,1697026048],[23.654254,1700777984],[23.884583,1702273024],[23.892114,1691029504],[23.907037,1686831104],[24.211053,1684729856],[24.334774,1613422592],[25.724907,1613488128],[28.949512,1613512704],[30.377109,1615609856],[30.381634,1619099648],[34.607774,1619120128],[34.832018,1619169280],[40.138845,1619185664],[40.386583,1621512192],[44.052941,1621528576],[44.053023,1621561344],[49.575746,1621565440],[50.386096,1623666688],[50.391971,1623265280],[59.735796,1623289856],[60.391042,1625387008],[60.396294,1626484736],[69.517954,1626513408],[70.396095,1628610560],[70.401084,1630691328],[73.50515,1630711808],[80.246925,1630830592],[80.401094,1632931840],[80.404195,1633935360],[83.342269,1633968128],[85.301184,1634025472],[90.343792,1634062336],[90.404065,1636175872],[90.404493,1639976960],[92.330509,1640038400],[97.411264,1640062976],[98.395205,1640214528],[100.580357,1640288256],[103.621911,1640312832],[105.877067,1640415232],[108.148213,1640427520],[110.113573,1640501248],[110.949519,1640677376],[112.407073,1640861696],[114.277299,1640943616],[115.032189,1641230336],[118.928764,1641467904],[119.753543,1641869312],[121.202906,1642033152],[122.963361,1642143744],[123.945512,1642508288],[125.401066,1642856448],[128.57816,1642926080],[130.058668,1643036672],[131.101636,1643257856],[133.771768,1643425792],[134.963947,1643573248],[137.061357,1643622400],[137.237541,1643679744],[139.428063,1643728896],[140.14121,1643823104],[141.790386,1643843584],[142.260142,1644077056],[144.412302,1644154880],[144.856687,1646256128],[144.858883,1669324800],[146.940448,1669447680],[147.014767,1682894848],[147.100129,1682907136],[147.214995,1685639168],[147.833679,1685716992],[147.914064,1689657344],[147.914916,1693061120],[147.998357,1694896128],[148.000184,1691770880],[148.087684,1691774976],[148.159145,1694531584],[148.222059,1701220352],[148.323749,1709502464],[148.347,1718112256],[148.412901,1714319360],[148.412982,1711591424],[149.444543,1711591424],[149.445201,1677742080],[149.449099,1657622528],[149.45999,1659723776],[149.478765,1714339840],[149.478939,1657675776],[149.500797,1664335872],[149.504017,1671118848],[149.546795,1679118336],[149.589579,1684283392],[149.591551,1691631616],[149.60688,1691680768],[149.621525,1701249024],[149.647886,1707249664],[149.69478,1707917312],[149.695585,1677467648],[149.703331,1658920960],[149.957978,1658826752],[149.958057,1657131008],[150.033629,1655484416],[150.037323,1566789632],[150.045537,1447075840],[150.04628,1407897600],[150.05011,1364688896],[150.055318,1249005568],[150.059144,1208004608],[150.059888,1169559552],[150.063693,1129250816],[150.068963,1010667520],[150.070529,1008390144],[150.075778,891666432],[150.079699,849432576],[150.082814,772329472],[150.089112,690348032],[150.089847,653160448],[150.096067,571887616],[150.096801,534245376],[150.110072,334315520],[150.113201,255930368],[150.117203,214802432],[150.119987,157282304],[150.12015,17903616],[150.12242,13959168]],"pass_timing":[["parsing",0.887],["std macros injection",0.001],["configuration 1",0.362],["expansion",0.747],["configuration 2",0.448],["maybe building test harness",0.444],["std injection",0.158],["ast indexing",0.191],["external crate/lib resolution",0.128],["language item collection",0.043],["resolution",1.342],["looking for entry point",0],["freevar finding",0.079],["region resolution",0.13],["region parameterization inference",0.043],["type collecting",0.116],["coherence checking",0.183],["type checking",6.864],["const marking",0.788],["const checking",0.038],["privacy checking",0.164],["effect checking",0.051],["loop checking",0.031],["compute moves",0.626],["match checking",0.11],["liveness checking",0.174],["borrow checking",0.791],["kind checking",0.111],["reachability checking",0.051],["lint checking",0.227],["translation",8.336],["LLVM passes",125.115],["linking",0.254]]}