{"summary":{"timestamp":1385430392,"hash":"ffaee0fd96b5d23ae9668605d1425111f4210c58","max_memory":1465257984,"cpu_time":182.03,"pull_request":10650},"memory_data":[[0.001581,8192],[0.008265,7032832],[0.07811,21811200],[0.097255,28377088],[0.128611,31690752],[0.167066,39481344],[0.194861,48549888],[0.210214,49348608],[0.281089,66195456],[0.297315,66285568],[0.459544,96407552],[0.481274,102596608],[0.528325,111161344],[0.554537,111177728],[0.645677,201981952],[0.849493,202387456],[1.02149,204054528],[1.100446,205672448],[1.341738,206082048],[1.403406,213872640],[1.437315,220848128],[1.541603,236142592],[1.625009,250855424],[1.665246,255094784],[1.771283,273575936],[1.866581,273580032],[1.929943,334761984],[2.256674,334778368],[2.499623,336891904],[2.501717,351571968],[2.524588,351580160],[2.529848,385130496],[2.540948,368349184],[2.576323,368357376],[2.585853,435466240],[2.608667,401907712],[2.668042,401915904],[2.679784,412405760],[2.722249,441774080],[2.728889,476942336],[2.729476,439222272],[2.742457,441331712],[2.756876,458113024],[2.771594,458690560],[2.773004,467079168],[2.797329,483954688],[2.802566,510705664],[2.802615,483442688],[2.999209,483463168],[3.847517,485560320],[3.857902,517025792],[4.622545,517124096],[4.62624,533803008],[6.218592,533897216],[6.272323,534290432],[6.277601,551063552],[6.640646,551260160],[6.643356,559681536],[6.750895,559702016],[6.960065,565567488],[7.178005,568475648],[7.201153,569765888],[7.292734,570490880],[7.340906,572702720],[7.347459,575328256],[7.477942,575344640],[7.821869,581591040],[7.955003,585646080],[8.069483,587055104],[8.138903,589946880],[8.260351,591241216],[8.397985,595603456],[8.534448,597147648],[8.557869,601403392],[8.676132,601583616],[8.684781,603713536],[8.69425,635170816],[8.963774,635236352],[8.967867,651882496],[9.855451,651923456],[9.956947,653914112],[10.064203,654643200],[10.175606,660561920],[10.267804,660307968],[10.358151,662196224],[10.450456,662958080],[10.536761,664862720],[10.693954,666705920],[10.72088,668672000],[10.828109,669155328],[10.992606,671461376],[11.009124,672604160],[11.204867,674484224],[11.392682,678277120],[11.441697,680615936],[11.50892,680665088],[11.738907,683642880],[11.979537,690380800],[11.980707,695488512],[12.202203,695619584],[12.227364,696549376],[12.38158,698048512],[12.575458,701091840],[12.650279,704348160],[12.855414,706342912],[12.876003,710225920],[12.877477,715452416],[12.909832,715476992],[12.912174,725938176],[12.972745,728043520],[12.977157,746913792],[12.98351,745881600],[12.983663,727384064],[13.000557,706408448],[13.06263,707325952],[13.381646,707203072],[13.381699,706408448],[15.17377,706408448],[15.745189,706904064],[16.084664,707948544],[16.400291,707969024],[16.45828,711618560],[16.462121,714153984],[16.533434,716255232],[16.533587,718352384],[16.592566,720531456],[16.637766,724729856],[16.723291,728551424],[16.766495,732852224],[16.93769,741122048],[17.069273,749768704],[17.262552,759672832],[17.30718,762671104],[17.314455,796237824],[17.558214,796262400],[17.744787,805830656],[17.746029,809996288],[17.781838,810004480],[17.956477,819736576],[18.189023,831864832],[18.350684,839069696],[18.729504,859648000],[18.962713,870866944],[18.96348,872914944],[19.128953,880427008],[19.129685,882475008],[19.352223,891977728],[19.538534,900435968],[19.703261,909467648],[19.955189,922390528],[20.091362,928612352],[20.110725,1062830080],[20.157275,995717120],[20.389982,1006632960],[20.618022,1019658240],[20.807405,1028648960],[20.958394,1035251712],[20.981243,1037381632],[21.170176,1045413888],[21.377852,1056182272],[21.474782,1060466688],[21.476026,1064636416],[21.52602,1064652800],[21.86421,1079996416],[21.865428,1084162048],[21.911164,1084174336],[22.158339,1095471104],[22.361297,1105199104],[22.381262,1172312064],[22.411045,1138753536],[22.623522,1149095936],[22.638351,1151361024],[22.739237,1156431872],[22.921025,1164374016],[23.022681,1169526784],[23.296118,1181962240],[23.62829,1198354432],[23.777947,1206042624],[23.778748,1208053760],[23.861077,1211535360],[23.941805,1219547136],[23.941856,1221660672],[23.99562,1226813440],[24.042508,1228816384],[24.224718,1240461312],[24.338777,1245122560],[24.424753,1250029568],[24.452723,1252962304],[24.591682,1260662784],[24.600495,1302614016],[24.627645,1281638400],[24.66265,1282658304],[24.900365,1293025280],[24.991303,1298210816],[25.219126,1309179904],[25.261337,1310588928],[25.451079,1319714816],[25.610537,1326845952],[25.648444,1329213440],[25.76951,1334128640],[25.897944,1340284928],[25.910426,1345556480],[25.951004,1345564672],[26.057984,1350971392],[26.202748,1356759040],[26.204106,1360932864],[26.257063,1360936960],[26.544609,1373970432],[26.561995,1375600640],[26.714423,1382973440],[26.716745,1391366144],[26.807589,1391374336],[26.929579,1396305920],[27.05733,1403043840],[27.161439,1407660032],[27.169945,1409585152],[27.334396,1414410240],[27.335954,1418752000],[27.512258,1424023552],[27.520267,1421254656],[27.568187,1422606336],[27.57047,1433829376],[27.881078,1443692544],[27.885484,1464725504],[27.886309,1434591232],[28.163635,1441169408],[28.631873,1451139072],[28.682659,1451728896],[29.2407,1454915584],[29.250952,1452552192],[29.251664,1416962048],[29.256432,1420288000],[29.632541,1353175040],[29.636924,1277669376],[29.799879,1143447552],[29.992371,1145544704],[29.992896,1143447552],[34.231487,1143451648],[35.506073,1145552896],[35.508812,1177010176],[35.91044,1149743104],[35.910492,1143451648],[36.001244,1143455744],[39.992368,1145552896],[39.992914,1143455744],[49.992354,1145552896],[49.992891,1143455744],[52.00918,1143455744],[59.992338,1145552896],[59.995604,1143455744],[69.99231,1145552896],[69.996697,1143455744],[79.995681,1145552896],[79.999315,1143455744],[89.999045,1145552896],[90.000102,1143455744],[91.466436,1145556992],[91.469199,1177014272],[99.999004,1179111424],[100.002717,1177014272],[140.002329,1179111424],[140.005668,1177014272],[150.002335,1179111424],[150.00392,1177014272],[160.005653,1179111424],[160.006739,1177014272],[170.008981,1179111424],[170.013337,1177014272],[177.438225,1179119616],[177.440664,1202184192],[180.012294,1204281344],[180.014548,1202184192],[183.175566,1202188288],[183.281094,1210990592],[183.29595,1220894720],[183.53512,1220898816],[183.53802,1195728896],[184.495177,1194876928],[184.499852,1153814528],[184.532261,1154678784],[184.538475,1160912896],[184.570224,1174851584],[184.595156,1174847488],[184.610438,1183870976],[184.614618,1195823104],[184.625302,1200644096],[184.648229,1198690304],[184.663589,1201795072],[184.666598,1150287872],[184.666952,1069137920],[184.70025,1069080576],[184.719836,1060462592],[184.7251,935845888],[184.726426,934285312],[184.729389,852213760],[184.737455,731570176],[184.738324,689135616],[184.741915,649277440],[184.748644,523366400],[184.749415,479862784],[184.749618,262377472],[184.751343,261939200],[184.755329,182931456],[184.762298,103378944],[184.766217,24039424],[184.768964,15523840]],"pass_timing":[["parsing",0.52],["gated feature checking",0.023],["std macros injection",0.001],["configuration 1",0.119],["expansion",1.124],["configuration 2",0.204],["maybe building test harness",0.149],["std injection",0.158],["assigning node ids",0.154],["ast indexing",0.206],["external crate/lib resolution",0.159],["language item collection",0.024],["resolution",1.636],["lifetime resolution",0.026],["looking for entry point",0],["freevar finding",0.054],["region resolution",0.096],["type collecting",0.1],["variance inference",0.05],["coherence checking",0.116],["type checking",7.914],["const marking",0.153],["const checking",0.035],["privacy checking",0.346],["effect checking",0.047],["loop checking",0.026],["compute moves",1.522],["match checking",0.095],["liveness checking",0.189],["borrow checking",0.738],["kind checking",0.079],["reachability checking",0.009],["lint checking",0.278],["translation",12.935],["LLVM passes",154.645],["linking",0.162]]}